Date,close_20_mstd
2010-01-04,
2010-01-05,0.0127279220614
2010-01-06,0.00922406273468
2010-01-07,0.00896697645066
2010-01-08,0.00776768948916
2010-01-11,0.00695317673202
2010-01-12,0.00670706805577
2010-01-13,0.00783504034086
2010-01-14,0.0124048825513
2010-01-15,0.0144783708414
2010-01-18,0.0154126453396
2010-01-19,0.0173548438789
2010-01-20,0.0207175789349
2010-01-21,0.0243507891877
2010-01-22,0.029112144414
2010-01-25,0.0289228859786
2010-01-26,0.0334465420705
2010-01-27,0.0383800193115
2010-01-28,0.0438535734739
2010-01-29,0.048201040336
2010-02-01,0.0496434897942
2010-02-02,0.0492887141454
2010-02-03,0.0490581942294
2010-02-04,0.0506392137941
2010-02-05,0.0507920880702
2010-02-08,0.0489531384403
2010-02-09,0.0454580141739
2010-02-10,0.0420817534531
2010-02-11,0.0395958327818
2010-02-12,0.0366118818792
2010-02-15,0.0323614825469
2010-02-16,0.0282677722392
2010-02-17,0.0253272783045
2010-02-18,0.0238745245199
2010-02-19,0.0250636243021
2010-02-22,0.0222416838391
2010-02-23,0.022932460905
2010-02-24,0.0238086201771
2010-02-25,0.0233136028736
2010-02-26,0.0237849598652
2010-03-01,0.0250509144701
2010-03-02,0.0343816853786
2010-03-03,0.0355266878928
2010-03-04,0.0345559744244
2010-03-05,0.033281040517
2010-03-08,0.0318236005605
2010-03-09,0.0320275124328
2010-03-10,0.0321737760983
2010-03-11,0.0316296812637
2010-03-12,0.0303044077913
2010-03-15,0.0288083371522
2010-03-16,0.0271665041433
2010-03-17,0.0260033499866
2010-03-18,0.0251388878873
2010-03-19,0.0248810829642
2010-03-22,0.024514761933
2010-03-23,0.0230563354691
2010-03-24,0.0216038593043
2010-03-25,0.0179111814533
2010-03-26,0.0195800758022
2010-03-28,0.0202195651731
2010-03-29,0.0169436061532
2010-03-30,0.0169229173483
2010-03-31,0.0173238989169
2010-04-01,0.017721978623
2010-04-04,0.018299393145
2010-04-05,0.019276721713
2010-04-06,0.0191167025344
2010-04-07,0.0190249669756
2010-04-08,0.0186432406264
2010-04-11,0.0189487258286
2010-04-12,0.0239276161744
2010-04-13,0.024710710974
2010-04-14,0.0253810388199
2010-04-15,0.0252677425939
2010-04-18,0.0246646326805
2010-04-19,0.0249055537032
2010-04-20,0.0247232385887
2010-04-21,0.0236006127262
2010-04-22,0.0193909440339
2010-04-25,0.0165523380444
2010-04-26,0.0145534260752
2010-04-27,0.0135734454378
2010-04-28,0.0146003640906
2010-04-29,0.0155597414063
2010-05-02,0.016245854532
2010-05-03,0.0162554112448
2010-05-04,0.0164936822035
2010-05-05,0.0243679578221
2010-05-06,0.0321513178088
2010-05-09,0.032337739074
2010-05-10,0.0305784736805
2010-05-11,0.0303910526133
2010-05-12,0.0302213809814
2010-05-13,0.0312370225685
2010-05-16,0.0321668593758
2010-05-17,0.0334716042262
2010-05-18,0.0351976957978
2010-05-19,0.0424356463241
2010-05-20,0.0444232617466
2010-05-23,0.0461769625292
2010-05-24,0.0485774303236
2010-05-25,0.0496417955801
2010-05-26,0.0466373181837
2010-05-27,0.0427466745398
2010-05-30,0.0382347799096
2010-05-31,0.0349615337493
2010-06-01,0.0336641461624
2010-06-02,0.0335739917355
2010-06-03,0.0332064083067
2010-06-06,0.0332122979759
2010-06-07,0.0316696812508
2010-06-08,0.028673101277
2010-06-09,0.0249847632516
2010-06-10,0.02440618774
2010-06-13,0.0245251771816
2010-06-14,0.0268382562772
2010-06-15,0.0289538157653
2010-06-16,0.0281717192084
2010-06-17,0.0304373489405
2010-06-20,0.03197638767
2010-06-21,0.0318842792479
2010-06-22,0.0298812434568
2010-06-23,0.03074893922
2010-06-24,0.0314244603856
2010-06-27,0.0319045694632
2010-06-28,0.031238496409
2010-06-29,0.0307648449405
2010-06-30,0.0305299382832
2010-07-01,0.0298171881727
2010-07-04,0.02445755238
2010-07-05,0.019537824988
2010-07-06,0.0157836782785
2010-07-07,0.0148485078109
2010-07-08,0.0143783270749
2010-07-11,0.0141261646003
2010-07-12,0.0148690565304
2010-07-13,0.0148557980884
2010-07-14,0.0147250985163
2010-07-15,0.0148081583133
2010-07-18,0.0147221851925
2010-07-19,0.0145645423799
2010-07-20,0.0134400922224
2010-07-21,0.0138375005349
2010-07-22,0.0141152577022
2010-07-25,0.0140745337401
2010-07-26,0.0116238910054
2010-07-27,0.0106867552064
2010-07-28,0.00805025498125
2010-07-29,0.00808522206185
2010-08-01,0.0094616066289
2010-08-02,0.00976936538369
2010-08-03,0.0100462404594
2010-08-04,0.010276978616
2010-08-05,0.0103932417313
2010-08-08,0.0161564025112
2010-08-09,0.0162619308428
2010-08-10,0.0161982089653
2010-08-11,0.0161508024894
2010-08-12,0.0153159669008
2010-08-15,0.0159507754307
2010-08-16,0.0153643949305
2010-08-17,0.0149022993634
2010-08-18,0.0148456231367
2010-08-19,0.0148483660274
2010-08-22,0.0169943605197
2010-08-23,0.0170144358213
2010-08-24,0.0169648638445
2010-08-25,0.0169694276181
2010-08-26,0.0169194407025
2010-08-29,0.0203605003299
2010-08-30,0.0203822394307
2010-08-31,0.0203442763191
2010-09-01,0.0203805893205
2010-09-02,0.0203896258452
2010-09-05,0.0246783918908
2010-09-06,0.0250168700975
2010-09-07,0.0248693766455
2010-09-08,0.0245372000076
2010-09-09,0.0239344384122
2010-09-12,0.0283830467375
2010-09-13,0.0282146565123
2010-09-14,0.0287995664258
2010-09-15,0.0285281850475
2010-09-16,0.0276255221432
2010-09-19,0.0307366106922
2010-09-20,0.0294999817128
2010-09-21,0.0281089211349
2010-09-22,0.027940471966
2010-09-23,0.0263215596042
2010-09-26,0.0284448843796
2010-09-27,0.0266452498976
2010-09-28,0.024951291497
2010-09-29,0.0238214515223
2010-09-30,0.0226021860843
2010-10-03,0.0268728781292
2010-10-04,0.026353489732
2010-10-05,0.0263419137697
2010-10-06,0.0260163835021
2010-10-07,0.0255048292641
2010-10-10,0.0292295524571
2010-10-11,0.0293743102943
2010-10-12,0.029511843742
2010-10-13,0.0293690689421
2010-10-14,0.0286983563623
2010-10-17,0.0330974335147
2010-10-18,0.0310916552521
2010-10-19,0.0291214082945
2010-10-20,0.0291225626945
2010-10-21,0.0276871260222
2010-10-24,0.0283763889064
2010-10-25,0.0278061007127
2010-10-26,0.0273620847928
2010-10-27,0.0285329703104
2010-10-28,0.0295682168446
2010-11-01,0.0288157504446
2010-11-02,0.0291577578374
2010-11-03,0.0297767500259
2010-11-04,0.0298773739422
2010-11-05,0.0298713253631
2010-11-08,0.0275304209729
2010-11-09,0.0275342351494
2010-11-10,0.0276774922807
2010-11-11,0.0275736959896
2010-11-12,0.0282503581719
2010-11-15,0.0214953262974
2010-11-16,0.0220659919333
2010-11-17,0.0241177942607
2010-11-18,0.0246417147387
2010-11-19,0.024820257007
2010-11-22,0.0221968341745
2010-11-23,0.0227053778698
2010-11-24,0.0238774827863
2010-11-25,0.0239986507296
2010-11-26,0.0240522999229
2010-11-29,0.0208266245338
2010-11-30,0.0209500634341
2010-12-01,0.0209603202818
2010-12-02,0.0204987316681
2010-12-03,0.0189839849402
2010-12-06,0.0243365195583
2010-12-07,0.0249272604951
2010-12-08,0.025721553526
2010-12-09,0.0258937179945
2010-12-10,0.0256099173841
2010-12-13,0.0243329941697
2010-12-14,0.0242686688855
2010-12-15,0.0232348394261
2010-12-16,0.0225661577076
2010-12-17,0.0224626678596
2010-12-20,0.0229529100322
2010-12-21,0.0225083814798
2010-12-22,0.021071095193
2010-12-23,0.0203149931668
2010-12-24,0.0198603121828
2010-12-27,0.0182168653783
2010-12-28,0.0174707417069
2010-12-29,0.0166719303969
2010-12-30,0.0165332925686
2010-12-31,0.0173849571999
2011-01-03,0.0208654486501
2011-01-04,0.0227074158997
2011-01-05,0.0229799746919
2011-01-06,0.0230009902533
2011-01-07,0.0225272022698
2011-01-10,0.0242087734205
2011-01-11,0.0241055458786
2011-01-12,0.0252532285586
2011-01-13,0.027164951781
2011-01-14,0.0261361596664
2011-01-17,0.0266203617161
2011-01-18,0.0253877425874
2011-01-19,0.0243267337241
2011-01-20,0.0231850104707
2011-01-21,0.023292024838
2011-01-24,0.0242972513065
2011-01-25,0.0237080149672
2011-01-26,0.0226526889307
2011-01-27,0.0237480076727
2011-01-28,0.0240237032072
2011-01-31,0.0227184367513
2011-02-01,0.022720217637
2011-02-02,0.0226712407665
2011-02-03,0.0223245787371
2011-02-04,0.0214367024173
2011-02-07,0.0221325308325
2011-02-08,0.0214053608632
2011-02-09,0.0214322304019
2011-02-10,0.0204259870598
2011-02-11,0.0202782038808
2011-02-14,0.0220729478393
2011-02-15,0.0212560449606
2011-02-16,0.0211280781003
2011-02-17,0.0210849010581
2011-02-18,0.0208
2011-02-21,0.0212384556877
2011-02-22,0.0211205537208
2011-02-23,0.0212399425116
2011-02-24,0.0199013481426
2011-02-25,0.0195983155828
2011-02-28,0.018973582743
2011-03-01,0.0188273289606
2011-03-02,0.0187134907712
2011-03-03,0.0186473329545
2011-03-04,0.018435552038
2011-03-07,0.0173801542904
2011-03-08,0.0161714457577
2011-03-09,0.0160690287264
2011-03-10,0.0160083621241
2011-03-11,0.0159067215187
2011-03-14,0.0128455152936
2011-03-15,0.0127907902723
2011-03-16,0.0125958806967
2011-03-17,0.0130347268964
2011-03-18,0.0139166040549
2011-03-21,0.00937782799452
2011-03-22,0.00926990035716
2011-03-23,0.00895818355649
2011-03-24,0.00857549139302
2011-03-25,0.00854992151396
2011-03-27,0.00879313577981
2011-03-28,0.00879819808107
2011-03-29,0.00881646187538
2011-03-30,0.0110811967338
2011-03-31,0.0128887343709
2011-04-03,0.0159077761521
2011-04-04,0.0194071853216
2011-04-05,0.0219024487936
2011-04-06,0.0232508381286
2011-04-07,0.0261464795859
2011-04-10,0.0308246701438
2011-04-11,0.0333271009524
2011-04-12,0.0341459757204
2011-04-13,0.0336851720463
2011-04-14,0.0323236384452
2011-04-17,0.0334515578882
2011-04-18,0.0324969967123
2011-04-19,0.031899719517
2011-04-20,0.0311937493739
2011-04-21,0.0299261371415
2011-04-24,0.0291108146943
2011-04-25,0.0254111409006
2011-04-26,0.0213498757135
2011-04-27,0.0196640408595
2011-04-28,0.0169328273857
2011-05-01,0.0160716542451
2011-05-02,0.0149949426172
2011-05-03,0.0136200660362
2011-05-04,0.0123096643438
2011-05-05,0.0160828865496
2011-05-08,0.0165120459307
2011-05-09,0.0182313190459
2011-05-10,0.018961140625
2011-05-11,0.0206111776295
2011-05-12,0.0212164354117
2011-05-15,0.0233164110942
2011-05-16,0.0249870171552
2011-05-17,0.0253715671777
2011-05-18,0.0248853893934
2011-05-19,0.0243420883072
2011-05-22,0.0227795014039
2011-05-23,0.0232147293306
2011-05-24,0.0217532931566
2011-05-25,0.0197994012403
2011-05-26,0.0190726443672
2011-05-29,0.015835485634
2011-05-30,0.0141027470262
2011-05-31,0.0151083072304
2011-06-01,0.0158061413781
2011-06-02,0.0175313035814
2011-06-05,0.0198330207111
2011-06-06,0.0208649567709
2011-06-07,0.022008110945
2011-06-08,0.0224724743912
2011-06-09,0.0226389301402
2011-06-12,0.0213853639079
2011-06-13,0.0203722308419
2011-06-14,0.0203438203471
2011-06-15,0.0200752164569
2011-06-16,0.0196948269991
2011-06-19,0.0194055682459
2011-06-20,0.016661032381
2011-06-21,0.0144146489816
2011-06-22,0.0117199728309
2011-06-23,0.00871014381414
2011-06-26,0.00857865159322
2011-06-27,0.00866326788956
2011-06-28,0.0087004098512
2011-06-29,0.0094352697783
2011-06-30,0.010786066792
2011-07-03,0.0130687362978
2011-07-04,0.0149651208517
2011-07-05,0.0155184194461
2011-07-06,0.0157834523607
2011-07-07,0.0168231388272
2011-07-10,0.0168957671435
2011-07-11,0.0167112662911
2011-07-12,0.0167212408253
2011-07-13,0.0161991707065
2011-07-14,0.01457998899
2011-07-17,0.0141907633043
2011-07-18,0.0133558138336
2011-07-19,0.0129700870427
2011-07-20,0.0126040459252
2011-07-21,0.0122431624312
2011-07-24,0.0115009793633
2011-07-25,0.0104226107953
2011-07-26,0.0118676694826
2011-07-27,0.011722924011
2011-07-28,0.0117276057591
2011-07-31,0.0118679965498
2011-08-01,0.011676963376
2011-08-02,0.0116735012562
2011-08-03,0.0115417959015
2011-08-04,0.0119251558524
2011-08-07,0.0137474696236
2011-08-08,0.0152266940117
2011-08-09,0.0207564441484
2011-08-10,0.0240646995235
2011-08-11,0.0268296472896
2011-08-14,0.0281678404718
2011-08-15,0.0283422021207
2011-08-16,0.0282964992255
2011-08-17,0.0280825713885
2011-08-18,0.0281969016588
2011-08-21,0.027703032325
2011-08-22,0.0265553225907
2011-08-23,0.0237640396176
2011-08-24,0.0233716787677
2011-08-25,0.0227885451373
2011-08-28,0.02007164208
2011-08-29,0.018042694979
2011-08-30,0.0164296106242
2011-08-31,0.0147169746247
2011-09-01,0.0137414576336
2011-09-04,0.0151038466693
2011-09-05,0.0183389856518
2011-09-06,0.0215690878952
2011-09-07,0.0238067499274
2011-09-08,0.0255438446597
2011-09-11,0.0294550947251
2011-09-12,0.0351892847776
2011-09-13,0.0398904852789
2011-09-14,0.0440761828513
2011-09-15,0.0468603353201
2011-09-18,0.0485101017695
2011-09-19,0.0569092897791
2011-09-20,0.0633196142805
2011-09-21,0.0726701956933
2011-09-22,0.0840472578531
2011-09-25,0.0895023508953
2011-09-26,0.0916555485443
2011-09-27,0.0887819533286
2011-09-28,0.0847478953317
2011-09-29,0.0808783290212
2011-10-02,0.0790600071897
2011-10-03,0.0800050136587
2011-10-04,0.0776991693717
2011-10-05,0.0727988235518
2011-10-06,0.0655143568034
2011-10-09,0.0597623706639
2011-10-10,0.0568236940943
2011-10-11,0.0548470358552
2011-10-12,0.0521466805221
2011-10-13,0.0493288585868
2011-10-16,0.0474223406712
2011-10-17,0.048035917209
2011-10-18,0.049201402419
2011-10-19,0.049654028299
2011-10-20,0.0464571279444
2011-10-23,0.0447516233166
2011-10-24,0.0439103809211
2011-10-25,0.0441593120656
2011-10-26,0.0439122507184
2011-10-27,0.0455295901469
2011-10-31,0.0466096587573
2011-11-01,0.040479910547
2011-11-02,0.0344754599985
2011-11-03,0.0291220819636
2011-11-04,0.025929241266
2011-11-07,0.0256314465575
2011-11-08,0.0256559216515
2011-11-09,0.0256482127212
2011-11-10,0.0248797375811
2011-11-11,0.0251451135778
2011-11-14,0.02496266897
2011-11-15,0.0246689123563
2011-11-16,0.025130591025
2011-11-17,0.0255120255442
2011-11-18,0.0240459187915
2011-11-21,0.0246617026774
2011-11-22,0.0279934630527
2011-11-23,0.0313403032095
2011-11-24,0.039719919436
2011-11-25,0.0463855044849
2011-11-28,0.0496068212097
2011-11-29,0.048942430198
2011-11-30,0.0497724006697
2011-12-01,0.0483595361521
2011-12-02,0.0463652192126
2011-12-05,0.0451655117027
2011-12-06,0.0440502058063
2011-12-07,0.0419474417387
2011-12-08,0.040698196003
2011-12-09,0.0395827381303
2011-12-12,0.0365936664063
2011-12-13,0.0347898574905
2011-12-14,0.0349346589326
2011-12-15,0.0358839338775
2011-12-16,0.0343819016038
2011-12-19,0.0330770551735
2011-12-20,0.0336073656557
2011-12-21,0.0333462631064
2011-12-22,0.0331919869848
2011-12-23,0.0319632762137
2011-12-26,0.0305317367238
2011-12-27,0.0306548115911
2011-12-28,0.0312732688107
2011-12-29,0.0323068772213
2011-12-30,0.0318140303375
2012-01-02,0.030543437145
2012-01-03,0.0274108334327
2012-01-04,0.0243586896848
2012-01-05,0.0225788000241
2012-01-06,0.0213335441327
2012-01-09,0.0172990256799
2012-01-10,0.0142379136186
2012-01-11,0.0188860293673
2012-01-12,0.0208309082097
2012-01-13,0.0254970436883
2012-01-16,0.0280419324171
2012-01-17,0.0305598028893
2012-01-18,0.0330929567956
2012-01-19,0.0357155443087
2012-01-20,0.0389072239944
2012-01-23,0.0405996681345
2012-01-24,0.0422447913326
2012-01-25,0.0425782805393
2012-01-26,0.0408161745545
2012-01-27,0.0398936253317
2012-01-30,0.0398242798197
2012-01-31,0.0373461489595
2012-02-01,0.0371608095062
2012-02-02,0.0382174787788
2012-02-03,0.0378610517134
2012-02-06,0.0360923304289
2012-02-07,0.0331439805601
2012-02-08,0.0330467945734
2012-02-09,0.0325128844905
2012-02-10,0.0330463227511
2012-02-13,0.0324731544997
2012-02-14,0.0323891534801
2012-02-15,0.0319174774759
2012-02-16,0.0314218897887
2012-02-17,0.0316315698397
2012-02-20,0.031772414384
2012-02-21,0.031751077893
2012-02-22,0.0314448769989
2012-02-23,0.0311904607549
2012-02-24,0.0111364397127
2012-02-27,0.0108888293799
2012-02-28,0.00936783269887
2012-02-29,0.00806453574873
2012-03-01,0.00711841755037
2012-03-02,0.00707817066765
2012-03-05,0.00781486269539
2012-03-06,0.00914444899208
2012-03-07,0.0132473790854
2012-03-08,0.0170769743407
2012-03-09,0.0193587733409
2012-03-12,0.024412427271
2012-03-13,0.029189083666
2012-03-14,0.032011946372
2012-03-15,0.0355392799738
2012-03-16,0.0376875698481
2012-03-19,0.0388353132166
2012-03-20,0.0415745823158
2012-03-21,0.0428768616291
2012-03-22,0.0432946511222
2012-03-23,0.0433985338098
2012-03-25,0.0418917963958
2012-03-26,0.0399341467788
2012-03-27,0.0362478079192
2012-03-28,0.0335398835638
2012-03-29,0.0290243722449
2012-04-01,0.0253367898727
2012-04-02,0.0217842356087
2012-04-03,0.0196698246052
2012-04-04,0.0174285148989
2012-04-05,0.0130861869723
2012-04-08,0.0117818001931
2012-04-09,0.0111016297998
2012-04-10,0.0098921167444
2012-04-11,0.00979787705258
2012-04-12,0.00853366552948
2012-04-15,0.00713070454928
2012-04-16,0.00861712493271
2012-04-17,0.0110398071589
2012-04-18,0.0156225916039
2012-04-19,0.0188467336274
2012-04-22,0.0198411129516
2012-04-23,0.0215347454863
2012-04-24,0.0228302079434
2012-04-25,0.0237577438899
2012-04-26,0.0245336262259
2012-04-29,0.0253126221895
2012-04-30,0.0276673453732
2012-05-01,0.0292354057158
2012-05-02,0.0314896854458
2012-05-03,0.0315901067125
2012-05-06,0.0322728597073
2012-05-07,0.0311675286493
2012-05-08,0.0319575606737
2012-05-09,0.0352005423852
2012-05-10,0.0344149428225
2012-05-13,0.0347514221595
2012-05-14,0.0374731468767
2012-05-15,0.0404368939799
2012-05-16,0.0432419155815
2012-05-17,0.045836237101
2012-05-20,0.0481024881729
2012-05-21,0.0505509776573
2012-05-22,0.0573076579341
2012-05-23,0.0564883509184
2012-05-24,0.0550491063076
2012-05-27,0.0514465432832
2012-05-28,0.0488264434395
2012-05-29,0.0458288130466
2012-05-30,0.0440263948941
2012-05-31,0.0407565093284
2012-06-03,0.0388041000954
2012-06-04,0.0357091231156
2012-06-05,0.0320836013204
2012-06-06,0.0309720226045
2012-06-07,0.0276316842354
2012-06-10,0.0248369943728
2012-06-11,0.0258452072316
2012-06-12,0.0269884863366
2012-06-13,0.0279363863843
2012-06-14,0.0280754973711
2012-06-17,0.0281696416471
2012-06-18,0.0287694076371
2012-06-19,0.0260478603021
2012-06-20,0.0261159937889
2012-06-21,0.0269379848229
2012-06-24,0.0252239255679
2012-06-25,0.0219546062785
2012-06-26,0.0197707459328
2012-06-27,0.0193416723547
2012-06-28,0.0194670409722
2012-07-01,0.0215479703526
2012-07-02,0.0260046675973
2012-07-03,0.026820225577
2012-07-04,0.0269942099055
2012-07-05,0.0274405860571
2012-07-08,0.0272206437721
2012-07-09,0.0270312217143
2012-07-10,0.0265740568977
2012-07-11,0.0257161550699
2012-07-12,0.0253876943876
2012-07-15,0.0253003765314
2012-07-16,0.0248016468044
2012-07-17,0.0250004942057
2012-07-18,0.0251378405261
2012-07-19,0.0250072300072
2012-07-22,0.023958154309
2012-07-23,0.0230539065077
2012-07-24,0.0209606517326
2012-07-25,0.0181176411559
2012-07-26,0.0139135337371
2012-07-29,0.0134453122334
2012-07-30,0.00992775349589
2012-07-31,0.0107814948676
2012-08-01,0.011050034532
2012-08-02,0.0112931499965
2012-08-05,0.0113077930743
2012-08-06,0.0113415212941
2012-08-07,0.0114026266596
2012-08-08,0.0116350412209
2012-08-09,0.0119857316489
2012-08-12,0.0124137646439
2012-08-13,0.0125349731804
2012-08-14,0.0124150789048
2012-08-15,0.012243687955
2012-08-16,0.0119724892984
2012-08-19,0.0123482312819
2012-08-20,0.0126205179642
2012-08-21,0.0124249282536
2012-08-22,0.0125390170017
2012-08-23,0.0124965879554
2012-08-26,0.0124658808037
2012-08-27,0.012045833523
2012-08-28,0.0102320909013
2012-08-29,0.0107319726446
2012-08-30,0.0104045991856
2012-09-02,0.0104156499154
2012-09-03,0.0104178237955
2012-09-04,0.0107712140742
2012-09-05,0.0110294951453
2012-09-06,0.0108534544586
2012-09-09,0.0104842488375
2012-09-10,0.0104981752801
2012-09-11,0.0109906311778
2012-09-12,0.0109886771869
2012-09-13,0.0108516309713
2012-09-16,0.0111959767211
2012-09-17,0.0109110470336
2012-09-18,0.0104105159385
2012-09-19,0.0101359184146
2012-09-20,0.0102965132065
2012-09-23,0.0104255505977
2012-09-24,0.0103994875887
2012-09-25,0.00983850651917
2012-09-26,0.00868534761304
2012-09-27,0.00726113482514
2012-09-30,0.0072184048392
2012-10-01,0.00713338334146
2012-10-02,0.00645020603517
2012-10-03,0.00571141746637
2012-10-04,0.0058220904187
2012-10-07,0.00788766358585
2012-10-08,0.00810238918639
2012-10-09,0.0081103231814
2012-10-10,0.00902139416238
2012-10-11,0.00968499110134
2012-10-14,0.00990483135707
2012-10-15,0.0101129203446
2012-10-16,0.0101754335225
2012-10-17,0.0101491132618
2012-10-18,0.00995626753153
2012-10-21,0.00977613097516
2012-10-22,0.00978691258243
2012-10-23,0.00979255759299
2012-10-24,0.00970547864821
2012-10-25,0.00972295168532
2012-10-29,0.00968537149799
2012-10-30,0.00969062895147
2012-10-31,0.00968909316279
2012-11-01,0.00947942925227
2012-11-02,0.00908315386922
2012-11-05,0.00543173908386
2012-11-06,0.00550544945356
2012-11-07,0.00550934851449
2012-11-08,0.0051132927903
2012-11-09,0.00494623727285
2012-11-12,0.00530492323486
2012-11-13,0.00677500048564
2012-11-14,0.00902428886257
2012-11-15,0.0114943464365
2012-11-16,0.0133104786581
2012-11-19,0.0165089800125
2012-11-20,0.0182606162345
2012-11-21,0.0198716831062
2012-11-22,0.0224574093974
2012-11-23,0.0250195376288
2012-11-26,0.0250446438228
2012-11-27,0.0251540281383
2012-11-28,0.0249640557392
2012-11-29,0.0248660384545
2012-11-30,0.0246796122976
2012-12-03,0.0274778815356
2012-12-04,0.028079887914
2012-12-05,0.0274782382796
2012-12-06,0.025231840265
2012-12-07,0.0229814862559
2012-12-10,0.021194519525
2012-12-11,0.019561296373
2012-12-12,0.0184929716379
2012-12-13,0.0180887366817
2012-12-14,0.0172688767806
2012-12-17,0.017180566592
2012-12-18,0.0169774339392
2012-12-19,0.0168225756837
2012-12-20,0.017439806252
2012-12-21,0.01766410276
2012-12-24,0.0189540830208
2012-12-25,0.0190992532232
2012-12-26,0.0191956265579
2012-12-27,0.0209010072787
2012-12-28,0.0226784496593
2012-12-31,0.0203393131127
2013-01-01,0.0184662843554
2013-01-02,0.0161037556915
2013-01-03,0.0163824448725
2013-01-04,0.0167598392155
2013-01-07,0.0182480647857
2013-01-08,0.0198206132733
2013-01-09,0.0200770096327
2013-01-10,0.0200819184186
2013-01-11,0.0202517906941
2013-01-14,0.0198077941863
2013-01-15,0.0176301506099
2013-01-16,0.0155848779608
2013-01-17,0.0147606399329
2013-01-18,0.0137931968993
2013-01-21,0.0138872527692
2013-01-22,0.0115961225624
2013-01-23,0.00771938775876
2013-01-24,0.00752520909553
2013-01-25,0.00783478523322
2013-01-28,0.00792349382454
2013-01-29,0.0120827846216
2013-01-30,0.0159712534159
2013-01-31,0.0183057336112
2013-02-01,0.0194730973517
2013-02-04,0.0212721793438
2013-02-05,0.0221758680283
2013-02-06,0.0232746731311
2013-02-07,0.0231898924343
2013-02-08,0.0257148374581
2013-02-11,0.0269413614924
2013-02-12,0.0275590519618
2013-02-13,0.0280082182488
2013-02-14,0.0278155011687
2013-02-15,0.0278961320654
2013-02-18,0.0274092353817
2013-02-19,0.0259681561067
2013-02-20,0.0238224705953
2013-02-21,0.02119518565
2013-02-22,0.0178911761551
2013-02-25,0.01323237159
2013-02-26,0.0124798985742
2013-02-27,0.0122804123024
2013-02-28,0.0117651704979
2013-03-01,0.0110548346176
2013-03-04,0.0107479679843
2013-03-05,0.00927597207284
2013-03-06,0.00895020581953
2013-03-07,0.00808072918813
2013-03-08,0.00826274294978
2013-03-11,0.0101578320833
2013-03-12,0.0103449593625
2013-03-13,0.0103303780438
2013-03-14,0.0103826512688
2013-03-15,0.0101485428045
2013-03-18,0.0104457130467
2013-03-19,0.0107449180155
2013-03-20,0.010505010083
2013-03-21,0.0106245544799
2013-03-22,0.0129645782606
2013-03-25,0.0148512085279
2013-03-26,0.0163323895181
2013-03-27,0.0184188004639
2013-03-28,0.0197119760552
2013-03-29,0.0215440619491
2013-03-31,0.023057287922
2013-04-01,0.0238394763277
2013-04-02,0.024192022935
2013-04-03,0.0247873906824
2013-04-04,0.0240075267803
2013-04-07,0.0208325681263
2013-04-08,0.018798166204
2013-04-09,0.0177071201855
2013-04-10,0.0175732534507
2013-04-11,0.0173584766189
2013-04-14,0.0183288520042
2013-04-15,0.017964042301
2013-04-16,0.0178729573732
2013-04-17,0.017543716824
2013-04-18,0.0179466050154
2013-04-21,0.0179188954958
2013-04-22,0.0182687106681
2013-04-23,0.0184444507416
2013-04-24,0.018400471962
2013-04-25,0.0177870288339
2013-04-28,0.0171175840647
2013-04-29,0.0167150105878
2013-04-30,0.0159390112287
2013-05-01,0.0148648153989
2013-05-02,0.0145391766581
2013-05-05,0.014495715338
2013-05-06,0.0146128809437
2013-05-07,0.0142791447113
2013-05-08,0.0130944906053
2013-05-09,0.0119864517818
2013-05-12,0.00920740405734
2013-05-13,0.00915805512572
2013-05-14,0.00861763644489
2013-05-15,0.00901041940734
2013-05-16,0.00770803408627
2013-05-19,0.0092152676519
2013-05-20,0.0108535514441
2013-05-21,0.0118368914839
2013-05-22,0.0140828479103
2013-05-23,0.0150011534645
2013-05-26,0.0156608286062
2013-05-27,0.0172726578883
2013-05-28,0.020421799498
2013-05-29,0.026986885704
2013-05-30,0.0316282452049
2013-06-02,0.0331868628891
2013-06-03,0.0370455889128
2013-06-04,0.0399183149497
2013-06-05,0.0414795888296
2013-06-06,0.0428204439614
2013-06-09,0.0435884931701
2013-06-10,0.0429813239737
2013-06-11,0.0424744753073
2013-06-12,0.0430595597308
2013-06-13,0.0408503365959
2013-06-16,0.0383744830241
2013-06-17,0.0391702125681
2013-06-18,0.0393575175057
2013-06-19,0.0444242972281
2013-06-20,0.0506605553505
2013-06-23,0.0526891127774
2013-06-24,0.0523705421417
2013-06-25,0.0513866622056
2013-06-26,0.0507571231714
2013-06-27,0.0501248743272
2013-06-30,0.0475778519902
2013-07-01,0.0480055490214
2013-07-02,0.0495463090133
2013-07-03,0.0515200571571
2013-07-04,0.0514873339049
2013-07-07,0.0508091724003
2013-07-08,0.0501319886846
2013-07-09,0.0480866936404
2013-07-10,0.0480386826039
2013-07-11,0.0427322739489
2013-07-14,0.0318434988821
2013-07-15,0.0285409193781
2013-07-16,0.0256496901593
2013-07-17,0.0256824863529
2013-07-18,0.025418701673
2013-07-21,0.0255146273837
2013-07-22,0.0254514005406
2013-07-23,0.0254615582275
2013-07-24,0.0228085187226
2013-07-25,0.0205976263324
2013-07-28,0.0170218775637
2013-07-29,0.0171201166684
2013-07-30,0.0187537301553
2013-07-31,0.0193646204796
2013-08-01,0.0227950109962
2013-08-04,0.0240057071066
2013-08-05,0.0264990982965
2013-08-06,0.0280575325284
2013-08-07,0.0299166016224
2013-08-08,0.0302355363421
2013-08-11,0.0303059851654
2013-08-12,0.0290140909505
2013-08-13,0.0306970232571
2013-08-14,0.0313427818435
2013-08-15,0.0325083547966
2013-08-18,0.0399651479746
2013-08-19,0.0468547801303
2013-08-20,0.0478041781372
2013-08-21,0.0558289424563
2013-08-22,0.0592823882164
2013-08-25,0.0573056936641
2013-08-26,0.0565354979311
2013-08-27,0.0556953262709
2013-08-28,0.0537222692236
2013-08-29,0.0530537252524
2013-09-01,0.0518463712378
2013-09-02,0.0510847551676
2013-09-03,0.049381334637
2013-09-04,0.0479731775387
2013-09-05,0.0452215295722
2013-09-08,0.0423425802859
2013-09-09,0.0433938014007
2013-09-10,0.0454957592009
2013-09-11,0.0488450447307
2013-09-12,0.0521724213798
2013-09-15,0.0541119937576
2013-09-16,0.0538995994029
2013-09-17,0.0559505822838
2013-09-18,0.0587450268892
2013-09-19,0.0586152887816
2013-09-22,0.0620411024623
2013-09-23,0.063701551456
2013-09-24,0.0646407481067
2013-09-25,0.0644385582511
2013-09-26,0.0622357679778
2013-09-29,0.057562042272
2013-09-30,0.05214783111
2013-10-01,0.0473396670769
2013-10-02,0.0415898554812
2013-10-03,0.0377718274296
2013-10-06,0.0348660787496
2013-10-07,0.0342260826979
2013-10-08,0.0319113455782
2013-10-09,0.0300243711924
2013-10-10,0.0287194729871
2013-10-13,0.0262689185517
2013-10-14,0.0206212134572
2013-10-15,0.0182149912554
2013-10-16,0.0184964229196
2013-10-17,0.0208198903998
2013-10-20,0.0238916413484
2013-10-21,0.0245244453771
2013-10-22,0.0251237230917
2013-10-23,0.0239838578756
2013-10-24,0.021087091753
2013-10-28,0.0193651417101
2013-10-29,0.0179397285278
2013-10-30,0.0165589272049
2013-10-31,0.0164705869331
2013-11-01,0.0194345159281
2013-11-04,0.024466770639
2013-11-05,0.0268045184722
2013-11-06,0.0332423857527
2013-11-07,0.038887412048
2013-11-08,0.0452958648049
2013-11-11,0.0505039683173
2013-11-12,0.0564108388242
2013-11-13,0.0609746821921
2013-11-14,0.0641907896328
2013-11-15,0.0640779344565
2013-11-18,0.0622059008878
2013-11-19,0.0594963784834
2013-11-20,0.0562569378178
2013-11-21,0.0537213561376
2013-11-22,0.0524231294373
2013-11-25,0.0487084827261
2013-11-26,0.0434349919572
2013-11-27,0.0374217344671
2013-11-28,0.0302483314025
2013-11-29,0.0275177148685
2013-12-02,0.0268767219767
2013-12-03,0.0261673440521
2013-12-04,0.029721335151
2013-12-05,0.0340386467664
2013-12-06,0.0352625382703
2013-12-09,0.0352526953057
2013-12-10,0.0351512895624
2013-12-11,0.0350429826296
2013-12-12,0.0353183756407
2013-12-13,0.03550351354
2013-12-16,0.0355584096945
2013-12-17,0.0330142887726
2013-12-18,0.0307903419581
2013-12-19,0.028121102771
2013-12-20,0.0283039033946
2013-12-23,0.027852265806
2013-12-24,0.025298626445
2013-12-25,0.023458726914
2013-12-26,0.0234678256792
2013-12-27,0.0227328744102
2013-12-30,0.0226635221633
2013-12-31,0.0228419391518
2014-01-01,0.0221034285267
2014-01-02,0.0197389116109
2014-01-03,0.0217889222217
2014-01-06,0.0221015145945
2014-01-07,0.0219201775589
2014-01-08,0.0199791312177
2014-01-09,0.0216991747358
2014-01-10,0.0223277847913
2014-01-13,0.0210719594174
2014-01-14,0.0193848523338
2014-01-15,0.016638012122
2014-01-16,0.014855418115
2014-01-17,0.0147356924365
2014-01-20,0.0143845092119
2014-01-21,0.0150541574954
2014-01-22,0.0150145639824
2014-01-23,0.0150546058699
2014-01-24,0.0162193516647
2014-01-27,0.0158781967358
2014-01-28,0.0195304189192
2014-01-29,0.0227517610655
2014-01-30,0.02602115081
2014-01-31,0.0269611728623
2014-02-03,0.0286823327247
2014-02-04,0.031311983161
2014-02-05,0.0315123801904
2014-02-06,0.0315611098965
2014-02-07,0.0315828251128
2014-02-10,0.0308043311207
2014-02-11,0.030303115612
2014-02-12,0.0291237337652
2014-02-13,0.028403241105
2014-02-14,0.0273031885549
2014-02-17,0.0250341114651
2014-02-18,0.0215410617684
2014-02-19,0.0194814513672
2014-02-20,0.0182806455029
2014-02-21,0.0195379489039
2014-02-24,0.0237242819203
2014-02-25,0.0269464752114
2014-02-26,0.028702748814
2014-02-27,0.0283367234299
2014-02-28,0.0314355564692
2014-03-03,0.0316103326712
2014-03-04,0.0291552829916
2014-03-05,0.028929644239
2014-03-06,0.0303481448319
2014-03-07,0.0317029514648
2014-03-10,0.0320491641241
2014-03-11,0.030286360922
2014-03-12,0.0284112926956
2014-03-13,0.0243010634379
2014-03-14,0.0225840622658
2014-03-17,0.0211500522583
2014-03-18,0.0195530694859
2014-03-19,0.0173868030717
2014-03-20,0.0136209001558
2014-03-21,0.0123242977809
2014-03-24,0.0129877472623
2014-03-25,0.0136492635237
2014-03-26,0.0149367649567
2014-03-27,0.0173029317565
2014-03-28,0.0241662503897
2014-03-30,0.0291146300717
2014-03-31,0.0313911502783
2014-04-01,0.0341481983034
2014-04-02,0.0361222689735
2014-04-03,0.0371041673784
2014-04-06,0.0409275981396
2014-04-07,0.0449792419959
2014-04-08,0.048244514005
2014-04-09,0.0522012751911
2014-04-10,0.0519112144359
2014-04-13,0.0514444644355
2014-04-14,0.0497563206776
2014-04-15,0.0476685737258
2014-04-16,0.0433461984614
2014-04-17,0.0404167031651
2014-04-20,0.0370003641519
2014-04-21,0.0327172962466
2014-04-22,0.0283564431554
2014-04-23,0.025245812055
2014-04-24,0.0251101463032
2014-04-27,0.0244547831938
2014-04-28,0.0226086639192
2014-04-29,0.0214299071639
2014-04-30,0.0193326523625
2014-05-01,0.0149572821554
2014-05-04,0.0148479123112
2014-05-05,0.015532359261
2014-05-06,0.0145797805197
2014-05-07,0.011013354334
2014-05-08,0.01025852149
2014-05-11,0.0107265828179
2014-05-12,0.0108897344224
2014-05-13,0.0110846978451
2014-05-14,0.0117911150761
2014-05-15,0.0117776092204
2014-05-18,0.0119086655756
2014-05-19,0.0123766450263
2014-05-20,0.0117082011294
2014-05-21,0.0120571566432
2014-05-22,0.0119982400026
2014-05-25,0.0109091595992
2014-05-26,0.0109255314216
2014-05-27,0.0108936231951
2014-05-28,0.010871656776
2014-05-29,0.0104905772257
2014-06-01,0.011460187378
2014-06-02,0.0162565120556
2014-06-03,0.0207456495123
2014-06-04,0.0239203607393
2014-06-05,0.0247880361635
2014-06-08,0.0246231571579
2014-06-09,0.024251649971
2014-06-10,0.0240247082243
2014-06-11,0.0229844455414
2014-06-12,0.0227236162801
2014-06-15,0.0223587560854
2014-06-16,0.0213011267308
2014-06-17,0.0214506312017
2014-06-18,0.0205880496763
2014-06-19,0.0201058377226
2014-06-22,0.0198160560897
2014-06-23,0.0202403349255
2014-06-24,0.020509397076
2014-06-25,0.0216174783086
2014-06-26,0.0233946569474
2014-06-29,0.0251670100477
2014-06-30,0.0234238609789
2014-07-01,0.021381848549
2014-07-02,0.0176812240587
2014-07-03,0.0159576173859
2014-07-06,0.015068659529
2014-07-07,0.0149791258266
2014-07-08,0.0150762020557
2014-07-09,0.0148651579559
2014-07-10,0.0146465902266
2014-07-13,0.0146216098186
2014-07-14,0.0143003965717
2014-07-15,0.00971939325601
2014-07-16,0.00976401961024
2014-07-17,0.0137204572581
2014-07-20,0.0135309499025
2014-07-21,0.0135700318039
2014-07-22,0.0134930820482
2014-07-23,0.0133600455011
2014-07-24,0.0125227992079
2014-07-27,0.011380273792
2014-07-28,0.0113464810219
2014-07-29,0.0106804531247
2014-07-30,0.0121013385515
2014-07-31,0.0148297141259
2014-08-03,0.0160115509292
2014-08-04,0.0173529430236
2014-08-05,0.0202791901375
2014-08-06,0.0216432923851
2014-08-07,0.0254273966422
2014-08-10,0.0267775043057
2014-08-11,0.026690674007
2014-08-12,0.0268900862186
2014-08-13,0.0272323917036
2014-08-14,0.0274196409628
2014-08-17,0.026737730093
2014-08-18,0.0257118731534
2014-08-19,0.0237319904016
2014-08-20,0.0220534780644
2014-08-21,0.0200571413979
2014-08-24,0.0184439485156
2014-08-25,0.0163515740431
2014-08-26,0.0139883965073
2014-08-27,0.0139964807608
2014-08-28,0.0153085210191
2014-08-31,0.016770101842
2014-09-01,0.0172466159916
2014-09-02,0.0176258960206
2014-09-03,0.0184098221782
2014-09-04,0.0168858232348
2014-09-07,0.0164401138107
2014-09-08,0.0160822843036
2014-09-09,0.0167545720391
2014-09-10,0.0173276133444
2014-09-11,0.0194818100046
2014-09-14,0.0196387345504
2014-09-15,0.0268950880861
2014-09-16,0.0309861985407
2014-09-17,0.0367623989109
2014-09-18,0.0421352618299
2014-09-21,0.046615294531
2014-09-22,0.0532987962736
2014-09-23,0.0595686713404
2014-09-24,0.0613035920215
2014-09-25,0.065407177097
2014-09-28,0.0671069631261
2014-09-29,0.070067993106
2014-09-30,0.0706390334917
2014-10-01,0.0729626687171
2014-10-02,0.0744313620586
2014-10-05,0.0708185999951
2014-10-06,0.0666960306166
2014-10-07,0.0624549309081
2014-10-08,0.057719990836
2014-10-09,0.0529355862297
2014-10-12,0.044070995355
2014-10-13,0.0415843783929
2014-10-14,0.0380707250426
2014-10-15,0.0370299150049
2014-10-16,0.0367452739532
2014-10-19,0.0345278449798
2014-10-20,0.0350252705764
2014-10-21,0.0366769434961
2014-10-22,0.0366983880329
2014-10-23,0.0390836279494
2014-10-27,0.0394303770155
2014-10-28,0.0432419785686
2014-10-29,0.0433064611687
2014-10-30,0.0425706382011
2014-10-31,0.0419986829368
2014-11-03,0.0422198930414
2014-11-04,0.0438332113934
2014-11-05,0.0438625229673
2014-11-06,0.0420919282174
2014-11-07,0.0470141845897
2014-11-10,0.0474864146778
2014-11-11,0.0469653318389
2014-11-12,0.0459661500169
2014-11-13,0.0484592533666
2014-11-14,0.0525347431406
2014-11-17,0.0547003954571
2014-11-18,0.0580615687281
2014-11-19,0.0593556098533
2014-11-20,0.0599293364591
2014-11-21,0.0605641643219
2014-11-24,0.0592250504877
2014-11-25,0.0592981148188
2014-11-26,0.056983994752
2014-11-27,0.0549234931998
2014-11-28,0.045406670041
2014-12-01,0.0344917900225
2014-12-02,0.0321804038934
2014-12-03,0.0296076532603
2014-12-04,0.0270834825368
2014-12-05,0.0279988082454
2014-12-08,0.0287338897655
2014-12-09,0.0299231190326
2014-12-10,0.0305906156062
2014-12-11,0.0326669231552
2014-12-12,0.0372772298921
2014-12-15,0.0411362546591
2014-12-16,0.0489150227167
2014-12-17,0.0607250273559
2014-12-18,0.0671588883878
2014-12-19,0.0687450000096
2014-12-22,0.0672634639232
2014-12-23,0.0671077803553
2014-12-24,0.0668424534181
2014-12-25,0.0628265354181
2014-12-26,0.0602436707748
2014-12-29,0.0565677821175
2014-12-30,0.054292090148
2014-12-31,0.0505967743928
2015-01-01,0.0443030624462
2015-01-02,0.0411751189562
2015-01-05,0.0375954543026
2015-01-06,0.0345534962814
2015-01-07,0.0289200799847
2015-01-08,0.024637222588
2015-01-09,0.0238482394806
2015-01-12,0.0259519718348
2015-01-13,0.0258907192274
2015-01-14,0.0237489384806
2015-01-15,0.0258474777352
2015-01-16,0.0266705751523
2015-01-19,0.0289726622509
2015-01-20,0.029252707927
2015-01-21,0.0310203205896
2015-01-22,0.0333608169155
2015-01-23,0.0372487128002
2015-01-26,0.0392506842047
2015-01-27,0.0396417921418
2015-01-28,0.0423893991217
2015-01-29,0.0442759870169
2015-01-30,0.0444489047288
2015-02-02,0.0436011887212
2015-02-03,0.0456640143935
2015-02-04,0.04524716304
2015-02-05,0.050305603957
2015-02-06,0.0557883299908
2015-02-09,0.0643702961491
2015-02-10,0.0698685073248
2015-02-11,0.0809453114601
2015-02-12,0.0925094832977
2015-02-13,0.0977819889777
2015-02-16,0.102252687521
2015-02-17,0.106121754677
2015-02-18,0.107658600752
2015-02-19,0.107710415247
2015-02-20,0.106076677704
2015-02-23,0.102924218929
2015-02-24,0.0982914350823
2015-02-25,0.0887802519234
2015-02-26,0.0764329262199
2015-02-27,0.0653687564192
2015-03-02,0.0579124075426
2015-03-03,0.0558633282877
2015-03-04,0.0507439628248
2015-03-05,0.0534996714206
2015-03-06,0.05728641315
2015-03-09,0.068747779103
2015-03-10,0.0834903541546
2015-03-11,0.0940742981848
2015-03-12,0.105458710304
2015-03-13,0.115549944886
2015-03-16,0.131452448477
2015-03-17,0.142007731813
2015-03-18,0.149064879817
2015-03-19,0.15127165317
2015-03-20,0.158089216234
2015-03-23,0.157454542814
2015-03-24,0.151978127235
2015-03-25,0.143861847471
2015-03-26,0.136404520202
2015-03-27,0.129189652918
2015-03-29,0.114044268875
2015-03-30,0.100183984827
2015-03-31,0.0853017644972
2015-04-01,0.0721027548931
2015-04-02,0.0607982814422
2015-04-05,0.0553285010309
2015-04-06,0.0553934928728
2015-04-07,0.0537731538871
2015-04-08,0.0609583850716
2015-04-09,0.0671169150773
2015-04-12,0.0688976546466
2015-04-13,0.0672990019087
2015-04-14,0.0674741703017
2015-04-15,0.0711647404934
2015-04-16,0.0672774575136
2015-04-19,0.066322188079
2015-04-20,0.0692537399713
2015-04-21,0.0717788304447
2015-04-22,0.0721991135681
2015-04-23,0.0752368743581
2015-04-26,0.0724855156131
2015-04-27,0.071771442789
2015-04-28,0.0700022200777
2015-04-29,0.0670982019918
2015-04-30,0.0640583007482
2015-05-03,0.0603818417722
2015-05-04,0.0576622641815
2015-05-05,0.0529642369411
2015-05-06,0.0526327742102
2015-05-07,0.051903711205
2015-05-10,0.0510956159929
2015-05-11,0.0457550143931
2015-05-12,0.0438605817516
2015-05-13,0.0441812820573
2015-05-14,0.0442220339818
2015-05-17,0.0436545819626
2015-05-18,0.0432046976005
2015-05-19,0.0433910783943
2015-05-20,0.0433826823928
2015-05-21,0.0433421209377
2015-05-24,0.0450737535953
2015-05-25,0.04221055337
2015-05-26,0.0460829283953
2015-05-27,0.0479843776662
2015-05-28,0.0541068980913
2015-05-31,0.0603494078374
2015-06-01,0.0652592772192
2015-06-02,0.0669592765085
2015-06-03,0.0680900301846
2015-06-04,0.0688302173163
2015-06-07,0.0656083553329
2015-06-08,0.0655124704884
2015-06-09,0.0634645661602
2015-06-10,0.0623422681232
2015-06-11,0.0573478717543
2015-06-14,0.051478445924
2015-06-15,0.045890256964
2015-06-16,0.0423516217923
2015-06-17,0.0365396957901
2015-06-18,0.0343468113132
2015-06-21,0.0341740879833
2015-06-22,0.0345642845025
2015-06-23,0.0351002005544
2015-06-24,0.0348640649714
2015-06-25,0.0332577315904
2015-06-28,0.0297394846523
2015-06-29,0.0260210132699
2015-06-30,0.025428005179
2015-07-01,0.0263120364695
2015-07-02,0.0249920745335
2015-07-05,0.0242666763064
2015-07-06,0.0253555848725
2015-07-07,0.0304209692225
2015-07-08,0.0413015416434
2015-07-09,0.0473396403941
2015-07-12,0.0480131832227
2015-07-13,0.0480613763302
2015-07-14,0.0474397778908
2015-07-15,0.0441659204176
2015-07-16,0.0411085072514
2015-07-19,0.0415408727072
2015-07-20,0.0413853937495
2015-07-21,0.0384200139732
2015-07-22,0.03943450633
2015-07-23,0.0482302533906
2015-07-26,0.0639299871983
2015-07-27,0.0748246615341
2015-07-28,0.081271358974
2015-07-29,0.0848447777757
2015-07-30,0.0878695618218
2015-08-02,0.0954761750387
2015-08-03,0.103477352086
2015-08-04,0.112413312917
2015-08-05,0.122086807339
2015-08-06,0.13359393492
2015-08-09,0.139408224763
2015-08-10,0.13508094883
2015-08-11,0.130745302723
2015-08-12,0.12401447963
2015-08-13,0.11823289005
2015-08-16,0.110692969871
2015-08-17,0.101397365662
2015-08-18,0.0852136539283
2015-08-19,0.0714470145965
2015-08-20,0.0617901755095
2015-08-23,0.0590313431467
2015-08-24,0.0585959770491
2015-08-25,0.0618318824251
2015-08-26,0.0563508006763
2015-08-27,0.0506102028409
2015-08-30,0.0502056117121
2015-08-31,0.0543692954662
2015-09-01,0.0661735395919
2015-09-02,0.082745812424
2015-09-03,0.0936017718007
2015-09-06,0.113772736883
2015-09-07,0.124530505246
2015-09-08,0.131684504444
2015-09-09,0.133818019694
2015-09-10,0.141207009201
2015-09-13,0.145518179729
2015-09-14,0.143397415652
2015-09-15,0.140913244213
2015-09-16,0.135836486843
2015-09-17,0.128512307009
2015-09-20,0.124776279375
2015-09-21,0.118542646113
2015-09-22,0.129782621225
2015-09-23,0.149612013231
2015-09-24,0.137378905316
2015-09-27,0.125666269952
2015-09-28,0.124377897568
2015-09-29,0.121721458223
2015-09-30,0.116855066177
2015-10-01,0.110490104609
2015-10-04,0.108623662517
2015-10-05,0.10640394125
2015-10-06,0.104658037135
2015-10-07,0.0987365136251
2015-10-08,0.103185111862
2015-10-11,0.109945391549
2015-10-12,0.11350782388
2015-10-13,0.112743109384
2015-10-14,0.113903689696
2015-10-15,0.117832055131
2015-10-18,0.117761783285
2015-10-19,0.114864343215
2015-10-20,0.110858388924
2015-10-21,0.0923906766487
2015-10-22,0.0920744212725
2015-10-26,0.0907464373668
2015-10-27,0.0763245245819
2015-10-28,0.0649969464872
2015-10-29,0.0631252412191
2015-10-30,0.0559984529864
2015-11-02,0.0541222249808
2015-11-03,0.0529794707015
2015-11-04,0.0568775311758
2015-11-05,0.0580879224699
2015-11-06,0.0582026179554
2015-11-09,0.0576213584307
2015-11-10,0.0549919841051
2015-11-11,0.0593427785703
2015-11-12,0.0616637776471
2015-11-13,0.0630449764268
2015-11-16,0.0603337984621
2015-11-17,0.0592784444272
2015-11-18,0.057431499472
2015-11-19,0.0534088724644
2015-11-20,0.0516282470627
2015-11-23,0.0557068464093
2015-11-24,0.0533513932144
2015-11-25,0.0540121292423
2015-11-26,0.0485843823728
2015-11-27,0.0470186667861
2015-11-30,0.0462155393669
2015-12-01,0.0458307099411
2015-12-02,0.0487963102577
2015-12-03,0.0501249856283
2015-12-04,0.0504350470775
2015-12-07,0.0507629278325
2015-12-08,0.0507045923387
2015-12-09,0.0508000774453
2015-12-10,0.0513628605842
2015-12-11,0.0516550868746
2015-12-14,0.0503313889194
2015-12-15,0.0546667499734
2015-12-16,0.0610363521969
2015-12-17,0.0651347871726
2015-12-18,0.0671296663576
2015-12-21,0.0738294685141
2015-12-22,0.0831669549446
2015-12-23,0.0841776897247
2015-12-24,0.0832645528612
2015-12-25,0.0797572361015
2015-12-28,0.0802824964539
2015-12-29,0.0803079559539
2015-12-30,0.0802466413465
2015-12-31,0.0824022756139
2016-01-01,0.079533464655
2016-01-04,0.074742910067
2016-01-05,0.0749402237227
2016-01-06,0.0765715590668
2016-01-07,0.0684030414454
2016-01-08,0.0665792128143
2016-01-11,0.0602793835318
2016-01-12,0.0622368893404
2016-01-13,0.0627135249412
2016-01-14,0.0613437124134
2016-01-15,0.0576770327365
2016-01-18,0.0580157226877
2016-01-19,0.0599572751393
2016-01-20,0.0624931752065
2016-01-21,0.0669111075668
2016-01-22,0.0733867611396
2016-01-25,0.0721994561871
2016-01-26,0.0637722147055
2016-01-27,0.0520397479668
2016-01-28,0.0509606256678
2016-01-29,0.0463997799453
2016-02-01,0.0420839837021
2016-02-02,0.046635913426
2016-02-03,0.048425967371
2016-02-04,0.0590066847241
2016-02-05,0.0679923360621
2016-02-08,0.0737289445414
2016-02-09,0.0792017477215
2016-02-10,0.0847518624234
2016-02-11,0.0867735096312
2016-02-12,0.0868668156313
2016-02-15,0.0872477114767
2016-02-16,0.0864740683675
2016-02-17,0.0866246919948
2016-02-18,0.0833393460815
2016-02-19,0.0749239902556
2016-02-22,0.0713948861137
2016-02-23,0.0675516363901
2016-02-24,0.0642667459236
2016-02-25,0.0560615289333
2016-02-26,0.0505183020512
2016-02-29,0.049705002396
2016-03-01,0.0513006360895
2016-03-02,0.0515350292216
2016-03-03,0.0517332151781
2016-03-04,0.0611540169531
2016-03-07,0.0727879868271
2016-03-08,0.0807739900817
2016-03-09,0.0901873581993
2016-03-10,0.106811254582
2016-03-11,0.125436300777
2016-03-14,0.144250884883
2016-03-15,0.150100464251
2016-03-16,0.144162503337
2016-03-17,0.142795198486
2016-03-18,0.143491130388
2016-03-21,0.141821606252
2016-03-22,0.143219646918
2016-03-23,0.144027467684
2016-03-24,0.137674428693
2016-03-25,0.129781272978
2016-03-27,0.118271344018
2016-03-28,0.0964075018921
2016-03-29,0.0825978199981
2016-03-30,0.07038097287
2016-03-31,0.0668891563474
2016-04-03,0.0669116768585
2016-04-04,0.0601321710902
2016-04-05,0.0550762973187
2016-04-06,0.054434649134
2016-04-07,0.0549252532756
2016-04-10,0.0540287243293
2016-04-11,0.0640338419984
2016-04-12,0.0653067617602
2016-04-13,0.0652807975314
2016-04-14,0.0719369919847
2016-04-17,0.0734460639913
2016-04-18,0.0734182214226
2016-04-19,0.0750534483237
2016-04-20,0.0737346399706
2016-04-21,0.071718209352
2016-04-24,0.067390802707
2016-04-25,0.0628524627916
2016-04-26,0.0614859752945
2016-04-27,0.0614824630539
2016-04-28,0.0633830742808
2016-05-01,0.0687294198864
2016-05-02,0.0674119173832
2016-05-03,0.059787297322
2016-05-04,0.0548227274713
2016-05-05,0.0413449608718
2016-05-08,0.0387041939794
2016-05-09,0.0381250749786
2016-05-10,0.0388180492476
2016-05-11,0.0416524122637
2016-05-12,0.0414134134769
2016-05-15,0.0413984601165
2016-05-16,0.0351786040688
2016-05-17,0.0353789035416
2016-05-18,0.0369885686469
2016-05-19,0.0386091872762
2016-05-22,0.038278905487
2016-05-23,0.0392974232451
2016-05-24,0.0411670061427
2016-05-25,0.0434569414844
2016-05-26,0.0448407882345
2016-05-29,0.0435707398198
2016-05-30,0.0434736396236
2016-05-31,0.0446062197695
2016-06-01,0.0462331790182
2016-06-02,0.0471274196645
2016-06-05,0.046271349269
2016-06-06,0.0476358611046
2016-06-07,0.050941874772
2016-06-08,0.0621457031586
2016-06-09,0.0684279136642
2016-06-12,0.0730728230856
2016-06-13,0.0735468801443
2016-06-14,0.0738844752585
2016-06-15,0.0743393039064
2016-06-16,0.0747130036946
2016-06-19,0.0772358479629
2016-06-20,0.0799481345032
2016-06-21,0.0803883036793
2016-06-22,0.0816354470224
2016-06-23,0.0838265055119
2016-06-26,0.0796956465496
2016-06-27,0.0764371596047
2016-06-28,0.0758341672406
2016-06-29,0.0781509367895
2016-06-30,0.0812884692737
2016-07-03,0.0834383888678
2016-07-04,0.0822241256696
2016-07-05,0.0823505050636
2016-07-06,0.0827791626146
2016-07-07,0.0824280514019
2016-07-10,0.0825856932941
2016-07-11,0.0780590753011
2016-07-12,0.0728064158178
2016-07-13,0.0677773879388
2016-07-14,0.0622293685956
2016-07-17,0.0585709924614
2016-07-18,0.0568004028434
2016-07-19,0.0519114273498
2016-07-20,0.0492030516278
2016-07-21,0.0480597158698
2016-07-24,0.0445106288314
2016-07-25,0.0363395373347
2016-07-26,0.0357421246389
2016-07-27,0.0349518013995
2016-07-28,0.0310874318828
2016-07-31,0.030020880453
2016-08-01,0.0302457630789
2016-08-02,0.0302350859279
2016-08-03,0.0288439430843
2016-08-04,0.0260672631962
2016-08-07,0.033067484427
2016-08-08,0.035844099566
2016-08-09,0.0411143412041
2016-08-10,0.04812993242
2016-08-11,0.0523410020922
2016-08-14,0.0516439531286
2016-08-15,0.0519514763481
2016-08-16,0.0516883502604
2016-08-17,0.051094158694
2016-08-18,0.049859270109
2016-08-21,0.049095829762
2016-08-22,0.0462478935511
2016-08-23,0.0443958200974
2016-08-24,0.0428553316098
2016-08-25,0.0392442992845
2016-08-28,0.0405079836188
2016-08-29,0.0388050335858
2016-08-30,0.0378241234638
2016-08-31,0.0374543989408
2016-09-01,0.0391892637689
2016-09-04,0.0396174187503
2016-09-05,0.0406531085756
2016-09-06,0.0374812356564
2016-09-07,0.031545553945
2016-09-08,0.0254832783154
2016-09-11,0.0266233296983
2016-09-12,0.0251222542362
2016-09-13,0.0305725384173
2016-09-14,0.0381663019597
2016-09-15,0.0402791757614
2016-09-18,0.0393530965814
2016-09-19,0.0378835789313
2016-09-20,0.0377014068565
2016-09-21,0.0383813496378
2016-09-22,0.0388288454227
2016-09-25,0.0387506482121
2016-09-26,0.0384565181665
2016-09-27,0.0385496112345
2016-09-28,0.0388696472032
2016-09-29,0.0389166785381
2016-10-02,0.0389524527978
2016-10-03,0.0398493515105
2016-10-04,0.0379580915029
2016-10-05,0.0361021835615
2016-10-06,0.03553244033
2016-10-09,0.036000488301
2016-10-10,0.0375413105794
2016-10-11,0.0358623890362
2016-10-12,0.0279660884873
2016-10-13,0.0263976449311
2016-10-16,0.0255663635933
2016-10-17,0.0236049615662
2016-10-18,0.023867266728
2016-10-19,0.0265632606395
2016-10-20,0.0316947679563
2016-10-23,0.0338384470686
2016-10-24,0.0376656397937
2016-10-25,0.0420980322082
2016-10-26,0.0436168316137
2016-10-27,0.0409647936136
2016-10-31,0.037497052165
2016-11-01,0.0372120042886
2016-11-02,0.0354883005186
2016-11-03,0.0380153358945
2016-11-04,0.0404173786881
2016-11-07,0.041076619999
2016-11-08,0.0410420564148
2016-11-09,0.0411872524353
2016-11-10,0.0424337750285
2016-11-11,0.0629322967458
2016-11-14,0.0762136075363
2016-11-15,0.0922944122162
2016-11-16,0.104279107258
2016-11-17,0.113781237469
2016-11-18,0.118051733865
2016-11-21,0.117921589805
2016-11-22,0.115154231131
2016-11-23,0.108583321875
2016-11-24,0.105588319106
2016-11-25,0.100907299173
2016-11-28,0.0988667689369
2016-11-29,0.0945682187631
2016-11-30,0.093744566018
2016-12-01,0.0910259731587
2016-12-02,0.0986209868773
2016-12-05,0.0943054549966
2016-12-06,0.0829578680321
2016-12-07,0.0618508347816
2016-12-08,0.0456278455495
2016-12-09,0.0465602597662
2016-12-12,0.0471090493041
2016-12-13,0.0503750031999
2016-12-14,0.0531036550929
2016-12-15,0.052967647524
2016-12-16,0.0533251641497
2016-12-19,0.0531919067846
2016-12-20,0.0538151991347
2016-12-21,0.0542591733696
2016-12-22,0.0563324369026
2016-12-23,0.0614729078111
2016-12-26,0.0666935537011
2016-12-27,0.0710653472444
2016-12-28,0.0724623648235
2016-12-29,0.0742236173225
2016-12-30,0.0591547522228
2017-01-02,0.0541345944458
2017-01-03,0.0512297056097
2017-01-04,0.0495517655962
2017-01-05,0.0526639842479
2017-01-06,0.0563361011208
2017-01-09,0.0562543310615
2017-01-10,0.0595062303241
2017-01-11,0.0619557558603
2017-01-12,0.0610873875777
2017-01-13,0.0597994886443
2017-01-16,0.0541218420741
2017-01-17,0.047479529107
2017-01-18,0.0410247354783
2017-01-19,0.0357864348751
2017-01-20,0.0347387281986
2017-01-23,0.0386702643141
2017-01-24,0.0395311682495
2017-01-25,0.0391691940583
2017-01-26,0.0368804252033
2017-01-27,0.0360044189541
2017-01-30,0.0398589153339
2017-01-31,0.0373618169852
2017-02-01,0.0339460469757
2017-02-02,0.0353016396669
2017-02-03,0.0371880495096
2017-02-06,0.0374887969232
2017-02-07,0.0390320799237
2017-02-08,0.0399369055019
2017-02-09,0.0403868060792
2017-02-10,0.0403194794246
2017-02-13,0.0409919359851
2017-02-14,0.03617404529
2017-02-15,0.0354635450333
2017-02-16,0.0331580822887
2017-02-17,0.030672284764
2017-02-20,0.0310244114413
2017-02-21,0.0305863247739
2017-02-22,0.0286125460155
2017-02-23,0.027927454894
2017-02-24,0.0252175356702
2017-02-27,0.025249291809
2017-02-28,0.0246887381105
2017-03-01,0.0219954271566
2017-03-02,0.0210742615532
2017-03-03,0.0240761817224
2017-03-06,0.0240985755205
2017-03-07,0.0253783662535
2017-03-08,0.0253520060457
2017-03-09,0.0284202874168
2017-03-10,0.0342868929232
2017-03-13,0.0355411588682
2017-03-14,0.0369223238707
2017-03-15,0.0381436961062
2017-03-16,0.035834641796
2017-03-17,0.0351965649492
2017-03-20,0.0355470022426
2017-03-21,0.0363678903345
2017-03-22,0.0366344517175
2017-03-23,0.0352095721885
2017-03-24,0.0327912997931
2017-03-26,0.0323164061318
2017-03-27,0.0320813091184
2017-03-28,0.0320546158104
2017-03-29,0.030910241873
2017-03-30,0.0306135414656
2017-04-02,0.0305980954862
2017-04-03,0.0306076680281
2017-04-04,0.0312456632783
2017-04-05,0.0301059335822
2017-04-06,0.0258001892081
2017-04-09,0.0256458773749
2017-04-10,0.0246314791105
2017-04-11,0.0226643146358
2017-04-12,0.0223547475239
2017-04-13,0.0230178071801
2017-04-16,0.022310721992
2017-04-17,0.0188628533593
2017-04-18,0.0172120948911
2017-04-19,0.0149470741729
2017-04-20,0.0153640138332
2017-04-23,0.0150866758926
2017-04-24,0.0150534521312
2017-04-25,0.0153926879433
2017-04-26,0.0175097747142
2017-04-27,0.0202339188913
2017-04-30,0.0218112109033
2017-05-01,0.0223723019547
2017-05-02,0.0195957138174
2017-05-03,0.01904549332
2017-05-04,0.0208161697021
2017-05-07,0.0217577397001
2017-05-08,0.023558421782
2017-05-09,0.0243099346167
2017-05-10,0.023123396104
2017-05-11,0.0232587385958
2017-05-14,0.0233887844245
2017-05-15,0.0253023714306
2017-05-16,0.026547777685
2017-05-17,0.0270450715427
2017-05-18,0.0543249024512
2017-05-21,0.057221590515
2017-05-22,0.0595728558818
2017-05-23,0.0620992973942
2017-05-24,0.0649349575386
2017-05-25,0.0673578462199
2017-05-28,0.0673330940374
2017-05-29,0.0683613733656
2017-05-30,0.0683450494878
2017-05-31,0.0676611993298
2017-06-01,0.0679670312881
2017-06-04,0.0679259085522
2017-06-05,0.0700388935184
2017-06-06,0.0705867355589
2017-06-07,0.0697127827515
2017-06-08,0.0665241173126
2017-06-11,0.0665241173126
2017-06-12,0.0615016679279
2017-06-13,0.0518987668448
2017-06-14,0.0428743267557
2017-06-15,0.0353182761696
2017-06-18,0.035839811369
2017-06-19,0.0360928203972
2017-06-20,0.0387340850172
2017-06-21,0.0415924496566
2017-06-22,0.0445460314851
2017-06-25,0.0412836181989
2017-06-26,0.0409902360006
2017-06-27,0.0410475138681
2017-06-28,0.0386213231943
2017-06-29,0.0376649075822
2017-07-02,0.0445206028594
2017-07-03,0.0445812383835
2017-07-04,0.044777760869
2017-07-05,0.0445049127982
2017-07-06,0.0439719512873
2017-07-09,0.0439719512873
2017-07-10,0.0447565415522
2017-07-11,0.0451032136666
2017-07-12,0.0486347540167
2017-07-13,0.051443237327
2017-07-16,0.0564491729153
2017-07-17,0.0602798793933
2017-07-18,0.0641614793986
2017-07-19,0.0664169340065
2017-07-20,0.0691490812565
2017-07-23,0.0656908843046
2017-07-24,0.0664635687044
2017-07-25,0.0636312669108
2017-07-26,0.0638917404908
2017-07-27,0.0605779392614
2017-07-30,0.0605779392614
2017-07-31,0.0574905774127
2017-08-01,0.0515790354757
2017-08-02,0.0467938411254
2017-08-03,0.0373404496666
2017-08-06,0.0377850236431
2017-08-07,0.037565590008
2017-08-08,0.0304918845979
2017-08-09,0.0274683243413
2017-08-10,0.0241209365275
2017-08-13,0.0241209365275
2017-08-14,0.0246163531442
2017-08-15,0.0250476656127
2017-08-16,0.0250678132906
2017-08-17,0.0247695159635
2017-08-20,0.0247695159635
2017-08-21,0.0249051014646
2017-08-22,0.0245545772346
2017-08-23,0.0245088727223
2017-08-24,0.0245164364847
2017-08-27,0.0237414333583
2017-08-28,0.0233637793224
2017-08-29,0.0225513326719
2017-08-30,0.0204093083772
2017-08-31,0.0177914379175
2017-09-03,0.017081418036
2017-09-04,0.0157077955843
2017-09-05,0.0169835175519
2017-09-06,0.0218974517867
2017-09-07,0.025225748646
2017-09-10,0.025225748646
2017-09-11,0.0265887213923
2017-09-12,0.0268620937189
2017-09-13,0.0270418870996
2017-09-14,0.0268883554333
2017-09-17,0.0265528366016
2017-09-18,0.0259809221508
2017-09-19,0.0254564328549
2017-09-20,0.025484073458
2017-09-21,0.0253715568058
2017-09-24,0.0249065389853
2017-09-25,0.0244011275627
2017-09-26,0.0243813366935
2017-09-27,0.0271566774771
2017-09-28,0.0289540488945
2017-10-01,0.0280553302003
2017-10-02,0.0282988580765
2017-10-03,0.0278699347536
2017-10-04,0.0262628509899
2017-10-05,0.0244172560856
2017-10-08,0.023211768227
2017-10-09,0.0231321398654
2017-10-10,0.0234633168341
2017-10-11,0.0235547983717
2017-10-12,0.0225967364903
2017-10-15,0.0202626179016
2017-10-16,0.0199676079798
2017-10-17,0.0191652172606
2017-10-18,0.0182230016597
2017-10-19,0.0172422095303
2017-10-22,0.0160011841672
2017-10-23,0.0222081415847
2017-10-24,0.0276463931218
2017-10-25,0.030361878366
2017-10-26,0.0393834092108
2017-10-30,0.0410265828459
2017-10-31,0.0464348765819
2017-11-01,0.0481485450949
2017-11-02,0.048135458809
2017-11-03,0.0484509396467
2017-11-06,0.0501915656577
2017-11-07,0.0502071003053
2017-11-08,0.0504972589148
2017-11-09,0.0492233160415
2017-11-10,0.0474466157078
2017-11-13,0.0439574779581
2017-11-14,0.041704126705
2017-11-15,0.0390644875075
2017-11-16,0.0350580846348
2017-11-17,0.0282074070144
2017-11-20,0.0224085191845
2017-11-21,0.021352620724
2017-11-22,0.0207261982557
2017-11-23,0.0216100232437
2017-11-24,0.0233258790618
2017-11-27,0.0234575517061
2017-11-28,0.0238834130375
2017-11-29,0.026226125776
2017-11-30,0.0261564348676
2017-12-01,0.0263672603491
2017-12-04,0.0245658778178
2017-12-05,0.024647844568
2017-12-06,0.0243289043784
2017-12-07,0.0246004974979
2017-12-08,0.0261973031594
2017-12-11,0.0269710132471
2017-12-12,0.0291034463295
2017-12-13,0.0281177891268
2017-12-14,0.0301777008029
2017-12-15,0.0349475772824
2017-12-18,0.035638918334
2017-12-19,0.0361480362721
2017-12-20,0.0365307786598
2017-12-21,0.0357428962396
2017-12-22,0.034774162747
2017-12-25,0.036270258949
2017-12-26,0.0362310549408
2017-12-27,0.0321150051012
2017-12-28,0.0307867110774
2017-12-29,0.0306364501691
2018-01-01,0.029485062677
2018-01-02,0.0266957097877
2018-01-03,0.0248494096089
2018-01-04,0.0246803757545
2018-01-05,0.0289006005222
2018-01-08,0.0330375460255
2018-01-09,0.0352850960041
2018-01-10,0.0365937624109
2018-01-11,0.0388708722637
2018-01-12,0.0396909704038
2018-01-15,0.0432107942169
2018-01-16,0.0451129491856
2018-01-17,0.0461241445508
2018-01-18,0.046635726084
2018-01-19,0.0472137677848
2018-01-22,0.0453465823005
2018-01-23,0.0420743714969
2018-01-24,0.03920248918
2018-01-25,0.0408512900011
2018-01-26,0.0407124887087
2018-01-29,0.0388530686997
2018-01-30,0.0343670190737
2018-01-31,0.0328881497618
2018-02-01,0.0323351572557
2018-02-02,0.032554687188
2018-02-05,0.0321416679064
2018-02-06,0.033952294706
2018-02-07,0.0330838154106
2018-02-08,0.0362898024681
2018-02-09,0.0408051373831
2018-02-12,0.045143186232
2018-02-13,0.0490173234685
2018-02-14,0.0522814294797
2018-02-15,0.0522630338819
2018-02-16,0.0522461391171
2018-02-19,0.0520277605557
2018-02-20,0.0519406673144
2018-02-21,0.0523971019188
2018-02-22,0.0501310818598
2018-02-23,0.0465654898194
2018-02-26,0.0424285293792
2018-02-27,0.0378669259244
2018-02-28,0.0350789916889
2018-03-01,0.0322137450235
2018-03-02,0.0256095269077
2018-03-05,0.0242075993943
2018-03-06,0.0242600928539
2018-03-07,0.0258818896246
2018-03-08,0.0255172201921
2018-03-09,0.02447790572
2018-03-12,0.0224452339335
2018-03-13,0.0197981465112
2018-03-14,0.0164415039655
2018-03-15,0.0155052410499
2018-03-16,0.0169041228236
2018-03-19,0.0176847682012
2018-03-20,0.018691272239
2018-03-21,0.0224602075028
2018-03-22,0.0226298382443
2018-03-23,0.0259905043392
2018-03-25,0.0281859292073
2018-03-26,0.0283559234509
2018-03-27,0.0305220519938
2018-03-28,0.0316463018545
2018-03-29,0.0316829835619
2018-04-01,0.0314045165209
2018-04-02,0.0306145007784
2018-04-03,0.0274460863861
2018-04-04,0.0262653038099
2018-04-05,0.0273674028154
2018-04-08,0.0295740124187
2018-04-09,0.0377998116817
2018-04-10,0.0412393689652
2018-04-11,0.0402924477058
2018-04-12,0.0432582319518
2018-04-15,0.0461584981058
2018-04-16,0.0473590162595
2018-04-17,0.0483735668904
2018-04-18,0.0450950163546
2018-04-19,0.0443921742157
2018-04-22,0.0447196915889
2018-04-23,0.0466908001196
2018-04-24,0.0503607143779
2018-04-25,0.0533005171795
2018-04-26,0.0530229384325
2018-04-29,0.0500559610522
2018-04-30,0.0500817676144
2018-05-01,0.0511559699661
2018-05-02,0.0539088341068
2018-05-03,0.0534845208794
2018-05-06,0.0537149129055
2018-05-07,0.0577033235841
2018-05-08,0.0611749473578
2018-05-09,0.0635874803551
2018-05-10,0.0639102240401
2018-05-13,0.0679376385876
2018-05-14,0.0716404581006
2018-05-15,0.0753087078212
2018-05-16,0.0765610556149
2018-05-17,0.0774121361016
2018-05-20,0.082790123998
2018-05-21,0.0824534956651
2018-05-22,0.0806615859464
2018-05-23,0.0778369916118
2018-05-24,0.0742924624286
2018-05-27,0.0671612780044
2018-05-28,0.0690899230981
2018-05-29,0.0682326716002
2018-05-30,0.0690076614741
2018-05-31,0.0667517307091
2018-06-03,0.0655442847484
2018-06-04,0.0633248888878
2018-06-05,0.0655804389564
2018-06-06,0.0719272044283
2018-06-07,0.0783007333435
2018-06-10,0.0743167375072
2018-06-11,0.0711581293209
2018-06-12,0.0693075106056
2018-06-13,0.0684503498513
2018-06-14,0.0704192826465
2018-06-17,0.0703803222725
2018-06-18,0.0693848944582
2018-06-19,0.066435912134
2018-06-20,0.0613964877705
2018-06-21,0.0572538693248
2018-06-24,0.0498274221692
2018-06-25,0.049662442391
2018-06-26,0.0495614674183
2018-06-27,0.0530414544933
2018-06-28,0.055357075096
2018-07-01,0.0594244542523
2018-07-02,0.0653525056905
2018-07-03,0.0694509482336
2018-07-04,0.0734330493502
2018-07-05,0.075941011734
2018-07-08,0.0737807341849
2018-07-09,0.0711220320814
2018-07-10,0.0669957610601
2018-07-11,0.0634254097763
2018-07-12,0.064117141152
2018-07-15,0.059244860981
2018-07-16,0.055098536374
2018-07-17,0.0499343453159
2018-07-18,0.0462287706614
2018-07-19,0.0418173506552
2018-07-22,0.0433056444604
2018-07-23,0.042799014684
2018-07-24,0.0476507458386
2018-07-25,0.0604991559317
2018-07-26,0.0643950020537
2018-07-29,0.0697745059763
2018-07-30,0.0705987436523
2018-07-31,0.069896849564
2018-08-01,0.067564729977
2018-08-02,0.0619000150925
2018-08-05,0.0631388567909
2018-08-06,0.0611324728509
2018-08-07,0.0610072064339
2018-08-08,0.0565643208636
2018-08-09,0.0511310658481
2018-08-12,0.0525511139651
2018-08-13,0.0550431467126
2018-08-14,0.0571228544457
2018-08-15,0.0616995340341
2018-08-16,0.0671591705148
2018-08-19,0.0731431075648
2018-08-20,0.0833975947844
2018-08-21,0.0997466605431
2018-08-22,0.107249186477
2018-08-23,0.122551697362
2018-08-26,0.130761371549
2018-08-27,0.134608765942
2018-08-28,0.141881539172
2018-08-29,0.143792659483
2018-08-30,0.146369638335
2018-09-02,0.137032273859
2018-09-03,0.133071256733
2018-09-04,0.126980392187
2018-09-06,0.117944764057
