Date,cr
2010-01-04,
2010-01-05,66.1888701518
2010-01-06,62.7616926503
2010-01-07,71.2598425197
2010-01-08,77.0336093522
2010-01-11,60.7315761162
2010-01-12,68.2674199623
2010-01-13,70.9758131776
2010-01-14,80.1450935472
2010-01-15,77.4858663119
2010-01-18,79.1925782445
2010-01-19,76.9875608437
2010-01-20,79.6969446054
2010-01-21,82.9614132961
2010-01-22,88.4425395903
2010-01-25,86.3989200135
2010-01-26,97.7185285184
2010-01-27,96.1695544554
2010-01-28,98.063224819
2010-01-29,97.4555848232
2010-02-01,98.18287465
2010-02-02,90.7923016803
2010-02-03,87.016762822
2010-02-04,91.8838066334
2010-02-05,92.3439193132
2010-02-08,91.1976623169
2010-02-09,87.7914273761
2010-02-10,85.6125409805
2010-02-11,85.8842129037
2010-02-12,86.2401931201
2010-02-15,84.3720721058
2010-02-16,86.5622267006
2010-02-17,84.0260128569
2010-02-18,80.1782387962
2010-02-19,76.1675873449
2010-02-22,73.3697953423
2010-02-23,74.0034539879
2010-02-24,75.2120166739
2010-02-25,74.7189598822
2010-02-26,71.1898608702
2010-03-01,65.1118695487
2010-03-02,62.979874852
2010-03-03,60.2319053666
2010-03-04,59.2191989184
2010-03-05,56.5057008719
2010-03-08,55.329158798
2010-03-09,54.8011477379
2010-03-10,55.725728074
2010-03-11,56.0386965377
2010-03-12,50.1876331181
2010-03-15,48.7302283228
2010-03-16,48.5436893204
2010-03-17,49.9129781934
2010-03-18,53.2179500466
2010-03-19,56.2250978456
2010-03-22,56.1343410086
2010-03-23,54.3408025013
2010-03-24,54.7445759029
2010-03-25,56.3859881954
2010-03-26,62.4572758345
2010-03-28,62.8671763544
2010-03-29,62.0271651818
2010-03-30,58.4960621426
2010-03-31,55.9367034834
2010-04-01,52.9422103487
2010-04-04,53.3080009944
2010-04-05,55.7790583886
2010-04-06,59.0060739923
2010-04-07,57.062792275
2010-04-08,57.6037363032
2010-04-11,56.165991039
2010-04-12,56.1014600874
2010-04-13,55.0256081946
2010-04-14,57.0600935588
2010-04-15,58.9417644502
2010-04-18,61.2122321919
2010-04-19,59.5450085402
2010-04-20,59.0694635988
2010-04-21,60.7111756168
2010-04-22,58.8795968302
2010-04-25,53.488372093
2010-04-26,53.0791788856
2010-04-27,56.8154534541
2010-04-28,54.0796001883
2010-04-29,49.914833215
2010-05-02,46.7223583831
2010-05-03,49.4226010448
2010-05-04,57.9553609875
2010-05-05,67.5504259007
2010-05-06,76.4855197877
2010-05-09,73.4767828458
2010-05-10,68.9738832596
2010-05-11,70.3338034791
2010-05-12,67.0568682708
2010-05-13,70.3745577884
2010-05-16,72.0431670361
2010-05-17,74.4903923431
2010-05-18,80.6425163983
2010-05-19,85.5458419042
2010-05-20,90.1832460733
2010-05-23,84.9251888437
2010-05-24,89.8961456886
2010-05-25,86.0729059859
2010-05-26,88.6500983372
2010-05-27,81.8038137777
2010-05-30,78.057161738
2010-05-31,85.6325799338
2010-06-01,85.1815778489
2010-06-02,79.3906689905
2010-06-03,87.7441148527
2010-06-06,92.5544751224
2010-06-07,95.1473199725
2010-06-08,88.9678064102
2010-06-09,82.5646597042
2010-06-10,70.2703601477
2010-06-13,63.4817006496
2010-06-14,68.0352787893
2010-06-15,70.7580733443
2010-06-16,68.524822217
2010-06-17,69.5675675676
2010-06-20,63.9354147126
2010-06-21,62.1403450008
2010-06-22,66.3871898839
2010-06-23,60.6683718113
2010-06-24,55.2621817569
2010-06-27,51.0272841382
2010-06-28,56.2788018433
2010-06-29,52.2609315106
2010-06-30,58.8020051959
2010-07-01,53.3514046328
2010-07-04,55.1680657132
2010-07-05,58.0492566451
2010-07-06,54.1055932327
2010-07-07,52.70187785
2010-07-08,54.8957073206
2010-07-11,50.3246753247
2010-07-12,48.0962209095
2010-07-13,46.2772607307
2010-07-14,50.4770687759
2010-07-15,51.6562565794
2010-07-18,56.8028951601
2010-07-19,59.1916799289
2010-07-20,56.2364268134
2010-07-21,59.019986626
2010-07-22,57.6315307058
2010-07-25,59.572741025
2010-07-26,60.8476772164
2010-07-27,61.2311576446
2010-07-28,56.7120587054
2010-07-29,56.0913242009
2010-08-01,55.0230145393
2010-08-02,56.6884146117
2010-08-03,54.3912914692
2010-08-04,52.1080177364
2010-08-05,50.1682085786
2010-08-08,53.9435142661
2010-08-09,58.7895399659
2010-08-10,60.3226759211
2010-08-11,61.4063777596
2010-08-12,61.948192726
2010-08-15,63.4305550315
2010-08-16,63.2683148106
2010-08-17,62.8914208104
2010-08-18,63.9598748951
2010-08-19,63.3221425301
2010-08-22,62.30813618
2010-08-23,66.7219327333
2010-08-24,64.9829672266
2010-08-25,66.3129973475
2010-08-26,64.6030190159
2010-08-29,65.8112909593
2010-08-30,70.0133868809
2010-08-31,69.4584076536
2010-09-01,66.4116662682
2010-09-02,62.5597946564
2010-09-05,64.2662560701
2010-09-06,68.4466019417
2010-09-07,67.6918083337
2010-09-08,65.9266409266
2010-09-09,66.564119171
2010-09-12,65.5327238897
2010-09-13,66.6111269151
2010-09-14,64.0195920989
2010-09-15,64.3963227783
2010-09-16,59.7427346355
2010-09-19,61.5338139928
2010-09-20,67.0912951168
2010-09-21,64.7472938878
2010-09-22,65.5349291646
2010-09-23,67.4019404594
2010-09-26,64.3472931563
2010-09-27,67.4517487182
2010-09-28,61.1462402835
2010-09-29,59.2672156582
2010-09-30,57.389424022
2010-10-03,57.9270452131
2010-10-04,64.1658440276
2010-10-05,54.5702330224
2010-10-06,56.7384447646
2010-10-07,59.2785129175
2010-10-10,59.4071910645
2010-10-11,62.3381844496
2010-10-12,58.8600429436
2010-10-13,57.1729876903
2010-10-14,59.144571318
2010-10-17,60.8587526715
2010-10-18,68.9858207162
2010-10-19,67.3662830061
2010-10-20,67.671167782
2010-10-21,68.4006026485
2010-10-24,72.298943948
2010-10-25,74.3540630858
2010-10-26,70.1935585603
2010-10-27,75.2499590231
2010-10-28,72.3422261627
2010-11-01,67.9455590754
2010-11-02,73.6074539194
2010-11-03,70.298055467
2010-11-04,67.6206597906
2010-11-05,66.7496692864
2010-11-08,72.7738705448
2010-11-09,75.8067781512
2010-11-10,72.2776947873
2010-11-11,79.6599703606
2010-11-12,79.0794807747
2010-11-15,78.6408164938
2010-11-16,87.4951904579
2010-11-17,87.0217938329
2010-11-18,84.8192668734
2010-11-19,84.1492335055
2010-11-22,83.747149734
2010-11-23,87.988778593
2010-11-24,80.9880619761
2010-11-25,78.178415471
2010-11-26,79.0533736153
2010-11-29,76.7515923567
2010-11-30,72.9572690958
2010-12-01,68.228960494
2010-12-02,64.578529837
2010-12-03,60.8276859819
2010-12-06,60.8718847649
2010-12-07,63.1479189231
2010-12-08,61.4218405654
2010-12-09,64.2269579523
2010-12-10,70.6771964462
2010-12-13,72.554304103
2010-12-14,67.3967088907
2010-12-15,65.3289780681
2010-12-16,65.7580651515
2010-12-17,64.1533771107
2010-12-20,64.1389336372
2010-12-21,65.4339113527
2010-12-22,59.3509329859
2010-12-23,56.9397835677
2010-12-24,57.1613640693
2010-12-27,60.9497645212
2010-12-28,59.1538880673
2010-12-29,54.8342699851
2010-12-30,51.3035694305
2010-12-31,51.121632285
2011-01-03,51.0187820148
2011-01-04,52.6749127333
2011-01-05,56.2672149591
2011-01-06,60.8776145271
2011-01-07,63.9908532916
2011-01-10,66.0746720484
2011-01-11,72.2967871823
2011-01-12,69.3632524634
2011-01-13,68.3390645068
2011-01-14,70.5951383068
2011-01-17,68.3704073982
2011-01-18,70.4038526529
2011-01-19,71.0415335463
2011-01-20,70.1615981677
2011-01-21,67.7218626018
2011-01-24,70.6383160777
2011-01-25,72.3687613137
2011-01-26,70.343857855
2011-01-27,72.4860877443
2011-01-28,78.0139326441
2011-01-31,82.490412813
2011-02-01,79.5254598774
2011-02-02,80.2723510302
2011-02-03,80.2924883669
2011-02-04,84.6289353629
2011-02-07,89.0433510152
2011-02-08,91.9402846247
2011-02-09,89.8552074119
2011-02-10,87.2034014538
2011-02-11,84.8886459899
2011-02-14,82.2493953238
2011-02-15,86.1830264433
2011-02-16,82.1428571429
2011-02-17,84.7176535088
2011-02-18,83.074575967
2011-02-21,77.9854666433
2011-02-22,80.2362622777
2011-02-23,78.7042278051
2011-02-24,81.6292234212
2011-02-25,85.3145235893
2011-02-28,85.6105484426
2011-03-01,83.1120007812
2011-03-02,80.9235238143
2011-03-03,81.7784711388
2011-03-04,81.6643311415
2011-03-07,76.7996934363
2011-03-08,77.2314545143
2011-03-09,77.623621487
2011-03-10,82.3267924049
2011-03-11,84.8126898414
2011-03-14,86.4997121474
2011-03-15,89.2526203858
2011-03-16,82.4232212606
2011-03-17,85.5582025795
2011-03-18,87.9661771251
2011-03-21,83.3516685002
2011-03-22,88.791611524
2011-03-23,80.3377814846
2011-03-24,80.8943089431
2011-03-25,80.6411988699
2011-03-27,87.7930936479
2011-03-28,95.0150552024
2011-03-29,70.2554744526
2011-03-30,65.4852869452
2011-03-31,56.0520816589
2011-04-03,45.4559155991
2011-04-04,46.4035355075
2011-04-05,44.1015798022
2011-04-06,43.8478747204
2011-04-07,38.7974761846
2011-04-10,38.1044957473
2011-04-11,41.9319562576
2011-04-12,44.1740589787
2011-04-13,45.1096836747
2011-04-14,41.0980487214
2011-04-17,37.8499575809
2011-04-18,37.7638403088
2011-04-19,30.0609343263
2011-04-20,29.4955156951
2011-04-21,25.4951584507
2011-04-24,23.4618358555
2011-04-25,27.2695243688
2011-04-26,26.1199095023
2011-04-27,36.9073837951
2011-04-28,39.0454284071
2011-05-01,38.0990143877
2011-05-02,45.4157536616
2011-05-03,49.965854769
2011-05-04,68.7459557396
2011-05-05,74.6524497233
2011-05-08,83.4555124335
2011-05-09,88.2899071578
2011-05-10,89.216982518
2011-05-11,101.589484946
2011-05-12,108.397065709
2011-05-15,140.868234844
2011-05-16,154.944375773
2011-05-17,127.147267115
2011-05-18,111.637784574
2011-05-19,120.704300124
2011-05-22,132.31286498
2011-05-23,134.689989609
2011-05-24,126.274575142
2011-05-25,138.471314452
2011-05-26,126.316661146
2011-05-29,117.077302125
2011-05-30,111.58867537
2011-05-31,101.146757679
2011-06-01,111.368209256
2011-06-02,82.7196149218
2011-06-05,88.3420333085
2011-06-06,85.1208189501
2011-06-07,81.8950124985
2011-06-08,76.6999524489
2011-06-09,70.3917186213
2011-06-12,72.4495955572
2011-06-13,68.4599539561
2011-06-14,69.137579465
2011-06-15,80.472854641
2011-06-16,69.9556408105
2011-06-19,66.4253830378
2011-06-20,59.0877677954
2011-06-21,56.6370673953
2011-06-22,62.8827942443
2011-06-23,69.4429984383
2011-06-26,70.20999087
2011-06-27,57.5901559454
2011-06-28,50.3927148549
2011-06-29,49.0580673759
2011-06-30,47.5203472599
2011-07-03,51.4389756842
2011-07-04,58.4360602665
2011-07-05,68.4615384615
2011-07-06,70.7040733747
2011-07-07,62.4616171955
2011-07-10,83.7601776462
2011-07-11,85.5514433753
2011-07-12,89.5517774343
2011-07-13,78.9661850142
2011-07-14,80.357413297
2011-07-17,77.1898085331
2011-07-18,72.3448378018
2011-07-19,74.1235392321
2011-07-20,69.1084695394
2011-07-21,53.5678819691
2011-07-24,53.5843793584
2011-07-25,48.0368906456
2011-07-26,61.8385160938
2011-07-27,73.6976217441
2011-07-28,71.81199092
2011-07-31,64.9039065444
2011-08-01,68.1220540809
2011-08-02,75.6352567496
2011-08-03,85.2033183735
2011-08-04,106.105077781
2011-08-07,119.288728149
2011-08-08,152.90292615
2011-08-09,133.319705642
2011-08-10,136.331425457
2011-08-11,130.630512044
2011-08-14,123.568392098
2011-08-15,105.344129555
2011-08-16,94.9900243848
2011-08-17,108.139804923
2011-08-18,113.162554598
2011-08-21,107.832957111
2011-08-22,109.08781484
2011-08-23,110.438746439
2011-08-24,119.835969537
2011-08-25,125.161909331
2011-08-28,123.022515619
2011-08-29,122.158086936
2011-08-30,130.802309866
2011-08-31,126.924022621
2011-09-01,135.640521269
2011-09-04,155.895706317
2011-09-05,174.927636113
2011-09-06,170.960515262
2011-09-07,164.004361456
2011-09-08,179.619883041
2011-09-11,181.549707602
2011-09-12,194.228432564
2011-09-13,176.065276519
2011-09-14,183.925985519
2011-09-15,170.140586797
2011-09-18,229.629002202
2011-09-19,301.577287066
2011-09-20,374.139065585
2011-09-21,455.640698169
2011-09-22,478.927203065
2011-09-25,327.541998232
2011-09-26,278.945366967
2011-09-27,254.664003759
2011-09-28,272.700871249
2011-09-29,277.171959257
2011-10-02,301.055085266
2011-10-03,332.314296865
2011-10-04,285.00502064
2011-10-05,251.457856503
2011-10-06,204.545831605
2011-10-09,173.592363338
2011-10-10,167.005300353
2011-10-11,165.261531671
2011-10-12,161.817406143
2011-10-13,151.383056722
2011-10-16,146.415911776
2011-10-17,148.240777209
2011-10-18,134.258450792
2011-10-19,137.68125
2011-10-20,142.259228772
2011-10-23,134.895896749
2011-10-24,113.659660236
2011-10-25,106.092760568
2011-10-26,91.5348230305
2011-10-27,63.2533794085
2011-10-31,50.887345679
2011-11-01,69.0607139006
2011-11-02,80.3925024972
2011-11-03,81.1308581148
2011-11-04,80.2270742358
2011-11-07,77.531701046
2011-11-08,66.2699761986
2011-11-09,61.4336165986
2011-11-10,75.1282677742
2011-11-11,78.8006919085
2011-11-14,90.3412749517
2011-11-15,105.268161293
2011-11-16,106.474935733
2011-11-17,103.796172324
2011-11-18,104.515250981
2011-11-21,126.081964317
2011-11-22,131.503020467
2011-11-23,133.612839239
2011-11-24,160.859003012
2011-11-25,161.636381304
2011-11-28,146.96969697
2011-11-29,141.926444834
2011-11-30,134.428133035
2011-12-01,117.806461353
2011-12-02,120.322257343
2011-12-05,135.167112877
2011-12-06,146.698679472
2011-12-07,130.348762308
2011-12-08,125.044626919
2011-12-09,136.948356808
2011-12-12,130.611875453
2011-12-13,136.225832804
2011-12-14,156.247615414
2011-12-15,157.023763894
2011-12-16,133.766918615
2011-12-19,140.908680336
2011-12-20,141.438108986
2011-12-21,130.105390463
2011-12-22,127.776341863
2011-12-23,121.598469727
2011-12-26,124.253255042
2011-12-27,108.307766834
2011-12-28,109.599547877
2011-12-29,101.035978156
2011-12-30,81.5304818462
2012-01-02,72.704271469
2012-01-03,75.1212488633
2012-01-04,75.0927960003
2012-01-05,88.1916329285
2012-01-06,106.980287592
2012-01-09,118.90337817
2012-01-10,105.236270754
2012-01-11,98.9666345564
2012-01-12,89.7028219429
2012-01-13,82.3941978162
2012-01-16,77.1066070859
2012-01-17,70.8026305364
2012-01-18,62.3272783729
2012-01-19,48.9308176101
2012-01-20,47.571201934
2012-01-23,51.1856155779
2012-01-24,50.8580094182
2012-01-25,48.5657051282
2012-01-26,48.4729219144
2012-01-27,43.4531499354
2012-01-30,40.3261027806
2012-01-31,38.5888873099
2012-02-01,41.1653726145
2012-02-02,33.3287110865
2012-02-03,30.6912629232
2012-02-06,33.1800445931
2012-02-07,33.1140197382
2012-02-08,33.1921419703
2012-02-09,36.350148368
2012-02-10,35.0703450444
2012-02-13,30.0760543904
2012-02-14,27.7380677888
2012-02-15,33.6724047992
2012-02-16,41.370960231
2012-02-17,41.0750695088
2012-02-20,43.5931041436
2012-02-21,47.4141455437
2012-02-22,48.8778843115
2012-02-23,44.1645505333
2012-02-24,50.518246599
2012-02-27,51.5138501181
2012-02-28,49.4856408058
2012-02-29,51.1925658234
2012-03-01,60.1605728545
2012-03-02,65.4431103488
2012-03-05,78.3993219518
2012-03-06,105.429929425
2012-03-07,104.553275976
2012-03-08,118.036877859
2012-03-09,131.547969394
2012-03-12,159.568775574
2012-03-13,179.636727212
2012-03-14,171.995624316
2012-03-15,172.66521874
2012-03-16,169.952837365
2012-03-19,175.237354086
2012-03-20,194.503343663
2012-03-21,187.015384615
2012-03-22,193.778404639
2012-03-23,173.426573427
2012-03-25,175.366101203
2012-03-26,178.327816952
2012-03-27,169.136482578
2012-03-28,177.602217602
2012-03-29,182.062780269
2012-04-01,185.309060119
2012-04-02,180.760193504
2012-04-03,183.095723014
2012-04-04,175.781671159
2012-04-05,168.978987069
2012-04-08,171.22569971
2012-04-09,148.679151681
2012-04-10,144.96669134
2012-04-11,149.806846943
2012-04-12,130.287398674
2012-04-15,134.858199753
2012-04-16,119.211703542
2012-04-17,119.671732523
2012-04-18,132.293412402
2012-04-19,134.935400517
2012-04-22,135.412449393
2012-04-23,131.637868094
2012-04-24,122.345502267
2012-04-25,123.831436183
2012-04-26,117.759850345
2012-04-29,123.427486352
2012-04-30,142.423456149
2012-05-01,133.613341569
2012-05-02,147.72580853
2012-05-03,132.2185194
2012-05-06,148.182049326
2012-05-07,137.526451916
2012-05-08,160.318822808
2012-05-09,178.548770817
2012-05-10,168.467447425
2012-05-13,179.765029371
2012-05-14,191.057013118
2012-05-15,208.958077291
2012-05-16,193.690075149
2012-05-17,206.226666667
2012-05-20,234.798219158
2012-05-21,243.852459016
2012-05-22,271.533503223
2012-05-23,195.694050992
2012-05-24,164.189189189
2012-05-27,143.602274747
2012-05-28,147.031221801
2012-05-29,154.439078752
2012-05-30,162.033195021
2012-05-31,169.344953074
2012-06-03,176.092922956
2012-06-04,175.389048991
2012-06-05,151.985747806
2012-06-06,158.673653777
2012-06-07,145.667326392
2012-06-10,148.623453563
2012-06-11,153.650461753
2012-06-12,156.595133339
2012-06-13,142.77441432
2012-06-14,125.585731658
2012-06-17,130.782565627
2012-06-18,119.864649682
2012-06-19,101.673278038
2012-06-20,100.486841177
2012-06-21,110.098289043
2012-06-24,106.796953585
2012-06-25,97.5124378109
2012-06-26,94.0751445087
2012-06-27,83.1733673401
2012-06-28,84.6299681766
2012-07-01,78.2705523034
2012-07-02,82.9453713671
2012-07-03,91.2858438568
2012-07-04,89.6919349256
2012-07-05,82.9348831066
2012-07-08,82.0368779327
2012-07-09,78.3449792961
2012-07-10,76.2032610831
2012-07-11,84.9744862778
2012-07-12,83.4789085246
2012-07-15,84.7641575066
2012-07-16,85.546061607
2012-07-17,73.6739794502
2012-07-18,70.6659403514
2012-07-19,67.6322751323
2012-07-22,77.3749043079
2012-07-23,83.0076838639
2012-07-24,84.6101745936
2012-07-25,88.374469423
2012-07-26,83.7961502051
2012-07-29,75.6320968963
2012-07-30,80.4745657568
2012-07-31,85.5777795773
2012-08-01,76.7382767383
2012-08-02,72.8959927278
2012-08-05,78.7813560725
2012-08-06,96.1293483586
2012-08-07,101.613879363
2012-08-08,86.0415245151
2012-08-09,77.9244555791
2012-08-12,76.8491555038
2012-08-13,75.2894250413
2012-08-14,76.9109844763
2012-08-15,74.1402627512
2012-08-16,67.4042553191
2012-08-19,64.9749489701
2012-08-20,65.3311529027
2012-08-21,67.1741284569
2012-08-22,74.3787650602
2012-08-23,78.802464382
2012-08-26,80.9345055813
2012-08-27,80.1474250423
2012-08-28,78.3720476283
2012-08-29,78.9733178654
2012-08-30,80.7647515528
2012-09-02,78.0528981429
2012-09-03,79.8906789413
2012-09-04,73.737565135
2012-09-05,67.8725950474
2012-09-06,67.9674496024
2012-09-09,65.7704146297
2012-09-10,70.9231356094
2012-09-11,68.3589359311
2012-09-12,72.5235276996
2012-09-13,70.8995716326
2012-09-16,73.2253015376
2012-09-17,80.498046875
2012-09-18,74.1305789823
2012-09-19,73.3857224011
2012-09-20,77.4260766025
2012-09-23,78.7921207879
2012-09-24,79.9612876936
2012-09-25,83.2623818918
2012-09-26,84.4578186042
2012-09-27,79.4712286159
2012-09-30,73.8914760073
2012-10-01,74.289524982
2012-10-02,66.1220807858
2012-10-03,60.3725490196
2012-10-04,57.8410621512
2012-10-07,64.8148148148
2012-10-08,77.8522739971
2012-10-09,74.7187882838
2012-10-10,73.7810283688
2012-10-11,75.1934507121
2012-10-14,81.3006221387
2012-10-15,81.3166828322
2012-10-16,79.9784585926
2012-10-17,80.4943057911
2012-10-18,72.1645919779
2012-10-21,76.1100614077
2012-10-22,73.2823515354
2012-10-23,66.1260639522
2012-10-24,69.6466431095
2012-10-25,69.6248534584
2012-10-29,73.446585338
2012-10-30,77.5943111968
2012-10-31,72.2222222222
2012-11-01,71.5364644796
2012-11-02,70.6923540036
2012-11-05,69.7319778189
2012-11-06,74.8755629296
2012-11-07,73.6799255641
2012-11-08,78.6085904416
2012-11-09,92.2527121889
2012-11-12,90.0604686319
2012-11-13,93.2434151928
2012-11-14,86.8629120545
2012-11-15,90.2550203277
2012-11-16,90.2947955841
2012-11-19,99.9265875444
2012-11-20,96.6302914018
2012-11-21,112.299602411
2012-11-22,118.666840595
2012-11-23,130.622395483
2012-11-26,116.626301768
2012-11-27,119.377077434
2012-11-28,124.368162957
2012-11-29,132.424895424
2012-11-30,145.987943737
2012-12-03,159.194159005
2012-12-04,135.454103934
2012-12-05,128.452692702
2012-12-06,118.461051298
2012-12-07,107.346018046
2012-12-10,107.057587623
2012-12-11,105.52123919
2012-12-12,106.300038124
2012-12-13,106.467567053
2012-12-14,108.227125737
2012-12-17,101.077447279
2012-12-18,109.439189835
2012-12-19,94.1012459702
2012-12-20,84.9536467307
2012-12-21,84.7334476284
2012-12-24,86.7995733858
2012-12-25,85.0414121978
2012-12-26,80.0015759199
2012-12-27,67.6710563985
2012-12-28,64.103644407
2012-12-31,60.8668341709
2013-01-01,70.1468440071
2013-01-02,67.0518921369
2013-01-03,64.3679019725
2013-01-04,59.702816589
2013-01-07,52.0510673922
2013-01-08,43.6334144363
2013-01-09,52.3889784552
2013-01-10,51.9489981785
2013-01-11,54.7450859951
2013-01-14,58.1408140814
2013-01-15,58.703777336
2013-01-16,60.1100183364
2013-01-17,58.9682063587
2013-01-18,59.7947112039
2013-01-21,54.8988195616
2013-01-22,57.0473295701
2013-01-23,51.5080428954
2013-01-24,53.4336619962
2013-01-25,58.0912082746
2013-01-28,53.4061174772
2013-01-29,42.8094734272
2013-01-30,39.6588826014
2013-01-31,41.5665665666
2013-02-01,47.8489744055
2013-02-04,48.3084257816
2013-02-05,48.5690923957
2013-02-06,42.9659769717
2013-02-07,45.1121383325
2013-02-08,41.1897106109
2013-02-11,43.081173316
2013-02-12,46.7845117845
2013-02-13,47.4612922758
2013-02-14,40.3963033886
2013-02-15,39.2327365729
2013-02-18,45.1085499866
2013-02-19,42.6603073662
2013-02-20,38.6152138649
2013-02-21,45.7440450781
2013-02-22,47.5302889096
2013-02-25,46.6326963907
2013-02-26,50.6265883796
2013-02-27,48.3413959917
2013-02-28,46.1718546779
2013-03-01,52.2070294576
2013-03-04,51.834045584
2013-03-05,49.5763459841
2013-03-06,56.9891401813
2013-03-07,57.4942274872
2013-03-08,56.510809452
2013-03-11,52.0979356697
2013-03-12,57.9094913897
2013-03-13,60.2617366016
2013-03-14,67.0144991213
2013-03-15,68.1003993155
2013-03-18,93.9554612937
2013-03-19,82.8447204969
2013-03-20,85.8253664755
2013-03-21,92.8046989721
2013-03-22,109.288453345
2013-03-25,108.918249381
2013-03-26,107.698641416
2013-03-27,123.109991106
2013-03-28,122.934007134
2013-03-29,116.007728894
2013-03-31,111.664695446
2013-04-01,109.244303432
2013-04-02,102.04109778
2013-04-03,98.9993238675
2013-04-04,93.5710633947
2013-04-07,78.2711864407
2013-04-08,82.3351200186
2013-04-09,84.612621243
2013-04-10,78.9903573454
2013-04-11,79.0402337604
2013-04-14,82.1722931015
2013-04-15,101.981178801
2013-04-16,91.3013620236
2013-04-17,96.3675455471
2013-04-18,93.7653990359
2013-04-21,98.1039625053
2013-04-22,91.4337145277
2013-04-23,100.245837524
2013-04-24,91.4868866328
2013-04-25,85.0976874003
2013-04-28,73.4241908007
2013-04-29,80.3521408563
2013-04-30,74.3488327224
2013-05-01,71.1092405537
2013-05-02,77.3277783161
2013-05-05,74.1190765492
2013-05-06,74.5393482799
2013-05-07,74.4616788321
2013-05-08,72.5973789589
2013-05-09,79.4330855019
2013-05-12,87.0009832842
2013-05-13,93.0075649152
2013-05-14,98.7096108186
2013-05-15,104.179860671
2013-05-16,114.584473886
2013-05-19,117.59105502
2013-05-20,124.634174444
2013-05-21,109.076033599
2013-05-22,123.12692035
2013-05-23,109.513647085
2013-05-26,105.065666041
2013-05-27,110.240417328
2013-05-28,119.196530472
2013-05-29,130.070754717
2013-05-30,149.362119725
2013-06-02,169.776714514
2013-06-03,183.230325505
2013-06-04,162.163784822
2013-06-05,174.108910891
2013-06-06,175.51369863
2013-06-09,174.714672314
2013-06-10,176.150245462
2013-06-11,177.97175581
2013-06-12,190.45969046
2013-06-13,169.471178723
2013-06-16,163.071672355
2013-06-17,185.497879216
2013-06-18,196.19057725
2013-06-19,222.557764643
2013-06-20,240.865762028
2013-06-23,221.406792135
2013-06-24,195.119408643
2013-06-25,179.038564066
2013-06-26,169.322336536
2013-06-27,173.764516402
2013-06-30,189.232409382
2013-07-01,203.624198495
2013-07-02,208.101053417
2013-07-03,199.953887301
2013-07-04,179.131102765
2013-07-07,172.258009832
2013-07-08,167.089458211
2013-07-09,161.758187639
2013-07-10,171.768437748
2013-07-11,165.325454071
2013-07-14,162.250108178
2013-07-15,140.373890503
2013-07-16,149.756057223
2013-07-17,136.974990075
2013-07-18,130.749847282
2013-07-21,151.872978035
2013-07-22,141.44570174
2013-07-23,119.29245283
2013-07-24,127.340764331
2013-07-25,104.158199156
2013-07-28,98.5586138158
2013-07-29,109.788946374
2013-07-30,129.866377754
2013-07-31,137.971982559
2013-08-01,162.5
2013-08-04,131.788966256
2013-08-05,129.110873058
2013-08-06,118.880332266
2013-08-07,104.698480144
2013-08-08,93.1733047932
2013-08-11,92.2911547912
2013-08-12,101.398156975
2013-08-13,105.280025639
2013-08-14,116.941906279
2013-08-15,123.235916984
2013-08-18,144.945991042
2013-08-19,149.137854016
2013-08-20,170.511436144
2013-08-21,175.164425248
2013-08-22,156.718777446
2013-08-25,139.753198577
2013-08-26,139.215830513
2013-08-27,130.062444246
2013-08-28,127.278911565
2013-08-29,125.535364453
2013-09-01,141.127997298
2013-09-02,131.430955897
2013-09-03,118.169872178
2013-09-04,108.885635452
2013-09-05,98.7375589314
2013-09-08,108.970858363
2013-09-09,102.846639646
2013-09-10,103.709268476
2013-09-11,102.058741519
2013-09-12,102.932482522
2013-09-15,104.822527212
2013-09-16,108.475472061
2013-09-17,97.6492110679
2013-09-18,84.6806407775
2013-09-19,82.4260258297
2013-09-22,99.4508400114
2013-09-23,83.1082840457
2013-09-24,84.0986269009
2013-09-25,87.9998483872
2013-09-26,86.0743660691
2013-09-29,93.5523015937
2013-09-30,93.9529532089
2013-10-01,89.9842372087
2013-10-02,92.219348617
2013-10-03,97.856293994
2013-10-06,94.2220816769
2013-10-07,83.3698630137
2013-10-08,86.5606590354
2013-10-09,87.9518656897
2013-10-10,86.0180286106
2013-10-13,95.5155049033
2013-10-14,78.519290928
2013-10-15,88.5933878248
2013-10-16,81.6649794557
2013-10-17,80.8820037987
2013-10-20,84.1031539439
2013-10-21,92.033662364
2013-10-22,94.4187259568
2013-10-23,107.635347538
2013-10-24,128.930202218
2013-10-28,115.933938125
2013-10-29,74.5632690263
2013-10-30,94.0548499908
2013-10-31,98.2844071674
2013-11-01,105.68051849
2013-11-04,96.9775395138
2013-11-05,111.801423973
2013-11-06,137.751971954
2013-11-07,142.415575844
2013-11-08,182.606522554
2013-11-11,168.981105831
2013-11-12,183.486571498
2013-11-13,166.794773251
2013-11-14,162.915360502
2013-11-15,162.957524908
2013-11-18,159.046565423
2013-11-19,139.029249298
2013-11-20,143.304495016
2013-11-21,164.547824343
2013-11-22,175.861713106
2013-11-25,171.645850121
2013-11-26,176.454350271
2013-11-27,175.925925926
2013-11-28,184.258876961
2013-11-29,166.477272727
2013-12-02,179.23529999
2013-12-03,200.853592653
2013-12-04,219.31222956
2013-12-05,214.190298916
2013-12-06,175.249595892
2013-12-09,136.611345058
2013-12-10,129.455445545
2013-12-11,119.984609465
2013-12-12,119.884570989
2013-12-13,113.195704779
2013-12-16,95.8853046595
2013-12-17,97.4490554812
2013-12-18,88.3307243489
2013-12-19,102.966933414
2013-12-20,115.497144645
2013-12-23,128.367330085
2013-12-24,129.225560728
2013-12-25,149.177935597
2013-12-26,146.856810244
2013-12-27,127.583341029
2013-12-30,112.586644125
2013-12-31,130.655783323
2014-01-01,121.70429716
2014-01-02,126.036395917
2014-01-03,116.929474961
2014-01-06,117.588250907
2014-01-07,101.519530927
2014-01-08,97.6226809092
2014-01-09,98.1447273311
2014-01-10,90.100231303
2014-01-13,91.2612260836
2014-01-14,105.515566733
2014-01-15,102.750021351
2014-01-16,109.248140514
2014-01-17,97.2143165157
2014-01-20,92.9001898786
2014-01-21,104.518784482
2014-01-22,106.275391131
2014-01-23,117.854210382
2014-01-24,122.593338214
2014-01-27,107.377335429
2014-01-28,106.915773887
2014-01-29,127.681992337
2014-01-30,121.499013807
2014-01-31,110.876794549
2014-02-03,116.05785124
2014-02-04,128.428123601
2014-02-05,109.610725246
2014-02-06,105.181028519
2014-02-07,89.4229353747
2014-02-10,91.6747410002
2014-02-11,100.686198921
2014-02-12,105.601527689
2014-02-13,112.589484078
2014-02-14,93.3093154915
2014-02-17,95.7765667575
2014-02-18,108.164100884
2014-02-19,113.152820857
2014-02-20,112.514629661
2014-02-21,97.5021399113
2014-02-24,90.9164519691
2014-02-25,95.87977554
2014-02-26,91.5310179281
2014-02-27,91.1202185792
2014-02-28,78.1688635554
2014-03-03,68.3615819209
2014-03-04,70.2589020234
2014-03-05,63.8877012969
2014-03-06,52.3976685654
2014-03-07,58.6956521739
2014-03-10,66.1807368726
2014-03-11,69.1302421737
2014-03-12,71.9265226229
2014-03-13,74.4835113433
2014-03-14,84.0460115029
2014-03-17,83.0970825779
2014-03-18,82.2572614108
2014-03-19,71.1798686397
2014-03-20,75.0842831915
2014-03-21,62.8516148236
2014-03-24,71.05327171
2014-03-25,70.7186299616
2014-03-26,64.2399938305
2014-03-27,52.8782262013
2014-03-28,51.9195110226
2014-03-30,57.8493387004
2014-03-31,65.3541490425
2014-04-01,66.097170315
2014-04-02,69.6247582205
2014-04-03,65.0272430076
2014-04-06,62.4546469439
2014-04-07,55.2025931929
2014-04-08,51.9631786587
2014-04-09,51.0235165103
2014-04-10,60.8078175896
2014-04-13,57.9379562044
2014-04-14,57.5498761247
2014-04-15,57.8263437685
2014-04-16,54.6900252117
2014-04-17,58.0688362127
2014-04-20,53.4615384615
2014-04-21,59.0293141593
2014-04-22,57.6252797179
2014-04-23,56.9037096558
2014-04-24,54.8315919268
2014-04-27,64.6614456996
2014-04-28,59.6255623181
2014-04-29,68.857103372
2014-04-30,69.0166330294
2014-05-01,77.2978628008
2014-05-04,81.3768003717
2014-05-05,85.6836758987
2014-05-06,78.5529911934
2014-05-07,76.0051390568
2014-05-08,71.5693594147
2014-05-11,73.8747858589
2014-05-12,83.3913856087
2014-05-13,92.3211009174
2014-05-14,94.7706422018
2014-05-15,106.528425439
2014-05-18,93.7369321422
2014-05-19,88.4404173531
2014-05-20,87.1329066265
2014-05-21,79.0616621984
2014-05-22,78.7599534759
2014-05-25,80.5187787085
2014-05-26,85.5182247572
2014-05-27,89.3971274357
2014-05-28,83.9985648937
2014-05-29,91.249769245
2014-06-01,104.899842891
2014-06-02,105.25333857
2014-06-03,121.169916435
2014-06-04,105.945835879
2014-06-05,102.029610746
2014-06-08,93.4625831226
2014-06-09,94.197761194
2014-06-10,82.8758741259
2014-06-11,91.6007813227
2014-06-12,97.4014848658
2014-06-15,93.1754874652
2014-06-16,105.447358272
2014-06-17,113.497055006
2014-06-18,99.6059466237
2014-06-19,105.53906105
2014-06-22,102.320080066
2014-06-23,98.9713576306
2014-06-24,100.4760194
2014-06-25,92.4687260659
2014-06-26,90.4866139081
2014-06-29,86.4058679707
2014-06-30,91.4919953788
2014-07-01,84.2771804062
2014-07-02,89.3951548211
2014-07-03,86.4818697104
2014-07-06,86.6797027767
2014-07-07,80.2178000627
2014-07-08,69.2519129337
2014-07-09,68.038137147
2014-07-10,71.4264219079
2014-07-13,76.5770054749
2014-07-14,80.0
2014-07-15,84.7122000336
2014-07-16,94.904956167
2014-07-17,101.766567059
2014-07-20,92.5812587875
2014-07-21,92.4647828624
2014-07-22,81.1530465377
2014-07-23,76.7566291604
2014-07-24,88.6807114488
2014-07-27,88.4337561663
2014-07-28,84.6836752284
2014-07-29,97.9890474908
2014-07-30,110.54938905
2014-07-31,125.991751767
2014-08-03,124.008595429
2014-08-04,136.948166615
2014-08-05,137.955749455
2014-08-06,138.829176667
2014-08-07,136.564750078
2014-08-10,137.439613527
2014-08-11,132.18746774
2014-08-12,125.980880303
2014-08-13,134.003732117
2014-08-14,123.000496771
2014-08-17,113.087662646
2014-08-18,116.14109077
2014-08-19,113.47510967
2014-08-20,117.623432602
2014-08-21,118.307738633
2014-08-24,110.358370152
2014-08-25,127.59488133
2014-08-26,119.398682043
2014-08-27,119.329923808
2014-08-28,109.607765452
2014-08-31,104.204145483
2014-09-01,107.090873328
2014-09-02,105.567050941
2014-09-03,95.8779964919
2014-09-04,85.7034075766
2014-09-07,79.9419692999
2014-09-08,100.382409178
2014-09-09,101.247861528
2014-09-10,92.0354835599
2014-09-11,111.192288179
2014-09-14,114.084221208
2014-09-15,135.186010247
2014-09-16,138.938848921
2014-09-17,154.804981203
2014-09-18,158.275497
2014-09-21,176.274944568
2014-09-22,207.244639766
2014-09-23,218.201905814
2014-09-24,208.386930795
2014-09-25,221.417545665
2014-09-28,212.049763033
2014-09-29,220.704685797
2014-09-30,212.399501755
2014-10-01,261.015202267
2014-10-02,281.592039801
2014-10-05,207.007056056
2014-10-06,184.261288908
2014-10-07,164.599729708
2014-10-08,155.958119916
2014-10-09,169.51228968
2014-10-12,168.520477558
2014-10-13,166.937813593
2014-10-14,161.876056752
2014-10-15,175.740645446
2014-10-16,166.329113924
2014-10-19,146.987472659
2014-10-20,150.33472526
2014-10-21,142.955481215
2014-10-22,149.690504412
2014-10-23,134.066339066
2014-10-27,142.669104205
2014-10-28,138.875626641
2014-10-29,114.248650892
2014-10-30,103.39821998
2014-10-31,103.694170361
2014-11-03,108.475141808
2014-11-04,117.346182357
2014-11-05,115.183016105
2014-11-06,119.81269094
2014-11-07,122.732508639
2014-11-10,113.821604319
2014-11-11,137.11032189
2014-11-12,148.447392222
2014-11-13,160.804989391
2014-11-14,187.913468248
2014-11-17,174.402570453
2014-11-18,172.808089034
2014-11-19,164.704350091
2014-11-20,150.795260123
2014-11-21,123.099245502
2014-11-24,118.545843658
2014-11-25,128.766716196
2014-11-26,110.244037715
2014-11-27,105.985282093
2014-11-28,114.581388965
2014-12-01,125.208030259
2014-12-02,119.380165289
2014-12-03,121.87782669
2014-12-04,142.256772354
2014-12-05,169.288360605
2014-12-08,179.870989084
2014-12-09,161.478472786
2014-12-10,137.148173994
2014-12-11,149.369097691
2014-12-12,152.228120978
2014-12-15,139.255146889
2014-12-16,177.064915383
2014-12-17,175.00613196
2014-12-18,153.327037629
2014-12-19,131.379913229
2014-12-22,116.728298339
2014-12-23,126.748128719
2014-12-24,133.394664213
2014-12-25,139.945504087
2014-12-26,148.664881685
2014-12-29,151.971830986
2014-12-30,162.905587669
2014-12-31,142.657293497
2015-01-01,156.743471582
2015-01-02,178.874847126
2015-01-05,170.754178557
2015-01-06,167.33457219
2015-01-07,147.068403909
2015-01-08,140.769230769
2015-01-09,126.819252777
2015-01-12,114.474851134
2015-01-13,120.630171865
2015-01-14,105.725367604
2015-01-15,101.237067027
2015-01-16,96.322537112
2015-01-19,84.0403393629
2015-01-20,85.2462608886
2015-01-21,63.3363517456
2015-01-22,55.1381321097
2015-01-23,61.8357487923
2015-01-26,72.7871292797
2015-01-27,72.1001359311
2015-01-28,61.6956189228
2015-01-29,62.9083360647
2015-01-30,80.1437806509
2015-02-02,93.6757570688
2015-02-03,107.150080305
2015-02-04,109.253513415
2015-02-05,129.199205824
2015-02-06,137.412309729
2015-02-09,134.943351222
2015-02-10,131.806357465
2015-02-11,145.00481232
2015-02-12,162.340352088
2015-02-13,153.034318272
2015-02-16,166.762424591
2015-02-17,169.564569043
2015-02-18,164.279385706
2015-02-19,195.59327703
2015-02-20,226.891916774
2015-02-23,224.629781048
2015-02-24,234.261864566
2015-02-25,204.034363682
2015-02-26,234.260206454
2015-02-27,284.401618399
2015-03-02,246.219272829
2015-03-03,257.591131154
2015-03-04,302.303359485
2015-03-05,346.297324303
2015-03-06,353.192634866
2015-03-09,348.831700226
2015-03-10,353.203402606
2015-03-11,294.687877942
2015-03-12,288.466068678
2015-03-13,318.311135272
2015-03-16,319.334964211
2015-03-17,306.583044983
2015-03-18,291.386873629
2015-03-19,264.948290834
2015-03-20,254.434565361
2015-03-23,222.560740455
2015-03-24,186.151273198
2015-03-25,191.14820978
2015-03-26,204.566435872
2015-03-27,203.246928946
2015-03-29,210.20076844
2015-03-30,183.389277836
2015-03-31,166.880435738
2015-04-01,167.397828582
2015-04-02,158.589325553
2015-04-05,147.550060364
2015-04-06,164.31870152
2015-04-07,144.610728795
2015-04-08,119.8590599
2015-04-09,118.937395504
2015-04-12,115.59171818
2015-04-13,108.947097344
2015-04-14,92.7700831025
2015-04-15,90.4395229983
2015-04-16,93.5421553746
2015-04-19,78.2759677255
2015-04-20,71.5813598167
2015-04-21,66.8783969616
2015-04-22,64.157463024
2015-04-23,57.9438956434
2015-04-26,50.0997697621
2015-04-27,52.8942762689
2015-04-28,64.8893910128
2015-04-29,70.8768150927
2015-04-30,74.7279682103
2015-05-03,71.8453946183
2015-05-04,69.2013976442
2015-05-05,70.3581844014
2015-05-06,75.309856384
2015-05-07,73.6176935229
2015-05-10,75.2239704886
2015-05-11,88.2772401363
2015-05-12,77.4645840901
2015-05-13,84.4332416743
2015-05-14,87.6258422513
2015-05-17,86.1766930764
2015-05-18,83.742537461
2015-05-19,83.440817144
2015-05-20,86.1907285848
2015-05-21,101.425094047
2015-05-24,110.204267322
2015-05-25,112.947596284
2015-05-26,126.902985075
2015-05-27,128.096298358
2015-05-28,139.751098097
2015-05-31,156.419605188
2015-06-01,161.535151417
2015-06-02,160.216602646
2015-06-03,155.393725992
2015-06-04,142.199048294
2015-06-07,119.661489638
2015-06-08,112.719193464
2015-06-09,98.2634973614
2015-06-10,117.081196168
2015-06-11,115.400232019
2015-06-14,128.84535223
2015-06-15,135.886761032
2015-06-16,111.988766913
2015-06-17,113.937662338
2015-06-18,117.640236187
2015-06-21,134.930323621
2015-06-22,131.293400327
2015-06-23,121.395755852
2015-06-24,124.022498908
2015-06-25,138.241848464
2015-06-28,135.91954023
2015-06-29,110.190435434
2015-06-30,103.898259705
2015-07-01,98.2249458503
2015-07-02,93.1751049386
2015-07-05,96.3433268349
2015-07-06,96.5165321531
2015-07-07,119.548489306
2015-07-08,139.545997611
2015-07-09,123.94471209
2015-07-12,110.728955584
2015-07-13,107.670835794
2015-07-14,120.283882784
2015-07-15,128.505968889
2015-07-16,124.195770682
2015-07-19,145.651893009
2015-07-20,135.002182181
2015-07-21,134.203987637
2015-07-22,170.832496149
2015-07-23,214.338512596
2015-07-26,226.165148848
2015-07-27,218.211214816
2015-07-28,202.08913649
2015-07-29,201.553239321
2015-07-30,206.14154013
2015-08-02,215.672451193
2015-08-03,217.075650759
2015-08-04,251.995456267
2015-08-05,282.389688439
2015-08-06,278.253808677
2015-08-09,266.466711101
2015-08-10,214.556411531
2015-08-11,213.999250375
2015-08-12,199.129912991
2015-08-13,191.177653888
2015-08-16,195.003802726
2015-08-17,213.626345948
2015-08-18,228.869106495
2015-08-19,226.63727143
2015-08-20,213.159978077
2015-08-23,223.54419517
2015-08-24,215.145303268
2015-08-25,245.789905881
2015-08-26,222.628726287
2015-08-27,192.916207277
2015-08-30,195.508274232
2015-08-31,193.534553851
2015-09-01,211.677715451
2015-09-02,245.662100457
2015-09-03,246.542697238
2015-09-06,250.042383144
2015-09-07,214.040019845
2015-09-08,188.861323477
2015-09-09,191.781358672
2015-09-10,187.873015873
2015-09-13,185.731103154
2015-09-14,183.450806218
2015-09-15,214.346153846
2015-09-16,205.781405326
2015-09-17,216.818378847
2015-09-20,236.564721815
2015-09-21,253.743558654
2015-09-22,259.928184453
2015-09-23,301.357316993
2015-09-24,187.381663651
2015-09-27,210.235588078
2015-09-28,215.960199893
2015-09-29,176.603914259
2015-09-30,149.524262607
2015-10-01,170.207691179
2015-10-04,155.269757354
2015-10-05,133.235011022
2015-10-06,115.57416471
2015-10-07,111.054797973
2015-10-08,91.1150433656
2015-10-11,89.7685408674
2015-10-12,89.0493381468
2015-10-13,101.108120116
2015-10-14,97.9833083889
2015-10-15,92.7032432843
2015-10-18,96.194122569
2015-10-19,90.4918434932
2015-10-20,102.43826277
2015-10-21,102.419960142
2015-10-22,95.7342498294
2015-10-26,85.52149004
2015-10-27,82.7096866985
2015-10-28,80.0111306929
2015-10-29,84.9086355626
2015-10-30,68.473229103
2015-11-02,84.4809976885
2015-11-03,74.3596917364
2015-11-04,58.5029655991
2015-11-05,68.3954018117
2015-11-06,75.3128807177
2015-11-09,67.7358337612
2015-11-10,78.0661984769
2015-11-11,76.2957700619
2015-11-12,92.2657703227
2015-11-13,89.2948863821
2015-11-16,113.278937381
2015-11-17,109.023051592
2015-11-18,96.2515588812
2015-11-19,77.9335478364
2015-11-20,82.5928848331
2015-11-23,76.6697867219
2015-11-24,67.4585417215
2015-11-25,77.7615786262
2015-11-26,72.3844406009
2015-11-27,68.2629170259
2015-11-30,90.6752184945
2015-12-01,106.382005337
2015-12-02,95.9239330729
2015-12-03,92.5966772208
2015-12-04,77.5637283518
2015-12-07,84.4062650935
2015-12-08,92.0298705377
2015-12-09,95.5475202949
2015-12-10,100.69112373
2015-12-11,112.247441369
2015-12-14,121.447048679
2015-12-15,125.664845899
2015-12-16,131.706729805
2015-12-17,136.103508335
2015-12-18,128.990638991
2015-12-21,143.344681558
2015-12-22,130.609076433
2015-12-23,133.018447192
2015-12-24,132.743971516
2015-12-25,142.067203603
2015-12-28,148.695537597
2015-12-29,144.008677528
2015-12-30,161.287111573
2015-12-31,164.228190939
2016-01-01,158.056038131
2016-01-04,177.394742963
2016-01-05,165.197654625
2016-01-06,153.080764121
2016-01-07,163.356438912
2016-01-08,175.878763427
2016-01-11,194.533868044
2016-01-12,206.493506494
2016-01-13,176.216551297
2016-01-14,184.523614075
2016-01-15,203.742724098
2016-01-18,183.076834731
2016-01-19,166.826604897
2016-01-20,179.494732072
2016-01-21,180.508666591
2016-01-22,200.905531082
2016-01-25,181.658102881
2016-01-26,152.745995423
2016-01-27,143.14627896
2016-01-28,158.176813472
2016-01-29,149.331171463
2016-02-01,135.934689359
2016-02-02,132.195750161
2016-02-03,141.557305337
2016-02-04,100.700753718
2016-02-05,98.450517165
2016-02-08,98.8865831271
2016-02-09,85.7516236338
2016-02-10,80.9306254079
2016-02-11,90.2113064732
2016-02-12,93.2108116728
2016-02-15,97.7158295468
2016-02-16,107.802909274
2016-02-17,106.597787179
2016-02-18,107.08127324
2016-02-19,114.488386692
2016-02-22,98.6566768835
2016-02-23,90.0734507595
2016-02-24,94.4755219188
2016-02-25,81.6616533555
2016-02-26,75.3219761499
2016-02-29,77.376867353
2016-03-01,86.3301480779
2016-03-02,77.1144110699
2016-03-03,75.2552532771
2016-03-04,57.5830166859
2016-03-07,63.496887694
2016-03-08,72.1418188713
2016-03-09,66.4887716247
2016-03-10,62.4326801879
2016-03-11,65.134488942
2016-03-14,60.1542862096
2016-03-15,73.7843056937
2016-03-16,87.8943032015
2016-03-17,74.765153503
2016-03-18,63.4158222915
2016-03-21,58.9349535382
2016-03-22,58.0085668141
2016-03-23,55.6068965517
2016-03-24,60.1685366884
2016-03-25,61.3214994857
2016-03-27,54.933781011
2016-03-28,57.4190152639
2016-03-29,57.7589526377
2016-03-30,50.6772136209
2016-03-31,53.0668535642
2016-04-03,50.5976447714
2016-04-04,55.3835576944
2016-04-05,57.4238761615
2016-04-06,61.123050894
2016-04-07,65.3707073811
2016-04-10,68.4984769311
2016-04-11,62.3617961244
2016-04-12,62.7267475448
2016-04-13,67.4065735053
2016-04-14,72.138853279
2016-04-17,85.7112390702
2016-04-18,94.2899137525
2016-04-19,76.0333367951
2016-04-20,62.5978448714
2016-04-21,78.0840619281
2016-04-24,86.0221462405
2016-04-25,84.4642577819
2016-04-26,82.4863198943
2016-04-27,76.7687202605
2016-04-28,61.818868363
2016-05-01,64.4153457386
2016-05-02,77.8077481697
2016-05-03,85.3481685211
2016-05-04,86.0528140165
2016-05-05,96.150843488
2016-05-08,103.854882852
2016-05-09,98.5113750364
2016-05-10,83.508955178
2016-05-11,77.0898107844
2016-05-12,84.6701590389
2016-05-15,89.0488415169
2016-05-16,100.772356236
2016-05-17,116.033064452
2016-05-18,125.933210408
2016-05-19,121.548200978
2016-05-22,121.427698823
2016-05-23,110.513397423
2016-05-24,106.889184504
2016-05-25,118.476023648
2016-05-26,124.793825799
2016-05-29,117.270658263
2016-05-30,110.689669577
2016-05-31,122.204382729
2016-06-01,123.433230689
2016-06-02,121.415507635
2016-06-05,124.172430293
2016-06-06,116.77180121
2016-06-07,88.0437623688
2016-06-08,75.7443743139
2016-06-09,87.7369007804
2016-06-12,89.9498213061
2016-06-13,92.1226232053
2016-06-14,100.0456621
2016-06-15,110.624281546
2016-06-16,102.812903226
2016-06-19,86.0652546332
2016-06-20,77.2144887937
2016-06-21,83.111008893
2016-06-22,73.5342405779
2016-06-23,67.0575175189
2016-06-26,73.9139800388
2016-06-27,70.6744460652
2016-06-28,60.2403375734
2016-06-29,51.287043665
2016-06-30,50.7014028056
2016-07-03,50.8120050499
2016-07-04,54.4681219182
2016-07-05,61.150949081
2016-07-06,60.1892153307
2016-07-07,61.0817393371
2016-07-10,60.8235783469
2016-07-11,63.746029807
2016-07-12,68.0037164002
2016-07-13,70.1500429638
2016-07-14,77.7679923909
2016-07-17,72.2785784245
2016-07-18,66.5924657534
2016-07-19,56.7737406826
2016-07-20,58.6069753212
2016-07-21,59.4235486509
2016-07-24,63.0619556055
2016-07-25,72.4825255396
2016-07-26,74.679701975
2016-07-27,69.7597000077
2016-07-28,76.0258750695
2016-07-31,68.1180631784
2016-08-01,64.0780581437
2016-08-02,72.8297928141
2016-08-03,79.9980795084
2016-08-04,82.5464453802
2016-08-07,78.8628599317
2016-08-08,70.7668028221
2016-08-09,58.2666141663
2016-08-10,51.1677728304
2016-08-11,50.5582402933
2016-08-14,56.4900102345
2016-08-15,60.7939402441
2016-08-16,70.0378583018
2016-08-17,70.4152332962
2016-08-18,85.8932968536
2016-08-21,79.2431682323
2016-08-22,73.2041049031
2016-08-23,83.2299500467
2016-08-24,83.1846221635
2016-08-25,76.8615352437
2016-08-28,82.6372817168
2016-08-29,76.967487086
2016-08-30,72.918830687
2016-08-31,74.93399824
2016-09-01,82.792751637
2016-09-04,86.75634005
2016-09-05,88.0958582964
2016-09-06,77.41706833
2016-09-07,72.3097172423
2016-09-08,92.8349534021
2016-09-11,114.235764236
2016-09-12,120.875609619
2016-09-13,141.30617136
2016-09-14,160.469453376
2016-09-15,150.600850434
2016-09-18,132.492005482
2016-09-19,121.087796797
2016-09-20,117.606744629
2016-09-21,97.7492905372
2016-09-22,102.894054219
2016-09-25,102.141294949
2016-09-26,104.067010309
2016-09-27,109.439889256
2016-09-28,97.5312420301
2016-09-29,106.55443559
2016-10-02,109.75004049
2016-10-03,91.5752390538
2016-10-04,107.487337591
2016-10-05,102.126975623
2016-10-06,99.493954083
2016-10-09,91.9189809981
2016-10-10,86.7377116051
2016-10-11,86.823716252
2016-10-12,102.8678606
2016-10-13,96.4338170495
2016-10-16,86.0113976852
2016-10-17,72.4824620955
2016-10-18,67.1922307912
2016-10-19,51.6006511123
2016-10-20,43.111227702
2016-10-23,45.6285792201
2016-10-24,46.3079818443
2016-10-25,47.9916975205
2016-10-26,58.4691328655
2016-10-27,76.9460063681
2016-10-31,76.8232302957
2016-11-01,75.4578991651
2016-11-02,86.6110772151
2016-11-03,85.4794702868
2016-11-04,91.7885956516
2016-11-07,74.1125332045
2016-11-08,71.087928465
2016-11-09,80.0989621048
2016-11-10,107.126478397
2016-11-11,155.948717949
2016-11-14,162.139891408
2016-11-15,173.648513864
2016-11-16,165.050582172
2016-11-17,157.803057234
2016-11-18,142.775974026
2016-11-21,136.427094105
2016-11-22,127.334663487
2016-11-23,133.51123733
2016-11-24,149.561065763
2016-11-25,156.881914073
2016-11-28,157.796985131
2016-11-29,156.218650834
2016-11-30,170.369782574
2016-12-01,166.514566515
2016-12-02,183.533069247
2016-12-05,155.034476662
2016-12-06,141.296050448
2016-12-07,128.078721746
2016-12-08,122.570116513
2016-12-09,119.108797578
2016-12-12,116.655909352
2016-12-13,117.817694564
2016-12-14,117.946779014
2016-12-15,126.826153904
2016-12-16,104.818402816
2016-12-19,83.808767242
2016-12-20,78.5347879488
2016-12-21,72.5185544843
2016-12-22,72.7450980392
2016-12-23,69.2565004483
2016-12-26,71.5435657566
2016-12-27,79.4502772207
2016-12-28,81.3141683778
2016-12-29,76.2732032366
2016-12-30,67.2142580395
2017-01-02,66.6600578929
2017-01-03,70.6769044251
2017-01-04,68.8787365602
2017-01-05,60.1354436159
2017-01-06,56.1224091495
2017-01-09,40.9290573372
2017-01-10,43.6616213975
2017-01-11,51.0966766027
2017-01-12,52.7536631299
2017-01-13,56.1927688096
2017-01-16,61.8441415806
2017-01-17,65.2214793147
2017-01-18,66.3363188298
2017-01-19,73.0492898914
2017-01-20,56.4290962528
2017-01-23,51.0733406102
2017-01-24,49.0578875746
2017-01-25,53.0142431269
2017-01-26,58.5714285714
2017-01-27,61.0241902892
2017-01-30,63.3199544719
2017-01-31,63.5659824047
2017-02-01,68.0522705771
2017-02-02,62.3322483011
2017-02-03,64.0196192923
2017-02-06,65.165359901
2017-02-07,63.8228299643
2017-02-08,60.3034134008
2017-02-09,67.0840197694
2017-02-10,75.0249536575
2017-02-13,77.052061214
2017-02-14,68.9191093574
2017-02-15,67.2557244035
2017-02-16,56.8474619943
2017-02-17,73.6466934858
2017-02-20,67.9634027099
2017-02-21,60.7986348123
2017-02-22,54.9373568638
2017-02-23,55.7423161361
2017-02-24,58.9764754437
2017-02-27,72.4161023886
2017-02-28,76.8333462944
2017-03-01,77.3466054903
2017-03-02,74.2144783845
2017-03-03,86.0004552697
2017-03-06,78.4434130668
2017-03-07,93.5036091061
2017-03-08,98.763436515
2017-03-09,102.820657884
2017-03-10,116.337399072
2017-03-13,104.637080711
2017-03-14,110.622117952
2017-03-15,111.632930634
2017-03-16,94.024231638
2017-03-17,96.0689795641
2017-03-20,90.6720552767
2017-03-21,86.0660809306
2017-03-22,95.3675665228
2017-03-23,109.304069252
2017-03-24,128.89133627
2017-03-26,107.332167362
2017-03-27,111.428180387
2017-03-28,112.317555586
2017-03-29,107.649229147
2017-03-30,128.456614509
2017-04-02,109.551771384
2017-04-03,103.908962325
2017-04-04,97.3199635369
2017-04-05,100.935885749
2017-04-06,110.030375493
2017-04-09,100.607533414
2017-04-10,109.730692798
2017-04-11,106.427452849
2017-04-12,99.846194998
2017-04-13,92.5371138157
2017-04-16,82.9707617175
2017-04-17,84.9873257288
2017-04-18,82.8360049322
2017-04-19,86.4010040791
2017-04-20,103.35692914
2017-04-23,87.7025369569
2017-04-24,97.6471372392
2017-04-25,117.588662686
2017-04-26,117.523919143
2017-04-27,117.984563856
2017-04-30,103.495665656
2017-05-01,113.483061669
2017-05-02,99.6128853864
2017-05-03,104.340590764
2017-05-04,118.655600419
2017-05-07,105.529020119
2017-05-08,121.688008376
2017-05-09,109.590379557
2017-05-10,114.128052599
2017-05-11,96.1955745896
2017-05-14,82.6412123598
2017-05-15,73.789904169
2017-05-16,74.9164293673
2017-05-17,130.155556944
2017-05-18,164.282457169
2017-05-21,132.700274385
2017-05-22,143.027842891
2017-05-23,151.09873479
2017-05-24,158.033345964
2017-05-25,146.239403595
2017-05-28,140.46852123
2017-05-29,166.773654296
2017-05-30,156.882671242
2017-05-31,137.780828757
2017-06-01,136.089615577
2017-06-04,141.979653209
2017-06-05,153.736654804
2017-06-06,147.999224255
2017-06-07,158.884255145
2017-06-08,150.737920345
2017-06-11,153.891771683
2017-06-12,171.761028135
2017-06-13,154.121019108
2017-06-14,156.321467795
2017-06-15,168.573374191
2017-06-18,191.227418036
2017-06-19,209.1346913
2017-06-20,242.210878366
2017-06-21,251.434241386
2017-06-22,167.798408488
2017-06-25,121.634733986
2017-06-26,138.839872348
2017-06-27,141.985462892
2017-06-28,133.645116919
2017-06-29,134.06694177
2017-07-02,137.184854405
2017-07-03,157.223246337
2017-07-04,145.593834995
2017-07-05,148.21557971
2017-07-06,153.526777384
2017-07-09,137.346101231
2017-07-10,124.76467568
2017-07-11,115.026527469
2017-07-12,109.516050187
2017-07-13,103.745082612
2017-07-16,100.36301846
2017-07-17,85.3086779266
2017-07-18,64.9474557522
2017-07-19,67.3791421604
2017-07-20,64.9025839436
2017-07-23,69.1370063384
2017-07-24,62.7894417066
2017-07-25,64.5457709711
2017-07-26,52.0100978227
2017-07-27,51.6124960555
2017-07-30,48.1580547112
2017-07-31,46.1929541241
2017-08-01,54.1464064477
2017-08-02,47.8263585259
2017-08-03,53.534956795
2017-08-06,51.1542192047
2017-08-07,51.8319688632
2017-08-08,45.8235961808
2017-08-09,48.0356391188
2017-08-10,53.0004412414
2017-08-13,62.3505822472
2017-08-14,69.2718325131
2017-08-15,64.7967543107
2017-08-16,59.2325797019
2017-08-17,71.2171052632
2017-08-20,69.2911567767
2017-08-21,74.9073029179
2017-08-22,80.3409380036
2017-08-23,79.9004723347
2017-08-24,88.0165289256
2017-08-27,105.903564805
2017-08-28,100.412116217
2017-08-29,100.806194972
2017-08-30,86.515970516
2017-08-31,91.1566739153
2017-09-03,85.6674856675
2017-09-04,82.9253790506
2017-09-05,86.7240128511
2017-09-06,78.127759788
2017-09-07,82.6019296608
2017-09-10,76.6273085074
2017-09-11,66.5370730353
2017-09-12,73.9811619883
2017-09-13,70.8185377401
2017-09-14,61.0863290475
2017-09-17,55.4248256156
2017-09-18,52.4581897638
2017-09-19,47.8410487505
2017-09-20,53.1816596932
2017-09-21,59.3587439705
2017-09-24,54.9536447919
2017-09-25,72.4327018943
2017-09-26,80.8695652174
2017-09-27,86.5629132336
2017-09-28,85.900914481
2017-10-01,79.0293128304
2017-10-02,69.6035242291
2017-10-03,59.7455513055
2017-10-04,58.1816704582
2017-10-05,72.1539792388
2017-10-08,79.3133121074
2017-10-09,87.1850564726
2017-10-10,89.2158605974
2017-10-11,90.3052546773
2017-10-12,95.7564743298
2017-10-15,90.7617086979
2017-10-16,101.88325598
2017-10-17,106.352552938
2017-10-18,100.637116592
2017-10-19,104.35627081
2017-10-22,120.797143409
2017-10-23,143.421584479
2017-10-24,129.806971514
2017-10-25,136.662883087
2017-10-26,151.627374248
2017-10-30,138.445072352
2017-10-31,147.804444444
2017-11-01,130.672939595
2017-11-02,114.578208079
2017-11-03,124.178476873
2017-11-06,135.0
2017-11-07,127.003140749
2017-11-08,131.422035274
2017-11-09,133.826385776
2017-11-10,141.263028817
2017-11-13,141.155732679
2017-11-14,148.782467532
2017-11-15,148.571428571
2017-11-16,160.139982502
2017-11-17,168.538184505
2017-11-20,170.67114094
2017-11-21,181.96621209
2017-11-22,163.371042875
2017-11-23,159.105882353
2017-11-24,152.481092049
2017-11-27,145.321981705
2017-11-28,126.785562633
2017-11-29,107.810218978
2017-11-30,131.460965899
2017-12-01,131.403887689
2017-12-04,110.204747532
2017-12-05,110.788557847
2017-12-06,102.011256415
2017-12-07,125.340106768
2017-12-08,147.965976331
2017-12-11,129.372997712
2017-12-12,140.535392019
2017-12-13,152.164708373
2017-12-14,172.150186041
2017-12-15,186.369531895
2017-12-18,157.059179964
2017-12-19,135.772280967
2017-12-20,121.34930421
2017-12-21,121.789677647
2017-12-22,122.662321384
2017-12-25,130.600818919
2017-12-26,122.493925856
2017-12-27,116.72563041
2017-12-28,116.524344569
2017-12-29,121.001146351
2018-01-01,124.722439406
2018-01-02,113.504016064
2018-01-03,106.127550331
2018-01-04,101.070185805
2018-01-05,88.5830850926
2018-01-08,85.4969183359
2018-01-09,92.7673165214
2018-01-10,101.520724289
2018-01-11,96.3813309574
2018-01-12,76.4586868555
2018-01-15,62.7398264695
2018-01-16,69.9238261738
2018-01-17,65.0415132031
2018-01-18,63.1932667546
2018-01-19,53.4788456835
2018-01-22,48.4950032912
2018-01-23,59.456786868
2018-01-24,62.8011564407
2018-01-25,55.2514835513
2018-01-26,51.6589835524
2018-01-29,51.9658710942
2018-01-30,53.4106489945
2018-01-31,57.2112887401
2018-02-01,64.5303800533
2018-02-02,70.7646084984
2018-02-05,83.9732142857
2018-02-06,90.548358697
2018-02-07,97.5920490928
2018-02-08,120.380597015
2018-02-09,137.583139675
2018-02-12,130.303263547
2018-02-13,133.853218273
2018-02-14,119.35811792
2018-02-15,98.1805929919
2018-02-16,109.075144509
2018-02-19,115.093959732
2018-02-20,130.25685677
2018-02-21,123.02935532
2018-02-22,123.716763828
2018-02-23,121.956689327
2018-02-26,121.275854865
2018-02-27,127.255319149
2018-02-28,120.597451431
2018-03-01,129.180620674
2018-03-02,167.220657277
2018-03-05,165.970713274
2018-03-06,148.220121897
2018-03-07,130.8655371
2018-03-08,142.041061764
2018-03-09,145.624015403
2018-03-12,137.388568432
2018-03-13,118.636096414
2018-03-14,104.997142157
