Date,cr-ma3
2010-01-04,
2010-01-05,
2010-01-06,
2010-01-07,
2010-01-08,
2010-01-11,
2010-01-12,
2010-01-13,
2010-01-14,
2010-01-15,
2010-01-18,66.1888701518
2010-01-19,64.4752814011
2010-01-20,66.7368017739
2010-01-21,69.3110036685
2010-01-22,67.595118158
2010-01-25,67.7071684587
2010-01-26,68.1741177043
2010-01-27,69.6704896847
2010-01-28,70.5388648655
2010-01-29,71.4042362034
2010-02-01,71.9118111707
2010-02-02,72.5605722902
2010-02-03,73.360636983
2010-02-04,74.4379157407
2010-02-05,75.2353160255
2010-02-08,76.6405168063
2010-02-09,77.7892837269
2010-02-10,78.9156137875
2010-02-11,79.8914017368
2010-02-12,80.8059753824
2010-02-15,82.0361469589
2010-02-16,83.2489004675
2010-02-17,84.2800986731
2010-02-18,85.0456141712
2010-02-19,86.5689184812
2010-02-22,87.5451188519
2010-02-23,88.2769552421
2010-02-24,88.5639112099
2010-02-25,89.0016275503
2010-02-26,89.2629750892
2010-03-01,89.7424037723
2010-03-02,89.9594932802
2010-03-03,89.8208858768
2010-03-04,89.2076077562
2010-03-05,88.6145791781
2010-03-08,87.4418238663
2010-03-09,86.4078701952
2010-03-10,85.2543004427
2010-03-11,83.9525407771
2010-03-12,82.3320854311
2010-03-15,80.9514949048
2010-03-16,79.6200623819
2010-03-17,77.9939516795
2010-03-18,76.2070246958
2010-03-19,74.4176322805
2010-03-22,72.7717774621
2010-03-23,71.2818203916
2010-03-24,69.7942281539
2010-03-25,67.9917450865
2010-03-26,66.206301665
2010-03-28,64.3035577864
2010-03-29,62.5972020969
2010-03-30,61.2511770922
2010-03-31,60.2586013873
2010-04-01,59.3570418673
2010-04-04,58.3636159762
2010-04-05,57.3307383881
2010-04-06,56.4064680397
2010-04-07,55.970551534
2010-04-08,55.8060471294
2010-04-11,55.6954404557
2010-04-12,55.5898241812
2010-04-13,55.40639846
2010-04-14,55.2095871232
2010-04-15,55.0908943125
2010-04-18,55.1014751056
2010-04-19,55.247736062
2010-04-20,55.2807788904
2010-04-21,55.6380176875
2010-04-22,55.9971227276
2010-04-25,56.3624676376
2010-04-26,56.6042029033
2010-04-27,56.7801814972
2010-04-28,56.8978242362
2010-04-29,57.1203711866
2010-05-02,57.364820337
2010-05-03,57.5634810942
2010-05-04,57.7609958349
2010-05-05,57.5565727475
2010-05-06,57.092442385
2010-05-09,56.6710083473
2010-05-10,56.5831157666
2010-05-11,56.487349941
2010-05-12,56.3344242447
2010-05-13,56.0353716041
2010-05-16,55.7667408926
2010-05-17,55.7313240115
2010-05-18,56.2776786362
2010-05-19,57.2485652454
2010-05-20,58.1392793202
2010-05-23,58.8054486307
2010-05-24,59.5944730851
2010-05-25,60.11598701
2010-05-26,60.7105515471
2010-05-27,61.2753168088
2010-05-30,62.0473841452
2010-05-31,63.1541941907
2010-06-01,64.4257879198
2010-06-02,66.0239976655
2010-06-03,67.6833838471
2010-06-06,69.5882087015
2010-06-07,71.0982845857
2010-06-08,72.8769393729
2010-06-09,74.5142806717
2010-06-10,76.0878632351
2010-06-13,77.9149288475
2010-06-14,79.3035032891
2010-06-15,79.9119655797
2010-06-16,80.4951795997
2010-06-17,81.5924603009
2010-06-20,82.9027767052
2010-06-21,83.8738746484
2010-06-22,84.6814061297
2010-06-23,84.6901751296
2010-06-24,84.2759944108
2010-06-27,83.9645451175
2010-06-28,83.4825124542
2010-06-29,82.63821249
2010-06-30,81.6129964293
2010-07-01,80.5081859145
2010-07-04,79.0989509881
2010-07-05,78.1038938438
2010-07-06,76.6835064561
2010-07-07,75.3355318558
2010-07-08,73.9618659234
2010-07-11,72.4366212319
2010-07-12,70.7615615582
2010-07-13,69.7155193341
2010-07-14,67.9652748692
2010-07-15,65.939807424
2010-07-18,64.0792157101
2010-07-19,62.2879501128
2010-07-20,60.7541285703
2010-07-21,59.9633290656
2010-07-22,59.2784105075
2010-07-25,58.1962975036
2010-07-26,56.9417569881
2010-07-27,56.0126058661
2010-07-28,55.0890440563
2010-07-29,54.7192771926
2010-08-01,54.5456160993
2010-08-02,54.0141518712
2010-08-03,53.9158479695
2010-08-04,54.0252660009
2010-08-05,54.4866053187
2010-08-08,54.7440758748
2010-08-09,55.1933877019
2010-08-10,55.0809653481
2010-08-11,55.2150013122
2010-08-12,55.2085279213
2010-08-15,55.136049255
2010-08-16,55.1486460156
2010-08-17,55.1174567426
2010-08-18,54.8765806575
2010-08-19,55.0591813691
2010-08-22,55.6636356674
2010-08-23,56.3743832498
2010-08-24,56.9294614871
2010-08-25,57.4528044152
2010-08-26,57.7863296429
2010-08-29,58.0076224151
2010-08-30,58.349325954
2010-08-31,58.6056766859
2010-09-01,58.899347981
2010-09-02,59.0071643289
2010-09-05,59.2984577122
2010-09-06,59.4898942703
2010-09-07,59.97682857
2010-09-08,60.4087914428
2010-09-09,60.9557175325
2010-09-12,61.5831163045
2010-09-13,62.3372668118
2010-09-14,63.054398684
2010-09-15,63.6768145767
2010-09-16,64.1939558306
2010-09-19,64.6691322168
2010-09-20,65.0324309637
2010-09-21,65.252706249
2010-09-22,65.4774574219
2010-09-23,65.5757059663
2010-09-26,65.7360568587
2010-09-27,65.78588165
2010-09-28,65.8004954768
2010-09-29,65.6146442345
2010-09-30,65.5695173884
2010-10-03,65.587830652
2010-10-04,65.5694181392
2010-10-05,65.5232167244
2010-10-06,65.6566933605
2010-10-07,65.5764399191
2010-10-10,65.4868054917
2010-10-11,65.0711971232
2010-10-12,64.7139745927
2010-10-13,64.455456061
2010-10-14,64.1384955182
2010-10-17,63.9244576225
2010-10-18,63.2683788569
2010-10-19,62.8089690488
2010-10-20,62.4446887361
2010-10-21,62.1384120949
2010-10-24,61.9247649716
2010-10-25,61.6667875138
2010-10-26,61.3056207594
2010-10-27,61.2757125935
2010-10-28,61.2419595275
2010-11-01,61.3366858074
2010-11-02,61.4676352634
2010-11-03,61.5744471942
2010-11-04,61.6243803037
2010-11-05,62.0219628433
2010-11-08,62.3670785616
2010-11-09,62.8194444755
2010-11-10,63.6185816437
2010-11-11,64.3662217508
2010-11-12,64.8671474439
2010-11-15,65.3392279385
2010-11-16,66.1256190607
2010-11-17,66.669729812
2010-11-18,67.0432876304
2010-11-19,67.7116216045
2010-11-22,68.3850512895
2010-11-23,69.0559338817
2010-11-24,70.1802830152
2010-11-25,71.1770284881
2010-11-26,72.0661316792
2010-11-29,72.9916001663
2010-11-30,73.9743757076
2010-12-01,74.8317806622
2010-12-02,75.619212205
2010-12-03,76.1916224943
2010-12-06,76.8733582697
2010-12-07,77.4130834405
2010-12-08,77.5595062629
2010-12-09,77.8950636355
2010-12-10,78.3353652996
2010-12-13,78.3028560584
2010-12-14,78.1994013098
2010-12-15,78.0472948121
2010-12-16,77.7511956468
2010-12-17,77.1560963579
2010-12-20,76.5231533964
2010-12-21,75.9803606854
2010-12-22,75.2087100649
2010-12-23,74.7885958485
2010-12-24,74.484270229
2010-12-27,73.4793461506
2010-12-28,72.3947053624
2010-12-29,71.4416452763
2010-12-30,70.4418524565
2010-12-31,69.4614416517
2011-01-03,68.3336982897
2011-01-04,67.2518418402
2011-01-05,66.189910245
2011-01-06,65.0953097677
2011-01-07,64.3052183759
2011-01-10,63.6150493245
2011-01-11,62.9453147991
2011-01-12,62.2815667787
2011-01-13,61.7962640939
2011-01-14,61.3036089564
2011-01-17,60.7799586469
2011-01-18,60.5222273666
2011-01-19,60.3547601953
2011-01-20,60.0204430376
2011-01-21,59.6964614349
2011-01-24,59.9414653494
2011-01-25,60.1431790692
2011-01-26,60.272229037
2011-01-27,60.5943170968
2011-01-28,60.8058907848
2011-01-31,61.0543878498
2011-02-01,61.6389178779
2011-02-02,62.3000086079
2011-02-03,62.8280335345
2011-02-04,63.3124611123
2011-02-07,63.9732047746
2011-02-08,64.7486841681
2011-02-09,65.8078100838
2011-02-10,67.1524251018
2011-02-11,68.7260066417
2011-02-14,70.0685339989
2011-02-15,71.2687908024
2011-02-16,72.2395344944
2011-02-17,73.271438598
2011-02-18,74.4198725463
2011-02-21,75.4020474184
2011-02-22,76.4266451659
2011-02-23,77.3698620132
2011-02-24,78.0845373974
2011-02-25,78.7784867937
2011-02-28,79.5674454832
2011-03-01,80.122511663
2011-03-02,80.8503144301
2011-03-03,81.6179500983
2011-03-04,81.9853076266
2011-03-07,82.3786826748
2011-03-08,82.7967011723
2011-03-09,83.2538579562
2011-03-10,83.6188875034
2011-03-11,83.7748942849
2011-03-14,83.9542213301
2011-03-15,83.9867799693
2011-03-16,84.0610791079
2011-03-17,83.9128488968
2011-03-18,83.3006660179
2011-03-21,82.5652245123
2011-03-22,81.9536452161
2011-03-23,81.7098147637
2011-03-24,81.7060169562
2011-03-25,81.9185327974
2011-03-27,82.0720124945
2011-03-28,82.0860307004
2011-03-29,82.128058154
2011-03-30,82.3726382119
2011-03-31,82.6409483047
2011-04-03,83.068715767
2011-04-04,83.150393451
2011-04-05,83.1136477271
2011-04-06,82.8799814911
2011-04-07,82.9891087514
2011-04-10,83.5842614724
2011-04-11,83.0508590044
2011-04-12,82.2361997947
2011-04-13,80.9555873205
2011-04-14,79.3883984287
2011-04-17,77.8470024783
2011-04-18,76.1709003941
2011-04-19,74.2469545099
2011-04-20,71.946193827
2011-04-21,69.526433007
2011-04-24,67.1603998006
2011-04-25,65.2479416865
2011-04-26,63.2255157413
2011-04-27,60.8821093211
2011-04-28,58.6070237751
2011-05-01,56.0556352144
2011-05-02,53.5417928565
2011-05-03,50.9718531941
2011-05-04,48.2145511731
2011-05-05,44.9979882835
2011-05-08,41.6107117418
2011-05-09,39.4039334943
2011-05-10,37.9750383368
2011-05-11,37.1247056742
2011-05-12,36.7568606136
2011-05-15,36.7074715213
2011-05-16,37.0006852697
2011-05-17,38.2455893206
2011-05-18,40.0383379976
2011-05-19,42.3058888319
2011-05-22,44.6237863769
2011-05-23,46.8759325539
2011-05-24,49.6999226174
2011-05-25,53.0648734668
2011-05-26,58.21578733
2011-05-29,64.0748141032
2011-05-30,68.9291307426
2011-05-31,73.0362441865
2011-06-01,77.7967012702
2011-06-02,83.2392527264
2011-06-05,88.6102759884
2011-06-06,93.6180092703
2011-06-07,98.6962058032
2011-06-08,103.05976744
2011-06-09,107.008681827
2011-06-12,110.317327912
2011-06-13,112.876373058
2011-06-14,115.007485734
2011-06-15,115.410843994
2011-06-16,115.655170037
2011-06-19,115.496715627
2011-06-20,115.130617126
2011-06-21,113.886140501
2011-06-22,111.985873147
2011-06-23,108.564941182
2011-06-26,104.240720092
2011-06-27,101.340235709
2011-06-28,99.7819892125
2011-06-29,97.2445562468
2011-06-30,93.9501821497
2011-07-03,90.1700710591
2011-07-04,86.6881956718
2011-07-05,82.9087696614
2011-07-06,80.065086526
2011-07-07,77.7217209632
2011-07-10,75.021794992
2011-07-11,72.4840928508
2011-07-12,69.3685857568
2011-07-13,67.6086223737
2011-07-14,65.7634694925
2011-07-17,64.4292315583
2011-07-18,63.7575578565
2011-07-19,63.4577639028
2011-07-20,63.0612588315
2011-07-21,63.6267879359
2011-07-24,64.4813624069
2011-07-25,65.5020723053
2011-07-26,65.426738824
2011-07-27,65.9468274483
2011-07-28,66.4850487231
2011-07-31,67.1479022234
2011-08-01,68.0222258152
2011-08-02,68.33350958
2011-08-03,67.5397537565
2011-08-04,66.708473181
2011-08-07,66.230809916
2011-08-08,66.8030999779
2011-08-09,68.0350776963
2011-08-10,69.2496598793
2011-08-11,69.9229064223
2011-08-14,70.4072061131
2011-08-15,70.7658920275
2011-08-16,71.4908542774
2011-08-17,73.6730273067
2011-08-18,75.4494548318
2011-08-21,78.8170289706
2011-08-22,81.0054253809
2011-08-23,83.8736874031
2011-08-24,86.3873423404
2011-08-25,88.7062715187
2011-08-28,90.3562361063
2011-08-29,91.3995603639
2011-08-30,93.3511271331
2011-08-31,96.3308607646
2011-09-01,99.0432896522
2011-09-04,102.095835862
2011-09-05,104.525847379
2011-09-06,106.832764769
2011-09-07,109.500260689
2011-09-08,112.406191143
2011-09-11,115.107992786
2011-09-12,117.866345442
2011-09-13,119.952380654
2011-09-14,121.429152828
2011-09-15,123.259501737
2011-09-18,124.360737235
2011-09-19,126.242777716
2011-09-20,127.626424516
2011-09-21,130.075893066
2011-09-22,132.974958841
2011-09-25,137.419173991
2011-09-26,141.472936598
2011-09-27,145.262245628
2011-09-28,148.111147238
2011-09-29,154.200949492
2011-10-02,163.825423104
2011-10-03,177.010439061
2011-10-04,193.800675493
2011-10-05,211.488940179
2011-10-06,221.71491431
2011-10-09,229.554278312
2011-10-10,235.747363006
2011-10-11,243.036205438
2011-10-12,250.112777337
2011-10-13,257.370746284
2011-10-16,265.240079322
2011-10-17,270.942304591
2011-10-18,275.314979343
2011-10-19,276.561276772
2011-10-20,276.163409558
2011-10-23,274.802252948
2011-10-24,274.262065705
2011-10-25,273.156636737
2011-10-26,272.218760233
2011-10-27,268.058105712
2011-10-31,260.391280219
2011-11-01,248.397249479
2011-11-02,232.499277071
2011-11-03,215.665878356
2011-11-04,206.033573282
2011-11-07,197.769287945
2011-11-08,190.340725786
2011-11-09,181.282423375
2011-11-10,170.586494382
2011-11-11,158.078107403
2011-11-14,144.915428255
2011-11-15,134.684802348
2011-11-16,126.168452428
2011-11-17,119.95251456
2011-11-18,115.149481445
2011-11-21,110.112715237
2011-11-22,104.921319484
2011-11-23,100.586862565
2011-11-24,96.9577443248
2011-11-25,94.1540124835
2011-11-28,92.0053816877
2011-11-29,90.6162059348
2011-11-30,88.921952051
2011-12-01,87.0347531614
2011-12-02,86.5940565398
2011-12-05,87.4862245513
2011-12-06,88.8622284849
2011-12-07,92.328437484
2011-12-08,97.2475875788
2011-12-09,102.051705143
2011-12-12,105.69499169
2011-12-13,108.396773217
2011-12-14,110.230553379
2011-12-15,112.235312534
2011-12-16,115.117083126
2011-12-19,119.138518289
2011-12-20,122.584275575
2011-12-21,125.080093532
2011-12-22,127.987476777
2011-12-23,130.001006802
2011-12-26,131.548890378
2011-12-27,134.037524362
2011-12-28,136.69890394
2011-12-29,138.161487322
2011-12-30,138.902823123
2012-01-02,139.399577549
2012-01-03,139.22420511
2012-01-04,137.570072052
2012-01-05,135.568176474
2012-01-06,134.432354377
2012-01-09,132.751420477
2012-01-10,131.509991219
2012-01-11,130.671467059
2012-01-12,128.731878285
2012-01-13,125.608736214
2012-01-16,122.029864684
2012-01-17,119.267066368
2012-01-18,117.424416669
2012-01-19,115.926013208
2012-01-20,115.340588344
2012-01-23,113.791110241
2012-01-24,110.927061199
2012-01-25,107.561014101
2012-01-26,104.992378061
2012-01-27,101.802274399
2012-01-30,98.2705004761
2012-01-31,94.8815948716
2012-02-01,90.939318659
2012-02-02,87.2379552693
2012-02-03,83.5845732961
2012-02-06,80.7120854253
2012-02-07,77.6603932879
2012-02-08,75.0322404758
2012-02-09,73.1283738803
2012-02-10,71.5094654458
2012-02-13,69.6828473682
2012-02-14,67.9864761989
2012-02-15,65.2433301068
2012-02-16,61.4288788734
2012-02-17,57.1427121945
2012-02-20,53.5365996437
2012-02-21,50.2478750144
2012-02-22,47.5802413357
2012-02-23,45.2140486971
2012-02-24,42.8625210623
2012-02-27,40.7092929249
2012-02-28,39.2765492463
2012-02-29,38.8985563773
2012-03-01,38.573749756
2012-03-02,38.1941241843
2012-03-05,38.0219309906
2012-03-06,38.0375399498
2012-03-07,37.8221213807
2012-03-08,38.1753762139
2012-03-09,38.7347635808
2012-03-12,39.2796012556
2012-03-13,39.780960916
2012-03-14,41.1225540044
2012-03-15,42.8601463757
2012-03-16,45.1211102436
2012-03-19,48.736905728
2012-03-20,52.3049624283
2012-03-21,56.3892989028
2012-03-22,61.2131801203
2012-03-23,67.6878161795
2012-03-25,75.2827491507
2012-03-26,82.1989101265
2012-03-27,88.763623052
2012-03-28,95.2075114448
2012-03-29,101.789723942
2012-04-01,109.144183848
2012-04-02,116.051058863
2012-04-03,123.531751568
2012-04-04,129.67716791
2012-04-05,135.869780464
2012-04-08,142.311889271
2012-04-09,148.209085109
2012-04-10,154.081167346
2012-04-11,159.912150842
2012-04-12,165.257637751
2012-04-15,169.024150955
2012-04-16,172.951273307
2012-04-17,175.838512972
2012-04-18,177.710063855
2012-04-19,178.292910062
2012-04-22,176.745031286
2012-04-23,175.393584637
2012-04-24,174.250666047
2012-04-25,172.267394112
2012-04-26,170.248436396
2012-04-29,166.48385439
2012-04-30,163.116671785
2012-05-01,160.042422173
2012-05-02,158.117863528
2012-05-03,156.120180937
2012-05-06,153.785683494
2012-05-07,151.446134479
2012-05-08,148.757595408
2012-05-09,145.542448912
2012-05-10,142.448370223
2012-05-13,140.531533355
2012-05-14,138.057414283
2012-05-15,136.654621152
2012-05-16,134.816597768
2012-05-17,133.664415249
2012-05-20,133.106780261
2012-05-21,133.874386834
2012-05-22,135.311483028
2012-05-23,137.220485466
2012-05-24,139.465826946
2012-05-27,143.058092425
2012-05-28,147.522409664
2012-05-29,150.592242801
2012-05-30,154.156806108
2012-05-31,159.126094597
2012-06-03,164.736824143
2012-06-04,172.196224191
2012-06-05,175.789354931
2012-06-06,178.110821873
2012-06-07,179.119561293
2012-06-10,179.349949576
2012-06-11,180.391236435
2012-06-12,181.106605759
2012-06-13,182.962927443
2012-06-14,184.358471125
2012-06-17,186.251600978
2012-06-18,185.834947228
2012-06-19,184.841191376
2012-06-20,183.701185325
2012-06-21,182.144106534
2012-06-24,180.273778966
2012-06-25,177.655631768
2012-06-26,175.109848727
2012-06-27,171.077801976
2012-06-28,165.8770193
2012-07-01,159.677628833
2012-07-02,151.184617574
2012-07-03,146.424257083
2012-07-04,143.719712076
2012-07-05,141.879446018
2012-07-08,139.403506818
2012-07-09,136.385310106
2012-07-10,132.442318722
2012-07-11,128.206569477
2012-07-12,123.315450944
2012-07-15,118.693267063
2012-07-16,115.658271866
2012-07-17,112.209185923
2012-07-18,109.072563759
2012-07-19,105.743234977
2012-07-22,101.977960855
2012-07-23,97.9583672418
2012-07-24,95.0683708397
2012-07-25,92.9630296831
2012-07-26,90.6621092771
2012-07-29,88.9461798733
2012-07-30,87.5462149439
2012-07-31,86.0551699026
2012-08-01,83.9318692071
2012-08-02,82.4607667433
2012-08-05,81.7355290459
2012-08-06,81.2622805502
2012-08-07,81.5223356543
2012-08-08,81.4806447557
2012-08-09,81.3487219854
2012-08-12,81.2251817049
2012-08-13,80.9397784909
2012-08-14,80.2920955815
2012-08-15,79.7901510626
2012-08-16,79.6273749696
2012-08-19,80.5165934227
2012-08-20,81.7871243367
2012-08-21,81.8404762485
2012-08-22,81.5627536013
2012-08-23,81.1670035011
2012-08-26,80.6541716728
2012-08-27,80.8160219241
2012-08-28,80.9897380441
2012-08-29,80.9783370535
2012-08-30,80.3583392866
2012-09-02,79.4745127385
2012-09-03,78.6027104317
2012-09-04,77.9029252136
2012-09-05,77.6532409224
2012-09-06,77.9183613567
2012-09-09,77.9020043209
2012-09-10,77.5417177235
2012-09-11,77.6534697798
2012-09-12,78.0469077211
2012-09-13,78.0104848246
2012-09-16,77.1985513537
2012-09-17,75.8047356424
2012-09-18,74.896289169
2012-09-19,74.3984388701
2012-09-20,73.8445018264
2012-09-23,73.6261873548
2012-09-24,73.1985849276
2012-09-25,73.117748175
2012-09-26,73.2925139907
2012-09-27,73.7050316191
2012-09-30,74.4633763177
2012-10-01,74.8111988439
2012-10-02,74.761546711
2012-10-03,74.692727322
2012-10-04,74.5856080823
2012-10-07,74.5763012149
2012-10-08,74.8208179281
2012-10-09,75.095042965
2012-10-10,75.0303668182
2012-10-11,74.8222957114
2012-10-14,74.5422380134
2012-10-15,74.161463796
2012-10-16,73.7864614946
2012-10-17,73.280142122
2012-10-18,73.2323621313
2012-10-21,73.5788190506
2012-10-22,73.8968116683
2012-10-23,73.9596867017
2012-10-24,74.1743806557
2012-10-25,74.5781466858
2012-10-29,74.6190784836
2012-10-30,74.9114724642
2012-10-31,75.2669016337
2012-11-01,75.0038274024
2012-11-02,74.8697244334
2012-11-05,74.5357776255
2012-11-06,73.6789617285
2012-11-07,72.9384029538
2012-11-08,72.4460841959
2012-11-09,72.4238396625
2012-11-12,72.5890789732
2012-11-13,72.894086045
2012-11-14,73.452281818
2012-11-15,74.0948464106
2012-11-16,74.3407045608
2012-11-19,74.1918690075
2012-11-20,74.1399258715
2012-11-21,74.3813039751
2012-11-22,75.234267049
2012-11-23,75.6722593736
2012-11-26,76.2685959916
2012-11-27,76.6128186647
2012-11-28,77.1008543916
2012-11-29,78.0073645719
2012-11-30,79.1981908787
2012-12-03,80.365587872
2012-12-04,82.674264795
2012-12-05,85.1252746692
2012-12-06,88.1751517705
2012-12-07,90.334137592
2012-12-10,92.4232759039
2012-12-11,95.0305729406
2012-12-12,98.0749944878
2012-12-13,101.839773975
2012-12-14,106.312883034
2012-12-17,109.341810084
2012-12-18,112.080448441
2012-12-19,114.073071484
2012-12-20,114.827736777
2012-12-21,115.677592726
2012-12-24,116.291483926
2012-12-25,117.26334023
2012-12-26,118.073967566
2012-12-27,118.970584074
2012-12-28,119.02812706
2012-12-31,119.668571982
2013-01-01,118.75865416
2013-01-02,117.072994467
2013-01-03,114.778547074
2013-01-04,113.287210655
2013-01-07,111.570427393
2013-01-08,109.352098041
2013-01-09,106.11440609
2013-01-10,102.020191123
2013-01-11,97.1038248816
2013-01-14,93.8384618852
2013-01-15,90.768421857
2013-01-16,88.0637643907
2013-01-17,85.6816043178
2013-01-18,82.9312783063
2013-01-21,79.8368870686
2013-01-22,77.1413340851
2013-01-23,74.4154056414
2013-01-24,71.7413036543
2013-01-25,69.5944719944
2013-01-28,67.0577013695
2013-01-29,65.3581399878
2013-01-30,64.0588679692
2013-01-31,62.811931148
2013-02-01,61.2168934567
2013-02-04,59.8171893254
2013-02-05,58.3925126741
2013-02-06,57.680642954
2013-02-07,57.3800211474
2013-02-08,57.0069853127
2013-02-11,55.6401167837
2013-02-12,54.270466307
2013-02-13,53.1303995367
2013-02-14,52.5377074275
2013-02-15,52.3505753469
2013-02-18,52.5973592449
2013-02-19,52.1262091707
2013-02-20,51.7843661784
2013-02-21,51.1065974092
2013-02-22,50.353615371
2013-02-25,49.7576520934
2013-02-26,49.1252157904
2013-02-27,48.1966206418
2013-02-28,47.1685219103
2013-03-01,46.6790084316
2013-03-04,45.9596573214
2013-03-05,45.3150158698
2013-03-06,44.9305350239
2013-03-07,44.4024890557
2013-03-08,44.0638180013
2013-03-11,44.454673749
2013-03-12,44.8887994185
2013-03-13,45.1190638241
2013-03-14,45.3369665767
2013-03-15,45.5132475668
2013-03-18,45.5636102462
2013-03-19,46.2647684067
2013-03-20,46.8838728644
2013-03-21,47.6499278065
2013-03-22,48.1007659242
2013-03-25,48.6570149044
2013-03-26,49.2970371207
2013-03-27,50.6279469073
2013-03-28,52.0713300445
2013-03-29,54.5136756098
2013-03-31,56.5228962664
2013-04-01,58.8834038969
2013-04-02,61.2364365916
2013-04-03,64.3243448133
2013-04-04,67.4386224628
2013-04-07,70.2922251147
2013-04-08,74.0306548704
2013-04-09,77.8687624932
2013-04-10,81.058797465
2013-04-11,84.0503299581
2013-04-14,87.0337278306
2013-04-15,89.2863257105
2013-04-16,91.3615805295
2013-04-17,93.2145932266
2013-04-18,94.5232557652
2013-04-21,95.7445371966
2013-04-22,96.9620814287
2013-04-23,97.5608743399
2013-04-24,98.1078660621
2013-04-25,97.5187076525
2013-04-28,98.4755305678
2013-04-29,98.7493303452
2013-04-30,98.9274726739
2013-05-01,98.1513199585
2013-05-02,97.6106056147
2013-05-05,96.7973592703
2013-05-06,95.6541515912
2013-05-07,94.0817955661
2013-05-08,92.5362934914
2013-05-09,90.6242682591
2013-05-12,89.1796601303
2013-05-13,87.7950468775
2013-05-14,86.4005427118
2013-05-15,85.5883784578
2013-05-16,85.3807729633
2013-05-19,84.9909843763
2013-05-20,84.4834372558
2013-05-21,84.1637883365
2013-05-22,84.1834309235
2013-05-23,84.4248654327
2013-05-26,83.9761847383
2013-05-27,84.3465971781
2013-05-28,84.7372129343
2013-05-29,85.7781666768
2013-05-30,86.7525213026
2013-06-02,88.4125442984
2013-06-03,88.8540541021
2013-06-04,90.436055788
2013-06-05,91.6568537722
2013-06-06,93.2389275343
2013-06-09,94.7333413579
2013-06-10,96.9757262454
2013-06-11,99.9238019535
2013-06-12,103.525519024
2013-06-13,108.308400922
2013-06-16,113.742949783
2013-06-17,118.128055083
2013-06-18,123.20363168
2013-06-19,128.007662336
2013-06-20,132.393346787
2013-06-23,136.550480815
2013-06-24,140.513588064
2013-06-25,144.827579554
2013-06-26,147.571914796
2013-06-27,149.845945662
2013-06-30,152.889130901
2013-07-01,157.244858084
2013-07-02,162.216400298
2013-07-03,168.784006045
2013-07-04,174.60106235
2013-07-07,178.845011916
2013-07-08,181.837113595
2013-07-09,183.799692686
2013-07-10,185.01981252
2013-07-11,185.992597264
2013-07-14,187.012290913
2013-07-15,189.309154343
2013-07-16,190.601403163
2013-07-17,190.78227337
2013-07-18,190.659440246
2013-07-21,190.206400883
2013-07-22,189.395722475
2013-07-23,188.461159839
2013-07-24,188.253873607
2013-07-25,188.212795398
2013-07-28,185.956595962
2013-07-29,183.634869961
2013-07-30,179.355731233
2013-07-31,173.849935495
2013-08-01,170.37324479
2013-08-04,167.689559445
2013-08-05,164.702253883
2013-08-06,162.603175273
2013-08-07,159.122859411
2013-08-08,154.589169632
2013-08-11,149.897407026
2013-08-12,145.985673243
2013-08-13,142.886578006
2013-08-14,142.055022868
2013-08-15,140.031570689
2013-08-18,138.132641431
2013-08-19,135.988748663
2013-08-20,132.635250783
2013-08-21,129.027643319
2013-08-22,125.529695649
2013-08-25,123.580908973
2013-08-26,121.357107394
2013-08-27,120.355453204
2013-08-28,119.979756689
2013-08-29,119.633407339
2013-09-01,120.018014953
2013-09-02,122.578964119
2013-09-03,124.970147165
2013-09-04,127.598176079
2013-09-05,129.657905317
2013-09-08,131.129249524
2013-09-09,131.139052849
2013-09-10,130.604399299
2013-09-11,128.756167522
2013-09-12,129.223119074
2013-09-15,129.339123216
2013-09-16,129.303600211
2013-09-17,129.512957977
2013-09-18,129.791170684
2013-09-19,130.625155862
2013-09-22,130.697579996
2013-09-23,130.619042138
2013-09-24,129.8748839
2013-09-25,128.859712177
2013-09-26,126.853538985
2013-09-29,124.820419887
2013-09-30,121.177308634
2013-10-01,116.65311941
2013-10-02,112.938481829
2013-10-03,110.923363901
2013-10-06,108.117986578
2013-10-07,105.81979571
2013-10-08,103.855842551
2013-10-09,101.882792632
2013-10-10,99.504007847
2013-10-13,97.6301077126
2013-10-14,96.2208259642
2013-10-15,95.3875116224
2013-10-16,95.3434483755
2013-10-17,94.6060095412
2013-10-20,93.6321707096
2013-10-21,92.7747402376
2013-10-22,92.0693964462
2013-10-23,91.2236737506
2013-10-24,90.7583226351
2013-10-28,89.2605135785
2013-10-29,88.8077224163
2013-10-30,88.6569393502
2013-10-31,88.5797382487
2013-11-01,87.8123539453
2013-11-04,88.2586228612
2013-11-05,88.774627814
2013-11-06,89.7564027715
2013-11-07,91.899194579
2013-11-08,93.0182764055
2013-11-11,92.0487921964
2013-11-12,92.2523228355
2013-11-13,92.555575763
2013-11-14,92.9467869878
2013-11-15,93.0845598797
2013-11-18,94.5061379277
2013-11-19,97.0657035736
2013-11-20,99.7888890814
2013-11-21,104.618313779
2013-11-22,108.291593825
2013-11-25,113.539957853
2013-11-26,117.450027125
2013-11-27,121.512546177
2013-11-28,125.616322232
2013-11-29,129.363492806
2013-12-02,131.713272153
2013-12-03,134.157560606
2013-12-04,137.003184446
2013-12-05,139.349759991
2013-12-06,142.135355591
2013-12-09,147.229909653
2013-12-10,151.32346345
2013-12-11,155.622186939
2013-12-12,158.662024651
2013-12-13,162.774912675
2013-12-16,167.227521109
2013-12-17,171.305533989
2013-12-18,174.894270143
2013-12-19,174.52642381
2013-12-20,172.907935771
2013-12-23,170.206379473
2013-12-24,167.865871284
2013-12-25,165.714331808
2013-12-26,163.226240802
2013-12-27,160.068177764
2013-12-30,157.989168073
2013-12-31,155.24047954
2014-01-01,152.161434993
2014-01-02,149.14320657
2014-01-03,146.979280568
2014-01-06,144.617841091
2014-01-07,143.280441575
2014-01-08,141.410338239
2014-01-09,139.465641654
2014-01-10,136.133208861
2014-01-13,132.623318394
2014-01-14,127.742921774
2014-01-15,123.335226624
2014-01-16,120.419220578
2014-01-17,119.46806587
2014-01-20,118.071270139
2014-01-21,116.953173711
2014-01-22,115.866181529
2014-01-23,114.711407855
2014-01-24,114.480203926
2014-01-27,114.883529488
2014-01-28,115.604494339
2014-01-29,115.918554694
2014-01-30,115.004413287
2014-01-31,113.231056277
2014-02-03,111.995717465
2014-02-04,109.850590241
2014-02-05,108.400460248
2014-02-06,108.150960107
2014-02-07,107.890494673
2014-02-10,106.703494201
2014-02-11,107.00237896
2014-02-12,106.775509854
2014-02-13,106.472875834
2014-02-14,106.39635585
2014-02-17,107.741785484
2014-02-18,108.341187701
2014-02-19,108.69300276
2014-02-20,108.659137964
2014-02-21,108.67981371
2014-02-24,108.438345319
2014-02-25,108.580920636
2014-02-26,108.747987814
2014-02-27,108.552737763
2014-02-28,108.696556607
2014-03-03,108.878822427
2014-03-04,109.222693913
2014-03-05,108.955714877
2014-03-06,107.701154962
2014-03-07,106.878110789
2014-03-10,106.326310872
2014-03-11,104.518762151
2014-03-12,102.99982239
2014-03-13,101.36442584
2014-03-14,98.9796123742
2014-03-17,96.0711512953
2014-03-18,93.7850000978
2014-03-19,91.1458321002
2014-03-20,89.6094679401
2014-03-21,88.3347677337
2014-03-24,86.7569698964
2014-03-25,85.0732196431
2014-03-26,83.1679210063
2014-03-27,82.7047558069
2014-03-28,82.0707815979
2014-03-30,80.7754396242
2014-03-31,78.6767920134
2014-04-01,76.8052746899
2014-04-02,75.0727484356
2014-04-03,74.0795894226
2014-04-06,72.8215321437
2014-04-07,71.4569809388
2014-04-08,69.5448813199
2014-04-09,68.2324136933
2014-04-10,67.7068015322
2014-04-13,67.4615638832
2014-04-14,67.5720373341
2014-04-15,68.4333918169
2014-04-16,68.7499713585
2014-04-17,68.5636668621
2014-04-20,67.8672844131
2014-04-21,66.8691172149
2014-04-22,65.6961174732
2014-04-23,64.5342077775
2014-04-24,63.2762514589
2014-04-27,62.0408821946
2014-04-28,61.373205951
2014-04-29,60.353493052
2014-04-30,60.1143541215
2014-05-01,59.234767459
2014-05-04,58.6503016689
2014-05-05,58.3195659633
2014-05-06,58.520840136
2014-05-07,58.6664441812
2014-05-08,59.0070495312
2014-05-11,58.720620195
2014-05-12,58.8586168478
2014-05-13,58.8282105883
2014-05-14,59.4417415779
2014-05-15,60.3878492493
2014-05-18,61.9119033846
2014-05-19,63.2413940113
2014-05-20,64.4904751387
2014-05-21,65.0285522299
2014-05-22,65.8253937127
2014-05-25,67.1174691869
2014-05-26,68.8422070443
2014-05-27,70.8462378938
2014-05-28,73.2692173551
2014-05-29,75.2829870392
2014-06-01,76.7535421989
2014-06-02,78.2289235443
2014-06-03,79.3368211714
2014-06-04,80.5332392489
2014-06-05,81.3261058993
2014-06-08,82.6207390213
2014-06-09,83.6477402244
2014-06-10,84.3968368177
2014-06-11,85.0944321399
2014-06-12,86.2705842658
2014-06-15,87.2490673994
2014-06-16,89.3799136615
2014-06-17,90.8769485025
2014-06-18,92.3999610691
2014-06-19,93.3793509323
2014-06-22,93.9196697116
2014-06-23,93.447408372
2014-06-24,93.288915328
2014-06-25,92.8325682994
2014-06-26,92.8044960655
2014-06-29,93.6548431115
2014-06-30,94.9730505305
2014-07-01,96.0002647517
2014-07-02,97.3392201305
2014-07-03,98.4292851983
2014-07-06,99.101941842
2014-07-07,99.6558864402
2014-07-08,100.079394499
2014-07-09,100.041236732
2014-07-10,99.116537986
2014-07-13,98.4284708264
2014-07-14,96.583834025
2014-07-15,95.7562999721
2014-07-16,94.9789129203
2014-07-17,94.639768903
2014-07-20,93.9407708464
2014-07-21,93.2595727868
2014-07-22,92.081440578
2014-07-23,90.7826874302
2014-07-24,89.9527633306
2014-07-27,88.680395417
2014-07-28,87.2411526684
2014-07-29,87.0061031455
2014-07-30,86.817478446
2014-07-31,86.3305373821
2014-08-03,86.0052086437
2014-08-04,85.0390600006
2014-08-05,84.2534551553
2014-08-06,84.1631600323
2014-08-07,84.2645544421
2014-08-10,83.9241384346
2014-08-11,84.6097317888
2014-08-12,85.6674435002
2014-08-13,87.6429376031
2014-08-14,89.5093822357
2014-08-17,92.3459005633
2014-08-18,95.7810923894
2014-08-19,99.3206443654
2014-08-20,102.577560774
2014-08-21,105.620691176
2014-08-24,108.230064563
2014-08-25,110.293498577
2014-08-26,112.248437374
2014-08-27,113.31013386
2014-08-28,114.335454053
2014-08-31,115.519269448
2014-09-01,117.135372605
2014-09-02,119.178712777
2014-09-03,120.660064136
2014-09-04,121.756294835
2014-09-07,123.901855141
2014-09-08,124.972336868
2014-09-09,125.411363606
2014-09-10,124.59216429
2014-09-11,123.601941793
2014-09-14,122.109077129
2014-09-15,120.489642203
2014-09-16,118.342083194
2014-09-17,115.799016069
2014-09-18,112.924133858
2014-09-21,111.33388093
2014-09-22,110.097229991
2014-09-23,107.998817563
2014-09-24,107.408407133
2014-09-25,107.458235062
2014-09-28,108.410481035
2014-09-29,109.683667998
2014-09-30,111.542745428
2014-10-01,113.541133346
2014-10-02,116.836962067
2014-10-05,120.819449989
2014-10-06,125.759611178
2014-10-07,130.212461527
2014-10-08,135.802950538
2014-10-09,141.195231415
2014-10-12,146.875922039
2014-10-13,152.217544579
2014-10-14,160.474404868
2014-10-15,170.268836479
2014-10-16,176.622090817
2014-10-19,180.816034804
2014-10-20,183.983628213
2014-10-21,187.17976003
2014-10-22,190.095760105
2014-10-23,192.817572923
2014-10-27,194.40516309
2014-10-28,195.552023482
2014-10-29,196.598806694
2014-10-30,197.00148754
2014-10-31,195.537113945
2014-11-03,192.691618219
2014-11-04,188.929296989
2014-11-05,185.99447567
2014-11-06,181.62691534
2014-11-07,178.157882399
2014-11-10,174.066429441
2014-11-11,169.158886898
2014-11-12,161.278037784
2014-11-13,152.383144312
2014-11-14,147.456548599
2014-11-17,144.110793272
2014-11-18,141.639957592
2014-11-19,139.832686143
2014-11-20,137.493697091
2014-11-21,134.758753429
2014-11-24,133.267378844
2014-11-25,132.595945617
2014-11-26,131.849162814
2014-11-27,132.928380531
2014-11-28,134.29913542
2014-12-01,135.422803609
2014-12-02,136.510247053
2014-12-03,136.565484838
2014-12-04,136.01713016
2014-12-05,134.810967133
2014-12-08,134.305521611
2014-12-09,134.105290952
2014-12-10,134.234644057
2014-12-11,134.779004988
2014-12-12,135.61564941
2014-12-15,135.717348557
2014-12-16,136.052089086
2014-12-17,137.174293157
2014-12-18,139.502085755
2014-12-19,142.804554993
2014-12-22,144.022962538
2014-12-23,143.458001627
2014-12-24,142.886207042
2014-12-25,141.101939678
2014-12-26,139.3445685
2014-12-29,139.557409817
2014-12-30,140.072498911
2014-12-31,140.199087786
2015-01-01,140.613121172
2015-01-02,140.522243906
2015-01-05,140.421314533
2015-01-06,141.578845857
2015-01-07,143.276856957
2015-01-08,144.981031593
2015-01-09,146.319221629
2015-01-12,148.495492748
2015-01-13,149.534466089
2015-01-14,150.25880105
2015-01-15,150.738125376
2015-01-16,150.28228485
2015-01-19,150.57508982
2015-01-20,151.071101316
2015-01-21,150.64110797
2015-01-22,149.37066456
2015-01-23,148.131649772
2015-01-26,145.309912596
2015-01-27,141.845874378
2015-01-28,139.241375848
2015-01-29,137.488507042
2015-01-30,135.854109094
2015-02-02,133.779015702
2015-02-03,130.276100079
2015-02-04,126.03573148
2015-02-05,121.694274835
2015-02-06,117.73503975
2015-02-09,113.194767163
2015-02-10,109.146683434
2015-02-11,104.454926658
2015-02-12,99.5183733346
2015-02-13,95.6644522602
2015-02-16,92.6552276659
2015-02-17,90.7644831412
2015-02-18,90.185981894
2015-02-19,90.7156347416
2015-02-20,91.739059746
2015-02-23,92.297869026
2015-02-24,94.2618412617
2015-02-25,97.3170055148
2015-02-26,100.152594573
2015-02-27,104.288698834
2015-03-02,108.504614242
2015-03-03,113.55176594
2015-03-04,120.574523186
2015-03-05,128.827331585
2015-03-06,136.419464173
2015-03-09,144.527550605
2015-03-10,151.644487843
2015-03-11,160.212081363
2015-03-12,170.42497325
2015-03-13,178.052149038
2015-03-16,185.57420158
2015-03-17,195.226693884
2015-03-18,206.081599808
2015-03-19,216.870616065
2015-03-20,227.565033515
2015-03-23,238.634885772
2015-03-24,246.119039053
2015-03-25,252.425324883
2015-03-26,260.689165733
2015-03-27,268.317792714
2015-03-29,275.168716511
2015-03-30,281.524090907
2015-03-31,284.991841597
2015-04-01,286.368974026
2015-04-02,286.265521997
2015-04-05,283.859992428
2015-04-06,283.215684733
2015-04-07,281.730996204
2015-04-08,277.673261732
2015-04-09,275.872336512
2015-04-12,272.162243846
2015-04-13,265.391097659
2015-04-14,256.446122873
2015-04-15,246.715957407
2015-04-16,236.651875414
2015-04-19,227.20764036
2015-04-20,219.703782902
2015-04-21,211.273432464
2015-04-22,201.304745475
2015-04-23,191.117583174
2015-04-26,181.235785792
2015-04-27,171.304946265
2015-04-28,162.579507873
2015-04-29,154.534887374
2015-04-30,147.320648738
2015-05-03,141.592153069
2015-05-04,135.378662428
2015-05-05,128.358213785
2015-05-06,121.09306212
2015-05-07,113.088012186
2015-05-10,106.563262108
2015-05-11,101.463709872
2015-05-12,96.6376591971
2015-05-13,92.44459133
2015-05-14,88.6593580427
2015-05-17,83.9034928489
2015-05-18,80.1908656292
2015-05-19,77.9634054535
2015-05-20,75.6974203544
2015-05-21,73.6790329698
2015-05-24,72.6455401095
2015-05-25,71.8802651588
2015-05-26,71.5799510926
2015-05-27,71.2841354365
2015-05-28,71.679171704
2015-05-31,72.2872305862
2015-06-01,73.1153515953
2015-06-02,74.2170148734
2015-06-03,76.3910747936
2015-06-04,79.3962996716
2015-06-07,82.3989656723
2015-06-08,85.4996453754
2015-06-09,88.3606195387
2015-06-10,91.611776033
2015-06-11,95.8404865615
2015-06-14,100.45717425
2015-06-15,104.950095162
2015-06-16,108.954288643
2015-06-17,112.383356381
2015-06-18,114.605232339
2015-06-21,115.827330005
2015-06-22,116.867275669
2015-06-23,118.499673393
2015-06-24,119.888392882
2015-06-25,122.021825839
2015-06-28,124.629037018
2015-06-29,126.056434506
2015-06-30,127.443781194
2015-07-01,128.254538301
2015-07-02,129.490841116
2015-07-05,130.408131318
2015-07-06,130.132769857
2015-07-07,129.929079885
2015-07-08,129.853617403
2015-07-09,128.828614155
2015-07-12,126.261378356
2015-07-13,123.445461209
2015-07-14,120.587022202
2015-07-15,118.135825034
2015-07-16,116.969916894
2015-07-19,116.159783828
2015-07-20,117.224033426
2015-07-21,118.347273498
2015-07-22,118.774497501
2015-07-23,117.868677669
2015-07-26,116.457881407
2015-07-27,116.872637201
2015-07-28,117.601052528
2015-07-29,117.928829253
2015-07-30,118.464907722
2015-08-02,118.650346815
2015-08-03,119.290758404
2015-08-04,121.631258266
2015-08-05,125.436091473
2015-08-06,129.948371904
2015-08-09,135.349410873
2015-08-10,140.258954712
2015-08-11,145.425369386
2015-08-12,151.073691145
2015-08-13,157.040147363
2015-08-16,163.068103294
2015-08-17,169.690451642
2015-08-18,176.832636183
2015-08-19,184.548091012
2015-08-20,192.334978788
2015-08-23,197.679257575
2015-08-24,202.365025955
2015-08-25,205.89622316
2015-08-26,209.24531732
2015-08-27,211.712912806
2015-08-30,215.644120994
2015-08-31,220.377376937
2015-09-01,223.167615701
2015-09-02,223.108688975
2015-09-03,222.977641291
2015-09-06,222.824345714
2015-09-07,225.009384183
2015-09-08,226.063158532
2015-09-09,225.401891889
2015-09-10,224.393683041
2015-09-13,223.216628196
2015-09-14,221.200741155
2015-09-15,219.364361756
2015-09-16,217.778806184
2015-09-17,216.957589786
2015-09-20,216.931770202
2015-09-21,215.674873857
2015-09-22,215.307446141
2015-09-23,215.14221424
2015-09-24,214.678579261
2015-09-27,213.169802275
2015-09-28,212.443654642
2015-09-29,211.400861337
2015-09-30,211.583781376
2015-10-01,212.234807708
2015-10-04,214.164720477
2015-10-05,214.871634406
2015-10-06,218.808063941
2015-10-07,218.53133676
2015-10-08,219.267702452
2015-10-11,220.388984754
2015-10-12,218.635294695
2015-10-13,213.828402802
2015-10-14,210.011652499
2015-10-15,205.27302121
2015-10-18,201.232770769
2015-10-19,197.56841283
2015-10-20,193.532084795
2015-10-21,188.69418617
2015-10-22,183.896058056
2015-10-26,179.175984652
2015-10-27,173.514082965
2015-10-28,168.124178119
2015-10-29,161.91842134
2015-10-30,154.899891378
2015-11-02,146.73730562
2015-11-03,138.862809536
2015-11-04,128.915941693
2015-11-05,124.333571002
2015-11-06,118.0978661
2015-11-09,111.435340441
2015-11-10,106.605701262
2015-11-11,103.37491991
2015-11-12,98.2881968064
2015-11-13,94.7487588232
2015-11-16,91.8049928589
2015-11-17,88.9514329033
2015-11-18,86.8184630953
2015-11-19,86.0283549629
2015-11-20,84.9267196076
2015-11-23,84.3775626241
2015-11-24,83.1369451214
2015-11-25,82.8510682181
2015-11-26,82.6806503729
2015-11-27,83.5348911136
2015-11-30,84.4614515185
2015-12-01,84.152116324
2015-12-02,82.9277957088
2015-12-03,82.2707274589
2015-12-04,81.828142293
2015-12-07,81.0655850442
2015-12-08,80.9531074409
2015-12-09,80.3268976928
2015-12-10,80.3163820889
2015-12-11,80.6260931292
2015-12-14,82.2272088093
2015-12-15,84.098257183
2015-12-16,85.3083209534
2015-12-17,85.4208633351
2015-12-18,86.2543849017
2015-12-21,86.9525685048
2015-12-22,87.9151560164
2015-12-23,88.3364236868
2015-12-24,89.4840514361
2015-12-25,89.892457001
2015-12-28,90.7245467164
2015-12-29,92.4973052626
2015-12-30,95.4058032875
2015-12-31,97.7256909954
2016-01-01,101.059435737
2016-01-04,104.216962473
2016-01-05,106.979805901
2016-01-06,109.997782447
2016-01-07,113.687996776
2016-01-08,116.589012731
2016-01-11,118.47034634
2016-01-12,121.738505265
2016-01-13,125.320080951
2016-01-14,129.34469644
2016-01-15,133.994120334
2016-01-18,137.652509538
2016-01-19,140.529171729
2016-01-20,143.662437488
2016-01-21,146.844003591
2016-01-22,150.49834456
2016-01-25,154.539777589
2016-01-26,156.765268664
2016-01-27,159.186273951
2016-01-28,162.923878206
2016-01-29,164.910485865
2016-02-01,166.721362288
2016-02-02,169.045176532
2016-02-03,171.433411286
2016-02-04,174.37532766
2016-02-05,176.023455924
2016-02-08,176.460321819
2016-02-09,175.553280188
2016-02-10,175.250711315
2016-02-11,174.814467981
2016-02-12,172.741465301
2016-02-15,171.091370078
2016-02-16,170.515197139
2016-02-17,167.382412879
2016-02-18,163.511000566
2016-02-19,158.72863632
2016-02-22,152.691542177
2016-02-23,147.927245883
2016-02-24,143.211630503
2016-02-25,137.685034881
2016-02-26,133.416984622
2016-02-29,130.465799841
2016-03-01,126.820952596
2016-03-02,123.149582929
2016-03-03,118.828725709
2016-03-04,114.678654409
2016-03-07,111.545027176
2016-03-08,109.111489324
2016-03-09,105.285731318
2016-03-10,101.585271553
2016-03-11,98.6573804523
2016-03-14,96.3641003482
2016-03-15,93.1419556348
2016-03-16,91.8696806128
2016-03-17,89.8263055889
2016-03-18,88.0568208172
2016-03-21,87.3763305791
2016-03-22,86.6542378899
2016-03-23,85.2653065757
2016-03-24,83.8614904391
2016-03-25,81.9834132723
2016-03-27,80.2824830932
2016-03-28,79.3473088944
2016-03-29,77.7315029075
2016-03-30,75.1778746875
2016-03-31,73.1917885202
2016-04-03,71.588544323
2016-04-04,69.6451130546
2016-04-05,68.5704572213
2016-04-06,67.8704333881
2016-04-07,66.748279071
2016-04-10,65.3027224303
2016-04-11,64.3349495087
2016-04-12,63.1060475258
2016-04-13,62.8802393698
2016-04-14,62.2352772236
2016-04-17,61.3973641648
2016-04-18,60.9441193916
2016-04-19,60.8786379269
2016-04-20,60.8904488489
2016-04-21,61.307658385
2016-04-24,60.7365329065
2016-04-25,59.4781551237
2016-04-26,59.1102261238
2016-04-27,59.5463776731
2016-04-28,60.8851919497
2016-05-01,62.6992592967
2016-05-02,63.7205813088
2016-05-03,63.842046718
2016-05-04,64.6801748401
2016-05-05,66.2345931016
2016-05-08,67.5868552275
2016-05-09,68.8232235903
2016-05-10,70.1277989223
2016-05-11,70.5653996622
2016-05-12,71.2562847106
2016-05-15,72.3774942343
2016-05-16,73.7737088523
2016-05-17,75.0201970084
2016-05-18,76.5592038138
2016-05-19,78.3270241098
2016-05-22,80.1345030554
2016-05-23,81.1736134371
2016-05-24,81.657775301
2016-05-25,82.284340589
2016-05-26,82.4512207114
2016-05-29,82.7753428355
2016-05-30,84.7753292184
2016-05-31,87.9420974952
2016-06-01,90.1153044476
2016-06-02,91.8855820768
2016-06-05,93.1880390588
2016-06-06,94.4081822893
2016-06-07,96.4935474587
2016-06-08,99.6422953305
2016-06-09,102.285060957
2016-06-12,103.929157027
2016-06-13,105.771967738
2016-06-14,107.640988571
2016-06-15,108.904221778
2016-06-16,109.920099151
2016-06-19,110.833120459
2016-06-20,111.059860819
2016-06-21,110.992588995
2016-06-22,111.145926082
2016-06-23,111.190975072
2016-06-26,110.75848842
2016-06-27,109.959118303
2016-06-28,109.19367186
2016-06-29,108.256906972
2016-06-30,106.488784763
2016-07-03,104.823839331
2016-07-04,103.634930551
2016-07-05,101.387841397
2016-07-06,98.501025983
2016-07-07,96.3331920718
2016-07-10,94.3324308962
2016-07-11,91.2342286384
2016-07-12,87.6269192872
2016-07-13,84.0912140457
2016-07-14,80.4231927836
2016-07-17,77.308008819
2016-07-18,75.9633681546
2016-07-19,75.1856102054
2016-07-20,73.8528521332
2016-07-21,72.3965399853
2016-07-24,70.9777103154
2016-07-25,69.3756130304
2016-07-26,67.3519011013
2016-07-27,66.0996555595
2016-07-28,65.4103217491
2016-07-31,64.8792205971
2016-08-01,63.5623571865
2016-08-02,62.8159939237
2016-08-03,62.4342954803
2016-08-04,61.8916942586
2016-08-07,61.9820982324
2016-08-08,62.7040664525
2016-08-09,63.6276992696
2016-08-10,64.8939228828
2016-08-11,65.7592257892
2016-08-14,66.2397226005
2016-08-15,66.8236647871
2016-08-16,67.814107996
2016-08-17,68.8873432982
2016-08-18,69.7893073774
2016-08-21,70.1403460282
2016-08-22,69.6534909165
2016-08-23,68.7043774098
2016-08-24,67.3438898049
2016-08-25,66.5544613954
2016-08-28,66.26453512
2016-08-29,66.9277410009
2016-08-30,67.5181538997
2016-08-31,68.8416413098
2016-09-01,69.6507019411
2016-09-04,69.6867809093
2016-09-05,70.1142933129
2016-09-06,70.7855394207
2016-09-07,70.8273224294
2016-09-08,71.5532833563
2016-09-11,72.1977548034
2016-09-12,72.2022066971
2016-09-13,71.9490026337
2016-09-14,71.9613179465
2016-09-15,72.3559919524
2016-09-18,73.2224447261
2016-09-19,74.1799674343
2016-09-20,75.2370646549
2016-09-21,77.3509003104
2016-09-22,80.2381880104
2016-09-25,83.2422714792
2016-09-26,86.8056871321
2016-09-27,91.3083981361
2016-09-28,94.5437758151
2016-09-29,97.2062176776
2016-10-02,99.6004022723
2016-10-03,101.319242001
2016-10-04,102.04747542
2016-10-05,103.349101369
2016-10-06,104.324302031
2016-10-09,105.679278192
2016-10-10,107.50533112
2016-10-11,108.63519331
2016-10-12,109.823277507
2016-10-13,110.972962529
2016-10-16,111.146931567
2016-10-17,112.65044503
2016-10-18,114.141307949
2016-10-19,114.474257983
2016-10-20,113.358418821
2016-10-23,111.651523921
2016-10-24,108.927401165
2016-10-25,106.047321526
2016-10-26,103.338969857
2016-10-27,101.014939467
2016-10-31,98.5846727323
2016-11-01,96.0639470404
2016-11-02,93.7565150692
2016-11-03,90.7673737433
2016-11-04,87.9417379569
2016-11-07,85.0537865336
2016-11-08,81.9813769469
2016-11-09,80.0282714886
2016-11-10,78.5478500275
2016-11-11,76.9015095178
2016-11-14,76.0956425234
2016-11-15,75.0518295046
2016-11-16,74.2194542378
2016-11-17,73.8341863162
2016-11-18,72.9438639265
2016-11-21,72.1613747695
2016-11-22,71.8251370622
2016-11-23,72.038067952
2016-11-24,75.013812997
2016-11-25,78.8202376831
2016-11-28,83.8785402716
2016-11-29,88.7714578406
2016-11-30,94.0815781467
2016-12-01,99.0648154629
2016-12-02,103.604741207
2016-12-05,107.656075289
2016-12-06,111.93205228
2016-12-07,116.486648925
2016-12-08,120.48344431
2016-12-09,124.532132052
2016-12-12,128.570169635
2016-12-13,132.758104903
2016-12-14,136.809859715
2016-12-15,141.397083394
2016-12-16,145.443180567
2016-12-19,148.953586666
2016-12-20,151.352574648
2016-12-21,152.124756554
2016-12-22,150.282760536
2016-12-23,148.008561433
2016-12-26,145.217020468
2016-12-27,142.86183031
2016-12-28,141.312985143
2016-12-29,139.415106583
2016-12-30,136.78419024
2017-01-02,134.344196463
2017-01-03,131.29456232
2017-01-04,127.453763934
2017-01-05,123.072493253
2017-01-06,118.759822284
2017-01-09,114.921403604
2017-01-10,110.468622894
2017-01-11,105.95655473
2017-01-12,100.14061417
2017-01-13,95.7218932311
2017-01-16,92.1909359299
2017-01-17,89.2309366706
2017-01-18,86.1092030258
2017-01-19,82.9598836043
2017-01-20,79.1735410036
2017-01-23,75.4657373453
2017-01-24,72.1232322247
2017-01-25,68.419607686
2017-01-26,65.9883259857
2017-01-27,64.8900947026
2017-01-30,64.2244292709
2017-01-31,63.9153174882
2017-02-01,63.9305270808
2017-02-02,63.289156871
2017-02-03,62.2656456137
2017-02-06,60.7460261314
2017-02-07,59.3310298689
2017-02-08,58.4459411356
2017-02-09,58.1364377481
2017-02-10,57.9694325771
2017-02-13,57.613886476
2017-02-14,57.5725631769
2017-02-15,57.6824034111
2017-02-16,58.0772639183
2017-02-17,59.2890790465
2017-02-20,60.2971394748
2017-02-21,60.7574763147
2017-02-22,61.4739941467
2017-02-23,62.4156033891
2017-02-24,63.1759993708
2017-02-27,63.3608808729
2017-02-28,63.4068511516
2017-03-01,62.5967597567
2017-03-02,63.4576396184
2017-03-03,64.3021427234
2017-03-06,64.8891800852
2017-03-07,64.9853357721
2017-03-08,64.8438801503
2017-03-09,64.741494408
2017-03-10,65.1963018039
2017-03-13,65.8596699984
2017-03-14,66.324386744
2017-03-15,66.9184982482
2017-03-16,68.0175400471
2017-03-17,68.6814427054
2017-03-20,70.1654816624
2017-03-21,72.0884828181
2017-03-22,73.8753147239
2017-03-23,75.9409369946
2017-03-24,77.3201879695
2017-03-26,79.4053383992
2017-03-27,81.6241987107
2017-03-28,83.4830371929
2017-03-29,84.6041514968
2017-03-30,85.7395841252
2017-04-02,87.0029564311
2017-04-03,89.024466914
2017-04-04,91.7025545698
2017-04-05,95.1982976112
2017-04-06,96.9441008598
2017-04-09,98.6738425645
2017-04-10,100.422390069
2017-04-11,102.094127607
2017-04-12,104.216935569
2017-04-13,105.772353485
2017-04-16,106.292621146
2017-04-17,106.220447497
2017-04-18,106.12620889
2017-04-19,105.810857712
2017-04-20,105.609380347
2017-04-23,105.564809089
2017-04-24,105.3045352
2017-04-25,105.595633368
2017-04-26,105.41904008
2017-04-27,105.033975402
2017-04-30,104.980037642
2017-05-01,104.353459563
2017-05-02,103.208306304
2017-05-03,101.931585948
2017-05-04,100.950104427
2017-05-07,100.26105227
2017-05-08,100.524607625
2017-05-09,101.018342125
2017-05-10,100.494739592
2017-05-11,100.191934306
2017-05-14,100.670639273
2017-05-15,100.785285365
2017-05-16,100.955520616
2017-05-17,101.386781862
2017-05-18,101.632856198
2017-05-21,102.230721977
2017-05-22,102.388868312
2017-05-23,103.102961192
2017-05-24,103.285884231
2017-05-25,103.269406763
2017-05-28,102.709535685
2017-05-29,102.313556906
2017-05-30,104.50128455
2017-05-31,107.547560951
2017-06-01,109.797447823
2017-06-04,112.066483105
2017-06-05,113.74198671
2017-06-06,115.767458051
2017-06-07,117.180200038
2017-06-08,119.028842817
2017-06-11,121.693372448
2017-06-12,124.556861741
2017-06-13,126.228873641
2017-06-14,127.100574399
2017-06-15,128.923106053
2017-06-18,130.525538375
2017-06-19,132.44598061
2017-06-20,134.683790737
2017-06-21,137.410908025
2017-06-22,140.973435991
2017-06-25,145.871992189
2017-06-26,149.832221676
2017-06-27,151.140517219
2017-06-28,151.35506307
2017-06-29,154.281420252
2017-07-02,157.586762673
2017-07-03,162.142369852
2017-07-04,166.812414623
2017-07-05,167.890364867
2017-07-06,166.948675505
2017-07-09,165.551986408
2017-07-10,164.80712599
2017-07-11,164.600340398
2017-07-12,164.499206708
2017-07-13,164.259466768
2017-07-16,164.433796344
2017-07-17,164.313526882
2017-07-18,163.78009311
2017-07-19,163.919535962
2017-07-20,163.092252439
2017-07-23,160.742434816
2017-07-24,158.787710234
2017-07-25,156.447439354
2017-07-26,153.206024775
2017-07-27,148.662804796
2017-07-30,142.471504128
2017-07-31,133.608332997
2017-08-01,124.405578036
2017-08-02,119.260786808
2017-08-03,116.635900426
2017-08-06,112.833378894
2017-08-07,108.961394298
2017-08-08,104.879643343
2017-08-09,100.756921057
2017-08-10,96.3055810727
2017-08-13,90.7540664621
2017-08-14,86.1816950347
2017-08-15,81.1622339755
2017-08-16,76.162642946
2017-08-17,71.8530488447
2017-08-20,68.2064135039
2017-08-21,64.7462669395
2017-08-22,61.672246386
2017-08-23,59.1350143175
2017-08-24,57.2343925069
2017-08-27,56.4325502362
2017-08-28,56.4250151641
2017-08-29,56.0176870412
2017-08-30,56.3334131072
2017-08-31,56.3411206291
2017-09-03,56.9470136896
2017-09-04,57.7367720413
2017-09-05,59.1312907669
2017-09-06,60.9514924104
2017-09-07,63.8387679151
2017-09-10,66.5497260197
2017-09-11,68.8827154459
2017-09-12,70.8171960454
2017-09-13,72.6982819014
2017-09-14,74.4239452246
2017-09-17,75.9786157339
2017-09-18,78.0236365675
2017-09-19,79.5282426009
2017-09-20,81.0083170219
2017-09-21,81.7221533349
2017-09-24,81.585415361
2017-09-25,82.0446357449
2017-09-26,82.6239336468
2017-09-27,82.117394836
2017-09-28,81.424078278
2017-10-01,80.3016226203
2017-10-02,78.6766281576
2017-10-03,77.3406875255
2017-10-04,75.9077982778
2017-10-05,73.3603022771
2017-10-08,71.961331561
2017-10-09,70.9645000733
2017-10-10,70.9668472091
2017-10-11,70.7040592374
2017-10-12,70.3721505956
2017-10-15,69.7060578545
2017-10-16,68.3571347772
2017-10-17,67.3598303107
2017-10-18,66.8374327896
2017-10-19,66.9717329696
2017-10-22,68.0041321415
2017-10-23,68.7658670719
2017-10-24,69.7402029188
2017-10-25,71.4737101829
2017-10-26,73.240554337
2017-10-30,75.7118076478
2017-10-31,78.6373828572
2017-11-01,81.0101557022
2017-11-02,83.2600320442
2017-11-03,86.552206975
2017-11-06,90.1016511042
2017-11-07,92.548521419
2017-11-08,95.0535199117
2017-11-09,98.3398429001
2017-11-10,101.144053213
2017-11-13,105.02614149
2017-11-14,108.54240763
2017-11-15,111.330535263
2017-11-16,113.902572052
2017-11-17,116.818750827
2017-11-20,118.885762805
2017-11-21,121.084770801
2017-11-22,123.357162582
2017-11-23,125.752061506
2017-11-24,128.391036655
2017-11-27,130.885184986
2017-11-28,133.144695285
2017-11-29,136.317585849
2017-11-30,139.764500227
2017-12-01,142.5132526
2017-12-04,144.735814805
2017-12-05,146.625011222
2017-12-06,147.941485235
2017-12-07,148.152426484
2017-12-08,148.80464019
2017-12-11,147.857886421
2017-12-12,146.762681052
2017-12-13,147.730758014
2017-12-14,148.213102614
2017-12-15,146.866386838
2017-12-18,146.187052765
2017-12-19,144.666431495
2017-12-20,144.25204845
2017-12-21,144.651236738
2017-12-22,144.068372019
2017-12-25,143.457442316
2017-12-26,143.472544564
2017-12-27,143.856921017
2017-12-28,144.490438713
2017-12-29,143.368260479
2018-01-01,141.032377249
2018-01-02,138.945990678
2018-01-03,137.112305826
2018-01-04,135.66900363
2018-01-05,135.0199578
2018-01-08,134.930969452
2018-01-09,135.554346375
2018-01-10,134.909427057
2018-01-11,134.502466428
2018-01-12,135.419236865
2018-01-15,135.514419155
2018-01-16,135.829123399
2018-01-17,134.646296074
2018-01-18,131.613187481
2018-01-19,129.365259291
2018-01-22,127.138801636
2018-01-23,124.755699385
2018-01-24,121.106968751
2018-01-25,115.719302059
2018-01-26,111.253923976
2018-01-29,107.76741121
2018-01-30,104.794875705
2018-01-31,101.705112905
2018-02-01,98.0820947259
2018-02-02,93.7925685189
2018-02-05,90.618411608
2018-02-06,87.6979004146
2018-02-07,84.4136691729
2018-02-08,80.7151182731
2018-02-09,76.8937413211
2018-02-12,73.6945725181
2018-02-13,71.0764656445
2018-02-14,69.0927673599
2018-02-15,68.0675428686
2018-02-16,67.9165618259
2018-02-19,67.6955580542
2018-02-20,67.3874203147
2018-02-21,68.5157041804
2018-02-22,71.5585067416
2018-02-23,74.9353853111
2018-02-26,78.1791528482
2018-02-27,80.8865604022
2018-02-28,82.6034621205
2018-03-01,85.3758732128
2018-03-02,88.7130952843
2018-03-05,92.1437613813
2018-03-06,95.246191704
2018-03-07,98.7586969266
2018-03-08,102.360281906
2018-03-09,105.852881451
2018-03-12,109.63856024
2018-03-13,112.891372767
2018-03-14,116.214658758
2018-03-15,121.188051777
2018-03-16,125.426575866
2018-03-19,128.159267142
2018-03-20,129.801543793
2018-03-21,130.834920803
2018-03-22,131.162740089
2018-03-23,131.609646307
2018-03-25,130.778669042
2018-03-26,130.061705205
2018-03-27,131.083683902
2018-03-28,131.258360147
2018-03-29,130.647193202
2018-04-01,129.720699897
2018-04-02,129.208539491
2018-04-03,128.799067092
2018-04-04,130.710740474
2018-04-05,132.030002202
2018-04-08,133.574555286
2018-04-09,135.457407419
2018-04-10,136.380728501
2018-04-11,134.542792885
2018-04-12,133.563590698
2018-04-15,134.383286929
2018-04-16,137.121897829
2018-04-17,137.859052037
2018-04-18,139.07997307
2018-04-19,141.202645742
2018-04-22,145.443692312
2018-04-23,151.052928109
2018-04-24,155.334087073
2018-04-25,160.306504442
2018-04-26,165.063784287
2018-04-29,168.887722902
2018-04-30,172.126545865
2018-05-01,174.670659361
2018-05-02,174.757628294
2018-05-03,175.88757503
2018-05-06,177.516106625
2018-05-07,179.231480642
2018-05-08,181.490172051
2018-05-09,184.774450758
2018-05-10,186.800447711
2018-05-13,188.899798569
2018-05-14,189.567966308
2018-05-15,191.841266983
2018-05-16,193.063688261
2018-05-17,194.078074837
2018-05-20,194.834554866
2018-05-21,195.037788582
2018-05-22,194.822174899
2018-05-23,194.712879319
2018-05-24,195.345170772
2018-05-27,196.994314115
2018-05-28,198.593096309
2018-05-29,201.939546853
2018-05-30,208.081081014
2018-05-31,212.716729689
2018-06-03,213.823863467
2018-06-04,214.919043574
2018-06-05,215.482871259
2018-06-06,217.231997843
2018-06-07,219.09544643
2018-06-10,220.801183147
2018-06-11,221.044113547
2018-06-12,220.441434773
2018-06-13,220.288210662
2018-06-14,220.528827442
2018-06-17,220.404079787
2018-06-18,220.528263082
2018-06-19,223.135091303
2018-06-20,222.350440237
2018-06-21,219.635725538
2018-06-24,216.192908383
2018-06-25,212.976165922
2018-06-26,208.260249311
2018-06-27,201.690872891
2018-06-28,195.820352128
2018-07-01,192.125105956
2018-07-02,187.504039106
2018-07-03,183.629425644
2018-07-04,177.792939405
2018-07-05,171.975089814
2018-07-08,165.421217351
2018-07-09,161.73610431
2018-07-10,159.240185132
2018-07-11,157.100778938
2018-07-12,154.222921068
2018-07-15,150.877833695
2018-07-16,146.353065817
2018-07-17,140.931454073
2018-07-18,138.855070411
2018-07-19,137.58466181
2018-07-22,136.114624606
2018-07-23,134.46076997
2018-07-24,132.922157926
2018-07-25,130.007357616
2018-07-26,127.761447025
2018-07-29,127.482499493
2018-07-30,128.036226352
2018-07-31,128.695542014
2018-08-01,128.98079142
2018-08-02,128.507821989
2018-08-05,128.389038387
2018-08-06,126.479943726
2018-08-07,123.905885346
2018-08-08,120.814619634
2018-08-09,117.560533994
2018-08-12,114.501841719
2018-08-13,112.624680655
2018-08-14,109.706604339
2018-08-15,105.670723656
2018-08-16,102.4988622
2018-08-19,99.4752204265
2018-08-20,97.1417340188
2018-08-21,95.3615762574
2018-08-22,94.654565568
2018-08-23,94.1082368946
2018-08-26,92.4546457311
2018-08-27,91.1524597202
2018-08-28,89.9668726608
2018-08-29,89.6118544829
2018-08-30,90.4421707375
2018-09-02,92.3243134947
2018-09-03,95.7928243847
2018-09-04,99.3726086283
2018-09-06,103.226230306
