Date,dma
2010-01-04,0.0
2010-01-05,0.0
2010-01-06,0.0
2010-01-07,0.0
2010-01-08,0.0
2010-01-11,0.0
2010-01-12,0.0
2010-01-13,0.0
2010-01-14,0.0
2010-01-15,0.0
2010-01-18,0.00232181818182
2010-01-19,0.00337666666667
2010-01-20,0.00574461538462
2010-01-21,0.00818571428571
2010-01-22,0.0124166666667
2010-01-25,0.01598
2010-01-26,0.0211747058824
2010-01-27,0.0267133333333
2010-01-28,0.0318121052632
2010-01-29,0.037655
2010-02-01,0.0435347619048
2010-02-02,0.0469454545455
2010-02-03,0.0501260869565
2010-02-04,0.0541891666667
2010-02-05,0.056902
2010-02-08,0.0627384615385
2010-02-09,0.06199
2010-02-10,0.0602507142857
2010-02-11,0.0568572413793
2010-02-12,0.0535566666667
2010-02-15,0.0509451612903
2010-02-16,0.05101625
2010-02-17,0.0485342424242
2010-02-18,0.04207
2010-02-19,0.0342871428571
2010-02-22,0.0279416666667
2010-02-23,0.0252924324324
2010-02-24,0.0218257894737
2010-02-25,0.0195766666667
2010-02-26,0.0144125
2010-03-01,0.00934926829268
2010-03-02,0.000172380952381
2010-03-03,-0.00388
2010-03-04,-0.00651409090909
2010-03-05,-0.00843333333333
2010-03-08,-0.0103056521739
2010-03-09,-0.0136487234043
2010-03-10,-0.0179425
2010-03-11,-0.0239279591837
2010-03-12,-0.027582
2010-03-15,-0.03209
2010-03-16,-0.029304
2010-03-17,-0.032514
2010-03-18,-0.034906
2010-03-19,-0.034466
2010-03-22,-0.034396
2010-03-23,-0.035302
2010-03-24,-0.03372
2010-03-25,-0.031418
2010-03-26,-0.02639
2010-03-28,-0.022584
2010-03-29,-0.020216
2010-03-30,-0.018186
2010-03-31,-0.018038
2010-04-01,-0.019962
2010-04-04,-0.023352
2010-04-05,-0.0245
2010-04-06,-0.024678
2010-04-07,-0.025378
2010-04-08,-0.02854
2010-04-11,-0.031646
2010-04-12,-0.037338
2010-04-13,-0.038708
2010-04-14,-0.03764
2010-04-15,-0.03599
2010-04-18,-0.033786
2010-04-19,-0.032026
2010-04-20,-0.032874
2010-04-21,-0.032064
2010-04-22,-0.03097
2010-04-25,-0.030042
2010-04-26,-0.023342
2010-04-27,-0.020634
2010-04-28,-0.020774
2010-04-29,-0.022028
2010-05-02,-0.023418
2010-05-03,-0.022332
2010-05-04,-0.018376
2010-05-05,-0.011278
2010-05-06,-0.003478
2010-05-09,7.39999999992e-05
2010-05-10,0.000263999999999
2010-05-11,0.002094
2010-05-12,0.006364
2010-05-13,0.013254
2010-05-16,0.020112
2010-05-17,0.026082
2010-05-18,0.029838
2010-05-19,0.032592
2010-05-20,0.030606
2010-05-23,0.03732
2010-05-24,0.044574
2010-05-25,0.051504
2010-05-26,0.055204
2010-05-27,0.055998
2010-05-30,0.0568
2010-05-31,0.057532
2010-06-01,0.056908
2010-06-02,0.04996
2010-06-03,0.048852
2010-06-06,0.048722
2010-06-07,0.046548
2010-06-08,0.043218
2010-06-09,0.04191
2010-06-10,0.040708
2010-06-13,0.038614
2010-06-14,0.033042
2010-06-15,0.028426
2010-06-16,0.024778
2010-06-17,0.018092
2010-06-20,0.006904
2010-06-21,-0.003474
2010-06-22,-0.008666
2010-06-23,-0.012616
2010-06-24,-0.016252
2010-06-27,-0.018656
2010-06-28,-0.017442
2010-06-29,-0.01789
2010-06-30,-0.017248
2010-07-01,-0.017262
2010-07-04,-0.01687
2010-07-05,-0.0169
2010-07-06,-0.020648
2010-07-07,-0.022414
2010-07-08,-0.025328
2010-07-11,-0.028108
2010-07-12,-0.033422
2010-07-13,-0.035636
2010-07-14,-0.037244
2010-07-15,-0.035096
2010-07-18,-0.034034
2010-07-19,-0.033328
2010-07-20,-0.032646
2010-07-21,-0.03326
2010-07-22,-0.03201
2010-07-25,-0.030696
2010-07-26,-0.02912
2010-07-27,-0.028142
2010-07-28,-0.026262
2010-07-29,-0.026906
2010-08-01,-0.02886
2010-08-02,-0.028564
2010-08-03,-0.028148
2010-08-04,-0.02764
2010-08-05,-0.027124
2010-08-08,-0.030796
2010-08-09,-0.030106
2010-08-10,-0.028916
2010-08-11,-0.027528
2010-08-12,-0.025288
2010-08-15,-0.024338
2010-08-16,-0.022076
2010-08-17,-0.020782
2010-08-18,-0.019892
2010-08-19,-0.018162
2010-08-22,-0.015854
2010-08-23,-0.014358
2010-08-24,-0.01375
2010-08-25,-0.0137
2010-08-26,-0.01439
2010-08-29,-0.015382
2010-08-30,-0.015184
2010-08-31,-0.013934
2010-09-01,-0.014044
2010-09-02,-0.015344
2010-09-05,-0.017064
2010-09-06,-0.019046
2010-09-07,-0.020918
2010-09-08,-0.023894
2010-09-09,-0.026178
2010-09-12,-0.02719
2010-09-13,-0.03003
2010-09-14,-0.03362
2010-09-15,-0.034558
2010-09-16,-0.03598
2010-09-19,-0.03494
2010-09-20,-0.03419
2010-09-21,-0.03391
2010-09-22,-0.036486
2010-09-23,-0.035738
2010-09-26,-0.03366
2010-09-27,-0.033116
2010-09-28,-0.031118
2010-09-29,-0.031754
2010-09-30,-0.032606
2010-10-03,-0.033164
2010-10-04,-0.0348
2010-10-05,-0.038484
2010-10-06,-0.035898
2010-10-07,-0.038274
2010-10-10,-0.039792
2010-10-11,-0.042714
2010-10-12,-0.04494
2010-10-13,-0.048038
2010-10-14,-0.04973
2010-10-17,-0.050418
2010-10-18,-0.051388
2010-10-19,-0.047888
2010-10-20,-0.046918
2010-10-21,-0.04385
2010-10-24,-0.040478
2010-10-25,-0.035516
2010-10-26,-0.031376
2010-10-27,-0.02413
2010-10-28,-0.017898
2010-11-01,-0.012586
2010-11-02,-0.008216
2010-11-03,-0.005918
2010-11-04,-0.003
2010-11-05,-0.003298
2010-11-08,0.000616000000001
2010-11-09,0.001416
2010-11-10,0.001868
2010-11-11,0.001568
2010-11-12,0.002728
2010-11-15,0.00522
2010-11-16,0.006888
2010-11-17,0.010268
2010-11-18,0.013848
2010-11-19,0.017722
2010-11-22,0.017022
2010-11-23,0.019416
2010-11-24,0.022526
2010-11-25,0.02371
2010-11-26,0.02315
2010-11-29,0.027788
2010-11-30,0.027678
2010-12-01,0.025728
2010-12-02,0.023066
2010-12-03,0.02244
2010-12-06,0.019316
2010-12-07,0.01592
2010-12-08,0.01091
2010-12-09,0.00814
2010-12-10,0.0068
2010-12-13,0.00291
2010-12-14,0.000600000000002
2010-12-15,-0.00203
2010-12-16,-0.003028
2010-12-17,-0.003278
2010-12-20,-0.001076
2010-12-21,0.000548000000002
2010-12-22,0.002248
2010-12-23,0.002018
2010-12-24,0.000254000000002
2010-12-27,-0.002862
2010-12-28,-0.003922
2010-12-29,-0.004206
2010-12-30,-0.006356
2010-12-31,-0.009946
2011-01-03,-0.014448
2011-01-04,-0.019392
2011-01-05,-0.021946
2011-01-06,-0.023466
2011-01-07,-0.023554
2011-01-10,-0.02886
2011-01-11,-0.028154
2011-01-12,-0.031826
2011-01-13,-0.03587
2011-01-14,-0.035056
2011-01-17,-0.031178
2011-01-18,-0.02734
2011-01-19,-0.02645
2011-01-20,-0.02615
2011-01-21,-0.029494
2011-01-24,-0.030092
2011-01-25,-0.030952
2011-01-26,-0.026976
2011-01-27,-0.025458
2011-01-28,-0.024354
2011-01-31,-0.02496
2011-02-01,-0.025394
2011-02-02,-0.024658
2011-02-03,-0.024202
2011-02-04,-0.01994
2011-02-07,-0.017342
2011-02-08,-0.01982
2011-02-09,-0.01914
2011-02-10,-0.013892
2011-02-11,-0.013964
2011-02-14,-0.015432
2011-02-15,-0.015186
2011-02-16,-0.014678
2011-02-17,-0.013588
2011-02-18,-0.013396
2011-02-21,-0.012556
2011-02-22,-0.008086
2011-02-23,-0.00702
2011-02-24,-0.005562
2011-02-25,-0.00487
2011-02-28,-0.000296000000001
2011-03-01,-0.000110000000001
2011-03-02,-0.000378000000001
2011-03-03,-0.000962000000001
2011-03-04,-0.001356
2011-03-07,0.0022
2011-03-08,0.001318
2011-03-09,0.000371999999999
2011-03-10,-0.000792000000001
2011-03-11,-0.001102
2011-03-14,-0.002304
2011-03-15,-0.002062
2011-03-16,-0.001396
2011-03-17,0.000763999999999
2011-03-18,0.003892
2011-03-21,0.005708
2011-03-22,0.007366
2011-03-23,0.007542
2011-03-24,0.007366
2011-03-25,0.007446
2011-03-27,0.00679
2011-03-28,0.006742
2011-03-29,0.006324
2011-03-30,0.002404
2011-03-31,-0.002666
2011-04-03,-0.00769
2011-04-04,-0.012224
2011-04-05,-0.01624
2011-04-06,-0.020698
2011-04-07,-0.02557
2011-04-10,-0.03225
2011-04-11,-0.038742
2011-04-12,-0.043748
2011-04-13,-0.045984
2011-04-14,-0.0486448979592
2011-04-17,-0.0523324263039
2011-04-18,-0.0533385487528
2011-04-19,-0.0547501133787
2011-04-20,-0.0579299319728
2011-04-21,-0.0586446712018
2011-04-24,-0.0585385487528
2011-04-25,-0.0569045351474
2011-04-26,-0.0577244897959
2011-04-27,-0.0584659863946
2011-04-28,-0.055417755102
2011-05-01,-0.0549028571429
2011-05-02,-0.0542957142857
2011-05-03,-0.051697755102
2011-05-04,-0.0467508163265
2011-05-05,-0.0403814285714
2011-05-08,-0.0353346938776
2011-05-09,-0.0304010204082
2011-05-10,-0.0251224489796
2011-05-11,-0.0190824489796
2011-05-12,-0.0153889795918
2011-05-15,-0.0080712244898
2011-05-16,-0.00220653061225
2011-05-17,0.00157816326531
2011-05-18,0.00309387755102
2011-05-19,0.00306346938775
2011-05-22,0.00516775510204
2011-05-23,0.00791102040816
2011-05-24,0.0107691836735
2011-05-25,0.0124393877551
2011-05-26,0.0141867346939
2011-05-29,0.0114730612245
2011-05-30,0.00913387755102
2011-05-31,0.0068487755102
2011-06-01,0.00630653061225
2011-06-02,0.00409918367347
2011-06-05,0.00150428571429
2011-06-06,-0.00257714285714
2011-06-07,-0.00611693877551
2011-06-08,-0.00965775510204
2011-06-09,-0.0123753061224
2011-06-12,-0.0119742857143
2011-06-13,-0.0120436734694
2011-06-14,-0.0114342857143
2011-06-15,-0.0105730612245
2011-06-16,-0.00798244897959
2011-06-19,-0.00628040816327
2011-06-20,-0.00524530612245
2011-06-21,-0.00412387755102
2011-06-22,-0.00347183673469
2011-06-23,-0.00303
2011-06-26,-0.003938
2011-06-27,-0.003458
2011-06-28,-0.003558
2011-06-29,-0.006302
2011-06-30,-0.01062
2011-07-03,-0.01447
2011-07-04,-0.01825
2011-07-05,-0.020614
2011-07-06,-0.022448
2011-07-07,-0.025412
2011-07-10,-0.028202
2011-07-11,-0.029772
2011-07-12,-0.029846
2011-07-13,-0.0293
2011-07-14,-0.02682
2011-07-17,-0.024272
2011-07-18,-0.021112
2011-07-19,-0.020142
2011-07-20,-0.019744
2011-07-21,-0.01868
2011-07-24,-0.017836
2011-07-25,-0.019692
2011-07-26,-0.022106
2011-07-27,-0.021602
2011-07-28,-0.02191
2011-07-31,-0.022764
2011-08-01,-0.022894
2011-08-02,-0.02176
2011-08-03,-0.02034
2011-08-04,-0.01698
2011-08-07,-0.013044
2011-08-08,-0.007842
2011-08-09,0.000618
2011-08-10,0.0059
2011-08-11,0.011034
2011-08-14,0.016672
2011-08-15,0.019592
2011-08-16,0.02153
2011-08-17,0.02314
2011-08-18,0.025758
2011-08-21,0.025978
2011-08-22,0.026268
2011-08-23,0.022814
2011-08-24,0.021148
2011-08-25,0.01966
2011-08-28,0.018316
2011-08-29,0.01887
2011-08-30,0.01913
2011-08-31,0.01962
2011-09-01,0.01865
2011-09-04,0.021304
2011-09-05,0.024898
2011-09-06,0.029528
2011-09-07,0.032472
2011-09-08,0.034928
2011-09-11,0.039896
2011-09-12,0.047776
2011-09-13,0.05732
2011-09-14,0.068374
2011-09-15,0.076292
2011-09-18,0.081388
2011-09-19,0.090826
2011-09-20,0.099648
2011-09-21,0.112364
2011-09-22,0.128878
2011-09-25,0.141212
2011-09-26,0.150042
2011-09-27,0.154352
2011-09-28,0.158598
2011-09-29,0.16495
2011-10-02,0.172738
2011-10-03,0.176176
2011-10-04,0.175698
2011-10-05,0.170266
2011-10-06,0.158378
2011-10-09,0.144712
2011-10-10,0.13102
2011-10-11,0.12119
2011-10-12,0.1126
2011-10-13,0.100814
2011-10-16,0.08643
2011-10-17,0.070958
2011-10-18,0.059112
2011-10-19,0.049084
2011-10-20,0.04384
2011-10-23,0.041246
2011-10-24,0.038274
2011-10-25,0.036996
2011-10-26,0.031806
2011-10-27,0.026356
2011-10-31,0.02016
2011-11-01,0.010902
2011-11-02,0.006458
2011-11-03,0.001138
2011-11-04,-0.006862
2011-11-07,-0.011702
2011-11-08,-0.014754
2011-11-09,-0.020014
2011-11-10,-0.023636
2011-11-11,-0.021756
2011-11-14,-0.018678
2011-11-15,-0.014172
2011-11-16,-0.013628
2011-11-17,-0.012264
2011-11-18,-0.011222
2011-11-21,-0.0104
2011-11-22,-0.006984
2011-11-23,-0.001768
2011-11-24,0.005796
2011-11-25,0.014018
2011-11-28,0.024662
2011-11-29,0.03278
2011-11-30,0.039002
2011-12-01,0.04329
2011-12-02,0.048296
2011-12-05,0.051248
2011-12-06,0.050116
2011-12-07,0.048266
2011-12-08,0.042586
2011-12-09,0.03695
2011-12-12,0.029644
2011-12-13,0.026664
2011-12-14,0.028132
2011-12-15,0.03411
2011-12-16,0.039048
2011-12-19,0.043014
2011-12-20,0.049312
2011-12-21,0.052332
2011-12-22,0.056366
2011-12-23,0.057608
2011-12-26,0.061132
2011-12-27,0.064152
2011-12-28,0.062332
2011-12-29,0.060064
2011-12-30,0.05914
2012-01-02,0.058176
2012-01-03,0.05612
2012-01-04,0.05393
2012-01-05,0.049032
2012-01-06,0.045552
2012-01-09,0.041302
2012-01-10,0.03668
2012-01-11,0.02944
2012-01-12,0.020716
2012-01-13,0.011298
2012-01-16,0.003312
2012-01-17,-0.006356
2012-01-18,-0.012656
2012-01-19,-0.0179
2012-01-20,-0.02656
2012-01-23,-0.035714
2012-01-24,-0.044464
2012-01-25,-0.048306
2012-01-26,-0.05245
2012-01-27,-0.04705
2012-01-30,-0.051534
2012-01-31,-0.053676
2012-02-01,-0.055808
2012-02-02,-0.056916
2012-02-03,-0.057508
2012-02-06,-0.058688
2012-02-07,-0.058898
2012-02-08,-0.059932
2012-02-09,-0.0623
2012-02-10,-0.07433
2012-02-13,-0.074722
2012-02-14,-0.076544
2012-02-15,-0.077916
2012-02-16,-0.076896
2012-02-17,-0.075126
2012-02-20,-0.073966
2012-02-21,-0.072776
2012-02-22,-0.070932
2012-02-23,-0.068838
2012-02-24,-0.066188
2012-02-27,-0.06448
2012-02-28,-0.062198
2012-02-29,-0.061156
2012-03-01,-0.059492
2012-03-02,-0.056942
2012-03-05,-0.052368
2012-03-06,-0.047914
2012-03-07,-0.04142
2012-03-08,-0.033132
2012-03-09,-0.026204
2012-03-12,-0.01649
2012-03-13,-0.005774
2012-03-14,0.00445
2012-03-15,0.01343
2012-03-16,0.022892
2012-03-19,0.030714
2012-03-20,0.03941
2012-03-21,0.044588
2012-03-22,0.049614
2012-03-23,0.05455
2012-03-25,0.0562
2012-03-26,0.057274
2012-03-27,0.05943
2012-03-28,0.060328
2012-03-29,0.061162
2012-04-01,0.06267
2012-04-02,0.062264
2012-04-03,0.062358
2012-04-04,0.061838
2012-04-05,0.06291
2012-04-08,0.062492
2012-04-09,0.061228
2012-04-10,0.060604
2012-04-11,0.059666
2012-04-12,0.058044
2012-04-15,0.056772
2012-04-16,0.055622
2012-04-17,0.055868
2012-04-18,0.057702
2012-04-19,0.060082
2012-04-22,0.062012
2012-04-23,0.0648
2012-04-24,0.066216
2012-04-25,0.067614
2012-04-26,0.070008
2012-04-29,0.071334
2012-04-30,0.073572
2012-05-01,0.074534
2012-05-02,0.074642
2012-05-03,0.073732
2012-05-06,0.074836
2012-05-07,0.074478
2012-05-08,0.075534
2012-05-09,0.079546
2012-05-10,0.081596
2012-05-13,0.084798
2012-05-14,0.088382
2012-05-15,0.09292
2012-05-16,0.095968
2012-05-17,0.10083
2012-05-20,0.105682
2012-05-21,0.112362
2012-05-22,0.121382
2012-05-23,0.122668
2012-05-24,0.125648
2012-05-27,0.123854
2012-05-28,0.11956
2012-05-29,0.115212
2012-05-30,0.112848
2012-05-31,0.110464
2012-06-03,0.107554
2012-06-04,0.104898
2012-06-05,0.094312
2012-06-06,0.090598
2012-06-07,0.086642
2012-06-10,0.086446
2012-06-11,0.090008
2012-06-12,0.092736
2012-06-13,0.093468
2012-06-14,0.09202
2012-06-17,0.088434
2012-06-18,0.084332
2012-06-19,0.081064
2012-06-20,0.076396
2012-06-21,0.074936
2012-06-24,0.074764
2012-06-25,0.070132
2012-06-26,0.066596
2012-06-27,0.06302
2012-06-28,0.060974
2012-07-01,0.054286
2012-07-02,0.04464
2012-07-03,0.040108
2012-07-04,0.037538
2012-07-05,0.03049
2012-07-08,0.023818
2012-07-09,0.018416
2012-07-10,0.011674
2012-07-11,0.005484
2012-07-12,-0.001064
2012-07-15,-0.000412000000001
2012-07-16,0.002232
2012-07-17,0.001798
2012-07-18,3.79999999987e-05
2012-07-19,-0.001896
2012-07-22,-0.00352
2012-07-23,-0.003896
2012-07-24,-0.003508
2012-07-25,-0.004424
2012-07-26,-0.006332
2012-07-29,-0.00795
2012-07-30,-0.00749
2012-07-31,-0.003268
2012-08-01,-0.001208
2012-08-02,0.002092
2012-08-05,0.001656
2012-08-06,-6.60000000008e-05
2012-08-07,-0.002608
2012-08-08,-0.003892
2012-08-09,-0.004028
2012-08-12,-0.00423
2012-08-13,-0.005626
2012-08-14,-0.008802
2012-08-15,-0.010492
2012-08-16,-0.013532
2012-08-19,-0.014632
2012-08-20,-0.015064
2012-08-21,-0.015566
2012-08-22,-0.015034
2012-08-23,-0.013764
2012-08-26,-0.012342
2012-08-27,-0.01063
2012-08-28,-0.00938
2012-08-29,-0.00753
2012-08-30,-0.004156
2012-09-02,-0.00207
2012-09-03,-6.00000000217e-06
2012-09-04,0.003334
2012-09-05,0.00619
2012-09-06,0.007446
2012-09-09,0.007334
2012-09-10,0.00547
2012-09-11,0.0025
2012-09-12,0.000229999999999
2012-09-13,-0.00249
2012-09-16,-0.003964
2012-09-17,-0.003772
2012-09-18,-0.0052
2012-09-19,-0.006396
2012-09-20,-0.006714
2012-09-23,-0.006994
2012-09-24,-0.006362
2012-09-25,-0.004884
2012-09-26,-0.004238
2012-09-27,-0.003674
2012-09-30,-0.002338
2012-10-01,-0.0028
2012-10-02,-0.001872
2012-10-03,-0.001872
2012-10-04,-0.001992
2012-10-07,-0.003662
2012-10-08,-0.00291
2012-10-09,-0.00214
2012-10-10,-0.001466
2012-10-11,-7e-05
2012-10-14,0.001562
2012-10-15,0.002672
2012-10-16,0.003376
2012-10-17,0.00432
2012-10-18,0.005132
2012-10-21,0.00775
2012-10-22,0.007114
2012-10-23,0.006592
2012-10-24,0.005052
2012-10-25,0.003364
2012-10-29,0.00148
2012-10-30,0.000688000000001
2012-10-31,-0.000113999999999
2012-11-01,-0.000566
2012-11-02,-0.000349999999999
2012-11-05,-0.000184
2012-11-06,0.000872000000001
2012-11-07,0.001478
2012-11-08,0.002648
2012-11-09,0.004134
2012-11-12,0.005728
2012-11-13,0.007154
2012-11-14,0.009564
2012-11-15,0.012594
2012-11-16,0.015328
2012-11-19,0.019402
2012-11-20,0.022544
2012-11-21,0.026288
2012-11-22,0.031112
2012-11-23,0.03602
2012-11-26,0.038164
2012-11-27,0.040344
2012-11-28,0.041662
2012-11-29,0.043074
2012-11-30,0.044604
2012-12-03,0.047632
2012-12-04,0.04991
2012-12-05,0.051918
2012-12-06,0.04999
2012-12-07,0.04628
2012-12-10,0.044602
2012-12-11,0.043028
2012-12-12,0.041278
2012-12-13,0.038094
2012-12-14,0.0356
2012-12-17,0.028966
2012-12-18,0.025238
2012-12-19,0.021062
2012-12-20,0.018676
2012-12-21,0.017402
2012-12-24,0.015394
2012-12-25,0.014476
2012-12-26,0.013752
2012-12-27,0.01115
2012-12-28,0.006576
2012-12-31,0.002194
2013-01-01,-0.0028
2013-01-02,-0.007444
2013-01-03,-0.010234
2013-01-04,-0.012788
2013-01-07,-0.015322
2013-01-08,-0.020082
2013-01-09,-0.024004
2013-01-10,-0.02443
2013-01-11,-0.025794
2013-01-14,-0.027352
2013-01-15,-0.029146
2013-01-16,-0.0308004535147
2013-01-17,-0.0314929705215
2013-01-18,-0.0327798185941
2013-01-21,-0.032768707483
2013-01-22,-0.0311857142857
2013-01-23,-0.0307551020408
2013-01-24,-0.0316802721088
2013-01-25,-0.0308505668934
2013-01-28,-0.0299206349206
2013-01-29,-0.0324802721088
2013-01-30,-0.0349526530612
2013-01-31,-0.0380128571429
2013-02-01,-0.0403628571429
2013-02-04,-0.0427906122449
2013-02-05,-0.0454232653061
2013-02-06,-0.0491904081633
2013-02-07,-0.0518271428571
2013-02-08,-0.0556312244898
2013-02-11,-0.0581283673469
2013-02-12,-0.0574397959184
2013-02-13,-0.0561487755102
2013-02-14,-0.0560585714286
2013-02-15,-0.0570536734694
2013-02-18,-0.0569634693878
2013-02-19,-0.0580859183673
2013-02-20,-0.058502244898
2013-02-21,-0.0588312244898
2013-02-22,-0.0557053061224
2013-02-25,-0.0534379591837
2013-02-26,-0.0501191836735
2013-02-27,-0.0466279591837
2013-02-28,-0.0436632653061
2013-03-01,-0.039643877551
2013-03-04,-0.0365191836735
2013-03-05,-0.0332608163265
2013-03-06,-0.0300620408163
2013-03-07,-0.0274244897959
2013-03-08,-0.0269769387755
2013-03-11,-0.0275908163265
2013-03-12,-0.0280046938776
2013-03-13,-0.0280220408163
2013-03-14,-0.0267997959184
2013-03-15,-0.0258044897959
2013-03-18,-0.0249406122449
2013-03-19,-0.0228808163265
2013-03-20,-0.0196973469388
2013-03-21,-0.0170355102041
2013-03-22,-0.0120142857143
2013-03-25,-0.00508081632653
2013-03-26,0.000327959183674
2013-03-27,0.004664
2013-03-28,0.009146
2013-03-29,0.014224
2013-03-31,0.01846
2013-04-01,0.022162
2013-04-02,0.02621
2013-04-03,0.030128
2013-04-04,0.031212
2013-04-07,0.029788
2013-04-08,0.028246
2013-04-09,0.024932
2013-04-10,0.021534
2013-04-11,0.01741
2013-04-14,0.012534
2013-04-15,0.010758
2013-04-16,0.007324
2013-04-17,0.00471
2013-04-18,0.001236
2013-04-21,0.002734
2013-04-22,0.00445
2013-04-23,0.007238
2013-04-24,0.009896
2013-04-25,0.011484
2013-04-28,0.013632
2013-04-29,0.013482
2013-04-30,0.01422
2013-05-01,0.013848
2013-05-02,0.015666
2013-05-05,0.01496
2013-05-06,0.013452
2013-05-07,0.011718
2013-05-08,0.010392
2013-05-09,0.01076
2013-05-12,0.012156
2013-05-13,0.011504
2013-05-14,0.012076
2013-05-15,0.012912
2013-05-16,0.01322
2013-05-19,0.014014
2013-05-20,0.015426
2013-05-21,0.016782
2013-05-22,0.01979
2013-05-23,0.021588
2013-05-26,0.023536
2013-05-27,0.026852
2013-05-28,0.030568
2013-05-29,0.03685
2013-05-30,0.043308
2013-06-02,0.04751
2013-06-03,0.053764
2013-06-04,0.060702
2013-06-05,0.066354
2013-06-06,0.07282
2013-06-09,0.078702
2013-06-10,0.083846
2013-06-11,0.08703
2013-06-12,0.088936
2013-06-13,0.087766
2013-06-16,0.086152
2013-06-17,0.08724
2013-06-18,0.08866
2013-06-19,0.09355
2013-06-20,0.100762
2013-06-23,0.106426
2013-06-24,0.111694
2013-06-25,0.115462
2013-06-26,0.11503
2013-06-27,0.118656
2013-06-30,0.124256
2013-07-01,0.125642
2013-07-02,0.128026
2013-07-03,0.126852
2013-07-04,0.120948
2013-07-07,0.116764
2013-07-08,0.115238
2013-07-09,0.114576
2013-07-10,0.117622
2013-07-11,0.11833
2013-07-14,0.12047
2013-07-15,0.115582
2013-07-16,0.110882
2013-07-17,0.102388
2013-07-18,0.095718
2013-07-21,0.090828
2013-07-22,0.083218
2013-07-23,0.074976
2013-07-24,0.067822
2013-07-25,0.06233
2013-07-28,0.057116
2013-07-29,0.057528
2013-07-30,0.055656
2013-07-31,0.056174
2013-08-01,0.058912
2013-08-04,0.05809
2013-08-05,0.060348
2013-08-06,0.06444
2013-08-07,0.066554
2013-08-08,0.066918
2013-08-11,0.064764
2013-08-12,0.06329
2013-08-13,0.062686
2013-08-14,0.063538
2013-08-15,0.06299
2013-08-18,0.068138
2013-08-19,0.073194
2013-08-20,0.077734
2013-08-21,0.086202
2013-08-22,0.095288
2013-08-25,0.097996
2013-08-26,0.102998
2013-08-27,0.104952
2013-08-28,0.104686
2013-08-29,0.104508
2013-09-01,0.100984
2013-09-02,0.09452
2013-09-03,0.087814
2013-09-04,0.075382
2013-09-05,0.061682
2013-09-08,0.054964
2013-09-09,0.043718
2013-09-10,0.034406
2013-09-11,0.027168
2013-09-12,0.018286
2013-09-15,0.007302
2013-09-16,-0.002436
2013-09-17,-0.01293
2013-09-18,-0.028678
2013-09-19,-0.039894
2013-09-22,-0.048116
2013-09-23,-0.055516
2013-09-24,-0.063194
2013-09-25,-0.068052
2013-09-26,-0.071756
2013-09-29,-0.076714
2013-09-30,-0.08289
2013-10-01,-0.086712
2013-10-02,-0.084952
2013-10-03,-0.083476
2013-10-06,-0.082538
2013-10-07,-0.081425170068
2013-10-08,-0.0787532879819
2013-10-09,-0.0796022675737
2013-10-10,-0.0839383219955
2013-10-13,-0.0873766439909
2013-10-14,-0.0890854875283
2013-10-15,-0.0906015873016
2013-10-16,-0.0893079365079
2013-10-17,-0.0920145124717
2013-10-20,-0.0963911564626
2013-10-21,-0.09472
2013-10-22,-0.0953904081633
2013-10-23,-0.0942612244898
2013-10-24,-0.0891212244898
2013-10-28,-0.0836363265306
2013-10-29,-0.0790395918367
2013-10-30,-0.0742451020408
2013-10-31,-0.068502244898
2013-11-01,-0.0570763265306
2013-11-04,-0.0445420408163
2013-11-05,-0.0347587755102
2013-11-06,-0.0221295918367
2013-11-07,-0.0112851020408
2013-11-08,3.06122448981e-05
2013-11-11,0.013977755102
2013-11-12,0.0299669387755
2013-11-13,0.0453293877551
2013-11-14,0.0607071428571
2013-11-15,0.0688428571429
2013-11-18,0.0749506122449
2013-11-19,0.077186122449
2013-11-20,0.0766116326531
2013-11-21,0.0752948979592
2013-11-22,0.0746128571429
2013-11-25,0.0711220408163
2013-11-26,0.0664342857143
2013-11-27,0.0618865306122
2013-11-28,0.0587436734694
2013-11-29,0.0567036734694
2013-12-02,0.0556773469388
2013-12-03,0.0617530612245
2013-12-04,0.0685342857143
2013-12-05,0.0771030612245
2013-12-06,0.0801212244898
2013-12-09,0.0828987755102
2013-12-10,0.0844779591837
2013-12-11,0.0837918367347
2013-12-12,0.0819189795918
2013-12-13,0.0810351020408
2013-12-16,0.0780571428571
2013-12-17,0.07382
2013-12-18,0.065934
2013-12-19,0.057498
2013-12-20,0.053782
2013-12-23,0.055638
2013-12-24,0.055836
2013-12-25,0.057198
2013-12-26,0.05525
2013-12-27,0.053404
2013-12-30,0.050494
2013-12-31,0.05036
2014-01-01,0.050848
2014-01-02,0.050252
2014-01-03,0.04959
2014-01-06,0.044728
2014-01-07,0.042774
2014-01-08,0.04039
2014-01-09,0.039922
2014-01-10,0.040368
2014-01-13,0.040332
2014-01-14,0.037762
2014-01-15,0.035516
2014-01-16,0.033896
2014-01-17,0.030332
2014-01-20,0.027168
2014-01-21,0.023594
2014-01-22,0.021956
2014-01-23,0.018904
2014-01-24,0.017602
2014-01-27,0.020026
2014-01-28,0.023026
2014-01-29,0.027114
2014-01-30,0.03153
2014-01-31,0.034216
2014-02-03,0.038726
2014-02-04,0.045268
2014-02-05,0.047876
2014-02-06,0.049096
2014-02-07,0.046664
2014-02-10,0.043976
2014-02-11,0.041698
2014-02-12,0.03893
2014-02-13,0.03681
2014-02-14,0.034334
2014-02-17,0.029268
2014-02-18,0.022432
2014-02-19,0.0188
2014-02-20,0.017144
2014-02-21,0.015402
2014-02-24,0.01163
2014-02-25,0.004372
2014-02-26,-0.002336
2014-02-27,-0.009618
2014-02-28,-0.016108
2014-03-03,-0.020192
2014-03-04,-0.024004
2014-03-05,-0.028486
2014-03-06,-0.034912
2014-03-07,-0.039226
2014-03-10,-0.039768
2014-03-11,-0.038756
2014-03-12,-0.0367
2014-03-13,-0.036174
2014-03-14,-0.031492
2014-03-17,-0.030162
2014-03-18,-0.02911
2014-03-19,-0.029164
2014-03-20,-0.025486
2014-03-21,-0.023862
2014-03-24,-0.024768
2014-03-25,-0.026464
2014-03-26,-0.030644
2014-03-27,-0.035332
2014-03-28,-0.043734
2014-03-30,-0.050346
2014-03-31,-0.056602
2014-04-01,-0.061722
2014-04-02,-0.06759
2014-04-03,-0.069982
2014-04-06,-0.075634
2014-04-07,-0.081982
2014-04-08,-0.088512
2014-04-09,-0.09465
2014-04-10,-0.095782
2014-04-13,-0.095834
2014-04-14,-0.097036
2014-04-15,-0.09605
2014-04-16,-0.095584
2014-04-17,-0.097388
2014-04-20,-0.094708
2014-04-21,-0.089758
2014-04-22,-0.08266
2014-04-23,-0.075018
2014-04-24,-0.070868
2014-04-27,-0.065472
2014-04-28,-0.061442
2014-04-29,-0.058424
2014-04-30,-0.056224
2014-05-01,-0.053196
2014-05-04,-0.052004
2014-05-05,-0.048714
2014-05-06,-0.047478
2014-05-07,-0.045188
2014-05-08,-0.042668
2014-05-11,-0.04328
2014-05-12,-0.041696
2014-05-13,-0.041332
2014-05-14,-0.04181
2014-05-15,-0.041232
2014-05-18,-0.039196
2014-05-19,-0.04033
2014-05-20,-0.038818
2014-05-21,-0.036764
2014-05-22,-0.033978
2014-05-25,-0.030398
2014-05-26,-0.026778
2014-05-27,-0.022726
2014-05-28,-0.017596
2014-05-29,-0.014802
2014-06-01,-0.010492
2014-06-02,-0.002506
2014-06-03,0.004524
2014-06-04,0.011904
2014-06-05,0.016452
2014-06-08,0.019098
2014-06-09,0.02047
2014-06-10,0.019884
2014-06-11,0.020856
2014-06-12,0.022186
2014-06-15,0.02069
2014-06-16,0.01598
2014-06-17,0.013002
2014-06-18,0.006664
2014-06-19,0.002672
2014-06-22,0.000814000000001
2014-06-23,-0.000519999999999
2014-06-24,-2.99999999998e-05
2014-06-25,-0.001922
2014-06-26,-0.004546
2014-06-29,-0.006598
2014-06-30,-0.008078
2014-07-01,-0.01337
2014-07-02,-0.013198
2014-07-03,-0.014424
2014-07-06,-0.015544
2014-07-07,-0.014638
2014-07-08,-0.015382
2014-07-09,-0.01471
2014-07-10,-0.011998
2014-07-13,-0.009478
2014-07-14,-0.009218
2014-07-15,-0.007224
2014-07-16,-0.007518
2014-07-17,-0.003506
2014-07-20,-0.002552
2014-07-21,-0.003148
2014-07-22,-0.003192
2014-07-23,-0.002666
2014-07-24,-0.00299
2014-07-27,-0.002766
2014-07-28,-0.001894
2014-07-29,-0.001058
2014-07-30,0.00047
2014-07-31,-2.99999999989e-05
2014-08-03,0.002304
2014-08-04,0.005226
2014-08-05,0.011156
2014-08-06,0.015774
2014-08-07,0.022244
2014-08-10,0.02709
2014-08-11,0.032428
2014-08-12,0.037252
2014-08-13,0.04067
2014-08-14,0.040878
2014-08-17,0.040152
2014-08-18,0.039692
2014-08-19,0.035924
2014-08-20,0.034046
2014-08-21,0.03052
2014-08-24,0.028844
2014-08-25,0.028832
2014-08-26,0.027206
2014-08-27,0.023238
2014-08-28,0.020214
2014-08-31,0.018718
2014-09-01,0.016906
2014-09-02,0.016172
2014-09-03,0.013258
2014-09-04,0.0096
2014-09-07,0.00517
2014-09-08,0.002314
2014-09-09,0.003072
2014-09-10,0.005974
2014-09-11,0.009982
2014-09-14,0.01277
2014-09-15,0.02007
2014-09-16,0.026974
2014-09-17,0.036146
2014-09-18,0.045644
2014-09-21,0.055414
2014-09-22,0.064716
2014-09-23,0.073488
2014-09-24,0.079734
2014-09-25,0.089368
2014-09-28,0.100208
2014-09-29,0.106102
2014-09-30,0.11177
2014-10-01,0.119094
2014-10-02,0.126448
2014-10-05,0.130782
2014-10-06,0.129622
2014-10-07,0.124648
2014-10-08,0.121502
2014-10-09,0.11578
2014-10-12,0.109726
2014-10-13,0.101696
2014-10-14,0.09532
2014-10-15,0.088756
2014-10-16,0.0827
2014-10-19,0.077246
2014-10-20,0.07714
2014-10-21,0.081558
2014-10-22,0.088472
2014-10-23,0.093916
2014-10-27,0.09774
2014-10-28,0.105362
2014-10-29,0.107278
2014-10-30,0.103808
2014-10-31,0.094682
2014-11-03,0.09015
2014-11-04,0.088972
2014-11-05,0.085856
2014-11-06,0.082402
2014-11-07,0.082904
2014-11-10,0.084558
2014-11-11,0.081412
2014-11-12,0.08474
2014-11-13,0.088688
2014-11-14,0.100186
2014-11-17,0.111336
2014-11-18,0.115782
2014-11-19,0.118384
2014-11-20,0.11947
2014-11-21,0.114284
2014-11-24,0.105792
2014-11-25,0.101042
2014-11-26,0.094444
2014-11-27,0.085072
2014-11-28,0.075922
2014-12-01,0.066062
2014-12-02,0.058066
2014-12-03,0.053542
2014-12-04,0.048168
2014-12-05,0.046766
2014-12-08,0.05085
2014-12-09,0.053198
2014-12-10,0.056366
2014-12-11,0.065258
2014-12-12,0.074116
2014-12-15,0.082032
2014-12-16,0.090206
2014-12-17,0.100396
2014-12-18,0.109926
2014-12-19,0.111738
2014-12-22,0.113368
2014-12-23,0.11451
2014-12-24,0.118778
2014-12-25,0.121812
2014-12-26,0.122076
2014-12-29,0.121146
2014-12-30,0.117124
2014-12-31,0.105492
2015-01-01,0.096314
2015-01-02,0.092554
2015-01-05,0.091578
2015-01-06,0.091978
2015-01-07,0.08775
2015-01-08,0.08225
2015-01-09,0.073538
2015-01-12,0.06265
2015-01-13,0.056182
2015-01-14,0.051818
2015-01-15,0.045392
2015-01-16,0.0425
2015-01-19,0.03371
2015-01-20,0.026236
2015-01-21,0.016544
2015-01-22,0.007494
2015-01-23,-0.001102
2015-01-26,-0.005582
2015-01-27,-0.014116
2015-01-28,-0.02095
2015-01-29,-0.024934
2015-01-30,-0.029394
2015-02-02,-0.02654
2015-02-03,-0.022612
2015-02-04,-0.017882
2015-02-05,-0.00857
2015-02-06,0.004232
2015-02-09,0.01945
2015-02-10,0.033904
2015-02-11,0.05476
2015-02-12,0.077672
2015-02-13,0.094778
2015-02-16,0.105092
2015-02-17,0.110744
2015-02-18,0.11948
2015-02-19,0.124632
2015-02-20,0.13247
2015-02-23,0.13663
2015-02-24,0.143818
2015-02-25,0.143972
2015-02-26,0.141166
2015-02-27,0.145052
2015-03-02,0.142036
2015-03-03,0.1441
2015-03-04,0.149586
2015-03-05,0.157722
2015-03-06,0.165304
2015-03-09,0.177308
2015-03-10,0.19364
2015-03-11,0.20915
2015-03-12,0.225506
2015-03-13,0.241118
2015-03-16,0.270862
2015-03-17,0.295078
2015-03-18,0.315916
2015-03-19,0.32984
2015-03-20,0.346256
2015-03-23,0.351052
2015-03-24,0.34245
2015-03-25,0.335978
2015-03-26,0.331314
2015-03-27,0.322138
2015-03-29,0.309272
2015-03-30,0.296034
2015-03-31,0.278714
2015-04-01,0.26199
2015-04-02,0.23414
2015-04-05,0.212964
2015-04-06,0.20146
2015-04-07,0.189234
2015-04-08,0.164654
2015-04-09,0.143132
2015-04-12,0.118332
2015-04-13,0.09974
2015-04-14,0.07988
2015-04-15,0.060288
2015-04-16,0.044388
2015-04-19,0.030756
2015-04-20,0.016274
2015-04-21,0.002466
2015-04-22,-0.004418
2015-04-23,-0.016128
2015-04-26,-0.030826
2015-04-27,-0.053178
2015-04-28,-0.06834
2015-04-29,-0.078034
2015-04-30,-0.08174
2015-05-03,-0.08724
2015-05-04,-0.086046
2015-05-05,-0.087258
2015-05-06,-0.088106
2015-05-07,-0.085152
2015-05-10,-0.08555
2015-05-11,-0.074494
2015-05-12,-0.068016
2015-05-13,-0.060938
2015-05-14,-0.062854
2015-05-17,-0.063512
2015-05-18,-0.068894
2015-05-19,-0.069644
2015-05-20,-0.06984
2015-05-21,-0.065772
2015-05-24,-0.050872
2015-05-25,-0.0442
2015-05-26,-0.029186
2015-05-27,-0.017442
2015-05-28,0.002048
2015-05-31,0.021464
2015-06-01,0.03701
2015-06-02,0.046862
2015-06-03,0.061294
2015-06-04,0.07243
2015-06-07,0.079522
2015-06-08,0.083514
2015-06-09,0.080124
2015-06-10,0.07874
2015-06-11,0.072312
2015-06-14,0.066508
2015-06-15,0.06187
2015-06-16,0.058464
2015-06-17,0.050098
2015-06-18,0.041808
2015-06-21,0.03674
2015-06-22,0.034886
2015-06-23,0.032532
2015-06-24,0.029242
2015-06-25,0.030856
2015-06-28,0.029966
2015-06-29,0.027404
2015-06-30,0.027874
2015-07-01,0.034578
2015-07-02,0.035688
2015-07-05,0.03567
2015-07-06,0.0363
2015-07-07,0.041912
2015-07-08,0.050012
2015-07-09,0.055482
2015-07-12,0.055582
2015-07-13,0.056238
2015-07-14,0.05742
2015-07-15,0.054292
2015-07-16,0.057366
2015-07-19,0.058686
2015-07-20,0.061864
2015-07-21,0.058096
2015-07-22,0.05324
2015-07-23,0.053664
2015-07-26,0.066412
2015-07-27,0.082344
2015-07-28,0.097686
2015-07-29,0.110072
2015-07-30,0.12541
2015-08-02,0.142222
2015-08-03,0.16054
2015-08-04,0.183614
2015-08-05,0.203096
2015-08-06,0.220372
2015-08-09,0.230816
2015-08-10,0.232892
2015-08-11,0.237694
2015-08-12,0.245976
2015-08-13,0.253244
2015-08-16,0.252328
2015-08-17,0.247774
2015-08-18,0.240246
2015-08-19,0.23321
2015-08-20,0.218416
2015-08-23,0.207432
2015-08-24,0.21018
2015-08-25,0.213738
2015-08-26,0.214764
2015-08-27,0.208006
2015-08-30,0.208376
2015-08-31,0.21194
2015-09-01,0.222326
2015-09-02,0.235706
2015-09-03,0.251214
2015-09-06,0.271104
2015-09-07,0.285394
2015-09-08,0.291676
2015-09-09,0.297472
2015-09-10,0.31218
2015-09-13,0.32635
2015-09-14,0.331988
2015-09-15,0.335088
2015-09-16,0.33062
2015-09-17,0.332854
2015-09-20,0.327116
2015-09-21,0.320565079365
2015-09-22,0.327724716553
2015-09-23,0.350554875283
2015-09-24,0.344020861678
2015-09-27,0.339097959184
2015-09-28,0.353098412698
2015-09-29,0.35672154195
2015-09-30,0.354918367347
2015-10-01,0.352268027211
2015-10-04,0.339326984127
2015-10-05,0.317423673469
2015-10-06,0.287461836735
2015-10-07,0.246626734694
2015-10-08,0.223126938776
2015-10-11,0.195344285714
2015-10-12,0.154663061224
2015-10-13,0.129480612245
2015-10-14,0.109022653061
2015-10-15,0.0830681632653
2015-10-18,0.0744473469388
2015-10-19,0.0630108163265
2015-10-20,0.0595387755102
2015-10-21,0.0557583673469
2015-10-22,0.0599820408163
2015-10-26,0.0635157142857
2015-10-27,0.0691353061224
2015-10-28,0.0600544897959
2015-10-29,0.0607195918367
2015-10-30,0.0580436734694
2015-11-02,0.0439014285714
2015-11-03,0.0355679591837
2015-11-04,0.0188724489796
2015-11-05,0.000650204081635
2015-11-06,-0.0162616326531
2015-11-09,-0.0310202040816
2015-11-10,-0.0451716326531
2015-11-11,-0.0600512244898
2015-11-12,-0.0736648979592
2015-11-13,-0.0820959183673
2015-11-16,-0.0831942857143
2015-11-17,-0.0874624489796
2015-11-18,-0.0831873469388
2015-11-19,-0.0858006122449
2015-11-20,-0.0859171428571
2015-11-23,-0.0891463265306
2015-11-24,-0.0944969387755
2015-11-25,-0.0960802040816
2015-11-26,-0.0966097959184
2015-11-27,-0.0963373469388
2015-11-30,-0.0942655102041
2015-12-01,-0.0904
2015-12-02,-0.082228
2015-12-03,-0.068852
2015-12-04,-0.06584
2015-12-07,-0.056368
2015-12-08,-0.046424
2015-12-09,-0.029796
2015-12-10,-0.025406
2015-12-11,-0.014646
2015-12-14,-0.01522
2015-12-15,-0.01293
2015-12-16,-0.008538
2015-12-17,-0.00273
2015-12-18,0.007422
2015-12-21,0.025776
2015-12-22,0.045948
2015-12-23,0.06109
2015-12-24,0.078242
2015-12-25,0.086352
2015-12-28,0.096152
2015-12-29,0.093876
2015-12-30,0.09046
2015-12-31,0.09644
2016-01-01,0.102856
2016-01-04,0.098456
2016-01-05,0.098378
2016-01-06,0.099678
2016-01-07,0.105114
2016-01-08,0.114028
2016-01-11,0.119692
2016-01-12,0.135618
2016-01-13,0.146566
2016-01-14,0.147936
2016-01-15,0.14901
2016-01-18,0.14977
2016-01-19,0.146206
2016-01-20,0.143096
2016-01-21,0.144476
2016-01-22,0.147944
2016-01-25,0.152596
2016-01-26,0.1511
2016-01-27,0.150098
2016-01-28,0.152422
2016-01-29,0.152416
2016-02-01,0.145746
2016-02-02,0.13187
2016-02-03,0.118778
2016-02-04,0.09481
2016-02-05,0.065124
2016-02-08,0.044882
2016-02-09,0.024752
2016-02-10,0.005594
2016-02-11,-0.014146
2016-02-12,-0.026728
2016-02-15,-0.033962
2016-02-16,-0.035142
2016-02-17,-0.032382
2016-02-18,-0.028286
2016-02-19,-0.018782
2016-02-22,-0.011066
2016-02-23,-0.007114
2016-02-24,-0.000865999999999
2016-02-25,0.000714000000001
2016-02-26,-0.004358
2016-02-29,-0.004434
2016-03-01,-0.002674
2016-03-02,-0.01546
2016-03-03,-0.023586
2016-03-04,-0.044098
2016-03-07,-0.06607
2016-03-08,-0.08076
2016-03-09,-0.098612
2016-03-10,-0.120766
2016-03-11,-0.147836
2016-03-14,-0.179588
2016-03-15,-0.207732
2016-03-16,-0.21841
2016-03-17,-0.228014
2016-03-18,-0.237146
2016-03-21,-0.244474
2016-03-22,-0.252568
2016-03-23,-0.26111
2016-03-24,-0.25411
2016-03-25,-0.241216
2016-03-27,-0.22362
2016-03-28,-0.213898
2016-03-29,-0.218168
2016-03-30,-0.222112
2016-03-31,-0.214182
2016-04-03,-0.210614
2016-04-04,-0.20074
2016-04-05,-0.183286
2016-04-06,-0.178286
2016-04-07,-0.170058
2016-04-10,-0.17157
2016-04-11,-0.181016
2016-04-12,-0.1862
2016-04-13,-0.188484
2016-04-14,-0.19161
2016-04-17,-0.18602
2016-04-18,-0.181116
2016-04-19,-0.188832
2016-04-20,-0.191994
2016-04-21,-0.198552
2016-04-24,-0.192824
2016-04-25,-0.177742
2016-04-26,-0.163126
2016-04-27,-0.151138
2016-04-28,-0.13952
2016-05-01,-0.137668
2016-05-02,-0.140082
2016-05-03,-0.12915
2016-05-04,-0.11887
2016-05-05,-0.109624
2016-05-08,-0.10664
2016-05-09,-0.100382
2016-05-10,-0.09633
2016-05-11,-0.094934
2016-05-12,-0.088814
2016-05-15,-0.074302
2016-05-16,-0.06877
2016-05-17,-0.070318
2016-05-18,-0.06664
2016-05-19,-0.062798
2016-05-22,-0.05668
2016-05-23,-0.04956
2016-05-24,-0.03597
2016-05-25,-0.019786
2016-05-26,-0.008468
2016-05-29,-0.000353999999997
2016-05-30,0.00784
2016-05-31,0.017442
2016-06-01,0.022474
2016-06-02,0.026336
2016-06-05,0.026236
2016-06-06,0.02189
2016-06-07,0.01265
2016-06-08,-0.004518
2016-06-09,-0.019386
2016-06-12,-0.03604
2016-06-13,-0.042252
2016-06-14,-0.04909
2016-06-15,-0.057918
2016-06-16,-0.06538
2016-06-19,-0.073082
2016-06-20,-0.080426
2016-06-21,-0.081298
2016-06-22,-0.077234
2016-06-23,-0.080414
2016-06-26,-0.081958
2016-06-27,-0.086346
2016-06-28,-0.09915
2016-06-29,-0.116584
2016-06-30,-0.135744
2016-07-03,-0.14733
2016-07-04,-0.152412
2016-07-05,-0.15929
2016-07-06,-0.16013
2016-07-07,-0.155348
2016-07-10,-0.159646
2016-07-11,-0.16407
2016-07-12,-0.159742
2016-07-13,-0.151666
2016-07-14,-0.141722
2016-07-17,-0.132674
2016-07-18,-0.131312
2016-07-19,-0.131982
2016-07-20,-0.135526
2016-07-21,-0.140606
2016-07-24,-0.139652
2016-07-25,-0.137914
2016-07-26,-0.135942
2016-07-27,-0.130244
2016-07-28,-0.121314
2016-07-31,-0.118132
2016-08-01,-0.11107
2016-08-02,-0.10429
2016-08-03,-0.099254
2016-08-04,-0.099508
2016-08-07,-0.099624
2016-08-08,-0.102998
2016-08-09,-0.106902
2016-08-10,-0.110966
2016-08-11,-0.116434
2016-08-14,-0.115324
2016-08-15,-0.11669
2016-08-16,-0.117176
2016-08-17,-0.117102
2016-08-18,-0.108842
2016-08-21,-0.100236
2016-08-22,-0.091654
2016-08-23,-0.077602
2016-08-24,-0.062822
2016-08-25,-0.049234
2016-08-28,-0.0389
2016-08-29,-0.031338
2016-08-30,-0.024272
2016-08-31,-0.019186
2016-09-01,-0.01598
2016-09-04,-0.008588
2016-09-05,0.000704000000001
2016-09-06,-0.001092
2016-09-07,-0.003414
2016-09-08,-0.004934
2016-09-11,-0.004996
2016-09-12,-0.002234
2016-09-13,0.005196
2016-09-14,0.016616
2016-09-15,0.022502
2016-09-18,0.024086
2016-09-19,0.025206
2016-09-20,0.031934
2016-09-21,0.034864
2016-09-22,0.035702
2016-09-25,0.03352
2016-09-26,0.033066
2016-09-27,0.025222
2016-09-28,0.01335
2016-09-29,0.009486
2016-10-02,0.00875
2016-10-03,0.003968
2016-10-04,0.004118
2016-10-05,0.00581
2016-10-06,0.007924
2016-10-09,0.006072
2016-10-10,0.003396
2016-10-11,0.000863999999998
2016-10-12,-0.000168000000002
2016-10-13,-0.008176
2016-10-16,-0.014782
2016-10-17,-0.015944
2016-10-18,-0.024
2016-10-19,-0.030068
2016-10-20,-0.03888
2016-10-23,-0.045088
2016-10-24,-0.051702
2016-10-25,-0.058436
2016-10-26,-0.063306
2016-10-27,-0.063054
2016-10-31,-0.062916
2016-11-01,-0.063506
2016-11-02,-0.058158
2016-11-03,-0.050094
2016-11-04,-0.038766
2016-11-07,-0.02979
2016-11-08,-0.021616
2016-11-09,-0.014472
2016-11-10,-0.005192
2016-11-11,0.01499
2016-11-14,0.031002
2016-11-15,0.05175
2016-11-16,0.067502
2016-11-17,0.082112
2016-11-18,0.095162
2016-11-21,0.10795
2016-11-22,0.12379
2016-11-23,0.14235
2016-11-24,0.160408
2016-11-25,0.1581
2016-11-28,0.15809
2016-11-29,0.15206
2016-11-30,0.149316
2016-12-01,0.140942
2016-12-02,0.147882
2016-12-05,0.152492
2016-12-06,0.152164
2016-12-07,0.15296
2016-12-08,0.144734
2016-12-09,0.140746
2016-12-12,0.134002
2016-12-13,0.12444
2016-12-14,0.110886
2016-12-15,0.104146
2016-12-16,0.080646
2016-12-19,0.068794
2016-12-20,0.05996
2016-12-21,0.051496
2016-12-22,0.043382
2016-12-23,0.032462
2016-12-26,0.020362
2016-12-27,0.012284
2016-12-28,0.00405
2016-12-29,-0.006928
2016-12-30,-0.020532
2017-01-02,-0.036338
2017-01-03,-0.047518
2017-01-04,-0.05954
2017-01-05,-0.072176
2017-01-06,-0.081684
2017-01-09,-0.086796
2017-01-10,-0.094152
2017-01-11,-0.10083
2017-01-12,-0.108324
2017-01-13,-0.113442
2017-01-16,-0.119172
2017-01-17,-0.124314
2017-01-18,-0.130518
2017-01-19,-0.1289
2017-01-20,-0.125166
2017-01-23,-0.128202
2017-01-24,-0.12601
2017-01-25,-0.12313
2017-01-26,-0.120266
2017-01-27,-0.11621
2017-01-30,-0.118476
2017-01-31,-0.124738
2017-02-01,-0.126438
2017-02-02,-0.130536
2017-02-03,-0.132412
2017-02-06,-0.128662
2017-02-07,-0.127592
2017-02-08,-0.12605
2017-02-09,-0.125502
2017-02-10,-0.121348
2017-02-13,-0.114246
2017-02-14,-0.109588
2017-02-15,-0.109976
2017-02-16,-0.110656
2017-02-17,-0.108432
2017-02-20,-0.105202
2017-02-21,-0.102986
2017-02-22,-0.10046
2017-02-23,-0.099686
2017-02-24,-0.100428
2017-02-27,-0.095762
2017-02-28,-0.09107
2017-03-01,-0.083488
2017-03-02,-0.075534
2017-03-03,-0.06619
2017-03-06,-0.06075
2017-03-07,-0.052932
2017-03-08,-0.047662
2017-03-09,-0.035498
2017-03-10,-0.021178
2017-03-13,-0.013774
2017-03-14,-0.006432
2017-03-15,0.001134
2017-03-16,0.004588
2017-03-17,0.002626
2017-03-20,0.001998
2017-03-21,-0.002132
2017-03-22,-0.002888
2017-03-23,-0.008108
2017-03-24,-0.012454
2017-03-26,-0.014692
2017-03-27,-0.015106
2017-03-28,-0.016208
2017-03-29,-0.011838
2017-03-30,-0.008054
2017-04-02,-0.004124
2017-04-03,0.00105
2017-04-04,0.003392
2017-04-05,0.00785
2017-04-06,0.008882
2017-04-09,0.01168
2017-04-10,0.012214
2017-04-11,0.01232
2017-04-12,0.01255
2017-04-13,0.011622
2017-04-16,0.013328
2017-04-17,0.014726
2017-04-18,0.01602
2017-04-19,0.018242
2017-04-20,0.018436
2017-04-23,0.017852
2017-04-24,0.017034
2017-04-25,0.016754
2017-04-26,0.019214
2017-04-27,0.021212
2017-04-30,0.02284
2017-05-01,0.025528
2017-05-02,0.028772
2017-05-03,0.028156
2017-05-04,0.029444
2017-05-07,0.030872
2017-05-08,0.03599
2017-05-09,0.038374
2017-05-10,0.036284
2017-05-11,0.032386
2017-05-14,0.031392
2017-05-15,0.025282
2017-05-16,0.020244
2017-05-17,0.017892
2017-05-18,0.032748
2017-05-21,0.038192
2017-05-22,0.042832
2017-05-23,0.048914
2017-05-24,0.056278
2017-05-25,0.066644
2017-05-28,0.064822
2017-05-29,0.075854
2017-05-30,0.088506
2017-05-31,0.09487
2017-06-01,0.080652
2017-06-04,0.077452
2017-06-05,0.077104
2017-06-06,0.075092
2017-06-07,0.071498
2017-06-08,0.06787
2017-06-11,0.066752
2017-06-12,0.068808
2017-06-13,0.070252
2017-06-14,0.071942
2017-06-15,0.07176
2017-06-18,0.072822
2017-06-19,0.068336
2017-06-20,0.069512
2017-06-21,0.071924
2017-06-22,0.075988
2017-06-25,0.088412
2017-06-26,0.082932
2017-06-27,0.078582
2017-06-28,0.076648
2017-06-29,0.076446
2017-07-02,0.064738
2017-07-03,0.063208
2017-07-04,0.058338
2017-07-05,0.05138
2017-07-06,0.044816
2017-07-09,0.028404
2017-07-10,0.0246396825397
2017-07-11,0.0159952380952
2017-07-12,0.0070052154195
2017-07-13,-0.00380702947846
2017-07-16,-0.00380702947846
2017-07-17,-0.0167523809524
2017-07-18,-0.0334453514739
2017-07-19,-0.0485557823129
2017-07-20,-0.0680131519274
2017-07-23,-0.0680131519274
2017-07-24,-0.0723708163265
2017-07-25,-0.0820995918367
2017-07-26,-0.0891132653061
2017-07-27,-0.0904369387755
2017-07-30,-0.0888940816327
2017-07-31,-0.0915851020408
2017-08-01,-0.0915995918367
2017-08-02,-0.0918434693878
2017-08-03,-0.0892273469388
2017-08-06,-0.0930795918367
2017-08-07,-0.0924220408163
2017-08-08,-0.0942928571429
2017-08-09,-0.0913271428571
2017-08-10,-0.0876883673469
2017-08-13,-0.0862291836735
2017-08-14,-0.0778667346939
2017-08-15,-0.0711744897959
2017-08-16,-0.0648891836735
2017-08-17,-0.0569479591837
2017-08-20,-0.0521079591837
2017-08-21,-0.0450912244898
2017-08-22,-0.0384904081633
2017-08-23,-0.03707
2017-08-24,-0.037186122449
2017-08-27,-0.0364351020408
2017-08-28,-0.0362220408163
2017-08-29,-0.0332702040816
2017-08-30,-0.0289669387755
2017-08-31,-0.027743877551
2017-09-03,-0.0244010204082
2017-09-04,-0.0235895918367
2017-09-05,-0.0240555102041
2017-09-06,-0.0244893877551
2017-09-07,-0.0251936734694
2017-09-10,-0.0232936734694
2017-09-11,-0.0258057142857
2017-09-12,-0.0262132653061
2017-09-13,-0.0257618367347
2017-09-14,-0.0248946938776
2017-09-17,-0.0303069387755
2017-09-18,-0.03043
2017-09-19,-0.026324
2017-09-20,-0.02153
2017-09-21,-0.01633
2017-09-24,-0.020666
2017-09-25,-0.014428
2017-09-26,-0.010452
2017-09-27,-0.005306
2017-09-28,-0.000276000000002
2017-10-01,0.00538
2017-10-02,0.00701
2017-10-03,0.008418
2017-10-04,0.008764
2017-10-05,0.010558
2017-10-08,0.014202
2017-10-09,0.015932
2017-10-10,0.016222
2017-10-11,0.012852
2017-10-12,0.010512
2017-10-15,0.008454
2017-10-16,0.009272
2017-10-17,0.010198
2017-10-18,0.013532
2017-10-19,0.014956
2017-10-22,0.018232
2017-10-23,0.022048
2017-10-24,0.027028
2017-10-25,0.031582
2017-10-26,0.041068
2017-10-30,0.048786
2017-10-31,0.058
2017-11-01,0.067168
2017-11-02,0.07424
2017-11-03,0.081848
2017-11-06,0.08934
2017-11-07,0.089048
2017-11-08,0.08968
2017-11-09,0.08984
2017-11-10,0.084006
2017-11-13,0.086192
2017-11-14,0.082322
2017-11-15,0.08263
2017-11-16,0.0812770975057
2017-11-17,0.0801625
2017-11-20,0.0738
2017-11-21,0.0713479166667
2017-11-22,0.0669270833333
2017-11-23,0.061475
2017-11-24,0.0557958333333
2017-11-27,0.0477916666667
2017-11-28,0.0396979166667
2017-11-29,0.0253208333333
2017-11-30,0.0240583333333
2017-12-01,0.02474375
2017-12-04,0.0222441666667
2017-12-05,0.0193270833333
2017-12-06,0.0160354166667
2017-12-07,0.0162920833333
2017-12-08,0.0207675
2017-12-11,0.0236658333333
2017-12-12,0.0282225
2017-12-13,0.03418125
2017-12-14,0.0369070833333
2017-12-15,0.0399104166667
2017-12-18,0.0405266666667
2017-12-19,0.04315625
2017-12-20,0.04567
2017-12-21,0.0492483333333
2017-12-22,0.0483375
2017-12-25,0.0493616666667
2017-12-26,0.04914
2017-12-27,0.0466
2017-12-28,0.0440866666667
2017-12-29,0.0381108333333
2018-01-01,0.0372395833333
2018-01-02,0.03769375
2018-01-03,0.0343070833333
2018-01-04,0.0281175
2018-01-05,0.02186
2018-01-08,0.0108908333333
2018-01-09,0.00224708333333
2018-01-10,-0.00356791666667
2018-01-11,-0.01142875
2018-01-12,-0.02006875
2018-01-15,-0.0288441666667
2018-01-16,-0.03790125
2018-01-17,-0.04042375
2018-01-18,-0.0411475
2018-01-19,-0.0430391666667
2018-01-22,-0.0445270833333
2018-01-23,-0.0467904166667
2018-01-24,-0.04632875
2018-01-25,-0.0521165306123
2018-01-26,-0.056634
2018-01-29,-0.059534
2018-01-30,-0.063486
2018-01-31,-0.06625
2018-02-01,-0.069236
2018-02-02,-0.072244
2018-02-05,-0.069824
2018-02-06,-0.064478
2018-02-07,-0.065162
2018-02-08,-0.053184
2018-02-09,-0.039682
2018-02-12,-0.02637
2018-02-13,-0.013358
2018-02-14,-0.00296600000001
2018-02-15,0.000545999999994
2018-02-16,0.00803199999999
2018-02-19,0.010504
2018-02-20,0.00910799999999
2018-02-21,0.012174
2018-02-22,0.012764
2018-02-23,0.011008
2018-02-26,0.00674399999999
2018-02-27,0.000953999999995
2018-02-28,-0.00281600000001
2018-03-01,0.001078
2018-03-02,0.00457399999999
2018-03-05,0.008482
2018-03-06,0.011162
2018-03-07,0.00856599999999
2018-03-08,0.00750399999999
2018-03-09,0.010144
2018-03-12,0.013064
2018-03-13,0.017858
2018-03-14,0.01886
2018-03-15,0.01977
2018-03-16,0.022
2018-03-19,0.02398
2018-03-20,0.027388
2018-03-21,0.03622
2018-03-22,0.038274
2018-03-23,0.041076
2018-03-25,0.04464
2018-03-26,0.047698
2018-03-27,0.052114
2018-03-28,0.056252
2018-03-29,0.056424
2018-04-01,0.056468
2018-04-02,0.056824
2018-04-03,0.057816
2018-04-04,0.059664
2018-04-05,0.05852
2018-04-08,0.05949
2018-04-09,0.065212
2018-04-10,0.069096
2018-04-11,0.070708
2018-04-12,0.076512
2018-04-15,0.084564
2018-04-16,0.092134
2018-04-17,0.095326
2018-04-18,0.098122
2018-04-19,0.10027
2018-04-22,0.102432
2018-04-23,0.102124
2018-04-24,0.104998
2018-04-25,0.110484
2018-04-26,0.111848
2018-04-29,0.11063
2018-04-30,0.114146
2018-05-01,0.11914
2018-05-02,0.13075
2018-05-03,0.139582
2018-05-06,0.144996
2018-05-07,0.148492
2018-05-08,0.151264
2018-05-09,0.155294
2018-05-10,0.156834
2018-05-13,0.164248
2018-05-14,0.168216
2018-05-15,0.173662
2018-05-16,0.177512
2018-05-17,0.185782
2018-05-20,0.197426
2018-05-21,0.201768
2018-05-22,0.202432
2018-05-23,0.19862
2018-05-24,0.20116
2018-05-27,0.196568
2018-05-28,0.198826
2018-05-29,0.198058
2018-05-30,0.19384
2018-05-31,0.188372
2018-06-03,0.18175
2018-06-04,0.179946
2018-06-05,0.186148
2018-06-06,0.197446
2018-06-07,0.210762
2018-06-10,0.210574
2018-06-11,0.200046
2018-06-12,0.191624
2018-06-13,0.183472
2018-06-14,0.182424
2018-06-17,0.17191
2018-06-18,0.165576
2018-06-19,0.152892
2018-06-20,0.137542
2018-06-21,0.1169
2018-06-24,0.1178
2018-06-25,0.11725
2018-06-26,0.11753
2018-06-27,0.122
2018-06-28,0.118014
2018-07-01,0.123466
2018-07-02,0.130832
2018-07-03,0.137466
2018-07-04,0.143054
2018-07-05,0.150532
2018-07-08,0.150336
2018-07-09,0.152646
2018-07-10,0.148396
2018-07-11,0.143466
2018-07-12,0.138504
2018-07-15,0.129406
2018-07-16,0.11761
2018-07-17,0.10609
2018-07-18,0.094732
2018-07-19,0.078872
2018-07-22,0.066004
2018-07-23,0.053738
2018-07-24,0.04489
2018-07-25,0.02568
2018-07-26,0.011056
2018-07-29,-0.002228
2018-07-30,-0.016066
2018-07-31,-0.026496
2018-08-01,-0.039144
2018-08-02,-0.04916
2018-08-05,-0.057532
2018-08-06,-0.062128
2018-08-07,-0.062216
2018-08-08,-0.054806
2018-08-09,-0.050828
2018-08-12,-0.037474
2018-08-13,-0.024834
2018-08-14,-0.014896
2018-08-15,-0.000680000000004
2018-08-16,0.014806
2018-08-19,0.031458
2018-08-20,0.049464
2018-08-21,0.072594
2018-08-22,0.092912
2018-08-23,0.118016
2018-08-26,0.134274
2018-08-27,0.147198
2018-08-28,0.16637
2018-08-29,0.180132
2018-08-30,0.196932
2018-09-02,0.205974
2018-09-03,0.21726
2018-09-04,0.220622
2018-09-06,0.224542
