Date,macdh
2010-01-04,0.0
2010-01-05,0.000358974358974
2010-01-06,0.000141245720131
2010-01-07,0.000399602223167
2010-01-08,5.46985341036e-05
2010-01-11,-0.000174817502844
2010-01-12,0.000147810490536
2010-01-13,0.000912498355211
2010-01-14,0.00262844282099
2010-01-15,0.00339220002703
2010-01-18,0.00347451122502
2010-01-19,0.00419865026309
2010-01-20,0.00567199365403
2010-01-21,0.00716997257839
2010-01-22,0.00924953279693
2010-01-25,0.00645631244326
2010-01-26,0.00920121982672
2010-01-27,0.0118165988447
2010-01-28,0.0144662050813
2010-01-29,0.0155955843009
2010-02-01,0.0140815400228
2010-02-02,0.00867183514833
2010-02-03,0.0066808792962
2010-02-04,0.00811350309865
2010-02-05,0.00849404662833
2010-02-08,0.00667028420744
2010-02-09,0.00158495797869
2010-02-10,-0.0011660785782
2010-02-11,-0.00307814243885
2010-02-12,-0.00364870602481
2010-02-15,-0.00498668737804
2010-02-16,-0.00693912423091
2010-02-17,-0.00923395981201
2010-02-18,-0.0121430656199
2010-02-19,-0.0154435758925
2010-02-22,-0.0163826232243
2010-02-23,-0.014896953751
2010-02-24,-0.0134611197922
2010-02-25,-0.00986077595947
2010-02-26,-0.0108580268604
2010-03-01,-0.0119711834813
2010-03-02,-0.0201456969121
2010-03-03,-0.0173672100895
2010-03-04,-0.0146176255479
2010-03-05,-0.0133604357172
2010-03-08,-0.0109402410716
2010-03-09,-0.00918634570373
2010-03-10,-0.00908158574269
2010-03-11,-0.00824897595015
2010-03-12,-0.00811107852266
2010-03-15,-0.00734625838864
2010-03-16,-0.0056599164123
2010-03-17,-0.00460167391201
2010-03-18,-0.00232244775973
2010-03-19,0.00249752783311
2010-03-22,0.00613327070791
2010-03-23,0.00599663681757
2010-03-24,0.00741439309492
2010-03-25,0.00883165249778
2010-03-26,0.0124689334526
2010-03-28,0.0124081586183
2010-03-29,0.00997819140055
2010-03-30,0.00634440191651
2010-03-31,0.00190314376013
2010-04-01,-0.000952054765804
2010-04-04,-0.00318163848737
2010-04-05,-0.00527606811382
2010-04-06,-0.00316374749389
2010-04-07,-0.00207470710297
2010-04-08,-0.00142536766032
2010-04-11,-0.00270979440771
2010-04-12,-0.00868128423066
2010-04-13,-0.00769319250264
2010-04-14,-0.00600264750941
2010-04-15,-0.00366669308027
2010-04-18,-0.00130749305284
2010-04-19,-0.000569430305671
2010-04-20,-0.000464788467373
2010-04-21,0.00178559890213
2010-04-22,0.00319549241311
2010-04-25,0.0016913878825
2010-04-26,0.00350687482761
2010-04-27,0.00374466885384
2010-04-28,0.000398005639162
2010-04-29,-0.00185999655333
2010-05-02,-0.00272667992947
2010-05-03,-0.000629830322775
2010-05-04,0.00477167622186
2010-05-05,0.0149854346044
2010-05-06,0.0226857887833
2010-05-09,0.0168780641857
2010-05-10,0.012459904952
2010-05-11,0.00878429977215
2010-05-12,0.00555543762539
2010-05-13,0.00735518832203
2010-05-16,0.00815211230159
2010-05-17,0.009778187754
2010-05-18,0.0119440614633
2010-05-19,0.0195892602629
2010-05-20,0.0183457469281
2010-05-23,0.0183672771271
2010-05-24,0.0179777128718
2010-05-25,0.0158043609601
2010-05-26,0.00729564280838
2010-05-27,0.00102555856996
2010-05-30,-0.00328536358351
2010-05-31,-0.00364657094177
2010-06-01,-0.00438878867996
2010-06-02,-0.00641834141759
2010-06-03,-0.00516508588548
2010-06-06,8.26262999478e-05
2010-06-07,0.00129291252851
2010-06-08,-0.000604252374906
2010-06-09,-0.00584141747423
2010-06-10,-0.00918327712313
2010-06-13,-0.012315181102
2010-06-14,-0.0160421201855
2010-06-15,-0.0174469948006
2010-06-16,-0.0177424745268
2010-06-17,-0.0187798786623
2010-06-20,-0.0196235828504
2010-06-21,-0.0187254267996
2010-06-22,-0.0127962609654
2010-06-23,-0.0112445919535
2010-06-24,-0.00941655582888
2010-06-27,-0.00742585017177
2010-06-28,-0.00238305656273
2010-06-29,-0.00113594454078
2010-06-30,0.000847290295097
2010-07-01,-0.000949191254504
2010-07-04,-0.00204460847893
2010-07-05,-0.00331497196813
2010-07-06,-0.00405926363836
2010-07-07,-0.0037491091672
2010-07-08,-0.00472576307974
2010-07-11,-0.00446870236781
2010-07-12,-0.00441166787574
2010-07-13,-0.00268608754568
2010-07-14,-0.00076482486537
2010-07-15,0.00227775823188
2010-07-18,0.00472254247473
2010-07-19,0.00457329407674
2010-07-20,0.0041101785907
2010-07-21,0.00232930814254
2010-07-22,0.00127832716404
2010-07-25,0.00134964940311
2010-07-26,0.000841256249859
2010-07-27,0.000823862580887
2010-07-28,0.00122812270869
2010-07-29,0.000749495536755
2010-08-01,-0.00144612524386
2010-08-02,-0.00122998469546
2010-08-03,-0.000889177001406
2010-08-04,-0.000626467401528
2010-08-05,-0.000169782988571
2010-08-08,-0.00560113499375
2010-08-09,-0.00300220786671
2010-08-10,9.71496073051e-05
2010-08-11,0.00328365522761
2010-08-12,0.00499732908688
2010-08-15,0.000287683410782
2010-08-16,0.00172824883796
2010-08-17,0.00171116139855
2010-08-18,0.00187510130056
2010-08-19,0.00351809554223
2010-08-22,-0.001613059814
2010-08-23,0.00157379037823
2010-08-24,0.00356220582119
2010-08-25,0.00524870483681
2010-08-26,0.00503739460673
2010-08-29,-0.00255413215317
2010-08-30,4.23499204973e-05
2010-08-31,0.00114081836102
2010-09-01,0.000576474370211
2010-09-02,0.000223479123727
2010-09-05,-0.00827533779399
2010-09-06,-0.00655867997448
2010-09-07,-0.00435989344319
2010-09-08,-0.00399364463078
2010-09-09,-0.00289709092945
2010-09-12,-0.008949681487
2010-09-13,-0.00590975927489
2010-09-14,-0.0054215516825
2010-09-15,-0.00211700234552
2010-09-16,-0.000202294173948
2010-09-19,-0.00542340548546
2010-09-20,-0.000408265625567
2010-09-21,0.00271976525367
2010-09-22,-0.00165720270638
2010-09-23,0.00144172798741
2010-09-26,-0.00328166124028
2010-09-27,-0.000157347640162
2010-09-28,0.00202979738504
2010-09-29,0.00280826913958
2010-09-30,0.00241409532144
2010-10-03,-0.00574537725599
2010-10-04,-0.00217253230423
2010-10-05,-0.00323470585732
2010-10-06,-0.00158683022245
2010-10-07,-0.00102898431901
2010-10-10,-0.00702694285192
2010-10-11,-0.00563542462126
2010-10-12,-0.0030930531409
2010-10-13,-0.00329961986252
2010-10-14,-0.00194335478314
2010-10-17,-0.00762588530862
2010-10-18,-0.00211421749455
2010-10-19,0.00405420405744
2010-10-20,0.00608970153438
2010-10-21,0.0097537792088
2010-10-24,0.00540471115778
2010-10-25,0.00977816917573
2010-10-26,0.0125514612475
2010-10-27,0.0159602339682
2010-10-28,0.0167187394549
2010-11-01,0.00785037847536
2010-11-02,0.00940055485989
2010-11-03,0.00954137133319
2010-11-04,0.00765927246838
2010-11-05,0.00429689391565
2010-11-08,0.00254718968054
2010-11-09,0.00351516389671
2010-11-10,0.00395797124438
2010-11-11,0.00582627499598
2010-11-12,0.0081577451413
2010-11-15,0.00264873504033
2010-11-16,0.00536109539976
2010-11-17,0.00878349915278
2010-11-18,0.00915852553565
2010-11-19,0.00689375042794
2010-11-22,0.000167324468324
2010-11-23,0.00194776211538
2010-11-24,0.00448236431244
2010-11-25,0.00425780310461
2010-11-26,0.00294409583225
2010-11-29,0.00363917714005
2010-11-30,0.00214073327309
2010-12-01,0.000630218856431
2010-12-02,-0.00158868937279
2010-12-03,-0.00359559696879
2010-12-06,-0.0131419810921
2010-12-07,-0.01276710545
2010-12-08,-0.0124822778494
2010-12-09,-0.00977701030695
2010-12-10,-0.00610814882191
2010-12-13,-0.00331561173049
2010-12-14,-0.00292148363217
2010-12-15,-0.00251301009602
2010-12-16,-0.00135818188703
2010-12-17,0.00014318687652
2010-12-20,-0.0037694067682
2010-12-21,-0.000842298116852
2010-12-22,0.000221418943814
2010-12-23,0.00077568962319
2010-12-24,0.000252304076415
2010-12-27,-0.00026873366294
2010-12-28,-0.00128367852653
2010-12-29,-0.0011608388891
2010-12-30,-0.00254950633532
2010-12-31,-0.00529196430028
2011-01-03,-0.0126200037861
2011-01-04,-0.0125175475764
2011-01-05,-0.00901099479239
2011-01-06,-0.00525717855563
2011-01-07,-0.0010992213402
2011-01-10,-0.00472746360359
2011-01-11,0.00022633897027
2011-01-12,-0.00257940594747
2011-01-13,-0.00620284664394
2011-01-14,-0.00232343687788
2011-01-17,-0.00226127863874
2011-01-18,0.00241737525135
2011-01-19,0.0040462511155
2011-01-20,0.00483045608854
2011-01-21,0.000782862396235
2011-01-24,-0.00367050415327
2011-01-25,0.000427947866119
2011-01-26,0.00277838339242
2011-01-27,-0.0020441564316
2011-01-28,0.00209237918282
2011-01-31,-0.000119773409559
2011-02-01,0.00282889456727
2011-02-02,0.00444782442252
2011-02-03,0.00504895098542
2011-02-04,0.00601572822079
2011-02-07,0.000778294244797
2011-02-08,-0.00196130587729
2011-02-09,0.00121197472566
2011-02-10,0.00293168215769
2011-02-11,0.00423060879167
2011-02-14,-0.00128304723039
2011-02-15,0.00193773983449
2011-02-16,0.00421848361052
2011-02-17,0.00556387127287
2011-02-18,0.00529528578715
2011-02-21,-0.001152126901
2011-02-22,0.00169565160724
2011-02-23,0.00386008657593
2011-02-24,0.00510381142673
2011-02-25,0.00459595846473
2011-02-28,0.0037211556705
2011-03-01,0.00284518616341
2011-03-02,0.001982393332
2011-03-03,0.000938826546441
2011-03-04,-0.000356933123152
2011-03-07,-0.00236743612624
2011-03-08,-0.00193268650614
2011-03-09,-0.00129832909881
2011-03-10,-0.000722318699516
2011-03-11,0.00024805899846
2011-03-14,0.000495209941111
2011-03-15,0.0017683049536
2011-03-16,0.00227350282417
2011-03-17,0.00411644481349
2011-03-18,0.00550485807826
2011-03-21,0.00405969011821
2011-03-22,0.00290886822338
2011-03-23,0.00146016645002
2011-03-24,0.000535551303983
2011-03-25,-0.00042176032166
2011-03-27,-0.00199936050383
2011-03-28,-0.00161934288171
2011-03-29,-0.00184098033933
2011-03-30,-0.00539781211044
2011-03-31,-0.00751503930807
2011-04-03,-0.01037596446
2011-04-04,-0.0124572649839
2011-04-05,-0.0128147502377
2011-04-06,-0.0112907856675
2011-04-07,-0.012406961719
2011-04-10,-0.0151932452579
2011-04-11,-0.0150931511157
2011-04-12,-0.012248567291
2011-04-13,-0.00945148705148
2011-04-14,-0.00756118964119
2011-04-17,-0.00926723027796
2011-04-18,-0.0061552332607
2011-04-19,-0.00502126524508
2011-04-20,-0.00495527663002
2011-04-21,-0.00419155295878
2011-04-24,-0.00411037672921
2011-04-25,-0.00155584515804
2011-04-26,-0.000886264177049
2011-04-27,0.00024779843908
2011-04-28,0.00392323562825
2011-05-01,0.00337366430315
2011-05-02,0.00492740333639
2011-05-03,0.00739547147922
2011-05-04,0.0111089928984
2011-05-05,0.0156858446557
2011-05-08,0.0146939466224
2011-05-09,0.0155734556247
2011-05-10,0.0144043149887
2011-05-11,0.0147088947102
2011-05-12,0.0138121832259
2011-05-15,0.01503924735
2011-05-16,0.0144601298698
2011-05-17,0.0117343732115
2011-05-18,0.00855746399952
2011-05-19,0.00668046843676
2011-05-22,0.00453303401923
2011-05-23,0.00620340901552
2011-05-24,0.00574462719114
2011-05-25,0.00482699125462
2011-05-26,0.00337981625532
2011-05-29,-0.00135423246682
2011-05-30,-0.00450381707592
2011-05-31,-0.00813743474989
2011-06-01,-0.00835700823975
2011-06-02,-0.00994129926334
2011-06-05,-0.0115377489325
2011-06-06,-0.0104752833754
2011-06-07,-0.0096357753604
2011-06-08,-0.00797831691297
2011-06-09,-0.00576238356295
2011-06-12,-0.00298118446628
2011-06-13,-0.00172893769561
2011-06-14,-0.002018860126
2011-06-15,0.000284971179515
2011-06-16,0.00297230374648
2011-06-19,0.00251656586247
2011-06-20,0.00272081503613
2011-06-21,0.00195836759427
2011-06-22,0.00139012007612
2011-06-23,0.00148003007947
2011-06-26,0.00146452169515
2011-06-27,0.00208155454952
2011-06-28,0.000253176555674
2011-06-29,-0.00190352339686
2011-06-30,-0.00414867913934
2011-07-03,-0.0068705304089
2011-07-04,-0.00778172201743
2011-07-05,-0.00628092662117
2011-07-06,-0.0041871879553
2011-07-07,-0.00439850852347
2011-07-10,-0.00322732512078
2011-07-11,0.000146800697585
2011-07-12,0.00172671514919
2011-07-13,0.00187840243025
2011-07-14,0.00313836259408
2011-07-17,0.00281263765776
2011-07-18,0.0034812445845
2011-07-19,0.0025611041935
2011-07-20,0.0015168879524
2011-07-21,-0.000281118630034
2011-07-24,-0.00107865183633
2011-07-25,-0.00265949204937
2011-07-26,-0.00471894606007
2011-07-27,-0.001880975059
2011-07-28,9.22124881449e-05
2011-07-31,-0.000622040100571
2011-08-01,0.00054019744408
2011-08-02,0.00207628089463
2011-08-03,0.00302126574949
2011-08-04,0.00533873397875
2011-08-07,0.00868909403744
2011-08-08,0.0109217139099
2011-08-09,0.015808634497
2011-08-10,0.0172684620217
2011-08-11,0.0174470600091
2011-08-14,0.0150760883677
2011-08-15,0.00981867247344
2011-08-16,0.00531531597629
2011-08-17,0.0013809191868
2011-08-18,0.00235830347978
2011-08-21,0.00122708128006
2011-08-22,0.00124289188217
2011-08-23,0.000391388934553
2011-08-24,0.000979974571489
2011-08-25,0.00137877113469
2011-08-28,0.000268924387831
2011-08-29,-0.00130776656004
2011-08-30,-0.0033594591306
2011-08-31,-0.00510866789102
2011-09-01,-0.00394850423547
2011-09-04,0.000808515864439
2011-09-05,0.00612652891524
2011-09-06,0.0103802602528
2011-09-07,0.0115249993293
2011-09-08,0.011221914506
2011-09-11,0.0132180197189
2011-09-12,0.0171969058036
2011-09-13,0.0195415466188
2011-09-14,0.0212687764848
2011-09-15,0.0189728495857
2011-09-18,0.0163128258113
2011-09-19,0.0228058292698
2011-09-20,0.0260791953439
2011-09-21,0.0316090001665
2011-09-22,0.0382677566429
2011-09-25,0.0370420159201
2011-09-26,0.0322837566604
2011-09-27,0.0211221434063
2011-09-28,0.0141037718331
2011-09-29,0.00929055772688
2011-10-02,0.00727763703038
2011-10-03,0.0098402008141
2011-10-04,0.00512003707547
2011-10-05,-0.00122317583647
2011-10-06,-0.00960130380088
2011-10-09,-0.0210146447016
2011-10-10,-0.02998278691
2011-10-11,-0.0359481302552
2011-10-12,-0.034110140345
2011-10-13,-0.0358364468998
2011-10-16,-0.0372633650708
2011-10-17,-0.0321270766523
2011-10-18,-0.0289188089439
2011-10-19,-0.0253237123493
2011-10-20,-0.0188216941131
2011-10-23,-0.0165519633691
2011-10-24,-0.0168758078841
2011-10-25,-0.0148769445884
2011-10-26,-0.0134970005564
2011-10-27,-0.0183539587734
2011-10-31,-0.0233647321295
2011-11-01,-0.0246843114872
2011-11-02,-0.0179106483005
2011-11-03,-0.0138196933954
2011-11-04,-0.0107124819854
2011-11-07,-0.0058969716114
2011-11-08,-0.00236847369697
2011-11-09,-0.0012684997934
2011-11-10,0.00176451994494
2011-11-11,0.00409751503364
2011-11-14,0.00286068138229
2011-11-15,0.0045117845411
2011-11-16,0.00662532825845
2011-11-17,0.0077796345518
2011-11-18,0.00738654757931
2011-11-21,0.00846518903292
2011-11-22,0.0120624654941
2011-11-23,0.0146099988699
2011-11-24,0.0214509035218
2011-11-25,0.0265675597202
2011-11-28,0.0288196717045
2011-11-29,0.0252124846626
2011-11-30,0.0196471104837
2011-12-01,0.0105103523305
2011-12-02,0.00271719344398
2011-12-05,-0.0031677826591
2011-12-06,-0.00904712317237
2011-12-07,-0.0111479531899
2011-12-08,-0.0112171992338
2011-12-09,-0.00863095725453
2011-12-12,-0.00934635199489
2011-12-13,-0.0080390684282
2011-12-14,-0.000842764113326
2011-12-15,0.00585304713306
2011-12-16,0.00726317839008
2011-12-19,0.00676320535371
2011-12-20,0.00754017226538
2011-12-21,0.00418391580178
2011-12-22,0.00327910867212
2011-12-23,0.00167887155214
2011-12-26,0.00116509208523
2011-12-27,0.000399296016107
2011-12-28,-0.00010231899497
2011-12-29,0.00140059982212
2011-12-30,0.000478627800102
2012-01-02,-0.000818314646485
2012-01-03,-0.000914730367846
2012-01-04,-0.00579091308739
2012-01-05,-0.0109052561475
2012-01-06,-0.0106811582253
2012-01-09,-0.00965113845553
2012-01-10,-0.00957749655751
2012-01-11,-0.0146036156489
2012-01-12,-0.0165943614746
2012-01-13,-0.0199993313562
2012-01-16,-0.0199184847447
2012-01-17,-0.0203430317051
2012-01-18,-0.0195223949212
2012-01-19,-0.0193748674515
2012-01-20,-0.0198170227743
2012-01-23,-0.0183395796613
2012-01-24,-0.0173155884759
2012-01-25,-0.0147393135264
2012-01-26,-0.011904205465
2012-01-27,0.0025736963892
2012-01-30,-0.00283625825593
2012-01-31,-0.0047478547992
2012-02-01,-0.00560654408845
2012-02-02,-0.00722806893976
2012-02-03,-0.00929006476368
2012-02-06,-0.0101204105655
2012-02-07,-0.00868267177133
2012-02-08,-0.00682342198991
2012-02-09,-0.00571362816178
2012-02-10,-0.00468477340606
2012-02-13,-0.00295856738515
2012-02-14,-0.0017597062569
2012-02-15,-0.000375851273687
2012-02-16,0.00241796495123
2012-02-17,0.00290582928447
2012-02-20,0.00268198198184
2012-02-21,0.00381732739481
2012-02-22,0.00438343685656
2012-02-23,0.003697936426
2012-02-24,0.00443802198067
2012-02-27,0.00424859450457
2012-02-28,0.00417880726412
2012-02-29,0.00322087726526
2012-03-01,0.00520806920778
2012-03-02,0.00611718719435
2012-03-05,0.00870129722612
2012-03-06,0.011248226597
2012-03-07,0.0152719598775
2012-03-08,0.0180610566926
2012-03-09,0.018484944822
2012-03-12,0.0214846352033
2012-03-13,0.0235823725504
2012-03-14,0.0227557397205
2012-03-15,0.0225892892629
2012-03-16,0.0207389396015
2012-03-19,0.0181509188778
2012-03-20,0.0183984856525
2012-03-21,0.0165648992453
2012-03-22,0.0149785845482
2012-03-23,0.0128049339512
2012-03-25,0.00936512188979
2012-03-26,0.00740942641514
2012-03-27,0.00599732895974
2012-03-28,0.00474379644531
2012-03-29,0.00303189996561
2012-04-01,0.00207280491838
2012-04-02,0.00191190195109
2012-04-03,0.00088966949875
2012-04-04,-0.000378361088093
2012-04-05,-0.00210326101367
2012-04-08,-0.00355981474868
2012-04-09,-0.00500621292113
2012-04-10,-0.00426579365667
2012-04-11,-0.00363885371795
2012-04-12,-0.00444778290601
2012-04-15,-0.00360249182233
2012-04-16,-0.00212661071779
2012-04-17,0.000233586286511
2012-04-18,0.00386619070966
2012-04-19,0.0058634582618
2012-04-22,0.00550512865965
2012-04-23,0.00568046796847
2012-04-24,0.00508326181515
2012-04-25,0.00402155988432
2012-04-26,0.00341720552203
2012-04-29,0.00276602158974
2012-04-30,0.00435969937154
2012-05-01,0.00481633483556
2012-05-02,0.00646543619603
2012-05-03,0.00516145118409
2012-05-06,0.00582836406756
2012-05-07,0.00446594261691
2012-05-08,0.00536449622909
2012-05-09,0.00921629636649
2012-05-10,0.00842931609363
2012-05-13,0.0086752853759
2012-05-14,0.0113484422337
2012-05-15,0.012811446461
2012-05-16,0.0124145019314
2012-05-17,0.0119674817644
2012-05-20,0.0122510443479
2012-05-21,0.0124391933078
2012-05-22,0.0182346234849
2012-05-23,0.0124956327328
2012-05-24,0.00752139502676
2012-05-27,-0.00221821439456
2012-05-28,-0.00933639473473
2012-05-29,-0.0127705920781
2012-05-30,-0.0120528749938
2012-05-31,-0.0103384129531
2012-06-03,-0.00766985256699
2012-06-04,-0.00444910982494
2012-06-05,-0.00684837352241
2012-06-06,-0.00733190008556
2012-06-07,-0.00811700904648
2012-06-10,-0.00974624483187
2012-06-11,-0.00550452040952
2012-06-12,-0.00271952780291
2012-06-13,-0.000859746709651
2012-06-14,-0.00187073116534
2012-06-17,-0.00417707095394
2012-06-18,-0.00442073229346
2012-06-19,-0.00897741581735
2012-06-20,-0.0125574610822
2012-06-21,-0.00955272224807
2012-06-24,-0.00713861735978
2012-06-25,-0.00641752701318
2012-06-26,-0.00421528920202
2012-06-27,-0.00305401008648
2012-06-28,-0.00228001085895
2012-07-01,-0.0107696559404
2012-07-02,-0.0189800319442
2012-07-03,-0.0204279744975
2012-07-04,-0.0182679401799
2012-07-05,-0.0171727929498
2012-07-08,-0.0146573825684
2012-07-09,-0.0120011737589
2012-07-10,-0.00971322035922
2012-07-11,-0.00754966569588
2012-07-12,-0.00571345403891
2012-07-15,-0.00428052156331
2012-07-16,-0.00365073142447
2012-07-17,-0.00486367310186
2012-07-18,-0.00570189094515
2012-07-19,-0.00691200632526
2012-07-22,-0.00585095854311
2012-07-23,-0.00317893246084
2012-07-24,-0.000191598423927
2012-07-25,4.19865602281e-05
2012-07-26,-0.00143723855409
2012-07-29,-0.00219888728298
2012-07-30,-9.18173474021e-05
2012-07-31,0.00332015707036
2012-08-01,0.00340689653411
2012-08-02,0.00406470946439
2012-08-05,0.00150121366861
2012-08-06,-2.75259107329e-05
2012-08-07,-0.00119764099832
2012-08-08,-0.00266603067679
2012-08-09,-0.00398305059849
2012-08-12,-0.00502496808849
2012-08-13,-0.00467966679996
2012-08-14,-0.00343402841454
2012-08-15,-0.00274092097569
2012-08-16,-0.00322831851787
2012-08-19,-0.00341440644818
2012-08-20,-0.00334304806029
2012-08-21,-0.003514881598
2012-08-22,-0.00282656864358
2012-08-23,-0.00123310319678
2012-08-26,-7.20016626328e-05
2012-08-27,0.00172742828268
2012-08-28,0.00408395451527
2012-08-29,0.00617180250544
2012-08-30,0.00699770446041
2012-09-02,0.00489294291884
2012-09-03,0.00343726197212
2012-09-04,0.00337586151175
2012-09-05,0.00308622967319
2012-09-06,0.00129599766054
2012-09-09,0.000123917877522
2012-09-10,-0.00140365870257
2012-09-11,-0.00324946593601
2012-09-12,-0.00272720569904
2012-09-13,-0.00297546677351
2012-09-16,-0.00410807631329
2012-09-17,-0.00190994564165
2012-09-18,-0.00174279730997
2012-09-19,-0.00132179543484
2012-09-20,-0.00139891668962
2012-09-23,-0.00125771579094
2012-09-24,-0.000473668881273
2012-09-25,0.000673280006694
2012-09-26,0.0020243199251
2012-09-27,0.00199832689836
2012-09-30,0.00133578789511
2012-10-01,0.000918610636906
2012-10-02,0.000891976845797
2012-10-03,2.45910405598e-05
2012-10-04,-0.000839333844803
2012-10-07,-0.00370881688589
2012-10-08,-0.0012947023566
2012-10-09,0.000567752685592
2012-10-10,0.00284066794977
2012-10-11,0.0040965093496
2012-10-14,0.00503536801612
2012-10-15,0.00454060988718
2012-10-16,0.00371170750372
2012-10-17,0.00252967321672
2012-10-18,0.0011314471164
2012-10-21,0.000166212479413
2012-10-22,-0.000860317116932
2012-10-23,-0.00118026122265
2012-10-24,-0.00151011989117
2012-10-25,-0.00167229681723
2012-10-29,-0.00155113506457
2012-10-30,-0.000680839291621
2012-10-31,-0.000355099889967
2012-11-01,-0.000284836063137
2012-11-02,-3.31181395128e-05
2012-11-05,2.56504565106e-05
2012-11-06,0.000738918441126
2012-11-07,0.000483168191611
2012-11-08,0.000781079647307
2012-11-09,0.00144690888262
2012-11-12,0.00270080970333
2012-11-13,0.00393232683723
2012-11-14,0.00547196309411
2012-11-15,0.00693285100186
2012-11-16,0.00756276667281
2012-11-19,0.0094978260652
2012-11-20,0.00967723948904
2012-11-21,0.00954165259474
2012-11-22,0.010776667999
2012-11-23,0.0117986545937
2012-11-26,0.00866272148713
2012-11-27,0.00617963355925
2012-11-28,0.00428563694285
2012-11-29,0.00376936430568
2012-11-30,0.00347139138508
2012-12-03,0.00773413506354
2012-12-04,0.00783692392736
2012-12-05,0.00709597799501
2012-12-06,0.00196874991907
2012-12-07,-0.00307795415381
2012-12-10,-0.00670495167702
2012-12-11,-0.00857298579083
2012-12-12,-0.00964226729383
2012-12-13,-0.010719998461
2012-12-14,-0.00928426146264
2012-12-17,-0.00799925710005
2012-12-18,-0.00568361414622
2012-12-19,-0.00501298671648
2012-12-20,-0.00689048626861
2012-12-21,-0.00783866831429
2012-12-24,-0.0098088237625
2012-12-25,-0.00826062088964
2012-12-26,-0.00666273028318
2012-12-27,-0.00909726047885
2012-12-28,-0.0110007918497
2012-12-31,-0.0112085814764
2013-01-01,-0.0100362760092
2013-01-02,-0.0094032311661
2013-01-03,-0.00846899765498
2013-01-04,-0.00697998691168
2013-01-07,-0.00768152550475
2013-01-08,-0.00838713054651
2013-01-09,-0.00652476345579
2013-01-10,-0.00391417378549
2013-01-11,-0.004485277971
2013-01-14,-0.00420246793683
2013-01-15,-0.0033003433783
2013-01-16,-0.00264027470264
2013-01-17,-0.000692221569499
2013-01-18,0.00018262629867
2013-01-21,-0.000140722775416
2013-01-22,0.00116250911285
2013-01-23,0.0024083582235
2013-01-24,0.00224970499377
2013-01-25,0.0014834511189
2013-01-28,0.0011101873027
2013-01-29,-0.00354128998756
2013-01-30,-0.00703452837232
2013-01-31,-0.008359790296
2013-02-01,-0.00820982208603
2013-02-04,-0.00797815175696
2013-02-05,-0.00608851999121
2013-02-06,-0.00583321468719
2013-02-07,-0.00470489583027
2013-02-08,-0.00632196693062
2013-02-11,-0.00585746475621
2013-02-12,-0.00487092603883
2013-02-13,-0.00391862897431
2013-02-14,-0.00338571677389
2013-02-15,-0.00354236587255
2013-02-18,-0.00196928321883
2013-02-19,-0.00123374682631
2013-02-20,-0.0010967786722
2013-02-21,0.000183509832322
2013-02-22,0.0028096910495
2013-02-25,0.00430584741253
2013-02-26,0.00679617789921
2013-02-27,0.00851834723191
2013-02-28,0.00846806354006
2013-03-01,0.00868823489244
2013-03-04,0.00905924076444
2013-03-05,0.00778129113555
2013-03-06,0.00569719675333
2013-03-07,0.00534061769553
2013-03-08,0.00360552384891
2013-03-11,0.000274817348737
2013-03-12,0.000317167022532
2013-03-13,0.0015670483329
2013-03-14,0.00319920418869
2013-03-15,0.00429062460244
2013-03-18,0.00577840630353
2013-03-19,0.00706692365364
2013-03-20,0.00761195925615
2013-03-21,0.00789989184214
2013-03-22,0.0104017343359
2013-03-25,0.0116771877812
2013-03-26,0.0118483965499
2013-03-27,0.0124896254493
2013-03-28,0.0116298895116
2013-03-29,0.0115944157333
2013-03-31,0.0108781670228
2013-04-01,0.0092762335035
2013-04-02,0.00812557625125
2013-04-03,0.00715932938094
2013-04-04,0.00499122068558
2013-04-07,-0.000557232502791
2013-04-08,-0.0033281271084
2013-04-09,-0.00619501744309
2013-04-10,-0.00874087035757
2013-04-11,-0.00978410182747
2013-04-14,-0.0111097178823
2013-04-15,-0.00736362661389
2013-04-16,-0.00638464843077
2013-04-17,-0.00387250063898
2013-04-18,-0.00408184527138
2013-04-21,-0.00101352782122
2013-04-22,0.00231751145999
2013-04-23,0.00458706550455
2013-04-24,0.00450518036086
2013-04-25,0.00298174364386
2013-04-28,0.00106166911184
2013-04-29,0.00133916168054
2013-04-30,0.000858175082674
2013-05-01,0.000486524673364
2013-05-02,0.000839838180883
2013-05-05,0.000772105412153
2013-05-06,0.000697488871052
2013-05-07,0.000544310339542
2013-05-08,-0.000289410672978
2013-05-09,0.000243062958394
2013-05-12,0.00108013786484
2013-05-13,0.000517570254478
2013-05-14,0.00163296809115
2013-05-15,0.00237232620911
2013-05-16,0.00298497536928
2013-05-19,0.00423227774797
2013-05-20,0.00527907557765
2013-05-21,0.00518885938484
2013-05-22,0.00638263605693
2013-05-23,0.00609611072151
2013-05-26,0.00619745849073
2013-05-27,0.0066245855384
2013-05-28,0.00896694192612
2013-05-29,0.0140512218141
2013-05-30,0.0163309831569
2013-06-02,0.0143733187035
2013-06-03,0.0161090237646
2013-06-04,0.0163689465005
2013-06-05,0.0154487343715
2013-06-06,0.0139550238657
2013-06-09,0.011854799097
2013-06-10,0.00945750109062
2013-06-11,0.00697811842797
2013-06-12,0.00779046594593
2013-06-13,0.00279453018582
2013-06-16,-0.00360808987412
2013-06-17,0.0011682042974
2013-06-18,0.00483596819263
2013-06-19,0.0123025528747
2013-06-20,0.0198034498636
2013-06-23,0.0206717421415
2013-06-24,0.0178390387422
2013-06-25,0.0124753731752
2013-06-26,0.00468043306357
2013-06-27,6.08457472483e-05
2013-06-30,-0.00441966648501
2013-07-01,-0.0033861035499
2013-07-02,-0.000193704370219
2013-07-03,0.00317659077437
2013-07-04,0.00218594971783
2013-07-07,0.000921201326538
2013-07-08,0.00114428224651
2013-07-09,-0.000445779475603
2013-07-10,-6.29699076122e-05
2013-07-11,-0.00289245474237
2013-07-14,-0.00396835854584
2013-07-15,-0.0109634429649
2013-07-16,-0.0113085864015
2013-07-17,-0.0148956889868
2013-07-18,-0.0171274495048
2013-07-21,-0.0152776745838
2013-07-22,-0.0157308965663
2013-07-23,-0.0182827364251
2013-07-24,-0.0151077407499
2013-07-25,-0.0131339609182
2013-07-28,-0.00986787090136
2013-07-29,-0.00613196135905
2013-07-30,-0.00220686336056
2013-07-31,-0.000725166190242
2013-08-01,0.00338652206749
2013-08-04,0.0032180853838
2013-08-05,0.00493778412326
2013-08-06,0.00442101080928
2013-08-07,0.0045999277816
2013-08-08,0.000791611627795
2013-08-11,-0.00331411809798
2013-08-12,-0.00409048918212
2013-08-13,-0.00141541797044
2013-08-14,0.00132036208944
2013-08-15,0.00464976375698
2013-08-18,0.0124291232279
2013-08-19,0.0190387615786
2013-08-20,0.0197007469432
2013-08-21,0.0254386693144
2013-08-22,0.0251669583737
2013-08-25,0.0119339589164
2013-08-26,0.00626624352133
2013-08-27,0.000709172070176
2013-08-28,-0.00679905416412
2013-08-29,-0.0100795423204
2013-09-01,-0.00911123593905
2013-09-02,-0.00940273788449
2013-09-03,-0.0120936469161
2013-09-04,-0.0134905448516
2013-09-05,-0.0189757102609
2013-09-08,-0.0244461502649
2013-09-09,-0.0304455570962
2013-09-10,-0.0319126203594
2013-09-11,-0.0328015646479
2013-09-12,-0.0317645148207
2013-09-15,-0.029081058773
2013-09-16,-0.0253634755961
2013-09-17,-0.0257041392125
2013-09-18,-0.0331579157473
2013-09-19,-0.0341376448331
2013-09-22,-0.0314792326447
2013-09-23,-0.0294033282795
2013-09-24,-0.0263814003619
2013-09-25,-0.01907404012
2013-09-26,-0.0110667398429
2013-09-29,-0.00709959354801
2013-09-30,-0.00450358605302
2013-10-01,-0.00272687829766
2013-10-02,-0.00392463159276
2013-10-03,-0.0020265533619
2013-10-06,9.60820221889e-05
2013-10-07,7.68656177511e-05
2013-10-08,0.00146149251511
2013-10-09,0.00248785139792
2013-10-10,-0.000112561022528
2013-10-13,-0.00191333944748
2013-10-14,-0.00117562668789
2013-10-15,-0.000286346203745
2013-10-16,0.000955700059258
2013-10-17,-0.000387039551635
2013-10-20,-0.00235209050024
2013-10-21,0.000398918139382
2013-10-22,0.00248473808883
2013-10-23,0.00632397537926
2013-10-24,0.0107059056762
2013-10-28,0.0112444100995
2013-10-29,0.0105346852938
2013-10-30,0.010518256217
2013-10-31,0.0102204751949
2013-11-01,0.0163071118849
2013-11-04,0.0220949904366
2013-11-05,0.0234250732007
2013-11-06,0.0278681511011
2013-11-07,0.0299846052434
2013-11-08,0.0323967308238
2013-11-11,0.0330168843422
2013-11-12,0.0339447335258
2013-11-13,0.0329219705531
2013-11-14,0.0301500508317
2013-11-15,0.0242912059939
2013-11-18,0.0195836933436
2013-11-19,0.00816722966023
2013-11-20,0.00124573745773
2013-11-21,-0.00357909830096
2013-11-22,-0.00257134176653
2013-11-25,-0.00579861009352
2013-11-26,-0.00700918931861
2013-11-27,-0.00611333965881
2013-11-28,-0.00136073756264
2013-11-29,-0.000200059256373
2013-12-02,0.00221214939156
2013-12-03,0.00611757399724
2013-12-04,0.010384154864
2013-12-05,0.0140317380202
2013-12-06,0.0111088777404
2013-12-09,0.00386442802724
2013-12-10,-0.00194756675081
2013-12-11,-0.00734253369379
2013-12-12,-0.00660870476095
2013-12-13,-0.00707728659529
2013-12-16,-0.00829709343641
2013-12-17,-0.00928041161193
2013-12-18,-0.0106036844432
2013-12-19,-0.00962441120107
2013-12-20,-0.00556110687507
2013-12-23,0.000566579445231
2013-12-24,0.000410468628527
2013-12-25,0.000135745480968
2013-12-26,-0.000441516546569
2013-12-27,-0.00136843689607
2013-12-30,-0.00458003581209
2013-12-31,-0.00335618262953
2014-01-01,-0.00271236774394
2014-01-02,-0.00271479667324
2014-01-03,0.00067278588101
2014-01-06,0.000801203721242
2014-01-07,0.000842926910315
2014-01-08,-9.23704038297e-05
2014-01-09,0.00201984492987
2014-01-10,0.0024437477668
2014-01-13,-0.00210991451721
2014-01-14,-0.00471687610898
2014-01-15,-0.00704085017184
2014-01-16,-0.00788842050614
2014-01-17,-0.00759506704348
2014-01-20,-0.00890709063923
2014-01-21,-0.0103578675963
2014-01-22,-0.00869503860628
2014-01-23,-0.00584985202996
2014-01-24,-0.00118705554926
2014-01-27,0.00194859601419
2014-01-28,0.00688067405643
2014-01-29,0.0100866308701
2014-01-30,0.0125301222495
2014-01-31,0.0101786437966
2014-02-03,0.00965658495163
2014-02-04,0.0104652128696
2014-02-05,0.00620926060995
2014-02-06,0.00152758564048
2014-02-07,-0.00382988054137
2014-02-10,-0.00782812850816
2014-02-11,-0.00624178750833
2014-02-12,-0.00579310958683
2014-02-13,-0.00346420555702
2014-02-14,-0.00538033956074
2014-02-17,-0.00740676823661
2014-02-18,-0.00879212438182
2014-02-19,-0.00884065054917
2014-02-20,-0.00820726516852
2014-02-21,-0.010007131102
2014-02-24,-0.0144402150426
2014-02-25,-0.017105961175
2014-02-26,-0.0176173497375
2014-02-27,-0.0158563333226
2014-02-28,-0.0176027399014
2014-03-03,-0.0158766215146
2014-03-04,-0.0128834278369
2014-03-05,-0.0106275599456
2014-03-06,-0.0111231557673
2014-03-07,-0.0103308973878
2014-03-10,-0.00710295206458
2014-03-11,-0.00352245653469
2014-03-12,0.00119699344631
2014-03-13,0.00340632394734
2014-03-14,0.00594815741635
2014-03-17,0.00479915525327
2014-03-18,0.00473011404691
2014-03-19,0.00248456839201
2014-03-20,0.00305841560213
2014-03-21,0.000703698849113
2014-03-24,-0.00109285976611
2014-03-25,-0.00214934721817
2014-03-26,-0.00374105753529
2014-03-27,-0.00643142075294
2014-03-28,-0.0122712176061
2014-03-30,-0.015079489728
2014-03-31,-0.0141085353925
2014-04-01,-0.0138763394187
2014-04-02,-0.0118285919566
2014-04-03,-0.00811063103942
2014-04-06,-0.0108229445205
2014-04-07,-0.0136718390571
2014-04-08,-0.0162854373174
2014-04-09,-0.0188582268707
2014-04-10,-0.0160966596437
2014-04-13,-0.0117079003719
2014-04-14,-0.00798319651608
2014-04-15,-0.00192892631846
2014-04-16,0.00314098669828
2014-04-17,0.00545751894034
2014-04-20,0.00719076136458
2014-04-21,0.00845116038755
2014-04-22,0.0104530455996
2014-04-23,0.00922989209232
2014-04-24,0.00733030839207
2014-04-27,0.0100291052754
2014-04-28,0.00928096422829
2014-04-29,0.0103981603649
2014-04-30,0.0102920515307
2014-05-01,0.01040962184
2014-05-04,0.00828901271572
2014-05-05,0.0103461449176
2014-05-06,0.00945312376119
2014-05-07,0.00702983270737
2014-05-08,0.00529003169838
2014-05-11,0.00348341649939
2014-05-12,0.00273000841021
2014-05-13,0.0025806581031
2014-05-14,0.00107602708223
2014-05-15,0.00234661591845
2014-05-18,0.00257883601752
2014-05-19,0.00187414153807
2014-05-20,0.00282296737047
2014-05-21,0.00250563341827
2014-05-22,0.00311593232143
2014-05-25,0.00458764706696
2014-05-26,0.00573309935901
2014-05-27,0.00782624218121
2014-05-28,0.00822877884329
2014-05-29,0.00768498198874
2014-06-01,0.00875436001179
2014-06-02,0.013796553655
2014-06-03,0.0166679383195
2014-06-04,0.0174796483964
2014-06-05,0.0146333314011
2014-06-08,0.0103248479661
2014-06-09,0.00490656284947
2014-06-10,0.0002780634396
2014-06-11,-0.00126492393836
2014-06-12,-0.00266644234947
2014-06-15,-0.00441028475656
2014-06-16,-0.0040208405676
2014-06-17,9.3999349753e-05
2014-06-18,-0.00236404111869
2014-06-19,-0.00384257903774
2014-06-22,-0.00366365340875
2014-06-23,-0.00513999639716
2014-06-24,-0.00470569104197
2014-06-25,-0.00632780729693
2014-06-26,-0.00838634400952
2014-06-29,-0.00946820369701
2014-06-30,-0.00705163120159
2014-07-01,-0.00682870116894
2014-07-02,-0.00315221084894
2014-07-03,-0.00256376139766
2014-07-06,-0.00157458679441
2014-07-07,0.000855551858019
2014-07-08,0.000766525613613
2014-07-09,0.000518207561486
2014-07-10,0.00186667092957
2014-07-13,0.00257110825405
2014-07-14,0.0016676132218
2014-07-15,0.00218663980805
2014-07-16,0.00310559618721
2014-07-17,0.00802350203993
2014-07-20,0.00651810489463
2014-07-21,0.00475218965955
2014-07-22,0.00216444283206
2014-07-23,0.00142592686005
2014-07-24,0.000835327536462
2014-07-27,0.00131099723226
2014-07-28,0.00120176113616
2014-07-29,0.002069075633
2014-07-30,0.00464700916418
2014-07-31,0.00813863102455
2014-08-03,0.00886151981073
2014-08-04,0.00902899079668
2014-08-05,0.0114482664019
2014-08-06,0.0115649885515
2014-08-07,0.0139074615749
2014-08-10,0.0125765378041
2014-08-11,0.0100692051192
2014-08-12,0.00809449236309
2014-08-13,0.00667908304018
2014-08-14,0.00335024643072
2014-08-17,-0.00148327281775
2014-08-18,-0.0034421106157
2014-08-19,-0.00620725546499
2014-08-20,-0.00606397605157
2014-08-21,-0.00464027447914
2014-08-24,-0.00291204588132
2014-08-25,-0.000579127323743
2014-08-26,-0.00236606804367
2014-08-27,-0.00544918106548
2014-08-28,-0.00807300429368
2014-08-31,-0.0101509001562
2014-09-01,-0.00957199253231
2014-09-02,-0.00922538558835
2014-09-03,-0.00934061171787
2014-09-04,-0.0083012242474
2014-09-07,-0.00744163380779
2014-09-08,-0.00305970292566
2014-09-09,0.00215851038311
2014-09-10,0.00555472996288
2014-09-11,0.00860105539792
2014-09-14,0.00707510179182
2014-09-15,0.0143109603624
2014-09-16,0.0172581867802
2014-09-17,0.0208207562474
2014-09-18,0.0227861963355
2014-09-21,0.0228170452043
2014-09-22,0.0252703689336
2014-09-23,0.026924339437
2014-09-24,0.0222749759293
2014-09-25,0.0235808113517
2014-09-28,0.0219621218291
2014-09-29,0.0222593830233
2014-09-30,0.019696222695
2014-10-01,0.0222454054906
2014-10-02,0.0232962811629
2014-10-05,0.0172244197865
2014-10-06,0.00793723237794
2014-10-07,-0.00321558826326
2014-10-08,-0.0132992776818
2014-10-09,-0.0170357643191
2014-10-12,-0.0203627792253
2014-10-13,-0.0215020132813
2014-10-14,-0.021020861855
2014-10-15,-0.0130302850464
2014-10-16,-0.00618491849702
2014-10-19,-0.00661793675274
2014-10-20,-0.0030618460968
2014-10-21,0.000811228517595
2014-10-22,0.00346556499857
2014-10-23,0.00585991677125
2014-10-27,0.00307677383801
2014-10-28,0.00707909978068
2014-10-29,0.000800562691276
2014-10-30,-0.00380875854307
2014-10-31,-0.0142435897326
2014-11-03,-0.0190582967755
2014-11-04,-0.0115157828522
2014-11-05,-0.00645059376422
2014-11-06,-0.0024486823629
2014-11-07,0.0080726668874
2014-11-10,0.0115165955313
2014-11-11,0.0126407119333
2014-11-12,0.0127974351599
2014-11-13,0.012782682164
2014-11-14,0.0144317483717
2014-11-17,0.0154854641744
2014-11-18,0.0156925878655
2014-11-19,0.0110466761983
2014-11-20,0.00554292879
2014-11-21,0.00118137723998
2014-11-24,-0.00970498759902
2014-11-25,-0.01283074224
2014-11-26,-0.016757657215
2014-11-27,-0.0227040420252
2014-11-28,-0.0220860583159
2014-12-01,-0.0205265959151
2014-12-02,-0.0157061292958
2014-12-03,-0.0113050095549
2014-12-04,-0.0103966331439
2014-12-05,-0.00468142012907
2014-12-08,-0.00152640862569
2014-12-09,0.00148297490823
2014-12-10,0.0019935630284
2014-12-11,0.00482504954496
2014-12-12,0.0102281550235
2014-12-15,0.0130181451369
2014-12-16,0.0190487172602
2014-12-17,0.0268274561677
2014-12-18,0.0267707703793
2014-12-19,0.0179797055855
2014-12-22,0.0105029668502
2014-12-23,0.00532845418936
2014-12-24,0.00477889311248
2014-12-25,0.00347018148803
2014-12-26,0.00225688589844
2014-12-29,0.000332224661553
2014-12-30,-0.000776688584954
2014-12-31,-0.00792591547109
2015-01-01,-0.0126863745328
2015-01-02,-0.0158115331167
2015-01-05,-0.012734075605
2015-01-06,-0.00923252241431
2015-01-07,-0.00797615871484
2015-01-08,-0.00936172622095
2015-01-09,-0.0129857012545
2015-01-12,-0.0193502459588
2015-01-13,-0.0172140998034
2015-01-14,-0.0193186995746
2015-01-15,-0.0235312893984
2015-01-16,-0.0218855918355
2015-01-19,-0.0227819715848
2015-01-20,-0.0184080893514
2015-01-21,-0.0196357322617
2015-01-22,-0.0213040541355
2015-01-23,-0.0247080142037
2015-01-26,-0.0246892994176
2015-01-27,-0.0231082041317
2015-01-28,-0.0221990230338
2015-01-29,-0.0198701007256
2015-01-30,-0.0137542069746
2015-02-02,0.0010192498475
2015-02-03,0.0161282533085
2015-02-04,0.0207525615963
2015-02-05,0.0286880885169
2015-02-06,0.0326144528538
2015-02-09,0.0381767361806
2015-02-10,0.0378380929422
2015-02-11,0.0437006939116
2015-02-12,0.0491630707006
2015-02-13,0.043395226666
2015-02-16,0.0387563956446
2015-02-17,0.03258050547
2015-02-18,0.0262778317089
2015-02-19,0.0212638603489
2015-02-20,0.0199523405928
2015-02-23,0.0173471155488
2015-02-24,0.0152788799207
2015-02-25,0.0100087357546
2015-02-26,0.00675039724568
2015-02-27,0.00802274350983
2015-03-02,-0.00127527693824
2015-03-03,-0.000868730089716
2015-03-04,0.00295906840357
2015-03-05,0.0097832105289
2015-03-06,0.0162163692227
2015-03-09,0.0256295861207
2015-03-10,0.0374819652556
2015-03-11,0.0390776673074
2015-03-12,0.0399942468239
2015-03-13,0.0417371869718
2015-03-16,0.0496445131331
2015-03-17,0.0501537609781
2015-03-18,0.0465997883141
2015-03-19,0.0365586497082
2015-03-20,0.0357091165819
2015-03-23,0.0229574105831
2015-03-24,-0.000531083364404
2015-03-25,-0.0162170707404
2015-03-26,-0.0193631513642
2015-03-27,-0.0245108334408
2015-03-29,-0.0204403568355
2015-03-30,-0.0205740670509
2015-03-31,-0.0261352461522
2015-04-01,-0.0330496140355
2015-04-02,-0.0426590174509
2015-04-05,-0.0480597814939
2015-04-06,-0.0503534157775
2015-04-07,-0.0500178359572
2015-04-08,-0.0584678210857
2015-04-09,-0.0605907700476
2015-04-12,-0.0575669303098
2015-04-13,-0.0474005594979
2015-04-14,-0.0462010944953
2015-04-15,-0.0485500869242
2015-04-16,-0.048881640905
2015-04-19,-0.044577974474
2015-04-20,-0.0407349820947
2015-04-21,-0.0367915662552
2015-04-22,-0.0351289265901
2015-04-23,-0.0369323273436
2015-04-26,-0.038623478685
2015-04-27,-0.0419821205156
2015-04-28,-0.0388517116382
2015-04-29,-0.0322146560324
2015-04-30,-0.0184849731276
2015-05-03,-0.00844127364488
2015-05-04,0.007961834942
2015-05-05,0.0144795969105
2015-05-06,0.015128735649
2015-05-07,0.0142008252365
2015-05-10,0.00685069852274
2015-05-11,0.0131140025395
2015-05-12,0.0117121748319
2015-05-13,0.0129428682372
2015-05-14,0.00735668298605
2015-05-17,0.00391313921013
2015-05-18,0.00363065474663
2015-05-19,0.00679103706109
2015-05-20,0.00481890321293
2015-05-21,0.00800573969085
2015-05-24,0.0164489040571
2015-05-25,0.0215672786451
2015-05-26,0.030742617146
2015-05-27,0.0336261942189
2015-05-28,0.0362440553723
2015-05-31,0.0380798612785
2015-06-01,0.0362175051559
2015-06-02,0.0276361111478
2015-06-03,0.0210376243364
2015-06-04,0.0162862647078
2015-06-07,0.0119345745537
2015-06-08,0.00432012292846
2015-06-09,-0.00299722816147
2015-06-10,-0.0055387411877
2015-06-11,-0.0107356410896
2015-06-14,-0.0100758277196
2015-06-15,-0.00869237612751
2015-06-16,-0.0124346829386
2015-06-17,-0.019152433217
2015-06-18,-0.0217361350939
2015-06-21,-0.0179699233786
2015-06-22,-0.0160216642744
2015-06-23,-0.015508220585
2015-06-24,-0.0118396207094
2015-06-25,-0.00528662248681
2015-06-28,-0.000856525212781
2015-06-29,0.000481074117199
2015-06-30,0.000281390727359
2015-07-01,0.00480776677749
2015-07-02,0.000688563181042
2015-07-05,0.00243082674522
2015-07-06,0.00401035658964
2015-07-07,0.0102077979647
2015-07-08,0.020151283149
2015-07-09,0.0237579264077
2015-07-12,0.0161423651061
2015-07-13,0.00710118395421
2015-07-14,0.001414989751
2015-07-15,-0.00266484801276
2015-07-16,-0.00348850540632
2015-07-19,0.000281528886201
2015-07-20,0.0035033532552
2015-07-21,0.0021331251052
2015-07-22,0.00694994579764
2015-07-23,0.017482325715
2015-07-26,0.0319496383345
2015-07-27,0.0396153752605
2015-07-28,0.0408793785336
2015-07-29,0.0349847989954
2015-07-30,0.0347243624939
2015-08-02,0.0381467864189
2015-08-03,0.0411606042597
2015-08-04,0.0421476526697
2015-08-05,0.041716555531
2015-08-06,0.0441914610195
2015-08-09,0.0421563640812
2015-08-10,0.0250648573382
2015-08-11,0.0161208767522
2015-08-12,0.008733500998
2015-08-13,0.00780730466276
2015-08-16,3.60246836865e-05
2015-08-17,-0.00650014324347
2015-08-18,-0.0132321224074
2015-08-19,-0.0152237721058
2015-08-20,-0.0209847156657
2015-08-23,-0.0197345353382
2015-08-24,-0.0128468861632
2015-08-25,-0.00106001217178
2015-08-26,0.00286919511852
2015-08-27,-0.0017214820484
2015-08-30,-0.00216688552608
2015-08-31,0.00154579972571
2015-09-01,0.0118529848979
2015-09-02,0.024207279436
2015-09-03,0.0268927398356
2015-09-06,0.039091618544
2015-09-07,0.0425614356137
2015-09-08,0.0384431975749
2015-09-09,0.0273869791885
2015-09-10,0.0261052598291
2015-09-13,0.024665276123
2015-09-14,0.0132408631377
2015-09-15,0.00972027370509
2015-09-16,0.00109245865483
2015-09-17,0.00169828518322
2015-09-20,0.00611589322455
2015-09-21,0.00489271457964
2015-09-22,0.0248526326165
2015-09-23,0.0511138463512
2015-09-24,0.0252294335535
2015-09-27,0.0102874653828
2015-09-28,0.0168270730549
2015-09-29,0.0103332294488
2015-09-30,-0.0115324646718
2015-10-01,-0.0197600119931
2015-10-04,-0.0355703183742
2015-10-05,-0.0479689719925
2015-10-06,-0.0630781763079
2015-10-07,-0.0669355576713
2015-10-08,-0.0801746184997
2015-10-11,-0.0886011662717
2015-10-12,-0.0902861430524
2015-10-13,-0.0712871615809
2015-10-14,-0.0670473585187
2015-10-15,-0.0635293339761
2015-10-18,-0.0423454282245
2015-10-19,-0.0316387297994
2015-10-20,-0.0219488732435
2015-10-21,-0.0108297342913
2015-10-22,-0.00811181649346
2015-10-26,-0.00979544886276
2015-10-27,-0.00714115626668
2015-10-28,-0.00808890173841
2015-10-29,-0.00686916860265
2015-10-30,-0.0127578972359
2015-11-02,-0.0152432460944
2015-11-03,-0.0138948403243
2015-11-04,-0.0256693743746
2015-11-05,-0.0282692939399
2015-11-06,-0.0305120445523
2015-11-09,-0.0321282924874
2015-11-10,-0.0272694340711
2015-11-11,-0.0295460397762
2015-11-12,-0.0270518254749
2015-11-13,-0.0233544656674
2015-11-16,-0.0101742844354
2015-11-17,-0.00300732668043
2015-11-18,-0.000270954455615
2015-11-19,-0.00349750639063
2015-11-20,-0.00578961142036
2015-11-23,-0.0144568992182
2015-11-24,-0.015054575938
2015-11-25,-0.0184272798613
2015-11-26,-0.0136502251068
2015-11-27,-0.00961643994507
2015-11-30,0.00701600179071
2015-12-01,0.0207419011241
2015-12-02,0.0266277799884
2015-12-03,0.0269371854368
2015-12-04,0.016266369901
2015-12-07,0.00835153212902
2015-12-08,0.00426855906314
2015-12-09,0.00872137131003
2015-12-10,0.00210062835756
2015-12-11,0.00634080703401
2015-12-14,0.0094738908256
2015-12-15,0.0202476229061
2015-12-16,0.028796462798
2015-12-17,0.0310362316894
2015-12-18,0.0286741708267
2015-12-21,0.0386290375225
2015-12-22,0.0468788375057
2015-12-23,0.0459679456107
2015-12-24,0.0369616946395
2015-12-25,0.0253361326453
2015-12-28,0.015580594054
2015-12-29,0.00131017044002
2015-12-30,-0.00712126719664
2015-12-31,-0.000767249334896
2016-01-01,0.00185181809251
2016-01-04,0.00272848182219
2016-01-05,0.013830752613
2016-01-06,0.0181465054569
2016-01-07,0.0183748741504
2016-01-08,0.0196372460712
2016-01-11,0.0125165020368
2016-01-12,0.0139496523933
2016-01-13,0.0101216281952
2016-01-14,0.00497301467646
2016-01-15,-0.000374663043505
2016-01-18,-0.00472362487701
2016-01-19,-0.00187777955518
2016-01-20,-1.46635987523e-05
2016-01-21,0.0058442126118
2016-01-22,0.0150485228859
2016-01-25,0.0110155350056
2016-01-26,0.00683584752603
2016-01-27,0.000291767261858
2016-01-28,0.000138157607806
2016-01-29,-0.00568927568938
2016-02-01,-0.0188386441224
2016-02-02,-0.0316970804032
2016-02-03,-0.0355861917017
2016-02-04,-0.0487054679733
2016-02-05,-0.0557202129598
2016-02-08,-0.0560656258586
2016-02-09,-0.054535457873
2016-02-10,-0.0521940523574
2016-02-11,-0.0423409696677
2016-02-12,-0.0261065480376
2016-02-15,-0.0169383557981
2016-02-16,-0.00675728512942
2016-02-17,0.00873499084607
2016-02-18,0.00769411842329
2016-02-19,0.0123200415626
2016-02-22,0.013603059986
2016-02-23,0.0043453179984
2016-02-24,-0.000284260718712
2016-02-25,-0.00302046796492
2016-02-26,-0.00485358100663
2016-02-29,-0.0040606955591
2016-03-01,0.00286405274576
2016-03-02,-0.00449130887542
2016-03-03,-0.0129730432157
2016-03-04,-0.029408450662
2016-03-07,-0.0414893661405
2016-03-08,-0.0450587829962
2016-03-09,-0.0481982697823
2016-03-10,-0.0568437354096
2016-03-11,-0.0667109907039
2016-03-14,-0.0740454626062
2016-03-15,-0.0632082632444
2016-03-16,-0.0383422142005
2016-03-17,-0.0228747123534
2016-03-18,-0.0255821629062
2016-03-21,-0.0246116232424
2016-03-22,-0.0224792875088
2016-03-23,-0.0230361060271
2016-03-24,-0.00769798515945
2016-03-25,0.00338907012324
2016-03-27,0.0123969559462
2016-03-28,0.0179929935477
2016-03-29,0.0165213246344
2016-03-30,0.0111059682178
2016-03-31,0.0072042987614
2016-04-03,0.000827416533889
2016-04-04,0.00682466205617
2016-04-05,0.018703446153
2016-04-06,0.0216311518759
2016-04-07,0.0294032554475
2016-04-10,0.0215365132036
2016-04-11,0.00406502035084
2016-04-12,-0.00681577644881
2016-04-13,-0.0108099300992
2016-04-14,-0.0143379783568
2016-04-17,-0.00720925442935
2016-04-18,0.00884541896789
2016-04-19,0.00876456878203
2016-04-20,0.00923761748254
2016-04-21,0.0101268585987
2016-04-24,0.0160446409464
2016-04-25,0.0184111903154
2016-04-26,0.0160501488351
2016-04-27,0.0148336443092
2016-04-28,0.00886339503256
2016-05-01,-0.000444580576381
2016-05-02,0.00276083710733
2016-05-03,0.0129586145893
2016-05-04,0.0183085117554
2016-05-05,0.0199402933568
2016-05-08,0.0163281939682
2016-05-09,0.0157207264332
2016-05-10,0.00976835955364
2016-05-11,0.00320627993396
2016-05-12,0.00342722032953
2016-05-15,0.0108158449916
2016-05-16,0.0109510444692
2016-05-17,0.00999233447986
2016-05-18,0.0186883990376
2016-05-19,0.0240029606722
2016-05-22,0.0260989441974
2016-05-23,0.0276419576573
2016-05-24,0.0276223546172
2016-05-25,0.0276845953086
2016-05-26,0.0272467583121
2016-05-29,0.0290600940761
2016-05-30,0.0234822183312
2016-05-31,0.0208240589459
2016-06-01,0.0190667215201
2016-06-02,0.0155358869662
2016-06-05,0.0053378426517
2016-06-06,-0.00652553626417
2016-06-07,-0.0200212428111
2016-06-08,-0.0373352229819
2016-06-09,-0.0412695307261
2016-06-12,-0.0388786679524
2016-06-13,-0.0272504019946
2016-06-14,-0.0185101445422
2016-06-15,-0.0124555124136
2016-06-16,-0.0086667446453
2016-06-19,-0.0116207405533
2016-06-20,-0.0151351863769
2016-06-21,-0.0134853161505
2016-06-22,-0.0160826817663
2016-06-23,-0.021105500986
2016-06-26,-0.0186579372057
2016-06-27,-0.0127753436729
2016-06-28,-0.0188546670513
2016-06-29,-0.0292746127998
2016-06-30,-0.0375647301966
2016-07-03,-0.0368010807727
2016-07-04,-0.0260813675257
2016-07-05,-0.015661037664
2016-07-06,-0.00373082059506
2016-07-07,0.00932020515314
2016-07-10,0.00992388874556
2016-07-11,0.0119761700982
2016-07-12,0.0118403847864
2016-07-13,0.00799033018702
2016-07-14,0.00438263881352
2016-07-17,0.00639009077539
2016-07-18,0.00472621041966
2016-07-19,0.00411788936649
2016-07-20,0.00499777868744
2016-07-21,0.00816968537053
2016-07-24,0.00838132137957
2016-07-25,0.0127955251532
2016-07-26,0.0141332250643
2016-07-27,0.0135296397666
2016-07-28,0.0161390445196
2016-07-31,0.0130582314214
2016-08-01,0.0126563711548
2016-08-02,0.0116539375449
2016-08-03,0.00869285861842
2016-08-04,0.000874308460474
2016-08-07,-0.00683678242818
2016-08-08,-0.00970834472636
2016-08-09,-0.013662471942
2016-08-10,-0.0170994434997
2016-08-11,-0.0158449789476
2016-08-14,-0.00693162613959
2016-08-15,-0.000970025388069
2016-08-16,0.00565190901915
2016-08-17,0.0106939809889
2016-08-18,0.0182223804622
2016-08-21,0.0183852289333
2016-08-22,0.0174037873294
2016-08-23,0.0211541738678
2016-08-24,0.0213714314638
2016-08-25,0.0215094211035
2016-08-28,0.0254726372465
2016-08-29,0.022339581439
2016-08-30,0.0207049778588
2016-08-31,0.0174953663409
2016-09-01,0.0182770904698
2016-09-04,0.0183763315396
2016-09-05,0.0190473293787
2016-09-06,0.00953200888885
2016-09-07,0.00244377175143
2016-09-08,0.00104632345488
2016-09-11,0.00744753480097
2016-09-12,0.0079692156786
2016-09-13,0.016502660076
2016-09-14,0.0247481570937
2016-09-15,0.0229943831889
2016-09-18,0.016212558943
2016-09-19,0.0117032259895
2016-09-20,0.00617314440369
2016-09-21,-0.0037286457671
2016-09-22,-0.0089634274855
2016-09-25,-0.00857862918953
2016-09-26,-0.00834810377675
2016-09-27,-0.00889656189348
2016-09-28,-0.010752163878
2016-09-29,-0.00611940929133
2016-10-02,-0.0028818362179
2016-10-03,-0.00726786943605
2016-10-04,-0.00381788008341
2016-10-05,-0.00606914581407
2016-10-06,-0.00605670075367
2016-10-09,-0.00673100000791
2016-10-10,-0.0088954754528
2016-10-11,-0.0106093982864
2016-10-12,-0.0104463260394
2016-10-13,-0.0126908451052
2016-10-16,-0.0101585501026
2016-10-17,-0.00761362915375
2016-10-18,-0.00832944305941
2016-10-19,-0.0101518300069
2016-10-20,-0.014004167625
2016-10-23,-0.0141979947054
2016-10-24,-0.0164213456252
2016-10-25,-0.0184481395971
2016-10-26,-0.0147789391265
2016-10-27,-0.00794076817175
2016-10-31,0.00198556168759
2016-11-01,0.00787258112035
2016-11-02,0.0162364452359
2016-11-03,0.0232011685376
2016-11-04,0.0273776216893
2016-11-07,0.025453538464
2016-11-08,0.0190721398474
2016-11-09,0.010009347033
2016-11-10,0.0121881530408
2016-11-11,0.0337409510369
2016-11-14,0.0447619940288
2016-11-15,0.0556369889089
2016-11-16,0.0594821829871
2016-11-17,0.059554119248
2016-11-18,0.0536370992628
2016-11-21,0.0400954442753
2016-11-22,0.0294387761704
2016-11-23,0.0173932442091
2016-11-24,0.0167221086702
2016-11-25,0.00940544156426
2016-11-28,0.00730941655722
2016-11-29,0.00295008838394
2016-11-30,0.00510313876082
2016-12-01,-0.000796960027264
2016-12-02,0.0159059798439
2016-12-05,0.012040855976
2016-12-06,0.00102414114449
2016-12-07,-0.00866682374975
2016-12-08,-0.0184030530336
2016-12-09,-0.0254710461478
2016-12-12,-0.0290085553088
2016-12-13,-0.0355699861722
2016-12-14,-0.0389302673424
2016-12-15,-0.0351818695385
2016-12-16,-0.031957106064
2016-12-19,-0.0255829679901
2016-12-20,-0.0240456257973
2016-12-21,-0.0235618040875
2016-12-22,-0.0258670062595
2016-12-23,-0.0311955586564
2016-12-26,-0.0352223880861
2016-12-27,-0.0359849137415
2016-12-28,-0.0346177378773
2016-12-29,-0.030210925293
2016-12-30,-0.0295876925746
2017-01-02,-0.0273317102791
2017-01-03,-0.0202920237075
2017-01-04,-0.0171244786548
2017-01-05,-0.0201995956542
2017-01-06,-0.0227682847963
2017-01-09,-0.0196127214124
2017-01-10,-0.0195249547049
2017-01-11,-0.0180398951554
2017-01-12,-0.0153583933105
2017-01-13,-0.0134748276889
2017-01-16,-0.0109468851851
2017-01-17,-0.00126861139883
2017-01-18,0.00161447017541
2017-01-19,0.00652922535723
2017-01-20,0.00548874782689
2017-01-23,-0.00152699297519
2017-01-24,-0.00272691239447
2017-01-25,-0.00179514876122
2017-01-26,-0.000491014929334
2017-01-27,0.00197482315649
2017-01-30,-0.00442274714354
2017-01-31,-0.00551312756795
2017-02-01,-0.0020969117687
2017-02-02,-0.00199092295546
2017-02-03,-0.00184199224114
2017-02-06,-0.00135066697727
2017-02-07,-0.00102479199938
2017-02-08,0.000305825631197
2017-02-09,0.00171073203295
2017-02-10,0.00483325856645
2017-02-13,0.00444146981195
2017-02-14,0.00500998411692
2017-02-15,0.00206760959732
2017-02-16,-0.00244077614142
2017-02-17,-0.000477411309523
2017-02-20,0.00245382002289
2017-02-21,0.00353500268743
2017-02-22,0.00574036634881
2017-02-23,0.00341623951121
2017-02-24,0.00214516974605
2017-02-27,0.00622904044762
2017-02-28,0.0104288098654
2017-03-01,0.0134362115123
2017-03-02,0.0126361884609
2017-03-03,0.0204650487135
2017-03-06,0.0203541119841
2017-03-07,0.0218375986455
2017-03-08,0.0192789397584
2017-03-09,0.0225349365723
2017-03-10,0.0277583577839
2017-03-13,0.0242030773743
2017-03-14,0.021492527281
2017-03-15,0.0202214095792
2017-03-16,0.0102876325162
2017-03-17,0.00604082506134
2017-03-20,-0.00108244418574
2017-03-21,-0.00745017920148
2017-03-22,-0.00898582305328
2017-03-23,-0.00966373311196
2017-03-24,-0.00268823585994
2017-03-26,-0.00170307750364
2017-03-27,0.00108288139736
2017-03-28,0.004555473264
2017-03-29,0.00450076935708
2017-03-30,0.00757575452772
2017-04-02,0.00586068632598
2017-04-03,0.00340241859128
2017-04-04,-0.000498224373635
2017-04-05,0.000186796078559
2017-04-06,0.00344165168341
2017-04-09,0.00574198041961
2017-04-10,0.00525542726356
2017-04-11,0.00532031063163
2017-04-12,0.00337956987669
2017-04-13,0.00438563444064
2017-04-16,0.00492958240808
2017-04-17,0.00326789516254
2017-04-18,-0.00102398871454
2017-04-19,0.00163577013023
2017-04-20,0.00302120766435
2017-04-23,0.00364328421528
2017-04-24,0.00125709793938
2017-04-25,0.00221302655586
2017-04-26,0.00568082345877
2017-04-27,0.00875414429682
2017-04-30,0.00948462424276
2017-05-01,0.00919728787343
2017-05-02,0.00521561979338
2017-05-03,0.00381223439275
2017-05-04,0.00548097062555
2017-05-07,0.00514622320071
2017-05-08,0.00686730474845
2017-05-09,0.00615898638078
2017-05-10,0.0024832545871
2017-05-11,-0.00358012419344
2017-05-14,-0.00246667125943
2017-05-15,-0.0107178086952
2017-05-16,-0.0170935464317
2017-05-17,-0.0155388672299
2017-05-18,0.0162121559117
2017-05-21,0.0203499799543
2017-05-22,0.0232288873355
2017-05-23,0.0239789153116
2017-05-24,0.0236069572019
2017-05-25,0.0216933510141
2017-05-28,0.0067262208828
2017-05-29,0.00649139545282
2017-05-30,0.00567285123604
2017-05-31,0.000446856305591
2017-06-01,-0.000248763511834
2017-06-04,-0.00109275671868
2017-06-05,0.00397755644117
2017-06-06,0.0039284154511
2017-06-07,0.00211916491367
2017-06-08,-0.00057563896412
2017-06-11,-0.0131534537603
2017-06-12,-0.00304177524248
2017-06-13,0.00273322824556
2017-06-14,0.00043952759305
2017-06-15,-0.00132945066911
2017-06-18,-0.000886885665062
2017-06-19,-0.00195114165526
2017-06-20,0.00272466675572
2017-06-21,0.00608822320114
2017-06-22,0.0082348695338
2017-06-25,0.00891312152756
2017-06-26,0.00242482910974
2017-06-27,-6.48167364268e-05
2017-06-28,-0.00626100508196
2017-06-29,-0.0073320101803
2017-07-02,-0.0240333502748
2017-07-03,-0.0179731586349
2017-07-04,-0.0124863915468
2017-07-05,-0.0115621338677
2017-07-06,-0.00937151922059
2017-07-09,-0.0230604816707
2017-07-10,-0.0184483853366
2017-07-11,-0.017901194232
2017-07-12,-0.023548466222
2017-07-13,-0.0250341791984
2017-07-16,-0.0289918623219
2017-07-17,-0.0290897952096
2017-07-18,-0.03119966682
2017-07-19,-0.0311451767792
2017-07-20,-0.0329544101341
2017-07-23,-0.0240368620345
2017-07-24,-0.0211524098875
2017-07-25,-0.0142697709026
2017-07-26,-0.013104932287
2017-07-27,-0.00922147141212
2017-07-30,-0.00256915329856
2017-07-31,-0.00440997308499
2017-08-01,-0.00517349831875
2017-08-02,-0.00618517373745
2017-08-03,-0.00602508304025
2017-08-06,-0.00277878225754
2017-08-07,-0.000684459379013
2017-08-08,0.00144349953801
2017-08-09,0.00661155777655
2017-08-10,0.012744248317
2017-08-13,0.0169445433059
2017-08-14,0.0203612428186
2017-08-15,0.0193677968035
2017-08-16,0.016053029584
2017-08-17,0.0162593668572
2017-08-20,0.0164010280624
2017-08-21,0.0140316262894
2017-08-22,0.0117312630693
2017-08-23,0.00719201036601
2017-08-24,0.00508076938038
2017-08-27,0.00522569922821
2017-08-28,0.00611659116586
2017-08-29,0.00630796621691
2017-08-30,0.00555317645033
2017-08-31,0.00329078027342
2017-09-03,0.00585723589556
2017-09-04,0.00239319616364
2017-09-05,-0.00280344014396
2017-09-06,-0.00808178578011
2017-09-07,-0.0108752975717
2017-09-10,-0.00170038330153
2017-09-11,-0.00563909775923
2017-09-12,-0.00481332511415
2017-09-13,-0.00262611058924
2017-09-14,-0.00265052833146
2017-09-17,-0.00340400441567
2017-09-18,-0.000284731121085
2017-09-19,0.00161931877424
2017-09-20,0.0026454229133
2017-09-21,0.00383911176314
2017-09-24,0.00316675924505
2017-09-25,0.00706528239316
2017-09-26,0.0101399325058
2017-09-27,0.0152430734302
2017-09-28,0.0163416294774
2017-10-01,0.0140062787487
2017-10-02,0.0105018931344
2017-10-03,0.00622041134075
2017-10-04,0.00223610071569
2017-10-05,0.00206059290038
2017-10-08,0.00222302986985
2017-10-09,0.00618138636683
2017-10-10,0.00715594302454
2017-10-11,0.00630771699821
2017-10-12,0.00529123172429
2017-10-15,0.00139072047034
2017-10-16,0.00186802881249
2017-10-17,0.000173029299468
2017-10-18,0.000803250349581
2017-10-19,0.000406046034305
2017-10-22,0.00336606495886
2017-10-23,0.0105006747837
2017-10-24,0.0153493330126
2017-10-25,0.0159748636902
2017-10-26,0.0223960401275
2017-10-30,0.0184073999996
2017-10-31,0.0213588344188
2017-11-01,0.0194980407548
2017-11-02,0.0164990837227
2017-11-03,0.013136069371
2017-11-06,0.0134688280862
2017-11-07,0.0067917393316
2017-11-08,0.00459354556301
2017-11-09,7.48124322669e-05
2017-11-10,-0.00359416284609
2017-11-13,-0.00266293306878
2017-11-14,-0.00249018821406
2017-11-15,0.00186217214438
2017-11-16,0.0014897377155
2017-11-17,0.0011917901724
2017-11-20,-0.00507540561198
2017-11-21,-0.00903586797943
2017-11-22,-0.0107906769058
2017-11-23,-0.0170494318318
2017-11-24,-0.0204618692753
2017-11-27,-0.0197700962213
2017-11-28,-0.0194134198145
2017-11-29,-0.0206226295755
2017-11-30,-0.015620597644
2017-12-01,-0.00835809214385
2017-12-04,-0.00544441751489
2017-12-05,-0.0054429330137
2017-12-06,-0.00558047813183
2017-12-07,-0.00625682514983
2017-12-08,0.000321953085508
2017-12-11,0.00434077818168
2017-12-12,0.00844285270642
2017-12-13,0.0103660047128
2017-12-14,0.0115328771838
2017-12-15,0.0154666887365
2017-12-18,0.0107511837832
2017-12-19,0.00679323607881
2017-12-20,0.00344055960206
2017-12-21,0.00189817012635
2017-12-22,0.00185511245134
2017-12-25,0.00538618604375
2017-12-26,0.00670117192399
2017-12-27,0.00360335282765
2017-12-28,0.00161290634558
2017-12-29,-0.000315916512814
2018-01-01,-0.00226821856095
2018-01-02,-0.00325448570337
2018-01-03,-0.0107399442761
2018-01-04,-0.0179684535986
2018-01-05,-0.0220958265112
2018-01-08,-0.0245333828027
2018-01-09,-0.0233325636632
2018-01-10,-0.0204450282219
2018-01-11,-0.0201836513068
2018-01-12,-0.0204956286484
2018-01-15,-0.0212695007828
2018-01-16,-0.0189416964864
2018-01-17,-0.0151299198
2018-01-18,-0.0118243723594
2018-01-19,-0.0110930867155
2018-01-22,-0.0111366893942
2018-01-23,-0.00955243062128
2018-01-24,-0.00334472717873
2018-01-25,-0.0104898149079
2018-01-26,-0.0138711515373
2018-01-29,-0.014391864956
2018-01-30,-0.0132505466725
2018-01-31,-0.00812971989915
2018-02-01,-0.00340093719902
2018-02-02,-0.00249575757825
2018-02-05,0.00523378808869
2018-02-06,0.0160596153628
2018-02-07,0.0188681339509
2018-02-08,0.0246438919632
2018-02-09,0.0291420273663
2018-02-12,0.0314537160841
2018-02-13,0.0318197130173
2018-02-14,0.0304920179868
2018-02-15,0.0181312810787
2018-02-16,0.0107088685862
2018-02-19,0.0056751890663
2018-02-20,0.00278503797461
2018-02-21,0.00346259093614
2018-02-22,0.00532535110532
2018-02-23,0.00371387673139
2018-02-26,0.000944722514148
2018-02-27,-0.00281530309235
2018-02-28,-0.00180065302689
2018-03-01,-0.00163140747942
2018-03-02,-0.000861722820747
2018-03-05,-0.000468547155452
2018-03-06,-0.00137714403359
2018-03-07,-0.00616420621531
2018-03-08,-0.00445348670338
2018-03-09,-0.000242446090841
2018-03-12,0.00107920807
2018-03-13,0.00233007527007
2018-03-14,0.00178128866754
