Date,trix_9_sma
2010-01-04,
2010-01-05,0.166415188094
2010-01-06,0.135157157676
2010-01-07,0.119196916916
2010-01-08,0.106609543803
2010-01-11,0.0960395012239
2010-01-12,0.0877594735254
2010-01-13,0.0818541374651
2010-01-14,0.0786846067642
2010-01-15,0.0775364049869
2010-01-18,0.0677665779409
2010-01-19,0.0661913895276
2010-01-20,0.0680898516444
2010-01-21,0.0739797018909
2010-01-22,0.0839415656406
2010-01-25,0.096050977741
2010-01-26,0.110111669169
2010-01-27,0.125540271353
2010-01-28,0.142623669277
2010-01-29,0.161614622084
2010-02-01,0.181815120083
2010-02-02,0.201417121315
2010-02-03,0.219557867091
2010-02-04,0.23603875789
2010-02-05,0.251947820453
2010-02-08,0.266211427248
2010-02-09,0.277220009232
2010-02-10,0.28395388554
2010-02-11,0.286021681352
2010-02-12,0.283959102254
2010-02-15,0.279014173168
2010-02-16,0.271446072702
2010-02-17,0.260666909375
2010-02-18,0.246226190799
2010-02-19,0.228079262598
2010-02-22,0.207280158174
2010-02-23,0.184784068436
2010-02-24,0.16131096724
2010-02-25,0.137666977209
2010-02-26,0.113931908823
2010-03-01,0.0902686089216
2010-03-02,0.0656159994124
2010-03-03,0.0410220744098
2010-03-04,0.0175565024078
2010-03-05,-0.00446122043042
2010-03-08,-0.0249645410128
2010-03-09,-0.0439962022742
2010-03-10,-0.0622829805498
2010-03-11,-0.0795589164304
2010-03-12,-0.0956677995296
2010-03-15,-0.10907328752
2010-03-16,-0.120092116418
2010-03-17,-0.12913188126
2010-03-18,-0.136097720747
2010-03-19,-0.140646997492
2010-03-22,-0.142533185705
2010-03-23,-0.141890662538
2010-03-24,-0.138698135028
2010-03-25,-0.132807092327
2010-03-26,-0.123784934021
2010-03-28,-0.112032578683
2010-03-29,-0.0982465134546
2010-03-30,-0.0835297021508
2010-03-31,-0.0695432802191
2010-04-01,-0.057400162147
2010-04-04,-0.0473921747465
2010-04-05,-0.0400526849313
2010-04-06,-0.0351491332863
2010-04-07,-0.0330363307671
2010-04-08,-0.0334789603003
2010-04-11,-0.0361734368657
2010-04-12,-0.0414499203848
2010-04-13,-0.0482490196916
2010-04-14,-0.0557082382362
2010-04-15,-0.0629938027719
2010-04-18,-0.0693220050729
2010-04-19,-0.0749751969318
2010-04-20,-0.0801590195865
2010-04-21,-0.0846107594284
2010-04-22,-0.0878815604994
2010-04-25,-0.089223297936
2010-04-26,-0.088555455541
2010-04-27,-0.0862063285197
2010-04-28,-0.0832507076151
2010-04-29,-0.0805361879001
2010-05-02,-0.0783420952482
2010-05-03,-0.0762909033773
2010-05-04,-0.0738046881355
2010-05-05,-0.0693054074887
2010-05-06,-0.0611957509684
2010-05-09,-0.0509619120175
2010-05-10,-0.0395079818895
2010-05-11,-0.0269278336017
2010-05-12,-0.0134226220947
2010-05-13,0.00147224176764
2010-05-16,0.0174937181473
2010-05-17,0.033941623587
2010-05-18,0.0493668987288
2010-05-19,0.0638011538121
2010-05-20,0.0781118949503
2010-05-23,0.0931146969911
2010-05-24,0.109388381355
2010-05-25,0.127091570564
2010-05-26,0.14434660257
2010-05-27,0.159929724185
2010-05-30,0.17286580875
2010-05-31,0.182819352126
2010-06-01,0.188415568935
2010-06-02,0.18969572721
2010-06-03,0.187048350985
2010-06-06,0.181617552728
2010-06-07,0.174108391232
2010-06-08,0.165775708258
2010-06-09,0.156835106267
2010-06-10,0.147469925233
2010-06-13,0.137189104588
2010-06-14,0.125480625641
2010-06-15,0.112478988526
2010-06-16,0.0979253564859
2010-06-17,0.0807378420614
2010-06-20,0.0606144958342
2010-06-21,0.0381078572419
2010-06-22,0.0152062575335
2010-06-23,-0.00726813887848
2010-06-24,-0.0285126910073
2010-06-27,-0.0476205544241
2010-06-28,-0.0635845660078
2010-06-29,-0.0762816294558
2010-06-30,-0.0853284326536
2010-07-01,-0.0910430644947
2010-07-04,-0.093906368079
2010-07-05,-0.0952828420541
2010-07-06,-0.095631678178
2010-07-07,-0.0952543541581
2010-07-08,-0.0946930220476
2010-07-11,-0.0947855311171
2010-07-12,-0.0957129006685
2010-07-13,-0.0974829943174
2010-07-14,-0.0994049786434
2010-07-15,-0.100732862985
2010-07-18,-0.10081829315
2010-07-19,-0.0995852984698
2010-07-20,-0.0972013346198
2010-07-21,-0.0938356492481
2010-07-22,-0.0897388765421
2010-07-25,-0.0849178078035
2010-07-26,-0.0797760010784
2010-07-27,-0.0746511767432
2010-07-28,-0.0699938537992
2010-07-29,-0.0662925797118
2010-08-01,-0.0638674650132
2010-08-02,-0.0625426804159
2010-08-03,-0.0618926402289
2010-08-04,-0.061650404672
2010-08-05,-0.0617242107435
2010-08-08,-0.0629779475024
2010-08-09,-0.0648992442416
2010-08-10,-0.0669788531652
2010-08-11,-0.0685517434943
2010-08-12,-0.0689329326461
2010-08-15,-0.0690448271272
2010-08-16,-0.0686977621352
2010-08-17,-0.0679561751932
2010-08-18,-0.0668843409526
2010-08-19,-0.0642235271795
2010-08-22,-0.0614131529133
2010-08-23,-0.0584364279681
2010-08-24,-0.0555085564292
2010-08-25,-0.0526277922267
2010-08-26,-0.0489806556363
2010-08-29,-0.0462175457147
2010-08-30,-0.043832525295
2010-08-31,-0.0416393101207
2010-09-01,-0.0400250060418
2010-09-02,-0.0381058241193
2010-09-05,-0.0380000918039
2010-09-06,-0.0396940391308
2010-09-07,-0.0430339951737
2010-09-08,-0.0478622117179
2010-09-09,-0.0525626553882
2010-09-12,-0.0587119608662
2010-09-13,-0.0659173963137
2010-09-14,-0.0739632050967
2010-09-15,-0.0821677867056
2010-09-16,-0.0886509910956
2010-09-19,-0.09474401938
2010-09-20,-0.0999553300789
2010-09-21,-0.103819072461
2010-09-22,-0.107388322729
2010-09-23,-0.109015394233
2010-09-26,-0.110187440823
2010-09-27,-0.110439545501
2010-09-28,-0.110003244024
2010-09-29,-0.109107208969
2010-09-30,-0.106885630162
2010-10-03,-0.10579850543
2010-10-04,-0.105720237473
2010-10-05,-0.106010888032
2010-10-06,-0.106917993302
2010-10-07,-0.107448707152
2010-10-10,-0.109297277533
2010-10-11,-0.112564719264
2010-10-12,-0.116876677097
2010-10-13,-0.12216650633
2010-10-14,-0.12664749521
2010-10-17,-0.132067950964
2010-10-18,-0.137177033666
2010-10-19,-0.141138132424
2010-10-20,-0.143711284134
2010-10-21,-0.143141276793
2010-10-24,-0.140602565076
2010-10-25,-0.135804983856
2010-10-26,-0.128254891462
2010-10-27,-0.117642886989
2010-10-28,-0.102853747716
2010-11-01,-0.0867125776811
2010-11-02,-0.0701093242782
2010-11-03,-0.0533977038719
2010-11-04,-0.0376065394457
2010-11-05,-0.0225028658982
2010-11-08,-0.00919417588411
2010-11-09,0.00206100744107
2010-11-10,0.0107918493952
2010-11-11,0.0173101377522
2010-11-12,0.0238201775909
2010-11-15,0.0290053153788
2010-11-16,0.0334062700695
2010-11-17,0.0380574407572
2010-11-18,0.0436600960471
2010-11-19,0.0500880252233
2010-11-22,0.0558678537889
2010-11-23,0.0612747919379
2010-11-24,0.0664458198891
2010-11-25,0.0709072719967
2010-11-26,0.075475073318
2010-11-29,0.0797634182655
2010-11-30,0.0828557936736
2010-12-01,0.0844396326396
2010-12-02,0.0845776930689
2010-12-03,0.084207166961
2010-12-06,0.0812283806982
2010-12-07,0.075320874484
2010-12-08,0.0666728891416
2010-12-09,0.0561163085986
2010-12-10,0.0442535408197
2010-12-13,0.0319106902301
2010-12-14,0.0194382575076
2010-12-15,0.00730670690617
2010-12-16,-0.00393242468945
2010-12-17,-0.0122785785361
2010-12-20,-0.0186572512541
2010-12-21,-0.0226681238855
2010-12-22,-0.0247173132739
2010-12-23,-0.0254668912904
2010-12-24,-0.0255905339404
2010-12-27,-0.0252888792212
2010-12-28,-0.024847452197
2010-12-29,-0.0244662017022
2010-12-30,-0.0246831348863
2010-12-31,-0.0252609224874
2011-01-03,-0.0281010079527
2011-01-04,-0.0333074814034
2011-01-05,-0.0402509525667
2011-01-06,-0.0480762261928
2011-01-07,-0.0558813711782
2011-01-10,-0.0641624298016
2011-01-11,-0.0720037674415
2011-01-12,-0.079694503401
2011-01-13,-0.0874175209609
2011-01-14,-0.0930822282203
2011-01-17,-0.0967711882319
2011-01-18,-0.0983278624158
2011-01-19,-0.0982194461233
2011-01-20,-0.0971317818162
2011-01-21,-0.0951813067393
2011-01-24,-0.0941662771457
2011-01-25,-0.0927490290528
2011-01-26,-0.0898085995052
2011-01-27,-0.0870312846804
2011-01-28,-0.0836293708278
2011-01-31,-0.0809166749041
2011-02-01,-0.0786087063334
2011-02-02,-0.0765230986584
2011-02-03,-0.0737628907724
2011-02-04,-0.0693124744274
2011-02-07,-0.0649921019407
2011-02-08,-0.0617566238506
2011-02-09,-0.0580401401548
2011-02-10,-0.0543055519453
2011-02-11,-0.0498756185071
2011-02-14,-0.0463788833318
2011-02-15,-0.0434690056207
2011-02-16,-0.0407973721487
2011-02-17,-0.0382761120452
2011-02-18,-0.0349467209616
2011-02-21,-0.0315415211338
2011-02-22,-0.0281177400273
2011-02-23,-0.024584945271
2011-02-24,-0.0209522962476
2011-02-25,-0.016262448112
2011-02-28,-0.0113294782211
2011-03-01,-0.00676129252663
2011-03-02,-0.00296405345595
2011-03-03,-5.59487909062e-05
2011-03-04,0.00298326452717
2011-03-07,0.00522328376481
2011-03-08,0.00636293144773
2011-03-09,0.00632457432767
2011-03-10,0.00535633274257
2011-03-11,0.00384244250699
2011-03-14,0.00201453582558
2011-03-15,0.000288876417091
2011-03-16,-0.00104590377329
2011-03-17,-0.00140746139225
2011-03-18,-0.000183852920452
2011-03-21,0.00220579650922
2011-03-22,0.00537563045201
2011-03-23,0.00890851010431
2011-03-24,0.012427854838
2011-03-25,0.0157034657228
2011-03-27,0.0181991457585
2011-03-28,0.0199187629559
2011-03-29,0.0204950781983
2011-03-30,0.0190227655796
2011-03-31,0.0154439203993
2011-04-03,0.00950216724402
2011-04-04,0.00115234811287
2011-04-05,-0.00942442541644
2011-04-06,-0.0216915565411
2011-04-07,-0.0355212569647
2011-04-10,-0.0514896258944
2011-04-11,-0.0694909520369
2011-04-12,-0.0882625001413
2011-04-13,-0.106868872961
2011-04-14,-0.123996188549
2011-04-17,-0.139746417442
2011-04-18,-0.153649950454
2011-04-19,-0.165953562012
2011-04-20,-0.176572977616
2011-04-21,-0.184956665707
2011-04-24,-0.191237977725
2011-04-25,-0.195577680387
2011-04-26,-0.198473929756
2011-04-27,-0.200573813253
2011-04-28,-0.200765155163
2011-05-01,-0.199691552031
2011-05-02,-0.197207732796
2011-05-03,-0.192796930234
2011-05-04,-0.185846965033
2011-05-05,-0.175464777955
2011-05-08,-0.162388359175
2011-05-09,-0.146600985149
2011-05-10,-0.128596367221
2011-05-11,-0.109065861012
2011-05-12,-0.0880922561621
2011-05-15,-0.0657489070271
2011-05-16,-0.0426575527437
2011-05-17,-0.0201054974884
2011-05-18,0.00039382457214
2011-05-19,0.0187524047064
2011-05-22,0.0344576942767
2011-05-23,0.0481894453192
2011-05-24,0.0598815281981
2011-05-25,0.0696181741042
2011-05-26,0.0769466586035
2011-05-29,0.0811372896748
2011-05-30,0.0822308654389
2011-05-31,0.080258422721
2011-06-01,0.075661348606
2011-06-02,0.0686431192799
2011-06-05,0.058628020287
2011-06-06,0.0460059751459
2011-06-07,0.0311951756409
2011-06-08,0.0148613446074
2011-06-09,-0.00159321502595
2011-06-12,-0.0170219937721
2011-06-13,-0.0305268494133
2011-06-14,-0.0422238145646
2011-06-15,-0.0514388798857
2011-06-16,-0.0574384861067
2011-06-19,-0.060659016306
2011-06-20,-0.061342255448
2011-06-21,-0.0600705667799
2011-06-22,-0.0574740103938
2011-06-23,-0.0541384462604
2011-06-26,-0.0503446158801
2011-06-27,-0.0459287940843
2011-06-28,-0.0417305440758
2011-06-29,-0.03870166085
2011-06-30,-0.0371550897078
2011-07-03,-0.03761872828
2011-07-04,-0.0400510612769
2011-07-05,-0.0439712521368
2011-07-06,-0.0489284119334
2011-07-07,-0.0549272471952
2011-07-10,-0.0618243753095
2011-07-11,-0.0685554612496
2011-07-12,-0.0743849741545
2011-07-13,-0.0788706150502
2011-07-14,-0.0812677699914
2011-07-17,-0.081533750974
2011-07-18,-0.0799068646269
2011-07-19,-0.0770531266075
2011-07-20,-0.0731799788471
2011-07-21,-0.0689134341302
2011-07-24,-0.0650968810615
2011-07-25,-0.0623445874403
2011-07-26,-0.0610609028536
2011-07-27,-0.0608723966345
2011-07-28,-0.0612740527428
2011-07-31,-0.0625195087828
2011-08-01,-0.0641574951809
2011-08-02,-0.0656515524838
2011-08-03,-0.0664512225438
2011-08-04,-0.0659479334255
2011-08-07,-0.0631860556355
2011-08-08,-0.0573705112119
2011-08-09,-0.0481805936326
2011-08-10,-0.0358271082031
2011-08-11,-0.0202315206072
2011-08-14,-0.00221129452746
2011-08-15,0.0167875580882
2011-08-16,0.0356460210374
2011-08-17,0.0531264323401
2011-08-18,0.0688181971992
2011-08-21,0.0821257761448
2011-08-22,0.0921673398928
2011-08-23,0.0986102875116
2011-08-24,0.10168176093
2011-08-25,0.102076766043
2011-08-28,0.100743205888
2011-08-29,0.0983435860766
2011-08-30,0.0953006961211
2011-08-31,0.0910871792343
2011-09-01,0.0861966807069
2011-09-04,0.0815884178054
2011-09-05,0.0784707212557
2011-09-06,0.0775051492432
2011-09-07,0.0787469648791
2011-09-08,0.0822631767629
2011-09-11,0.0886691146505
2011-09-12,0.0990461599525
2011-09-13,0.11405097668
2011-09-14,0.133613216867
2011-09-15,0.156154691376
2011-09-18,0.179977342431
2011-09-19,0.205459897774
2011-09-20,0.232949161079
2011-09-21,0.263501851017
2011-09-22,0.297884901515
2011-09-25,0.334901359653
2011-09-26,0.373046699361
2011-09-27,0.409788533857
2011-09-28,0.444313491627
2011-09-29,0.476352399177
2011-10-02,0.504391775334
2011-10-03,0.528475490113
2011-10-04,0.546849884446
2011-10-05,0.557335737471
2011-10-06,0.559022184442
2011-10-09,0.551176822678
2011-10-10,0.53477063203
2011-10-11,0.510459566461
2011-10-12,0.47982915958
2011-10-13,0.443193017416
2011-10-16,0.400024419385
2011-10-17,0.35233381336
2011-10-18,0.30197408559
2011-10-19,0.251136008089
2011-10-20,0.202967235005
2011-10-23,0.159264397631
2011-10-24,0.12073517304
2011-10-25,0.0870681225371
2011-10-26,0.0585152350339
2011-10-27,0.0341681189623
2011-10-31,0.0119620316977
2011-11-01,-0.00907232057925
2011-11-02,-0.0284778141536
2011-11-03,-0.0467947154729
2011-11-04,-0.0639507935486
2011-11-07,-0.0790956872538
2011-11-08,-0.0920426690175
2011-11-09,-0.102928694677
2011-11-10,-0.110417601177
2011-11-11,-0.113308022146
2011-11-14,-0.111733309241
2011-11-15,-0.106740195275
2011-11-16,-0.0987720267844
2011-11-17,-0.0882500673673
2011-11-18,-0.0761648434434
2011-11-21,-0.0629752048694
2011-11-22,-0.048230352169
2011-11-23,-0.0320313394932
2011-11-24,-0.0135739960892
2011-11-25,0.00824735592771
2011-11-28,0.0334573834834
2011-11-29,0.0609341035744
2011-11-30,0.0894167860206
2011-12-01,0.117334435379
2011-12-02,0.143159530551
2011-12-05,0.165314586435
2011-12-06,0.182474869335
2011-12-07,0.193261936044
2011-12-08,0.197017204389
2011-12-09,0.194091000565
2011-12-12,0.185287299302
2011-12-13,0.172082092747
2011-12-14,0.157565292044
2011-12-15,0.144363670497
2011-12-16,0.133715473754
2011-12-19,0.12646327497
2011-12-20,0.122963093105
2011-12-21,0.122469370044
2011-12-22,0.124227565685
2011-12-23,0.127979878807
2011-12-26,0.133315349892
2011-12-27,0.138758294603
2011-12-28,0.143027458407
2011-12-29,0.146175202506
2011-12-30,0.148169017763
2012-01-02,0.148689515656
2012-01-03,0.148365085661
2012-01-04,0.146541540559
2012-01-05,0.142670041002
2012-01-06,0.136952908626
2012-01-09,0.129765197344
2012-01-10,0.12125390309
2012-01-11,0.110329859936
2012-01-12,0.0968852747824
2012-01-13,0.0806330717228
2012-01-16,0.0616816864538
2012-01-17,0.0408707641517
2012-01-18,0.0192570472089
2012-01-19,-0.00318508211217
2012-01-20,-0.0267244719439
2012-01-23,-0.0511270069921
2012-01-24,-0.0753674679723
2012-01-25,-0.0987111755302
2012-01-26,-0.120157062571
2012-01-27,-0.137306421694
2012-01-30,-0.151198745778
2012-01-31,-0.162443413142
2012-02-01,-0.171325103898
2012-02-02,-0.178145026024
2012-02-03,-0.183598030433
2012-02-06,-0.188057924134
2012-02-07,-0.191751649873
2012-02-08,-0.19486514914
2012-02-09,-0.199733825384
2012-02-10,-0.205175935103
2012-02-13,-0.210526274455
2012-02-14,-0.215414547587
2012-02-15,-0.219312903555
2012-02-16,-0.221376798222
2012-02-17,-0.221413076354
2012-02-20,-0.219760008702
2012-02-21,-0.216574777183
2012-02-22,-0.211978719443
2012-02-23,-0.206300271226
2012-02-24,-0.199723178767
2012-02-27,-0.192499890948
2012-02-28,-0.184886398599
2012-02-29,-0.177545529433
2012-03-01,-0.170171263653
2012-03-02,-0.162535035078
2012-03-05,-0.154353545409
2012-03-06,-0.145256819737
2012-03-07,-0.134389735274
2012-03-08,-0.121408526984
2012-03-09,-0.106247509822
2012-03-12,-0.0883930029923
2012-03-13,-0.0673533156496
2012-03-14,-0.0437277545122
2012-03-15,-0.017779987589
2012-03-16,0.00961956695953
2012-03-19,0.0375014040623
2012-03-20,0.0651777386324
2012-03-21,0.0918292596226
2012-03-22,0.117145661271
2012-03-23,0.140250371314
2012-03-25,0.160235740651
2012-03-26,0.177035586081
2012-03-27,0.190564810069
2012-03-28,0.201078067022
2012-03-29,0.208871058972
2012-04-01,0.213842069413
2012-04-02,0.216412029792
2012-04-03,0.216781804497
2012-04-04,0.215202668163
2012-04-05,0.212059419566
2012-04-08,0.207495422899
2012-04-09,0.201547450715
2012-04-10,0.194604993777
2012-04-11,0.187100757437
2012-04-12,0.179059013339
2012-04-15,0.170649346123
2012-04-16,0.162298198881
2012-04-17,0.154613475962
2012-04-18,0.148483349832
2012-04-19,0.144427496842
2012-04-22,0.142532569124
2012-04-23,0.142590348247
2012-04-24,0.144289413067
2012-04-25,0.147506568423
2012-04-26,0.151915633072
2012-04-29,0.157088122803
2012-04-30,0.162849311781
2012-05-01,0.168614217465
2012-05-02,0.174315114625
2012-05-03,0.179792064646
2012-05-06,0.185138930583
2012-05-07,0.19023351097
2012-05-08,0.195427277952
2012-05-09,0.201482280482
2012-05-10,0.208346443487
2012-05-13,0.215756868084
2012-05-14,0.224069287469
2012-05-15,0.233213570433
2012-05-16,0.243316616305
2012-05-17,0.254153475046
2012-05-20,0.265979513046
2012-05-21,0.278636860164
2012-05-22,0.292403895979
2012-05-23,0.306419332313
2012-05-24,0.319814743981
2012-05-27,0.330568059599
2012-05-28,0.337388027806
2012-05-29,0.33995992384
2012-05-30,0.338667100923
2012-05-31,0.333911335958
2012-06-03,0.326242485331
2012-06-04,0.315337196437
2012-06-05,0.301892606851
2012-06-06,0.286749180236
2012-06-07,0.271438697781
2012-06-10,0.256849294458
2012-06-11,0.244158355371
2012-06-12,0.233581645242
2012-06-13,0.225018332901
2012-06-14,0.217764247022
2012-06-17,0.210853780633
2012-06-18,0.204598166151
2012-06-19,0.198308479945
2012-06-20,0.191528784399
2012-06-21,0.184994937483
2012-06-24,0.178383607062
2012-06-25,0.171353902972
2012-06-26,0.163959948499
2012-06-27,0.156548508758
2012-06-28,0.149597927065
2012-07-01,0.141795028766
2012-07-02,0.132602360968
2012-07-03,0.12239970799
2012-07-04,0.111074704359
2012-07-05,0.0984462819555
2012-07-08,0.0848261055189
2012-07-09,0.0703034327931
2012-07-10,0.0550701121427
2012-07-11,0.0393521487255
2012-07-12,0.0247626594445
2012-07-15,0.0127470252076
2012-07-16,0.00351929689295
2012-07-17,-0.00355963431131
2012-07-18,-0.00887848244608
2012-07-19,-0.0130871120109
2012-07-22,-0.0164773357744
2012-07-23,-0.0190189306852
2012-07-24,-0.0206106332924
2012-07-25,-0.0215298173277
2012-07-26,-0.0222466203252
2012-07-29,-0.0229768651999
2012-07-30,-0.0231935881052
2012-07-31,-0.0222409467338
2012-08-01,-0.0199448382584
2012-08-02,-0.0164005929159
2012-08-05,-0.0124528905222
2012-08-06,-0.00880489050074
2012-08-07,-0.00565034146388
2012-08-08,-0.00295540029943
2012-08-09,-0.000775446122502
2012-08-12,0.000431079936411
2012-08-13,0.000232757222385
2012-08-14,-0.00112974011362
2012-08-15,-0.00360070395531
2012-08-16,-0.00680989764075
2012-08-19,-0.0105162456912
2012-08-20,-0.0145048372771
2012-08-21,-0.0185615062562
2012-08-22,-0.0223703110905
2012-08-23,-0.0255285583271
2012-08-26,-0.0279314910621
2012-08-27,-0.0295185450412
2012-08-28,-0.0300574476203
2012-08-29,-0.0291808101795
2012-08-30,-0.0267771250522
2012-09-02,-0.0232363821466
2012-09-03,-0.0187944346228
2012-09-04,-0.0135935524106
2012-09-05,-0.00794679157426
2012-09-06,-0.00232260746575
2012-09-09,0.00282440514557
2012-09-10,0.00691286904387
2012-09-11,0.00937339069113
2012-09-12,0.0102231625124
2012-09-13,0.00981599958357
2012-09-16,0.00825236160885
2012-09-17,0.00592980268616
2012-09-18,0.00294848295811
2012-09-19,-0.000322458054149
2012-09-20,-0.00370297158367
2012-09-23,-0.0069310538056
2012-09-24,-0.0096045136003
2012-09-25,-0.0116489711963
2012-09-26,-0.0128402441671
2012-09-27,-0.0130386789971
2012-09-30,-0.0127291497365
2012-10-01,-0.0120233500077
2012-10-02,-0.0110067138756
2012-10-03,-0.00981451258496
2012-10-04,-0.00861013567028
2012-10-07,-0.00796533933826
2012-10-08,-0.00766162043363
2012-10-09,-0.00760590425903
2012-10-10,-0.00742838617295
2012-10-11,-0.00683142032822
2012-10-14,-0.00561558347533
2012-10-15,-0.00387395866264
2012-10-16,-0.00161699946304
2012-10-17,0.00108982493398
2012-10-18,0.00446414377833
2012-10-21,0.00795755290751
2012-10-22,0.0111175983623
2012-10-23,0.0135538960836
2012-10-24,0.0150471582541
2012-10-25,0.0154612468055
2012-10-29,0.01493299803
2012-10-30,0.0137631991446
2012-10-31,0.0122113190374
2012-11-01,0.0105205460721
2012-11-02,0.00888509804567
2012-11-05,0.00747096041302
2012-11-06,0.00642950025056
2012-11-07,0.00575658112423
2012-11-08,0.0055084650331
2012-11-09,0.00575289519607
2012-11-12,0.0065304592181
2012-11-13,0.00796254503569
2012-11-14,0.0102551081012
2012-11-15,0.0135670171283
2012-11-16,0.0179527414223
2012-11-19,0.023567161974
2012-11-20,0.0304380024115
2012-11-21,0.0384574352507
2012-11-22,0.0476786849744
2012-11-23,0.0580287924859
2012-11-26,0.0687948809607
2012-11-27,0.079344940961
2012-11-28,0.0891752815787
2012-11-29,0.0981450739354
2012-11-30,0.10594910899
2012-12-03,0.11327193274
2012-12-04,0.120177929613
2012-12-05,0.126384408038
2012-12-06,0.130976428316
2012-12-07,0.133733005914
2012-12-10,0.134557702045
2012-12-11,0.133534056446
2012-12-12,0.130648211647
2012-12-13,0.125848289584
2012-12-14,0.118759832758
2012-12-17,0.109639038712
2012-12-18,0.099016834686
2012-12-19,0.0878255956734
2012-12-20,0.076557491751
2012-12-21,0.0656055387495
2012-12-24,0.0549200261364
2012-12-25,0.0448650936905
2012-12-26,0.035801018508
2012-12-27,0.0270780781807
2012-12-28,0.018174571164
2012-12-31,0.00868926520412
2013-01-01,-0.00130242139127
2013-01-02,-0.0114201114696
2013-01-03,-0.0213916348109
2013-01-04,-0.0307127668371
2013-01-07,-0.0397656677678
2013-01-08,-0.0489267949705
2013-01-09,-0.05755188975
2013-01-10,-0.0649825735516
2013-01-11,-0.0713256765617
2013-01-14,-0.0767621677244
2013-01-15,-0.0812875688485
2013-01-16,-0.084780835517
2013-01-17,-0.087275218264
2013-01-18,-0.0886089003213
2013-01-21,-0.0887904610901
2013-01-22,-0.087967904194
2013-01-23,-0.0863974471316
2013-01-24,-0.0840457895513
2013-01-25,-0.0810995476811
2013-01-28,-0.0777701407489
2013-01-29,-0.0750833030402
2013-01-30,-0.0737856538009
2013-01-31,-0.0741204093769
2013-02-01,-0.0759247188986
2013-02-04,-0.0792792593358
2013-02-05,-0.0840025889229
2013-02-06,-0.0899684248053
2013-02-07,-0.0968288647064
2013-02-08,-0.104743961271
2013-02-11,-0.112881296643
2013-02-12,-0.120531588846
2013-02-13,-0.127351038239
2013-02-14,-0.133304226956
2013-02-15,-0.138480027319
2013-02-18,-0.142951051124
2013-02-19,-0.146664223625
2013-02-20,-0.149800447559
2013-02-21,-0.151920153609
2013-02-22,-0.152708960076
2013-02-25,-0.152123231824
2013-02-26,-0.149955172431
2013-02-27,-0.146058176933
2013-02-28,-0.140463029203
2013-03-01,-0.133429267996
2013-03-04,-0.125050178937
2013-03-05,-0.115583941757
2013-03-06,-0.10559055219
2013-03-07,-0.0955488601745
2013-03-08,-0.0859635532102
2013-03-11,-0.0777382714304
2013-03-12,-0.071083737267
2013-03-13,-0.0657266968534
2013-03-14,-0.0613849811545
2013-03-15,-0.0578978333198
2013-03-18,-0.0547829620193
2013-03-19,-0.0514776990204
2013-03-20,-0.0478360375789
2013-03-21,-0.0435383519678
2013-03-22,-0.0376636530234
2013-03-25,-0.0300611335402
2013-03-26,-0.0209575163774
2013-03-27,-0.0105581037145
2013-03-28,0.000784221359135
2013-03-29,0.0127979844475
2013-03-31,0.0251442679957
2013-04-01,0.0374742296228
2013-04-02,0.0495662104595
2013-04-03,0.0608804132799
2013-04-04,0.0709012519621
2013-04-07,0.0787695826156
2013-04-08,0.0840260403741
2013-04-09,0.0864531220183
2013-04-10,0.0857580135359
2013-04-11,0.0820038435307
2013-04-14,0.0753443005032
2013-04-15,0.0666570353441
2013-04-16,0.0563140201916
2013-04-17,0.0451056047558
2013-04-18,0.0338972999302
2013-04-21,0.0235968635932
2013-04-22,0.0151351461685
2013-04-23,0.00918971293761
2013-04-24,0.00580181747749
2013-04-25,0.00482914649044
2013-04-28,0.00526755155512
2013-04-29,0.00694140094801
2013-04-30,0.00932061682882
2013-05-01,0.012347219371
2013-05-02,0.0155622666249
2013-05-05,0.0184162424083
2013-05-06,0.0205481261585
2013-05-07,0.0219723973339
2013-05-08,0.0228253559381
2013-05-09,0.0235189358987
2013-05-12,0.0241496773548
2013-05-13,0.0247090619501
2013-05-14,0.0254372863163
2013-05-15,0.0263911341682
2013-05-16,0.0276719976219
2013-05-19,0.0294792651644
2013-05-20,0.0319860598217
2013-05-21,0.0352876047901
2013-05-22,0.0394624888466
2013-05-23,0.0443045343647
2013-05-26,0.0498987614107
2013-05-27,0.0561133685263
2013-05-28,0.0631834866271
2013-05-29,0.0717880167827
2013-05-30,0.0820383470725
2013-06-02,0.0934066706534
2013-06-03,0.106145245461
2013-06-04,0.120062617234
2013-06-05,0.135024184328
2013-06-06,0.150750993931
2013-06-09,0.166830564889
2013-06-10,0.182520149512
2013-06-11,0.196662845148
2013-06-12,0.209098696199
2013-06-13,0.21944400969
2013-06-16,0.226536912629
2013-06-17,0.23121110658
2013-06-18,0.23427772968
2013-06-19,0.237181060225
2013-06-20,0.241400154929
2013-06-23,0.247383859302
2013-06-24,0.25500953146
2013-06-25,0.263267012923
2013-06-26,0.271721077089
2013-06-27,0.280652557307
2013-06-30,0.288637806401
2013-07-01,0.29530925098
2013-07-02,0.300055519631
2013-07-03,0.302311746445
2013-07-04,0.301900709567
2013-07-07,0.299174254226
2013-07-08,0.295069112985
2013-07-09,0.290577651759
2013-07-10,0.286455444125
2013-07-11,0.282931665919
2013-07-14,0.279655257436
2013-07-15,0.275110125541
2013-07-16,0.2687828797
2013-07-17,0.260359562295
2013-07-18,0.249773604403
2013-07-21,0.23732662283
2013-07-22,0.223240768631
2013-07-23,0.207136015422
2013-07-24,0.189933278414
2013-07-25,0.17208580727
2013-07-28,0.155070048951
2013-07-29,0.139404115867
2013-07-30,0.126082031078
2013-07-31,0.115516357563
2013-08-01,0.107893373789
2013-08-04,0.103119358295
2013-08-05,0.101677783539
2013-08-06,0.102901339082
2013-08-07,0.106424523835
2013-08-08,0.111152437999
2013-08-11,0.115928313859
2013-08-12,0.120087055924
2013-08-13,0.123826675416
2013-08-14,0.126973757524
2013-08-15,0.130054487643
2013-08-18,0.133931884437
2013-08-19,0.139587905389
2013-08-20,0.147033245436
2013-08-21,0.157549981882
2013-08-22,0.171571086133
2013-08-25,0.18724053768
2013-08-26,0.20334740059
2013-08-27,0.218741371058
2013-08-28,0.231970685533
2013-08-29,0.241602846715
2013-09-01,0.247009972219
2013-09-02,0.248247803962
2013-09-03,0.24433125781
2013-09-04,0.235327660453
2013-09-05,0.222542801795
2013-09-08,0.206169554656
2013-09-09,0.186292977264
2013-09-10,0.163863141741
2013-09-11,0.139274232923
2013-09-12,0.112571537413
2013-09-15,0.0841873574603
2013-09-16,0.0550006052308
2013-09-17,0.0251269019911
2013-09-18,-0.00573640096305
2013-09-19,-0.0370158089997
2013-09-22,-0.0675970917536
2013-09-23,-0.0970985540556
2013-09-24,-0.125096637726
2013-09-25,-0.15084878227
2013-09-26,-0.173749810156
2013-09-29,-0.193894973436
2013-09-30,-0.211004567037
2013-10-01,-0.22394573561
2013-10-02,-0.232901751006
2013-10-03,-0.238105871916
2013-10-06,-0.239662840278
2013-10-07,-0.237644053559
2013-10-08,-0.233088815168
2013-10-09,-0.227117949969
2013-10-10,-0.22073137526
2013-10-13,-0.21458751474
2013-10-14,-0.208847513628
2013-10-15,-0.203219392042
2013-10-16,-0.19778667677
2013-10-17,-0.193018883425
2013-10-20,-0.189606189422
2013-10-21,-0.187150876651
2013-10-22,-0.185337508682
2013-10-23,-0.183134647174
2013-10-24,-0.179579438983
2013-10-28,-0.174653471267
2013-10-29,-0.168554660675
2013-10-30,-0.161436280537
2013-10-31,-0.153131918511
2013-11-01,-0.142466978208
2013-11-04,-0.129022747999
2013-11-05,-0.112955892917
2013-11-06,-0.0942245530854
2013-11-07,-0.0732146761905
2013-11-08,-0.0497091640718
2013-11-11,-0.0235820001367
2013-11-12,0.00523029381691
2013-11-13,0.036544318571
2013-11-14,0.0689997433442
2013-11-15,0.100878304021
2013-11-18,0.131340431404
2013-11-19,0.15816642827
2013-11-20,0.180210711883
2013-11-21,0.196633368438
2013-11-22,0.207720240215
2013-11-25,0.213098332374
2013-11-26,0.212976477504
2013-11-27,0.208102852936
2013-11-28,0.200180399777
2013-11-29,0.190164382051
2013-12-02,0.180102415986
2013-12-03,0.171515471508
2013-12-04,0.165607210741
2013-12-05,0.162611252646
2013-12-06,0.162434423359
2013-12-09,0.164099374747
2013-12-10,0.166572825118
2013-12-11,0.168380629933
2013-12-12,0.169466890687
2013-12-13,0.169437943532
2013-12-16,0.167603911337
2013-12-17,0.163285168498
2013-12-18,0.155869251381
2013-12-19,0.146002482571
2013-12-20,0.135330522095
2013-12-23,0.125515741352
2013-12-24,0.117233731804
2013-12-25,0.110265842175
2013-12-26,0.104527238497
2013-12-27,0.0999933963326
2013-12-30,0.0962976776454
2013-12-31,0.0937414930896
2014-01-01,0.0922216470974
2014-01-02,0.0911297409997
2014-01-03,0.0900606875321
2014-01-06,0.089045615488
2014-01-07,0.0881208134483
2014-01-08,0.0872314557897
2014-01-09,0.0867869947699
2014-01-10,0.0872658835166
2014-01-13,0.0878504917908
2014-01-14,0.0880970034699
2014-01-15,0.0877052528174
2014-01-16,0.0861245316185
2014-01-17,0.0834214876135
2014-01-20,0.079455114346
2014-01-21,0.0742022834772
2014-01-22,0.0676449565178
2014-01-23,0.0601524152459
2014-01-24,0.0529977494543
2014-01-27,0.0469376980247
2014-01-28,0.0429040017523
2014-01-29,0.0413632581562
2014-01-30,0.0425093447455
2014-01-31,0.0461028101667
2014-02-03,0.0521793807332
2014-02-04,0.0605357298362
2014-02-05,0.0701415247584
2014-02-06,0.0797061738341
2014-02-07,0.0881046682498
2014-02-10,0.0941957198514
2014-02-11,0.0978573300736
2014-02-12,0.098922379228
2014-02-13,0.0981229205965
2014-02-14,0.0953522097294
2014-02-17,0.0903116615941
2014-02-18,0.0834738890015
2014-02-19,0.0755241393803
2014-02-20,0.0672985498393
2014-02-21,0.059094159793
2014-02-24,0.0500997418484
2014-02-25,0.0399162949815
2014-02-26,0.0281916891077
2014-02-27,0.0154501259522
2014-02-28,0.0017445637781
2014-03-03,-0.0125012729018
2014-03-04,-0.0268886995968
2014-03-05,-0.0412210262899
2014-03-06,-0.0553512264244
2014-03-07,-0.068617111566
2014-03-10,-0.080287544436
2014-03-11,-0.0898910752652
2014-03-12,-0.0971164565131
2014-03-13,-0.101527837895
2014-03-14,-0.103115093965
2014-03-17,-0.102526871194
2014-03-18,-0.100144234364
2014-03-19,-0.0962581051422
2014-03-20,-0.0909384901498
2014-03-21,-0.0849681345824
2014-03-24,-0.0790745772349
2014-03-25,-0.0740133999161
2014-03-26,-0.0702519847189
2014-03-27,-0.0684354002987
2014-03-28,-0.0691192503177
2014-03-30,-0.0725792253255
2014-03-31,-0.0782826159023
2014-04-01,-0.0861961204221
2014-04-02,-0.0956519494565
2014-04-03,-0.105855314418
2014-04-06,-0.117012685621
2014-04-07,-0.129275654987
2014-04-08,-0.142615870283
2014-04-09,-0.156580173661
2014-04-10,-0.170412700778
2014-04-13,-0.183667993257
2014-04-14,-0.195902984358
2014-04-15,-0.206609515817
2014-04-16,-0.215652147462
2014-04-17,-0.222402564067
2014-04-20,-0.226309067454
2014-04-21,-0.226929181841
2014-04-22,-0.223729816771
2014-04-23,-0.217367821704
2014-04-24,-0.208795335851
2014-04-27,-0.198198098912
2014-04-28,-0.186558839027
2014-04-29,-0.174433179927
2014-04-30,-0.162150873009
2014-05-01,-0.149918206043
2014-05-04,-0.138184607155
2014-05-05,-0.126898947559
2014-05-06,-0.115978634217
2014-05-07,-0.105464968171
2014-05-08,-0.095945888444
2014-05-11,-0.0875187948925
2014-05-12,-0.0803921632698
2014-05-13,-0.0745122660855
2014-05-14,-0.0700531035433
2014-05-15,-0.066475695759
2014-05-18,-0.0639979491563
2014-05-19,-0.0625501048536
2014-05-20,-0.0616152716372
2014-05-21,-0.0609721969772
2014-05-22,-0.0602672370656
2014-05-25,-0.0591862902934
2014-05-26,-0.0575588350971
2014-05-27,-0.0548931454439
2014-05-28,-0.0513490298652
2014-05-29,-0.0470688844843
2014-06-01,-0.0418264569041
2014-06-02,-0.0350699467094
2014-06-03,-0.0263953955075
2014-06-04,-0.0158381687161
2014-06-05,-0.00407684456154
2014-06-08,0.00807250498225
2014-06-09,0.0195308587129
2014-06-10,0.0296127001757
2014-06-11,0.0382328470916
2014-06-12,0.0450994606325
2014-06-15,0.049313896682
2014-06-16,0.0506199917256
2014-06-17,0.0495921109819
2014-06-18,0.0463705086925
2014-06-19,0.0414352122889
2014-06-22,0.0356390029275
2014-06-23,0.0294526903399
2014-06-24,0.0231584176403
2014-06-25,0.0167136910047
2014-06-26,0.0100620190148
2014-06-29,0.0029825042531
2014-06-30,-0.00477156972161
2014-07-01,-0.012815827298
2014-07-02,-0.020427538638
2014-07-03,-0.0275824374274
2014-07-06,-0.0339643627519
2014-07-07,-0.0393328110173
2014-07-08,-0.0435203886367
2014-07-09,-0.0463243469323
2014-07-10,-0.0474574186999
2014-07-13,-0.0472279371576
2014-07-14,-0.04584902459
2014-07-15,-0.0438119899623
2014-07-16,-0.0410931646576
2014-07-17,-0.0371528331208
2014-07-20,-0.0325904601727
2014-07-21,-0.0276625263824
2014-07-22,-0.0227099150576
2014-07-23,-0.0180239517525
2014-07-24,-0.0137723381486
2014-07-27,-0.00973467221395
2014-07-28,-0.00598440410405
2014-07-29,-0.00251032424038
2014-07-30,0.000370899756366
2014-07-31,0.00340077609241
2014-08-03,0.0069366175475
2014-08-04,0.0113609333224
2014-08-05,0.017099875851
2014-08-06,0.0242144251072
2014-08-07,0.0329284939544
2014-08-10,0.0430178950267
2014-08-11,0.0539602354171
2014-08-12,0.0650845041154
2014-08-13,0.0756937264371
2014-08-14,0.085240760656
2014-08-17,0.093065842704
2014-08-18,0.0986199168229
2014-08-19,0.101587752252
2014-08-20,0.101757900379
2014-08-21,0.0996285276056
2014-08-24,0.0958869450345
2014-08-25,0.0912010716309
2014-08-26,0.0855505616174
2014-08-27,0.0790012979539
2014-08-28,0.0718909155221
2014-08-31,0.0642105374523
2014-09-01,0.0564364971317
2014-09-02,0.0485821884491
2014-09-03,0.0404138864567
2014-09-04,0.0318251702581
2014-09-07,0.02260299587
2014-09-08,0.0136181883867
2014-09-09,0.00601212623607
2014-09-10,0.000566552267482
2014-09-11,-0.00208863657403
2014-09-14,-0.00236013387711
2014-09-15,0.000627315848725
2014-09-16,0.00718372621329
2014-09-17,0.0175353844481
2014-09-18,0.031704115818
2014-09-21,0.0489468131153
2014-09-22,0.0687704017764
2014-09-23,0.0908440728788
2014-09-24,0.114019034453
2014-09-25,0.138666132361
2014-09-28,0.163506047415
2014-09-29,0.188176571534
2014-09-30,0.211848385672
2014-10-01,0.234655586297
2014-10-02,0.25679091386
2014-10-05,0.277124416737
2014-10-06,0.294250302757
2014-10-07,0.307454793119
2014-10-08,0.315376533581
2014-10-09,0.317977122057
2014-10-12,0.315004886631
2014-10-13,0.306901139222
2014-10-14,0.293591735901
2014-10-15,0.276207848865
2014-10-16,0.256648653929
2014-10-19,0.236191905213
2014-10-20,0.216832362255
2014-10-21,0.200366305793
2014-10-22,0.187488625221
2014-10-23,0.178775303598
2014-10-27,0.173803031441
2014-10-28,0.172849290816
2014-10-29,0.173829272253
2014-10-30,0.175123054714
2014-10-31,0.175388839406
2014-11-03,0.173549568783
2014-11-04,0.170147964493
2014-11-05,0.165545465055
2014-11-06,0.159986465804
2014-11-07,0.155240332386
2014-11-10,0.151190816211
2014-11-11,0.148778880059
2014-11-12,0.148561752424
2014-11-13,0.151815871684
2014-11-14,0.159245988638
2014-11-17,0.169838534222
2014-11-18,0.182837611306
2014-11-19,0.197036365313
2014-11-20,0.210322306786
2014-11-21,0.221738891324
2014-11-24,0.229843438386
2014-11-25,0.234368618165
2014-11-26,0.234978917674
2014-11-27,0.230880103242
2014-11-28,0.222211824485
2014-12-01,0.209329979203
2014-12-02,0.193603148273
2014-12-03,0.176394280352
2014-12-04,0.158419130013
2014-12-05,0.141791614847
2014-12-08,0.12722729448
2014-12-09,0.115494418077
2014-12-10,0.107273299528
2014-12-11,0.102680199219
2014-12-12,0.102034320713
2014-12-15,0.104911438515
2014-12-16,0.111365283989
2014-12-17,0.122107613195
2014-12-18,0.136248374817
2014-12-19,0.152173513608
2014-12-22,0.168520426353
2014-12-23,0.184584670298
2014-12-24,0.199974979639
2014-12-25,0.213903920927
2014-12-26,0.225954632835
2014-12-29,0.235237455891
2014-12-30,0.240780899256
2014-12-31,0.24189228348
2015-01-01,0.239279986323
2015-01-02,0.233654410307
2015-01-05,0.226154411102
2015-01-06,0.217346571005
2015-01-07,0.207591525829
2015-01-08,0.196900943188
2015-01-09,0.185099745144
2015-01-12,0.171587671347
2015-01-13,0.15753470803
2015-01-14,0.143262618243
2015-01-15,0.128626496771
2015-01-16,0.113433568212
2015-01-19,0.0971443743575
2015-01-20,0.0801382600979
2015-01-21,0.0624307046149
2015-01-22,0.044250730416
2015-01-23,0.0259375417623
2015-01-26,0.00720562273382
2015-01-27,-0.011526416093
2015-01-28,-0.0296828521206
2015-01-29,-0.0472367981463
2015-01-30,-0.0634021279062
2015-02-02,-0.0770036947212
2015-02-03,-0.0861860340273
2015-02-04,-0.0903538112446
2015-02-05,-0.0883215795486
2015-02-06,-0.0798286215206
2015-02-09,-0.0646081948346
2015-02-10,-0.0430283745045
2015-02-11,-0.0148647130719
2015-02-12,0.019598902103
2015-02-13,0.0577011412058
2015-02-16,0.0969663497069
2015-02-17,0.136083154012
2015-02-18,0.173383653337
2015-02-19,0.207904127738
2015-02-20,0.23896573716
2015-02-23,0.266475847753
2015-02-24,0.289668142538
2015-02-25,0.30748211851
2015-02-26,0.320484210598
2015-02-27,0.329609636033
2015-03-02,0.334709451128
2015-03-03,0.336772813637
2015-03-04,0.336978050124
2015-03-05,0.336348354313
2015-03-06,0.335960671101
2015-03-09,0.337112124887
2015-03-10,0.341684238154
2015-03-11,0.35006989862
2015-03-12,0.362035789737
2015-03-13,0.37867168611
2015-03-16,0.400581939997
2015-03-17,0.427122489075
2015-03-18,0.456887124343
2015-03-19,0.487873794082
2015-03-20,0.518851255872
2015-03-23,0.547087164113
2015-03-24,0.570005099323
2015-03-25,0.586095424174
2015-03-26,0.595179377695
2015-03-27,0.596190318249
2015-03-29,0.589906931694
2015-03-30,0.577072355309
2015-03-31,0.558531056874
2015-04-01,0.533928999132
2015-04-02,0.503930083596
2015-04-05,0.470728141668
2015-04-06,0.435855974424
2015-04-07,0.399681027816
2015-04-08,0.361858014897
2015-04-09,0.32171715524
2015-04-12,0.279577367125
2015-04-13,0.23702879997
2015-04-14,0.194821741566
2015-04-15,0.153587244941
2015-04-16,0.113694593352
2015-04-19,0.0756498494421
2015-04-20,0.0396316709875
2015-04-21,0.00672812173847
2015-04-22,-0.0228806491567
2015-04-23,-0.049884690504
2015-04-26,-0.0756515607685
2015-04-27,-0.100751284176
2015-04-28,-0.124705523349
2015-04-29,-0.1468877508
2015-04-30,-0.166420679828
2015-05-03,-0.182770032626
2015-05-04,-0.194757684067
2015-05-05,-0.20201630812
2015-05-06,-0.204436085031
2015-05-07,-0.202078254185
2015-05-10,-0.195491582727
2015-05-11,-0.184445631661
2015-05-12,-0.169866558918
2015-05-13,-0.153101940757
2015-05-14,-0.135791867823
2015-05-17,-0.119959504093
2015-05-18,-0.106217526298
2015-05-19,-0.0941909988652
2015-05-20,-0.0838892643455
2015-05-21,-0.0741130370472
2015-05-24,-0.0645670219713
2015-05-25,-0.0545202498692
2015-05-26,-0.0431178831379
2015-05-27,-0.029486057066
2015-05-28,-0.0130348183658
2015-05-31,0.00638997361442
2015-06-01,0.0281864613193
2015-06-02,0.0516069976071
2015-06-03,0.0756007417226
2015-06-04,0.0987979968093
2015-06-07,0.120268288727
2015-06-08,0.138351954963
2015-06-09,0.152141607709
2015-06-10,0.16128672994
2015-06-11,0.165256312956
2015-06-14,0.164527577164
2015-06-15,0.160331152659
2015-06-16,0.153109568688
2015-06-17,0.142781988383
2015-06-18,0.129643960951
2015-06-21,0.114960014906
2015-06-22,0.0997210911509
2015-06-23,0.0842327057756
2015-06-24,0.0693815229773
2015-06-25,0.0557104353996
2015-06-28,0.043451760361
2015-06-29,0.0330415376241
2015-06-30,0.02504939327
2015-07-01,0.0200861183413
2015-07-02,0.0172095323719
2015-07-05,0.0163018532801
2015-07-06,0.0173851916387
2015-07-07,0.0206351602288
2015-07-08,0.0263132659784
2015-07-09,0.0342445716116
2015-07-12,0.0434336697825
2015-07-13,0.0529370922949
2015-07-14,0.0617085364696
2015-07-15,0.0697910952576
2015-07-16,0.0769609685792
2015-07-19,0.0834865254285
2015-07-20,0.0890980284388
2015-07-21,0.0926855056717
2015-07-22,0.0944527115303
2015-07-23,0.0963192469523
2015-07-26,0.100674422382
2015-07-27,0.108784517821
2015-07-28,0.12105383269
2015-07-29,0.13681708504
2015-07-30,0.155535008625
2015-08-02,0.177114084124
2015-08-03,0.20188830371
2015-08-04,0.229349632735
2015-08-05,0.258290375807
2015-08-06,0.287439868825
2015-08-09,0.315819281724
2015-08-10,0.341663928118
2015-08-11,0.364816211436
2015-08-12,0.384721026597
2015-08-13,0.401109272932
2015-08-16,0.413105432519
2015-08-17,0.420196332173
2015-08-18,0.42201470612
2015-08-19,0.418372425207
2015-08-20,0.409173135404
2015-08-23,0.396456669344
2015-08-24,0.381889628973
2015-08-25,0.367358265125
2015-08-26,0.353292427089
2015-08-27,0.33996141957
2015-08-30,0.327882751074
2015-08-31,0.317950685844
2015-09-01,0.311175692567
2015-09-02,0.309069405409
2015-09-03,0.311525443747
2015-09-06,0.318785837208
2015-09-07,0.329827325502
2015-09-08,0.34372141899
2015-09-09,0.359754737532
2015-09-10,0.377751258912
2015-09-13,0.397149148013
2015-09-14,0.415917421937
2015-09-15,0.432641874862
2015-09-16,0.446416506976
2015-09-17,0.456326379569
2015-09-20,0.462632227681
2015-09-21,0.464637753739
2015-09-22,0.465506309007
2015-09-23,0.467856902283
2015-09-24,0.469844055832
2015-09-27,0.471446105644
2015-09-28,0.473685259346
2015-09-29,0.476860607368
2015-09-30,0.47912143968
2015-10-01,0.479486214979
2015-10-04,0.478000514267
2015-10-05,0.471773275008
2015-10-06,0.457315596994
2015-10-07,0.436571587823
2015-10-08,0.409748930007
2015-10-11,0.375670149763
2015-10-12,0.334871234697
2015-10-13,0.290871785668
2015-10-14,0.24469397351
2015-10-15,0.197900427219
2015-10-18,0.153165381595
2015-10-19,0.112434820066
2015-10-20,0.0765703934886
2015-10-21,0.0473144829096
2015-10-22,0.025269331146
2015-10-26,0.0101125096869
2015-10-27,0.000201553684723
2015-10-28,-0.00510521927657
2015-10-29,-0.00617327076806
2015-10-30,-0.00538222487015
2015-11-02,-0.00387715433954
2015-11-03,-0.00235743522736
2015-11-04,-0.00268846877679
2015-11-05,-0.00522399784717
2015-11-06,-0.00991193860218
2015-11-09,-0.0170077392737
2015-11-10,-0.0259319579007
2015-11-11,-0.0368912013063
2015-11-12,-0.0491125473253
2015-11-13,-0.0620331674588
2015-11-16,-0.074645648167
2015-11-17,-0.0853931623245
2015-11-18,-0.0938899053951
2015-11-19,-0.100285111345
2015-11-20,-0.104697738684
2015-11-23,-0.108301331085
2015-11-24,-0.110977049584
2015-11-25,-0.113230116952
2015-11-26,-0.114971498209
2015-11-27,-0.116956090914
2015-11-30,-0.118371173747
2015-12-01,-0.118302754643
2015-12-02,-0.116024660812
2015-12-03,-0.111375515477
2015-12-04,-0.104588111023
2015-12-07,-0.0963236831594
2015-12-08,-0.0866697754548
2015-12-09,-0.0756708354348
2015-12-10,-0.0642333347514
2015-12-11,-0.0533739276984
2015-12-14,-0.0439307909868
2015-12-15,-0.0354245208596
2015-12-16,-0.0271133239535
2015-12-17,-0.0178920285007
2015-12-18,-0.00730783547017
2015-12-21,0.00578547357291
2015-12-22,0.0216358229106
2015-12-23,0.040639239633
2015-12-24,0.0615950730295
2015-12-25,0.083221855459
2015-12-28,0.103804669612
2015-12-29,0.121505189528
2015-12-30,0.135567496842
2015-12-31,0.146871735416
2016-01-01,0.154925129242
2016-01-04,0.159248510966
2016-01-05,0.160983435755
2016-01-06,0.161341571227
2016-01-07,0.161366014649
2016-01-08,0.161983016716
2016-01-11,0.163766698426
2016-01-12,0.167479200975
2016-01-13,0.172201083615
2016-01-14,0.177250487254
2016-01-15,0.182101177344
2016-01-18,0.185489279237
2016-01-19,0.187340065614
2016-01-20,0.187837780489
2016-01-21,0.187395919563
2016-01-22,0.187363916669
2016-01-25,0.187277005858
2016-01-26,0.187104948775
2016-01-27,0.186736881311
2016-01-28,0.186591655975
2016-01-29,0.186538835186
2016-02-01,0.185291451742
2016-02-02,0.181717125798
2016-02-03,0.175116045559
2016-02-04,0.16381585408
2016-02-05,0.14774821405
2016-02-08,0.127376886177
2016-02-09,0.103475295135
2016-02-10,0.0763324447284
2016-02-11,0.0472635114009
2016-02-12,0.0186161123545
2016-02-15,-0.00793124535824
2016-02-16,-0.0313914973671
2016-02-17,-0.0496576167358
2016-02-18,-0.062482777234
2016-02-19,-0.069699116727
2016-02-22,-0.0715469934979
2016-02-23,-0.0691488130366
2016-02-24,-0.0638040895967
2016-02-25,-0.057113568538
2016-02-26,-0.0499883296488
2016-02-29,-0.0431755141135
2016-03-01,-0.0373274852045
2016-03-02,-0.0328991701151
2016-03-03,-0.03086730249
2016-03-04,-0.0325442170934
2016-03-07,-0.0380170338738
2016-03-08,-0.0470645410223
2016-03-09,-0.0595963379657
2016-03-10,-0.0760459545607
2016-03-11,-0.0971525090439
2016-03-14,-0.123932300907
2016-03-15,-0.154787988942
2016-03-16,-0.18695665515
2016-03-17,-0.217880542766
2016-03-18,-0.246899734182
2016-03-21,-0.273758648993
2016-03-22,-0.298147207669
2016-03-23,-0.319540197549
2016-03-24,-0.336013468638
2016-03-25,-0.346229905475
2016-03-27,-0.350502471536
2016-03-28,-0.350537810901
2016-03-29,-0.347823628969
2016-03-30,-0.342660894117
2016-03-31,-0.33550764196
2016-04-03,-0.327107769459
2016-04-04,-0.316914603078
2016-04-05,-0.305199201146
2016-04-06,-0.2926364901
2016-04-07,-0.279300675372
2016-04-10,-0.266317387577
2016-04-11,-0.255015961703
2016-04-12,-0.245793782435
2016-04-13,-0.238572019886
2016-04-14,-0.233026307339
2016-04-17,-0.228968975141
2016-04-18,-0.225948081798
2016-04-19,-0.224167005737
2016-04-20,-0.224192619451
2016-04-21,-0.225208534394
2016-04-24,-0.225160355651
2016-04-25,-0.222926083027
2016-04-26,-0.218421945659
2016-04-27,-0.211506566394
2016-04-28,-0.203380124989
2016-05-01,-0.196277805522
2016-05-02,-0.189871049776
2016-05-03,-0.183268783277
2016-05-04,-0.176070048213
2016-05-05,-0.168654812682
2016-05-08,-0.161549273983
2016-05-09,-0.154583088586
2016-05-10,-0.148167344582
2016-05-11,-0.142337170843
2016-05-12,-0.136225921422
2016-05-15,-0.129455742861
2016-05-16,-0.122929399572
2016-05-17,-0.117194114431
2016-05-18,-0.111585991231
2016-05-19,-0.105299269266
2016-05-22,-0.0981096802157
2016-05-23,-0.0893742021486
2016-05-24,-0.0785557157321
2016-05-25,-0.0657314494911
2016-05-26,-0.0516618449815
2016-05-29,-0.0362319821848
2016-05-30,-0.019896487315
2016-05-31,-0.00369607908157
2016-06-01,0.0117471261275
2016-06-02,0.0259622521513
2016-06-05,0.0379473366456
2016-06-06,0.0467281397431
2016-06-07,0.0512115932787
2016-06-08,0.0500440693983
2016-06-09,0.0429085112204
2016-06-12,0.0307208613098
2016-06-13,0.0149212748912
2016-06-14,-0.00344558510583
2016-06-15,-0.0234578408371
2016-06-16,-0.0438357067426
2016-06-19,-0.0638065508135
2016-06-20,-0.0825357609431
2016-06-21,-0.0984144431503
2016-06-22,-0.111468335461
2016-06-23,-0.122504433091
2016-06-26,-0.132450574676
2016-06-27,-0.141628496363
2016-06-28,-0.151190269404
2016-06-29,-0.162443600362
2016-06-30,-0.175857764103
2016-07-03,-0.191012353836
2016-07-04,-0.207052212786
2016-07-05,-0.222786203326
2016-07-06,-0.236692855708
2016-07-07,-0.247859341767
2016-07-10,-0.256857702027
2016-07-11,-0.263019465854
2016-07-12,-0.265498597934
2016-07-13,-0.264007891323
2016-07-14,-0.259066344668
2016-07-17,-0.251558024092
2016-07-18,-0.242657304498
2016-07-19,-0.233545004757
2016-07-20,-0.225333416366
2016-07-21,-0.217733670052
2016-07-24,-0.210877888139
2016-07-25,-0.204290233139
2016-07-26,-0.197452928085
2016-07-27,-0.190069796013
2016-07-28,-0.182073237951
2016-07-31,-0.173597862321
2016-08-01,-0.164617585783
2016-08-02,-0.155305804418
2016-08-03,-0.146236988756
2016-08-04,-0.138156506644
2016-08-07,-0.132177942622
2016-08-08,-0.128625273186
2016-08-09,-0.127734951747
2016-08-10,-0.129997207206
2016-08-11,-0.134894261209
2016-08-14,-0.141441680265
2016-08-15,-0.148915651187
2016-08-16,-0.156363768534
2016-08-17,-0.162550306367
2016-08-18,-0.166044714911
2016-08-21,-0.166645615328
2016-08-22,-0.16416492744
2016-08-23,-0.158003610375
2016-08-24,-0.148377589827
2016-08-25,-0.136243297368
2016-08-28,-0.121863822882
2016-08-29,-0.106255658711
2016-08-30,-0.0901010561985
2016-08-31,-0.0744575461119
2016-09-01,-0.0592349512602
2016-09-04,-0.0442989604742
2016-09-05,-0.0299260278824
2016-09-06,-0.0170407197593
2016-09-07,-0.00628869496563
2016-09-08,0.0018901630941
2016-09-11,0.00853476466574
2016-09-12,0.0139209332738
2016-09-13,0.0192559773842
2016-09-14,0.0252813139609
2016-09-15,0.0317932967665
2016-09-18,0.0380429131275
2016-09-19,0.0445332740896
2016-09-20,0.0514111005465
2016-09-21,0.057830034906
2016-09-22,0.0626641428751
2016-09-25,0.065954979247
2016-09-26,0.0669380548356
2016-09-27,0.0648260595513
2016-09-28,0.0597130584733
2016-09-29,0.0528152411937
2016-10-02,0.0449430907161
2016-10-03,0.0362303992642
2016-10-04,0.0279955640214
2016-10-05,0.020493437674
2016-10-06,0.0136390426873
2016-10-09,0.00729838005548
2016-10-10,0.00127323861212
2016-10-11,-0.00445529116178
2016-10-12,-0.010354986837
2016-10-13,-0.0169753248508
2016-10-16,-0.0236345727366
2016-10-17,-0.0304369498878
2016-10-18,-0.0372443521122
2016-10-19,-0.0442523193362
2016-10-20,-0.0517816043222
2016-10-23,-0.0596381315405
2016-10-24,-0.0678773992013
2016-10-25,-0.0767177039768
2016-10-26,-0.085574754866
2016-10-27,-0.0940367751026
2016-10-31,-0.101399093823
2016-11-01,-0.107055712563
2016-11-02,-0.110063774185
2016-11-03,-0.109446561884
2016-11-04,-0.104890679931
2016-11-07,-0.0964957157568
2016-11-08,-0.0848156839027
2016-11-09,-0.071207768549
2016-11-10,-0.0561770789619
2016-11-11,-0.0385928855076
2016-11-14,-0.0180111791843
2016-11-15,0.00573339981188
2016-11-16,0.0322351178433
2016-11-17,0.060999498103
2016-11-18,0.0915610265229
2016-11-21,0.123167346194
2016-11-22,0.155655682959
2016-11-23,0.187630649223
2016-11-24,0.216945818279
2016-11-25,0.241928409261
2016-11-28,0.261494567871
2016-11-29,0.275081339532
2016-11-30,0.2831526215
2016-12-01,0.28596906582
2016-12-02,0.286696872548
2016-12-05,0.286107832864
2016-12-06,0.284386580814
2016-12-07,0.280719155404
2016-12-08,0.274964041769
2016-12-09,0.26672563232
2016-12-12,0.256171373746
2016-12-13,0.24254189433
2016-12-14,0.226178999877
2016-12-15,0.205902238484
2016-12-16,0.18249789779
2016-12-19,0.157691958205
2016-12-20,0.132554441927
2016-12-21,0.108011245555
2016-12-22,0.0844325805417
2016-12-23,0.0615543904516
2016-12-26,0.0395277612626
2016-12-27,0.0185019467208
2016-12-28,-0.00184486616486
2016-12-29,-0.0214829488604
2016-12-30,-0.0410279267908
2017-01-02,-0.0604622774154
2017-01-03,-0.0792152178163
2017-01-04,-0.0968324846425
2017-01-05,-0.113176935405
2017-01-06,-0.128188085846
2017-01-09,-0.141567640598
2017-01-10,-0.153511654865
2017-01-11,-0.164357517464
2017-01-12,-0.173957571578
2017-01-13,-0.182393100668
2017-01-16,-0.190127387063
2017-01-17,-0.196554623628
2017-01-18,-0.201144101981
2017-01-19,-0.203228309296
2017-01-20,-0.203271986137
2017-01-23,-0.202010734388
2017-01-24,-0.199726226593
2017-01-25,-0.196596398012
2017-01-26,-0.19267930496
2017-01-27,-0.187977842417
2017-01-30,-0.184045119779
2017-01-31,-0.181220052888
2017-02-01,-0.179586721754
2017-02-02,-0.178977564809
2017-02-03,-0.178648233101
2017-02-06,-0.17840593204
2017-02-07,-0.178288268377
2017-02-08,-0.17827053375
2017-02-09,-0.178436173803
2017-02-10,-0.177832097952
2017-02-13,-0.176400431737
2017-02-14,-0.174431657096
2017-02-15,-0.172234126199
2017-02-16,-0.170268563378
2017-02-17,-0.168369605659
2017-02-20,-0.166263465498
2017-02-21,-0.1639692782
2017-02-22,-0.161400513766
2017-02-23,-0.15909988626
2017-02-24,-0.157140178531
2017-02-27,-0.155147402121
2017-02-28,-0.152396802612
2017-03-01,-0.148148753841
2017-03-02,-0.142717990293
2017-03-03,-0.135631549583
2017-03-06,-0.127051705304
2017-03-07,-0.117086564091
2017-03-08,-0.105796133083
2017-03-09,-0.0927509937662
2017-03-10,-0.077874335887
2017-03-13,-0.0619988346792
2017-03-14,-0.0457238417318
2017-03-15,-0.0290961196869
2017-03-16,-0.0139165107861
2017-03-17,-0.000540846468095
2017-03-20,0.0102338468259
2017-03-21,0.0181255435415
2017-03-22,0.0227602586716
2017-03-23,0.0236598381029
2017-03-24,0.0220297044813
2017-03-26,0.0183359692055
2017-03-27,0.0130608825193
2017-03-28,0.00761733770942
2017-03-29,0.00242811552164
2017-03-30,-0.00149171983753
2017-04-02,-0.00372825324903
2017-04-03,-0.00444954427595
2017-04-04,-0.00405108931761
2017-04-05,-0.00322487576163
2017-04-06,-0.0017678233353
2017-04-09,0.000238090528861
2017-04-10,0.00236221487956
2017-04-11,0.00460454268269
2017-04-12,0.0064446348284
2017-04-13,0.00816725706142
2017-04-16,0.0100770912486
2017-04-17,0.0123917492909
2017-04-18,0.0145890141113
2017-04-19,0.0166097142013
2017-04-20,0.0183646740235
2017-04-23,0.0199737903007
2017-04-24,0.0211918274341
2017-04-25,0.0223248622914
2017-04-26,0.0236236824316
2017-04-27,0.0253371298745
2017-04-30,0.0276918157371
2017-05-01,0.03107046582
2017-05-02,0.0347632465755
2017-05-03,0.0384761619852
2017-05-04,0.0423144622867
2017-05-07,0.0464828858421
2017-05-08,0.0510483007063
2017-05-09,0.0555755458674
2017-05-10,0.0593858588575
2017-05-11,0.0618219569249
2017-05-14,0.0630764551405
2017-05-15,0.0627659332737
2017-05-16,0.0604474404492
2017-05-17,0.0561784188689
2017-05-18,0.0532504171028
2017-05-21,0.0518548339789
2017-05-22,0.0522926639211
2017-05-23,0.0549379936697
2017-05-24,0.0602786395811
2017-05-25,0.0679077614543
2017-05-28,0.0770717870718
2017-05-29,0.0883347224203
2017-05-30,0.101388587093
2017-05-31,0.112464982969
2017-06-01,0.121158283342
2017-06-04,0.127191871918
2017-06-05,0.131101296583
2017-06-06,0.133006596512
2017-06-07,0.133002606972
2017-06-08,0.132397376348
2017-06-11,0.129997915441
2017-06-12,0.126949803238
2017-06-13,0.124363986424
2017-06-14,0.12206147341
2017-06-15,0.119934594446
2017-06-18,0.117508880733
2017-06-19,0.114687365457
2017-06-20,0.112113000438
2017-06-21,0.110363097299
2017-06-22,0.110849493529
2017-06-25,0.112549394483
2017-06-26,0.114208500731
2017-06-27,0.11580561032
2017-06-28,0.116909994956
2017-06-29,0.117389560735
2017-07-02,0.115748931665
2017-07-03,0.112193136232
2017-07-04,0.106991433926
2017-07-05,0.100079302959
2017-07-06,0.0916589997794
2017-07-09,0.081086743022
2017-07-10,0.0691006899247
2017-07-11,0.0564147921024
2017-07-12,0.042632111093
2017-07-13,0.0292528957006
2017-07-16,0.015269067561
2017-07-17,0.00012016099345
2017-07-18,-0.016489520369
2017-07-19,-0.0347648268842
2017-07-20,-0.0535503972578
2017-07-23,-0.0724437567087
2017-07-24,-0.0912804181601
2017-07-25,-0.108921481325
2017-07-26,-0.125189852478
2017-07-27,-0.139398991443
2017-07-30,-0.150960865823
2017-07-31,-0.15994254081
2017-08-01,-0.166502990005
2017-08-02,-0.170634443582
2017-08-03,-0.173250819011
2017-08-06,-0.174342455997
2017-08-07,-0.174404926569
2017-08-08,-0.173354140479
2017-08-09,-0.171070307296
2017-08-10,-0.167613786233
2017-08-13,-0.162396410453
2017-08-14,-0.155031338783
2017-08-15,-0.145561495372
2017-08-16,-0.134378217985
2017-08-17,-0.121813642622
2017-08-20,-0.108081364405
2017-08-21,-0.0936444926913
2017-08-22,-0.0792492049845
2017-08-23,-0.0659416807729
2017-08-24,-0.0542975212641
2017-08-27,-0.0445687696638
2017-08-28,-0.0364816685947
2017-08-29,-0.0296087265614
2017-08-30,-0.0239873256156
2017-08-31,-0.0198012451372
2017-09-03,-0.0164917040719
2017-09-04,-0.014134641203
2017-09-05,-0.0127547687217
2017-09-06,-0.012631165426
2017-09-07,-0.0140137049044
2017-09-10,-0.0160179466292
2017-09-11,-0.0190401384781
2017-09-12,-0.0228913524072
2017-09-13,-0.0271021997297
2017-09-14,-0.0319293169346
2017-09-17,-0.0370890384407
2017-09-18,-0.0417438760397
2017-09-19,-0.0451990158265
2017-09-20,-0.047121209137
2017-09-21,-0.0483747052568
2017-09-24,-0.0486631855893
2017-09-25,-0.0477163102506
2017-09-26,-0.0454910776991
2017-09-27,-0.0415164590484
2017-09-28,-0.0356664056429
2017-10-01,-0.0285545590772
2017-10-02,-0.0207679133177
2017-10-03,-0.0128614292411
2017-10-04,-0.00535589378314
2017-10-05,0.00182035402315
2017-10-08,0.00831022922717
2017-10-09,0.0142348986932
2017-10-10,0.0192047568407
2017-10-11,0.0230635163906
2017-10-12,0.0259899165474
2017-10-15,0.0279833990948
2017-10-16,0.0295619971902
2017-10-17,0.0309755164198
2017-10-18,0.0323131223618
2017-10-19,0.033522019437
2017-10-22,0.0345048119758
2017-10-23,0.035887329472
2017-10-24,0.0382266997391
2017-10-25,0.0416523274189
2017-10-26,0.0471610807356
2017-10-30,0.0542286166994
2017-10-31,0.0632644816048
2017-11-01,0.0739484748799
2017-11-02,0.0859633790563
2017-11-03,0.0986321733735
2017-11-06,0.111253626369
2017-11-07,0.122685241152
2017-11-08,0.132698866679
2017-11-09,0.140264468676
2017-11-10,0.145519701774
2017-11-13,0.148356749433
2017-11-14,0.149076764947
2017-11-15,0.148492984756
2017-11-16,0.146633760789
2017-11-17,0.14325029339
2017-11-20,0.138672952959
2017-11-21,0.132923037016
2017-11-22,0.126409759602
2017-11-23,0.118987066469
2017-11-24,0.110292147213
2017-11-27,0.100420620775
2017-11-28,0.0890071225513
2017-11-29,0.0763243461666
2017-11-30,0.0631410684246
2017-12-01,0.050547365761
2017-12-04,0.0390142905603
2017-12-05,0.0285455917551
2017-12-06,0.0195831943923
2017-12-07,0.0122641250196
2017-12-08,0.00707401314942
2017-12-11,0.00427603730267
2017-12-12,0.00429883422112
2017-12-13,0.00673942510993
2017-12-14,0.0109120322276
2017-12-15,0.0168602546719
2017-12-18,0.0240582787633
2017-12-19,0.032091366056
2017-12-20,0.0406767618995
2017-12-21,0.0490005276511
2017-12-22,0.0566801086577
2017-12-25,0.0636908270386
2017-12-26,0.070007530343
2017-12-27,0.0752477151543
2017-12-28,0.078876273926
2017-12-29,0.0812427357365
2018-01-01,0.0826068592472
2018-01-02,0.0832524033692
2018-01-03,0.0826383975802
2018-01-04,0.0801185265853
2018-01-05,0.0750164503242
2018-01-08,0.0670593399693
2018-01-09,0.0567672568684
2018-01-10,0.0446923630506
2018-01-11,0.0311022497799
2018-01-12,0.0161971579986
2018-01-15,2.66725987797e-05
2018-01-16,-0.0164307930875
2018-01-17,-0.0321153500987
2018-01-18,-0.0463561409543
2018-01-19,-0.0589194559751
2018-01-22,-0.0700072057628
2018-01-23,-0.0798177979495
2018-01-24,-0.0878346638566
2018-01-25,-0.0947997588476
2018-01-26,-0.101017682091
2018-01-29,-0.106802428072
2018-01-30,-0.112436890867
2018-01-31,-0.117753693451
2018-02-01,-0.122375634274
2018-02-02,-0.126234176429
2018-02-05,-0.128748632454
2018-02-06,-0.129498713288
2018-02-07,-0.127562219929
2018-02-08,-0.122117599714
2018-02-09,-0.112771766815
2018-02-12,-0.0995202606642
2018-02-13,-0.08293866903
2018-02-14,-0.0637120012247
2018-02-15,-0.0432146259666
2018-02-16,-0.0229533899648
2018-02-19,-0.00445254071303
2018-02-20,0.0118149299564
2018-02-21,0.0254518935427
2018-02-22,0.0363157132771
2018-02-23,0.0441409044526
2018-02-26,0.0487479108363
2018-02-27,0.05003131466
2018-02-28,0.0494435738673
2018-03-01,0.0478115259779
2018-03-02,0.0457507708877
2018-03-05,0.0436020827156
2018-03-06,0.0412113579615
2018-03-07,0.0379302772196
2018-03-08,0.034108854113
2018-03-09,0.0304414483048
2018-03-12,0.0274110102336
2018-03-13,0.0250068634604
2018-03-14,0.0231252919418
