Date,mdi
2010-01-04,
2010-01-05,0.815394651011
2010-01-06,0.540146199571
2010-01-07,0.363412112813
2010-01-08,0.280235573689
2010-01-11,7.54918009225
2010-01-12,5.97950223392
2010-01-13,4.909801851
2010-01-14,3.96705233878
2010-01-15,3.24687469727
2010-01-18,2.74546442521
2010-01-19,5.38322574712
2010-01-20,4.44917496529
2010-01-21,3.7424268511
2010-01-22,3.08511336978
2010-01-25,2.65939930541
2010-01-26,2.26938783859
2010-01-27,7.95316624045
2010-01-28,6.80958143806
2010-01-29,5.94463019454
2010-02-01,5.01377213861
2010-02-02,6.90016867352
2010-02-03,11.9026438108
2010-02-04,9.74441571875
2010-02-05,8.45425452392
2010-02-08,7.42322530757
2010-02-09,9.15742897199
2010-02-10,12.5477394699
2010-02-11,10.9076257314
2010-02-12,9.40683664121
2010-02-15,8.31484592262
2010-02-16,8.91967077054
2010-02-17,10.2214682023
2010-02-18,11.8116979568
2010-02-19,11.8546984165
2010-02-22,12.8892043179
2010-02-23,11.1641876638
2010-02-24,9.81899649551
2010-02-25,8.44132122961
2010-02-26,7.29615567707
2010-03-01,10.4488890389
2010-03-02,14.2889058919
2010-03-03,12.4117279839
2010-03-04,11.3542069714
2010-03-05,10.3826077224
2010-03-08,11.3919233529
2010-03-09,9.85484935959
2010-03-10,11.3948524097
2010-03-11,11.4249857018
2010-03-12,10.9331353409
2010-03-15,9.681811791
2010-03-16,8.44324991896
2010-03-17,7.3922778011
2010-03-18,6.25175685146
2010-03-19,5.41247587486
2010-03-22,4.68625234292
2010-03-23,7.23808589
2010-03-24,8.51528156617
2010-03-25,7.35618983209
2010-03-26,6.42851620881
2010-03-28,5.62664753926
2010-03-29,11.087645865
2010-03-30,10.9825412046
2010-03-31,11.6705431556
2010-04-01,13.1469990442
2010-04-04,11.5360489162
2010-04-05,10.0021575598
2010-04-06,8.49045961403
2010-04-07,7.20044541103
2010-04-08,6.32443747697
2010-04-11,9.04695085086
2010-04-12,10.202915193
2010-04-13,10.0682580109
2010-04-14,9.7927062694
2010-04-15,8.43894463839
2010-04-18,7.32825190842
2010-04-19,7.53168886396
2010-04-20,7.19654637795
2010-04-21,6.17560331796
2010-04-22,5.40416189696
2010-04-25,6.72492138576
2010-04-26,5.74183628039
2010-04-27,5.03836441801
2010-04-28,8.82806729297
2010-04-29,13.1493514327
2010-05-02,11.5201134315
2010-05-03,9.66477255243
2010-05-04,8.19277536282
2010-05-05,6.78570774035
2010-05-06,5.87664199942
2010-05-09,11.3531247155
2010-05-10,21.096936099
2010-05-11,18.6179611806
2010-05-12,19.2809942581
2010-05-13,16.1418607909
2010-05-16,13.8962520318
2010-05-17,12.0109777832
2010-05-18,10.1724778168
2010-05-19,8.34624708804
2010-05-20,7.24562194985
2010-05-23,10.3653081318
2010-05-24,8.77778291468
2010-05-25,12.4641946711
2010-05-26,10.97052466
2010-05-27,19.7439529775
2010-05-30,22.9591013431
2010-05-31,20.9033377161
2010-06-01,21.3693461962
2010-06-02,24.8721920406
2010-06-03,22.4396602122
2010-06-06,19.502957639
2010-06-07,17.1856048381
2010-06-08,20.6660819833
2010-06-09,18.9738006133
2010-06-10,27.1478238371
2010-06-13,23.7268767034
2010-06-14,20.8457232809
2010-06-15,24.0504496933
2010-06-16,21.0178044765
2010-06-17,19.3298119854
2010-06-20,19.1089476621
2010-06-21,16.6838123787
2010-06-22,14.285619025
2010-06-23,12.4681893342
2010-06-24,11.9311490129
2010-06-27,11.4667141
2010-06-28,9.70553304268
2010-06-29,8.52365486147
2010-06-30,7.77028933202
2010-07-01,19.1355787622
2010-07-04,21.2115507368
2010-07-05,18.5241612653
2010-07-06,16.1083936374
2010-07-07,17.2083593328
2010-07-08,15.4097397649
2010-07-11,14.5917014305
2010-07-12,12.743051289
2010-07-13,13.0805730515
2010-07-14,11.2421921821
2010-07-15,9.52067877504
2010-07-18,8.27595214074
2010-07-19,7.19792750292
2010-07-20,10.6940377794
2010-07-21,9.35879371098
2010-07-22,13.5969742404
2010-07-25,11.9110582006
2010-07-26,12.9444856692
2010-07-27,11.2912127022
2010-07-28,9.85394995874
2010-07-29,11.3909572662
2010-08-01,10.8499927535
2010-08-02,9.35312615486
2010-08-03,8.15673617314
2010-08-04,8.6448815983
2010-08-05,7.48295794904
2010-08-08,6.52037086375
2010-08-09,7.91167663303
2010-08-10,6.74102990429
2010-08-11,5.86639845321
2010-08-12,6.42557651874
2010-08-15,5.62518896431
2010-08-16,9.26027324597
2010-08-17,8.32220009594
2010-08-18,7.18015484429
2010-08-19,6.21312288908
2010-08-22,5.3945286911
2010-08-23,4.61008429008
2010-08-24,4.0196052339
2010-08-25,5.39424190856
2010-08-26,5.00555364999
2010-08-29,7.39960148427
2010-08-30,6.32298357516
2010-08-31,6.42102921434
2010-09-01,8.05401655448
2010-09-02,11.5071536956
2010-09-05,9.95792486528
2010-09-06,9.96614081735
2010-09-07,8.71854624321
2010-09-08,8.60430994795
2010-09-09,8.11767580114
2010-09-12,7.40879072628
2010-09-13,9.34820115248
2010-09-14,8.05682810151
2010-09-15,7.04834284561
2010-09-16,9.08897617602
2010-09-19,7.94298815712
2010-09-20,6.7775412965
2010-09-21,10.8702663626
2010-09-22,9.42024942066
2010-09-23,8.24396374974
2010-09-26,10.0664464038
2010-09-27,8.93724877499
2010-09-28,8.22879903772
2010-09-29,8.91104823115
2010-09-30,10.6919308608
2010-10-03,9.25733605724
2010-10-04,7.94089747692
2010-10-05,14.4898297634
2010-10-06,12.6617604843
2010-10-07,11.0079816948
2010-10-10,12.8927689226
2010-10-11,11.308845455
2010-10-12,12.9642078352
2010-10-13,11.9744332486
2010-10-14,10.4595086507
2010-10-17,9.05068775093
2010-10-18,7.54229636921
2010-10-19,6.63752663891
2010-10-20,5.68500528024
2010-10-21,4.97503059141
2010-10-24,4.35687738433
2010-10-25,6.03656414571
2010-10-26,5.21512359262
2010-10-27,4.58407669511
2010-10-28,7.5176919578
2010-11-01,7.23236790588
2010-11-02,6.29608973452
2010-11-03,5.51427288808
2010-11-04,7.97590588467
2010-11-05,11.3025678839
2010-11-08,9.67842008459
2010-11-09,8.49803903701
2010-11-10,7.33046649153
2010-11-11,6.33844022666
2010-11-12,5.52519197438
2010-11-15,4.83612253992
2010-11-16,4.18716615501
2010-11-17,3.67601265991
2010-11-18,6.7230027271
2010-11-19,8.93227820401
2010-11-22,7.79561015955
2010-11-23,6.73654185101
2010-11-24,5.91701576659
2010-11-25,8.20455561875
2010-11-26,7.06200386195
2010-11-29,6.15282564342
2010-11-30,7.27739767507
2010-12-01,7.35998909101
2010-12-02,8.34437258169
2010-12-03,9.34672728664
2010-12-06,10.5782861083
2010-12-07,11.473865989
2010-12-08,9.94724676713
2010-12-09,8.57942165713
2010-12-10,7.44482969766
2010-12-13,7.14239982531
2010-12-14,9.18750300194
2010-12-15,8.02050446706
2010-12-16,7.03082498624
2010-12-17,7.59666883182
2010-12-20,6.66549994215
2010-12-21,7.63110890407
2010-12-22,9.58625794458
2010-12-23,8.37455262531
2010-12-24,8.42422502415
2010-12-27,7.34304315453
2010-12-28,7.66587133637
2010-12-29,6.71232150766
2010-12-30,9.00067085427
2010-12-31,9.06500982092
2011-01-03,7.88796904534
2011-01-04,9.49313137282
2011-01-05,8.22373951584
2011-01-06,7.03241439972
2011-01-07,6.14738067022
2011-01-10,5.29859410296
2011-01-11,4.6115678087
2011-01-12,5.01576876315
2011-01-13,6.84180839998
2011-01-14,5.86448216287
2011-01-17,5.1377773607
2011-01-18,5.82746873484
2011-01-19,6.59393580533
2011-01-20,6.37441588255
2011-01-21,5.56225186827
2011-01-24,4.85522372943
2011-01-25,5.56683026126
2011-01-26,4.86007661076
2011-01-27,5.34276705714
2011-01-28,4.58385062478
2011-01-31,4.00395298384
2011-02-01,7.81844485707
2011-02-02,7.90757633507
2011-02-03,6.85755803872
2011-02-04,5.92385525291
2011-02-07,5.13072192539
2011-02-08,4.45932560297
2011-02-09,7.32433195327
2011-02-10,6.27669679232
2011-02-11,5.43335907059
2011-02-14,6.01722371742
2011-02-15,5.23827020247
2011-02-16,4.56726871429
2011-02-17,3.96843196015
2011-02-18,5.57247196354
2011-02-21,4.79233484975
2011-02-22,4.15306673376
2011-02-23,4.65740365357
2011-02-24,4.07176094518
2011-02-25,3.7073151574
2011-02-28,3.7171701943
2011-03-01,3.44482512394
2011-03-02,3.18819266015
2011-03-03,5.00122591854
2011-03-04,8.10263095492
2011-03-07,7.52006200625
2011-03-08,6.81164613432
2011-03-09,9.86107381646
2011-03-10,8.98118653758
2011-03-11,8.20943438092
2011-03-14,7.51668811024
2011-03-15,6.62915584392
2011-03-16,6.00489502937
2011-03-17,5.43218675781
2011-03-18,4.8727712481
2011-03-21,8.7357639432
2011-03-22,8.03099922647
2011-03-23,10.2003606163
2011-03-24,11.0034166785
2011-03-25,11.1630318161
2011-03-27,9.97895118371
2011-03-28,8.91537984844
2011-03-29,27.2427927287
2011-03-30,24.9858724093
2011-03-31,34.6717532975
2011-04-03,29.7586686533
2011-04-04,26.9807042383
2011-04-05,27.898652149
2011-04-06,29.6627582753
2011-04-07,37.0283299443
2011-04-10,32.6254885209
2011-04-11,28.7371314433
2011-04-12,25.2809360825
2011-04-13,22.5698055051
2011-04-14,19.5604981044
2011-04-17,16.9524316905
2011-04-18,14.970026516
2011-04-19,23.0546058202
2011-04-20,20.4474763091
2011-04-21,18.4957490299
2011-04-24,16.6959332349
2011-04-25,15.3509118737
2011-04-26,17.7914589972
2011-04-27,14.7806112923
2011-04-28,13.0000974291
2011-05-01,11.236976437
2011-05-02,9.35945525227
2011-05-03,7.86459575297
2011-05-04,6.52422690579
2011-05-05,11.6270261436
2011-05-08,9.92554543188
2011-05-09,8.88528246987
2011-05-10,7.78995443003
2011-05-11,6.77222015283
2011-05-12,5.73654584252
2011-05-15,5.02120639866
2011-05-16,4.51952260909
2011-05-17,14.3782280739
2011-05-18,16.9322471784
2011-05-19,15.2000417803
2011-05-22,13.1139696573
2011-05-23,11.3347749034
2011-05-24,9.88184828071
2011-05-25,10.0256062965
2011-05-26,23.5227661314
2011-05-29,22.5374303138
2011-05-30,28.1385906529
2011-05-31,28.0023411199
2011-06-01,24.8376950212
2011-06-02,40.5994599381
2011-06-05,36.2917385776
2011-06-06,42.4928799436
2011-06-07,38.3568712083
2011-06-08,34.1893274896
2011-06-09,29.9004426233
2011-06-12,26.5667152433
2011-06-13,26.3855780251
2011-06-14,23.1843155264
2011-06-15,19.1667528271
2011-06-16,20.8839195109
2011-06-19,18.3318882886
2011-06-20,21.7393914349
2011-06-21,19.3463857186
2011-06-22,17.8045458736
2011-06-23,15.9975575602
2011-06-26,14.1743496491
2011-06-27,23.6879127396
2011-06-28,28.2156431571
2011-06-29,31.0020728367
2011-06-30,30.8105531634
2011-07-03,27.6034983066
2011-07-04,24.1589992666
2011-07-05,20.8632418314
2011-07-06,24.1575782902
2011-07-07,23.1247323246
2011-07-10,18.6261836548
2011-07-11,16.0663376371
2011-07-12,19.3434498243
2011-07-13,17.3518448851
2011-07-14,15.5630126114
2011-07-17,13.7484923746
2011-07-18,17.0596387811
2011-07-19,16.6366823925
2011-07-20,23.5529830803
2011-07-21,23.2230072009
2011-07-24,29.645195872
2011-07-25,32.8759274497
2011-07-26,26.428951233
2011-07-27,21.5880237891
2011-07-28,21.1276465926
2011-07-31,20.6442296552
2011-08-01,17.5034333732
2011-08-02,15.8208255201
2011-08-03,12.9746450177
2011-08-04,10.8069800041
2011-08-07,9.06271727327
2011-08-08,6.96084408839
2011-08-09,17.5050378422
2011-08-10,15.4851035873
2011-08-11,20.9974584271
2011-08-14,25.2805796248
2011-08-15,29.991993336
2011-08-16,26.8805938979
2011-08-17,23.3473534066
2011-08-18,20.508471341
2011-08-21,17.8836596747
2011-08-22,16.0388607699
2011-08-23,14.705262084
2011-08-24,12.9493078858
2011-08-25,11.5704421963
2011-08-28,15.0425352151
2011-08-29,19.3382102245
2011-08-30,16.8403737254
2011-08-31,14.4497608553
2011-09-01,11.2870618251
2011-09-04,8.97294674019
2011-09-05,7.63946747656
2011-09-06,6.99630017788
2011-09-07,7.48917008733
2011-09-08,6.46520916288
2011-09-11,5.26510902292
2011-09-12,4.38318003603
2011-09-13,3.77118267192
2011-09-14,7.80168313245
2011-09-15,6.8075333518
2011-09-18,5.12562756377
2011-09-19,3.9294118079
2011-09-20,3.15110472842
2011-09-21,2.20001226793
2011-09-22,1.80317454096
2011-09-25,13.4859748783
2011-09-26,16.2274109304
2011-09-27,14.1019465793
2011-09-28,12.513859068
2011-09-29,10.9299835464
2011-10-02,9.28810805504
2011-10-03,8.03048175181
2011-10-04,18.3389150373
2011-10-05,23.5538718032
2011-10-06,31.3660274028
2011-10-09,30.6790804575
2011-10-10,27.5048891898
2011-10-11,24.6839842077
2011-10-12,26.1991725713
2011-10-13,27.2958503548
2011-10-16,24.6831678847
2011-10-17,21.239040704
2011-10-18,22.1360072426
2011-10-19,19.3482288992
2011-10-20,17.6920212377
2011-10-23,19.5286338922
2011-10-24,21.0516981316
2011-10-25,18.8085908721
2011-10-26,25.2417376343
2011-10-27,30.0685151481
2011-10-31,31.3114746909
2011-11-01,26.1029491032
2011-11-02,22.5215074488
2011-11-03,22.9319207521
2011-11-04,20.2648521486
2011-11-07,18.0875771517
2011-11-08,18.3601370982
2011-11-09,16.225136013
2011-11-10,14.0678380467
2011-11-11,15.8016595312
2011-11-14,15.0601321357
2011-11-15,13.2800476754
2011-11-16,11.8724178727
2011-11-17,10.5643028689
2011-11-18,9.44410592112
2011-11-21,8.00150122128
2011-11-22,6.93817225558
2011-11-23,5.80972071924
2011-11-24,4.70351211273
2011-11-25,3.99380638473
2011-11-28,11.8849252546
2011-11-29,15.5614998108
2011-11-30,24.1563418108
2011-12-01,23.8129518767
2011-12-02,25.8529301634
2011-12-05,23.0935303701
2011-12-06,20.8118194042
2011-12-07,18.6929092362
2011-12-08,16.3362577624
2011-12-09,14.4082680551
2011-12-12,12.4212633603
2011-12-13,10.5360346463
2011-12-14,8.69909336014
2011-12-15,10.4715092715
2011-12-16,13.3181137163
2011-12-19,11.8859912661
2011-12-20,12.0423905061
2011-12-21,10.6653321384
2011-12-22,9.58905371727
2011-12-23,14.2467358935
2011-12-26,13.1164948938
2011-12-27,20.0508777234
2011-12-28,17.5829759123
2011-12-29,15.5268552814
2011-12-30,20.0360701767
2012-01-02,18.0335432798
2012-01-03,25.4366484815
2012-01-04,27.3412262363
2012-01-05,24.0919520123
2012-01-06,20.7701553749
2012-01-09,18.500843108
2012-01-10,32.1367321898
2012-01-11,27.1758086859
2012-01-12,30.2837576806
2012-01-13,31.457851229
2012-01-16,28.9117143214
2012-01-17,31.2520293294
2012-01-18,27.926209636
2012-01-19,29.4412142582
2012-01-20,26.824774966
2012-01-23,29.5692361841
2012-01-24,26.6924498384
2012-01-25,29.6260744314
2012-01-26,31.4958459578
2012-01-27,27.2795435728
2012-01-30,19.0002529339
2012-01-31,18.4535334533
2012-02-01,16.4171287458
2012-02-02,18.7007243787
2012-02-03,19.0808299457
2012-02-06,18.4849772689
2012-02-07,16.6484131549
2012-02-08,17.8996901994
2012-02-09,18.0773838774
2012-02-10,16.1113046302
2012-02-13,15.8114772212
2012-02-14,14.3195818279
2012-02-15,12.8459013066
2012-02-16,11.2800249827
2012-02-17,18.8878330553
2012-02-20,17.3148432494
2012-02-21,15.2867137825
2012-02-22,16.9553342162
2012-02-23,24.5836062437
2012-02-24,21.9192956007
2012-02-27,19.3437707751
2012-02-28,22.9161846238
2012-02-29,18.7785058486
2012-03-01,15.9274183911
2012-03-02,13.9201809851
2012-03-05,11.7895704385
2012-03-06,9.94497772789
2012-03-07,20.3197647969
2012-03-08,17.5381780115
2012-03-09,15.3395194563
2012-03-12,12.1803765021
2012-03-13,10.4043769712
2012-03-14,10.2776593472
2012-03-15,10.0207231442
2012-03-16,11.5604630137
2012-03-19,10.3795559102
2012-03-20,8.8213019746
2012-03-21,10.1641970653
2012-03-22,9.07117833552
2012-03-23,12.4451221478
2012-03-25,17.1453405947
2012-03-26,15.2140838077
2012-03-27,14.2046551279
2012-03-28,12.2378110456
2012-03-29,12.516600366
2012-04-01,11.2577511355
2012-04-02,13.3133868159
2012-04-03,11.1659091073
2012-04-04,9.72483441342
2012-04-05,8.90148081744
2012-04-08,8.06754540184
2012-04-09,20.5133892684
2012-04-10,17.85476685
2012-04-11,15.5507607891
2012-04-12,17.881768092
2012-04-15,15.1162310409
2012-04-16,13.2127649872
2012-04-17,11.2960429916
2012-04-18,9.62323235737
2012-04-19,8.31542809174
2012-04-22,11.720379132
2012-04-23,10.0602660014
2012-04-24,8.9450849109
2012-04-25,12.4882609667
2012-04-26,10.962281902
2012-04-29,9.45512400824
2012-04-30,8.26456259752
2012-05-01,10.6176918163
2012-05-02,9.09815822315
2012-05-03,15.3468588472
2012-05-06,13.3807399294
2012-05-07,11.1969994777
2012-05-08,9.04209249568
2012-05-09,7.69474676615
2012-05-10,13.8323825841
2012-05-13,11.6438351675
2012-05-14,10.0174522499
2012-05-15,8.84472687153
2012-05-16,8.33564233336
2012-05-17,7.19170911889
2012-05-20,6.06578824807
2012-05-21,5.17075799424
2012-05-22,4.116848522
2012-05-23,21.4630810357
2012-05-24,26.5550742079
2012-05-27,30.0664290642
2012-05-28,26.2274253396
2012-05-29,23.1970216702
2012-05-30,20.2523305212
2012-05-31,17.6064667259
2012-06-03,15.7308376898
2012-06-04,13.4684439916
2012-06-05,14.7801851118
2012-06-06,13.5022445609
2012-06-07,18.11744669
2012-06-10,19.7820363922
2012-06-11,16.9281795171
2012-06-12,15.1350322452
2012-06-13,13.462623219
2012-06-14,18.4468056521
2012-06-17,17.5499087379
2012-06-18,15.3342542948
2012-06-19,21.7447118558
2012-06-20,18.7486452113
2012-06-21,16.1038685549
2012-06-24,14.1504336659
2012-06-25,14.4033616181
2012-06-26,12.7495638314
2012-06-27,11.0650523085
2012-06-28,27.1546059547
2012-07-01,29.4795880787
2012-07-02,27.6851465389
2012-07-03,23.779360088
2012-07-04,21.0459488028
2012-07-05,20.5543570463
2012-07-08,18.1015413058
2012-07-09,16.179425458
2012-07-10,14.4839932373
2012-07-11,12.6324610545
2012-07-12,11.2769717901
2012-07-15,10.3165995356
2012-07-16,11.6399333142
2012-07-17,14.215131682
2012-07-18,18.3728568617
2012-07-19,20.48601448
2012-07-22,17.4027210668
2012-07-23,15.51494499
2012-07-24,13.9724308961
2012-07-25,19.2535929937
2012-07-26,19.4638277406
2012-07-29,21.2560351237
2012-07-30,18.3701283024
2012-07-31,16.1800244774
2012-08-01,18.621363147
2012-08-02,18.2319898663
2012-08-05,20.1834784566
2012-08-06,17.9035449439
2012-08-07,16.7975073477
2012-08-08,15.0500660688
2012-08-09,13.7302559406
2012-08-12,19.6856487615
2012-08-13,17.1694658319
2012-08-14,15.0577727708
2012-08-15,15.4232048887
2012-08-16,15.3249095991
2012-08-19,14.5235064714
2012-08-20,12.682734363
2012-08-21,11.304368308
2012-08-22,10.1443515469
2012-08-23,12.2124919863
2012-08-26,11.0139599005
2012-08-27,9.3542698552
2012-08-28,8.09672896324
2012-08-29,7.07503481866
2012-08-30,11.5700525531
2012-09-02,14.699388727
2012-09-03,12.6979440405
2012-09-04,11.2743186188
2012-09-05,11.8154393038
2012-09-06,16.3916240448
2012-09-09,21.894898625
2012-09-10,19.1735724095
2012-09-11,19.739678661
2012-09-12,17.4528586963
2012-09-13,18.6521205807
2012-09-16,15.6049846561
2012-09-17,13.664650513
2012-09-18,17.3542134058
2012-09-19,15.2615135092
2012-09-20,13.9224689053
2012-09-23,19.1887468091
2012-09-24,16.9615910001
2012-09-25,14.7187203421
2012-09-26,12.9591751722
2012-09-27,11.6514152975
2012-09-30,18.9802659854
2012-10-01,16.7243387931
2012-10-02,15.1712467637
2012-10-03,14.9217453048
2012-10-04,15.0643567581
2012-10-07,13.1794653956
2012-10-08,10.8421939166
2012-10-09,13.473766594
2012-10-10,11.8670267137
2012-10-11,10.4388374737
2012-10-14,9.15599432566
2012-10-15,11.8074852686
2012-10-16,12.3823464389
2012-10-17,11.0625682983
2012-10-18,13.2381549012
2012-10-21,11.5917655447
2012-10-22,12.9961337116
2012-10-23,11.3707724359
2012-10-24,11.3048174696
2012-10-25,9.74418300051
2012-10-29,8.12909019458
2012-10-30,7.38585491342
2012-10-31,18.5349244493
2012-11-01,16.9328100948
2012-11-02,15.8628686997
2012-11-05,23.1498090744
2012-11-06,19.9217656239
2012-11-07,18.0817554477
2012-11-08,16.2946362613
2012-11-09,13.6300781914
2012-11-12,17.639432285
2012-11-13,15.3588441422
2012-11-14,16.3728573803
2012-11-15,14.1065679811
2012-11-16,12.0351053809
2012-11-19,9.82594925639
2012-11-20,8.58592871509
2012-11-21,7.41379761947
2012-11-22,6.32415084333
2012-11-23,5.34841336073
2012-11-26,19.002746724
2012-11-27,16.9066305682
2012-11-28,14.6496936771
2012-11-29,12.3117948171
2012-11-30,10.8538242893
2012-12-03,8.77116501915
2012-12-04,10.7526465038
2012-12-05,9.28294673779
2012-12-06,19.1267369809
2012-12-07,19.0604515327
2012-12-10,16.748381987
2012-12-11,17.6556825711
2012-12-12,15.5725557292
2012-12-13,14.9436769366
2012-12-14,13.3039588414
2012-12-17,11.5618182854
2012-12-18,10.017194155
2012-12-19,17.4798420079
2012-12-20,21.755654219
2012-12-21,19.0518229803
2012-12-24,16.4720294272
2012-12-25,14.2756553337
2012-12-26,28.2117436224
2012-12-27,29.360881701
2012-12-28,25.9696490234
2012-12-31,23.1266397357
2013-01-01,21.0284352552
2013-01-02,22.8721980578
2013-01-03,23.5126747099
2013-01-04,21.1456458075
2013-01-07,24.081094894
2013-01-08,25.8909681717
2013-01-09,22.823953073
2013-01-10,23.758959061
2013-01-11,20.7307025911
2013-01-14,19.8811397777
2013-01-15,17.6485261121
2013-01-16,15.2953892971
2013-01-17,13.2560040575
2013-01-18,11.7823226916
2013-01-21,11.4009331287
2013-01-22,10.1051523374
2013-01-23,16.0581475126
2013-01-24,17.0825584569
2013-01-25,15.5960127359
2013-01-28,25.0490230697
2013-01-29,34.3353738638
2013-01-30,30.6660272168
2013-01-31,33.8476184401
2013-02-01,29.859672675
2013-02-04,27.6499387406
2013-02-05,23.9502519376
2013-02-06,21.3146600079
2013-02-07,22.1668615678
2013-02-08,28.9266993289
2013-02-11,25.3716872131
2013-02-12,22.3473587358
2013-02-13,19.7640840348
2013-02-14,19.008073395
2013-02-15,16.9970488367
2013-02-18,15.0029849061
2013-02-19,17.3018599169
2013-02-20,19.5140245516
2013-02-21,16.9869041888
2013-02-22,15.2538813053
2013-02-25,14.7987806034
2013-02-26,13.1955676716
2013-02-27,11.6512799928
2013-02-28,15.534879652
2013-03-01,13.9775451938
2013-03-04,20.1649851535
2013-03-05,26.0964865767
2013-03-06,23.3345304289
2013-03-07,20.6952563639
2013-03-08,25.3086970839
2013-03-11,31.1452871274
2013-03-12,27.2053774798
2013-03-13,24.4436212748
2013-03-14,21.8915224752
2013-03-15,19.3687678389
2013-03-18,15.8674587826
2013-03-19,23.7855205876
2013-03-20,20.9216055451
2013-03-21,18.5716942374
2013-03-22,15.6049488205
2013-03-25,21.7265718769
2013-03-26,19.0792603153
2013-03-27,16.7122312414
2013-03-28,21.6696906097
2013-03-29,19.569362201
2013-03-31,20.978978169
2013-04-01,27.3795931334
2013-04-02,23.5718612652
2013-04-03,20.4506080356
2013-04-04,29.6863356965
2013-04-07,32.8748630318
2013-04-08,29.0207128025
2013-04-09,30.6377738558
2013-04-10,31.6985503119
2013-04-11,27.7031029965
2013-04-14,28.5025232365
2013-04-15,23.7824036829
2013-04-16,25.7087823601
2013-04-17,21.5182379965
2013-04-18,18.0542863556
2013-04-21,15.2934904324
2013-04-22,13.4737882193
2013-04-23,11.8393307335
2013-04-24,15.7659679141
2013-04-25,17.9061442063
2013-04-28,17.2533181088
2013-04-29,15.2395946594
2013-04-30,16.7290610755
2013-05-01,14.4820482533
2013-05-02,12.7206938223
2013-05-05,11.0514420008
2013-05-06,10.8501047185
2013-05-07,9.61184081012
2013-05-08,8.79276290055
2013-05-09,7.45760576935
2013-05-12,6.49649624897
2013-05-13,10.4533969381
2013-05-14,8.93378462773
2013-05-15,7.76426543045
2013-05-16,6.6340386715
2013-05-19,5.8041745876
2013-05-20,5.04951836771
2013-05-21,6.31277672808
2013-05-22,5.48893607252
2013-05-23,7.50375598103
2013-05-26,10.5035087776
2013-05-27,8.97806433291
2013-05-28,7.4482669146
2013-05-29,6.2970884339
2013-05-30,5.14632153515
2013-06-02,4.40770827546
2013-06-03,9.42835424594
2013-06-04,15.9055100869
2013-06-05,13.882086628
2013-06-06,11.8983629144
2013-06-09,9.99286831109
2013-06-10,8.34972855804
2013-06-11,7.00309624235
2013-06-12,6.19542588672
2013-06-13,16.402028375
2013-06-16,13.558222282
2013-06-17,10.8069939534
2013-06-18,9.76717529634
2013-06-19,7.71703829079
2013-06-20,6.66417577562
2013-06-23,10.0829513061
2013-06-24,16.5251167303
2013-06-25,19.1204013161
2013-06-26,22.0063885925
2013-06-27,19.0302248332
2013-06-30,16.5648396913
2013-07-01,14.061744785
2013-07-02,12.1744723631
2013-07-03,10.8844590428
2013-07-04,14.1724713159
2013-07-07,12.5182034516
2013-07-08,11.3142044663
2013-07-09,9.90116184971
2013-07-10,8.8169837843
2013-07-11,7.88150643839
2013-07-14,10.1424511448
2013-07-15,22.4457040801
2013-07-16,19.1805771012
2013-07-17,23.4957408586
2013-07-18,21.4059701802
2013-07-21,19.0872282203
2013-07-22,22.0280387945
2013-07-23,24.0804073252
2013-07-24,20.5026042386
2013-07-25,18.4821319337
2013-07-28,16.2697102726
2013-07-29,14.4792769193
2013-07-30,12.4844200103
2013-07-31,11.8138892255
2013-08-01,10.2257501383
2013-08-04,19.5656550326
2013-08-05,17.5361324801
2013-08-06,17.8690989422
2013-08-07,19.0033445469
2013-08-08,19.7046853491
2013-08-11,22.4426910187
2013-08-12,19.3936317122
2013-08-13,17.06045643
2013-08-14,14.5496590643
2013-08-15,12.4729948535
2013-08-18,10.0513983224
2013-08-19,8.8549528911
2013-08-20,7.55016787215
2013-08-21,6.31282649004
2013-08-22,25.5514060178
2013-08-25,29.0085547188
2013-08-26,24.4219875833
2013-08-27,30.2914086058
2013-08-28,26.5753826891
2013-08-29,23.3933820854
2013-09-01,19.0065473034
2013-09-02,16.7460330532
2013-09-03,20.1339246371
2013-09-04,23.746691866
2013-09-05,28.1621219462
2013-09-08,20.9762699346
2013-09-09,22.49672439
2013-09-10,20.0210371238
2013-09-11,19.702768797
2013-09-12,18.2856578765
2013-09-15,19.2698174991
2013-09-16,17.1595908574
2013-09-17,18.5715913486
2013-09-18,32.9004883065
2013-09-19,29.2097406348
2013-09-22,21.3544115771
2013-09-23,21.3252450556
2013-09-24,18.658817365
2013-09-25,16.4661906799
2013-09-26,14.6483716628
2013-09-29,14.8485821134
2013-09-30,19.1585770045
2013-10-01,17.3357173796
2013-10-02,21.8005396277
2013-10-03,19.768980481
2013-10-06,17.6208001541
2013-10-07,15.2713601335
2013-10-08,13.2351787824
2013-10-09,17.0357106433
2013-10-10,17.9210461436
2013-10-13,15.9567805675
2013-10-14,14.2472573267
2013-10-15,15.2868576764
2013-10-16,13.6915802507
2013-10-17,15.7276706353
2013-10-20,14.0452266574
2013-10-21,12.1351814694
2013-10-22,11.0280545683
2013-10-23,9.57925792154
2013-10-24,8.49490536406
2013-10-28,11.494358645
2013-10-29,10.8948039732
2013-10-30,9.93031034503
2013-10-31,8.44473936887
2013-11-01,6.70841177884
2013-11-04,5.92300250099
2013-11-05,4.98022579629
2013-11-06,4.18845988505
2013-11-07,3.6703532006
2013-11-08,3.06897253404
2013-11-11,3.91521446701
2013-11-12,3.41761003367
2013-11-13,9.05939705983
2013-11-14,7.99739883571
2013-11-15,11.0717168011
2013-11-18,20.4479417217
2013-11-19,21.8290640945
2013-11-20,20.010628884
2013-11-21,17.0391196874
2013-11-22,14.6511098791
2013-11-25,17.5631125261
2013-11-26,15.5165934856
2013-11-27,13.6681059193
2013-11-28,11.7298686302
2013-11-29,13.4336757955
2013-12-02,11.6484196406
2013-12-03,10.2908499168
2013-12-04,9.05728073724
2013-12-05,7.87928628629
2013-12-06,16.1690183252
2013-12-09,23.582005291
2013-12-10,23.0297177895
2013-12-11,19.7056093601
2013-12-12,17.043053825
2013-12-13,17.3666953527
2013-12-16,19.7296518243
2013-12-17,17.9580447884
2013-12-18,20.4919146708
2013-12-19,17.5221175726
2013-12-20,14.6021551428
2013-12-23,12.7919252438
2013-12-24,15.8755905184
2013-12-25,14.768811362
2013-12-26,13.6523939452
2013-12-27,19.1220822944
2013-12-30,26.5717073141
2013-12-31,23.3973931927
2014-01-01,21.2531608009
2014-01-02,17.2932639001
2014-01-03,15.1719175358
2014-01-06,13.4086564367
2014-01-07,18.2844888565
2014-01-08,15.9179944744
2014-01-09,13.8412661863
2014-01-10,17.7380952504
2014-01-13,24.0372945922
2014-01-14,21.1495205171
2014-01-15,24.5971858547
2014-01-16,21.3135315349
2014-01-17,18.9940304513
2014-01-20,25.7052431701
2014-01-21,22.5750221421
2014-01-22,20.3544953408
2014-01-23,17.7241516511
2014-01-24,14.4702127109
2014-01-27,14.4046188737
2014-01-28,12.5312318728
2014-01-29,10.9891526006
2014-01-30,15.248570981
2014-01-31,20.7015624825
2014-02-03,18.2569811669
2014-02-04,15.9119306946
2014-02-05,20.8556853487
2014-02-06,22.2597601823
2014-02-07,23.5119819035
2014-02-10,20.8162103159
2014-02-11,17.8672540905
2014-02-12,15.8564445719
2014-02-13,13.8913540109
2014-02-14,25.5597646487
2014-02-17,22.7390795124
2014-02-18,19.8505438027
2014-02-19,17.4118036362
2014-02-20,23.9669186066
2014-02-21,25.4113123462
2014-02-24,30.7315342585
2014-02-25,29.2000932083
2014-02-26,25.545491188
2014-02-27,22.8794547149
2014-02-28,26.7397676529
2014-03-03,23.8016966798
2014-03-04,21.1799495226
2014-03-05,20.4930484668
2014-03-06,28.254119183
2014-03-07,24.0531703907
2014-03-10,20.4060809866
2014-03-11,17.9048104159
2014-03-12,15.6510329487
2014-03-13,21.8310805662
2014-03-14,19.3603217519
2014-03-17,27.606672234
2014-03-18,24.7465701767
2014-03-19,28.3470238094
2014-03-20,24.5089405927
2014-03-21,28.4319666174
2014-03-24,25.0591961485
2014-03-25,26.6660846489
2014-03-26,28.0540919613
2014-03-27,35.8378624062
2014-03-28,35.7324217277
2014-03-30,31.2973293965
2014-03-31,27.5875043154
2014-04-01,26.7330668012
2014-04-02,23.0008309791
2014-04-03,27.2358218135
2014-04-06,29.4255042154
2014-04-07,35.0220400464
2014-04-08,32.9707201391
2014-04-09,34.3872298192
2014-04-10,29.748577111
2014-04-13,26.4072108292
2014-04-14,22.671946322
2014-04-15,20.0586518559
2014-04-16,17.6882022382
2014-04-17,15.9551974371
2014-04-20,14.5741799221
2014-04-21,12.6615016906
2014-04-22,11.1197402582
2014-04-23,15.9438258469
2014-04-24,19.3797825344
2014-04-27,16.66136986
2014-04-28,24.4254549473
2014-04-29,20.8920355074
2014-04-30,21.2902825645
2014-05-01,18.6128644322
2014-05-04,20.3463438574
2014-05-05,17.7568670661
2014-05-06,21.7761564455
2014-05-07,23.035655988
2014-05-08,20.2973703991
2014-05-11,19.3118834249
2014-05-12,17.0972391356
2014-05-13,15.1554655584
2014-05-14,18.0626362412
2014-05-15,15.9957496137
2014-05-18,15.6147441853
2014-05-19,18.0731070564
2014-05-20,16.2342374752
2014-05-21,18.8211880268
2014-05-22,16.475385122
2014-05-25,14.6677486879
2014-05-26,12.4124436128
2014-05-27,10.8094930972
2014-05-28,12.063042754
2014-05-29,10.2216494166
2014-06-01,8.36602539582
2014-06-02,7.07875671027
2014-06-03,6.17957757194
2014-06-04,6.63678000603
2014-06-05,15.925671536
2014-06-08,20.209949144
2014-06-09,22.2131684189
2014-06-10,22.3666945605
2014-06-11,19.9963805612
2014-06-12,17.3746079879
2014-06-15,17.471202343
2014-06-16,14.7403214564
2014-06-17,12.7750108753
2014-06-18,27.4314290177
2014-06-19,23.5642483072
2014-06-22,20.8298534048
2014-06-23,23.23185632
2014-06-24,21.8221099544
2014-06-25,21.9004375758
2014-06-26,23.970998692
2014-06-29,23.3652774479
2014-06-30,20.4878267465
2014-07-01,22.4918964518
2014-07-02,18.9361471499
2014-07-03,22.9127083325
2014-07-06,19.9441585551
2014-07-07,17.7569684788
2014-07-08,20.4739236563
2014-07-09,17.7349566519
2014-07-10,15.7169098073
2014-07-13,14.5968608721
2014-07-14,17.8632522211
2014-07-15,15.6721154735
2014-07-16,13.066554773
2014-07-17,11.1687392198
2014-07-20,17.5274880861
2014-07-21,17.6609471412
2014-07-22,19.0197822694
2014-07-23,16.926408983
2014-07-24,14.6583758215
2014-07-27,13.0096633601
2014-07-28,15.3284523327
2014-07-29,12.7362886804
2014-07-30,10.6530668328
2014-07-31,9.05812651696
2014-08-03,10.5006620008
2014-08-04,9.23622156538
2014-08-05,7.84557489948
2014-08-06,9.77194786986
2014-08-07,8.41852070896
2014-08-10,13.425413181
2014-08-11,14.4092249197
2014-08-12,12.6241115981
2014-08-13,11.2347467847
2014-08-14,15.9354776558
2014-08-17,17.1199653739
2014-08-18,15.9744947973
2014-08-19,19.4375557421
2014-08-20,17.3554708738
2014-08-21,15.0099875497
2014-08-24,13.1730089305
2014-08-25,11.6971509257
2014-08-26,21.4270646606
2014-08-27,20.6921052294
2014-08-28,26.9409636679
2014-08-31,26.1340913986
2014-09-01,22.7119014695
2014-09-02,22.1343505697
2014-09-03,20.4526621443
2014-09-04,17.8271780744
2014-09-07,15.2757560162
2014-09-08,12.4320508271
2014-09-09,10.6403198118
2014-09-10,9.20142435111
2014-09-11,7.32812929912
2014-09-14,6.02814556236
2014-09-15,4.83379393021
2014-09-16,4.22948351197
2014-09-17,3.62108584141
2014-09-18,3.18022520804
2014-09-21,2.71351120791
2014-09-22,2.30521379765
2014-09-23,2.0559481708
2014-09-24,12.7472419571
2014-09-25,10.5300408471
2014-09-28,8.54706982435
2014-09-29,7.43885390972
2014-09-30,6.28155898471
2014-10-01,5.28773571698
2014-10-02,4.70467359208
2014-10-05,32.4168809129
2014-10-06,27.1575210817
2014-10-07,26.8016494321
2014-10-08,27.996619274
2014-10-09,24.3228213142
2014-10-12,21.0461475273
2014-10-13,19.139092401
2014-10-14,16.114530163
2014-10-15,12.8852892068
2014-10-16,13.2935028969
2014-10-19,13.4781100614
2014-10-20,11.4235408979
2014-10-21,10.8505168257
2014-10-22,9.60871217587
2014-10-23,13.8717440602
2014-10-27,11.405588222
2014-10-28,9.89005729182
2014-10-29,20.6426374023
2014-10-30,24.8987500358
2014-10-31,21.3514926649
2014-11-03,17.5426694856
2014-11-04,14.262923758
2014-11-05,12.8002266969
2014-11-06,11.2011314493
2014-11-07,9.4482432334
2014-11-10,12.0737248943
2014-11-11,10.8222634538
2014-11-12,10.3791008699
2014-11-13,9.27247633864
2014-11-14,7.9596945099
2014-11-17,8.55233094126
2014-11-18,7.73012228483
2014-11-19,10.8216066238
2014-11-20,14.0096351111
2014-11-21,21.7691350363
2014-11-24,22.5938627519
2014-11-25,20.0693560726
2014-11-26,23.0012812636
2014-11-27,21.2518895789
2014-11-28,17.5810672943
2014-12-01,15.2981793317
2014-12-02,13.345885995
2014-12-03,11.8063627139
2014-12-04,10.2692713759
2014-12-05,8.83214294932
2014-12-08,7.95643487649
2014-12-09,7.08054733288
2014-12-10,7.31896792801
2014-12-11,6.20419947755
2014-12-12,5.32400332267
2014-12-15,4.53028202891
2014-12-16,3.61168029818
2014-12-17,3.10784968437
2014-12-18,11.1434900619
2014-12-19,14.4991719819
2014-12-22,13.0743221559
2014-12-23,11.1546610265
2014-12-24,9.95417705479
2014-12-25,9.0262650983
2014-12-26,8.36740674475
2014-12-29,17.0664048871
2014-12-30,16.7295908452
2014-12-31,16.1395940526
2015-01-01,15.0257165555
2015-01-02,12.8969034658
2015-01-05,10.9081907715
2015-01-06,9.70591860597
2015-01-07,16.8718093044
2015-01-08,15.1372531225
2015-01-09,22.4802883915
2015-01-12,20.7930299893
2015-01-13,17.8397970642
2015-01-14,22.9377210708
2015-01-15,21.86739911
2015-01-16,19.4931517579
2015-01-19,20.9082863142
2015-01-20,18.4124559184
2015-01-21,24.1321810056
2015-01-22,30.6083633725
2015-01-23,27.2442787322
2015-01-26,24.1293716457
2015-01-27,25.1526564422
2015-01-28,26.2927172321
2015-01-29,23.2803929044
2015-01-30,18.1421166265
2015-02-02,14.4470633725
2015-02-03,12.6263867468
2015-02-04,11.0962571425
2015-02-05,9.43724871448
2015-02-06,8.31311450998
2015-02-09,7.22119854939
2015-02-10,6.01698626839
2015-02-11,4.8915060004
2015-02-12,4.31599521625
2015-02-13,9.53054096896
2015-02-16,8.67400242393
2015-02-17,8.31437808436
2015-02-18,7.33972446927
2015-02-19,6.41142693098
2015-02-20,5.57992981498
2015-02-23,4.91829593117
2015-02-24,6.16810402786
2015-02-25,12.4081562907
2015-02-26,10.7302908572
2015-02-27,9.10775580861
2015-03-02,12.8433812756
2015-03-03,10.7275823454
2015-03-04,8.68272166822
2015-03-05,7.40311287883
2015-03-06,6.11616482791
2015-03-09,5.03963444904
2015-03-10,4.14817765365
2015-03-11,6.79558411219
2015-03-12,7.17755422848
2015-03-13,5.71366213394
2015-03-16,4.8823524201
2015-03-17,4.27263959587
2015-03-18,4.2553131487
2015-03-19,3.65346311423
2015-03-20,3.06241081147
2015-03-23,10.8486327472
2015-03-24,19.9075354916
2015-03-25,17.656187877
2015-03-26,15.3000694278
2015-03-27,13.4357650379
2015-03-29,11.3654796923
2015-03-30,19.1788020681
2015-03-31,21.6247147285
2015-04-01,19.4335981095
2015-04-02,19.5925887657
2015-04-05,23.6300934282
2015-04-06,21.1798769746
2015-04-07,26.1086086832
2015-04-08,29.5372697108
2015-04-09,26.0744156915
2015-04-12,22.8576636042
2015-04-13,20.1814595449
2015-04-14,21.5566398854
2015-04-15,27.2642249071
2015-04-16,23.773644186
2015-04-19,21.3133645562
2015-04-20,20.3505723495
2015-04-21,21.8104452618
2015-04-22,23.843363925
2015-04-23,24.730179224
2015-04-26,33.1664028672
2015-04-27,32.3087384518
2015-04-28,28.6822246966
2015-04-29,24.3386924924
2015-04-30,19.6262680528
2015-05-03,20.6668345917
2015-05-04,17.7838209214
2015-05-05,19.3462696758
2015-05-06,19.4654158841
2015-05-07,23.4082811822
2015-05-10,24.2569484484
2015-05-11,20.3191784926
2015-05-12,23.8437870663
2015-05-13,21.2047503857
2015-05-14,22.8448294447
2015-05-17,20.5002414315
2015-05-18,18.0602440442
2015-05-19,16.1903060888
2015-05-20,20.7483839532
2015-05-21,17.8769253666
2015-05-24,15.0033352208
2015-05-25,12.9203981658
2015-05-26,10.9463033283
2015-05-27,14.4162343859
2015-05-28,12.6562333258
2015-05-31,11.1430962618
2015-06-01,15.6688769902
2015-06-02,19.8928878913
2015-06-03,18.2651315144
2015-06-04,15.465794596
2015-06-07,13.7471008537
2015-06-08,17.2358255905
2015-06-09,19.9302547522
2015-06-10,17.0375193311
2015-06-11,17.9580251746
2015-06-14,15.7970581364
2015-06-15,13.9827758261
2015-06-16,18.9654372355
2015-06-17,25.0711684889
2015-06-18,21.9353330731
2015-06-21,19.3746242064
2015-06-22,17.0839921415
2015-06-23,18.5948945927
2015-06-24,16.1970752596
2015-06-25,14.2617641427
2015-06-28,12.4588574116
2015-06-29,20.5995480219
2015-06-30,18.387003168
2015-07-01,15.8353933069
2015-07-02,17.4577619788
2015-07-05,14.851056821
2015-07-06,12.6099812626
2015-07-07,10.2439082544
2015-07-08,8.89548213334
2015-07-09,16.1769346927
2015-07-12,20.3926734202
2015-07-13,25.9726191711
2015-07-14,22.9573436481
2015-07-15,20.8035995405
2015-07-16,17.7697579426
2015-07-19,15.0873008651
2015-07-20,14.3641540889
2015-07-21,12.1436527495
2015-07-22,9.67791021507
2015-07-23,7.87107184627
2015-07-26,6.61543744947
2015-07-27,5.76971163185
2015-07-28,7.98015256306
2015-07-29,10.8111804826
2015-07-30,9.13844846979
2015-08-02,7.74668351359
2015-08-03,6.76979282385
2015-08-04,5.99615913595
2015-08-05,5.0220452684
2015-08-06,4.29778549713
2015-08-09,9.37913169583
2015-08-10,15.6762382105
2015-08-11,13.674377556
2015-08-12,11.8320704335
2015-08-13,10.3439528065
2015-08-16,9.05557580004
2015-08-17,8.09071217761
2015-08-18,7.15076527785
2015-08-19,6.25239224272
2015-08-20,8.58262723908
2015-08-23,7.03243797469
2015-08-24,6.1794318892
2015-08-25,5.17219941709
2015-08-26,12.3112775447
2015-08-27,11.5369882811
2015-08-30,9.44194757447
2015-08-31,8.01607726593
2015-09-01,6.59580539717
2015-09-02,5.51939524135
2015-09-03,7.75988563338
2015-09-06,6.59312868725
2015-09-07,12.0545251861
2015-09-08,13.0658765057
2015-09-09,10.8641893287
2015-09-10,9.22317347044
2015-09-13,8.24442221966
2015-09-14,15.1848092516
2015-09-15,13.5509842593
2015-09-16,11.6018688218
2015-09-17,9.98559069076
2015-09-20,8.52232141764
2015-09-21,7.38601189529
2015-09-22,6.40121030925
2015-09-23,5.0210721634
2015-09-24,35.4928687489
2015-09-27,30.896805102
2015-09-28,25.5261520267
2015-09-29,35.2598932868
2015-09-30,32.2740814484
2015-10-01,28.4650628515
2015-10-04,33.1449280316
2015-10-05,35.3645542776
2015-10-06,35.1171457329
2015-10-07,31.0391146075
2015-10-08,37.1584065195
2015-10-11,33.7979538066
2015-10-12,29.3174746059
2015-10-13,25.1058258303
2015-10-14,28.1861050456
2015-10-15,25.2069481785
2015-10-18,21.4762434415
2015-10-19,21.1301779082
2015-10-20,18.5822626978
2015-10-21,16.6904275314
2015-10-22,20.1201337604
2015-10-26,22.6961959156
2015-10-27,20.388083811
2015-10-28,22.1122674306
2015-10-29,19.5229734072
2015-10-30,27.2458256974
2015-11-02,25.011995332
2015-11-03,30.4721994765
2015-11-04,30.2631342193
2015-11-05,27.1127787145
2015-11-06,23.6404396544
2015-11-09,21.3255965607
2015-11-10,18.9717253063
2015-11-11,27.350599967
2015-11-12,23.7819153932
2015-11-13,20.9268899284
2015-11-16,17.8708260891
2015-11-17,21.4884289819
2015-11-18,21.4259999485
2015-11-19,27.4831721831
2015-11-20,26.5543943913
2015-11-23,25.4606740655
2015-11-24,22.6527035191
2015-11-25,18.9842466105
2015-11-26,16.6081400007
2015-11-27,17.9410302945
2015-11-30,14.0906958446
2015-12-01,12.3717428688
2015-12-02,11.2189358062
2015-12-03,20.9261837588
2015-12-04,25.6968604867
2015-12-07,22.9818028991
2015-12-08,20.008273389
2015-12-09,21.2560500694
2015-12-10,18.4390994428
2015-12-11,15.132750994
2015-12-14,12.8159068236
2015-12-15,12.9620137371
2015-12-16,11.3254253881
2015-12-17,17.1098293495
2015-12-18,15.1100856079
2015-12-21,12.2480364353
2015-12-22,11.247352162
2015-12-23,10.6071299675
2015-12-24,12.660215597
2015-12-25,15.0049427582
2015-12-28,12.9162141532
2015-12-29,18.0365482783
2015-12-30,14.6413809818
2015-12-31,12.5367528528
2016-01-01,12.5754520836
2016-01-04,10.5873114129
2016-01-05,8.98085049436
2016-01-06,8.04446119552
2016-01-07,7.15714083368
2016-01-08,9.32331568927
2016-01-11,10.0301538993
2016-01-12,8.81527541077
2016-01-13,15.016717914
2016-01-14,13.3114272475
2016-01-15,11.7524667109
2016-01-18,10.4791740687
2016-01-19,12.2416422078
2016-01-20,10.7234334956
2016-01-21,8.89043395485
2016-01-22,7.82411918241
2016-01-25,9.07142900002
2016-01-26,14.2785902873
2016-01-27,18.1594598079
2016-01-28,15.4295343024
2016-01-29,18.7962732696
2016-02-01,22.8080233043
2016-02-02,21.8708989702
2016-02-03,22.3867578161
2016-02-04,35.5522391892
2016-02-05,31.3830111489
2016-02-08,28.5620326008
2016-02-09,26.286088042
2016-02-10,22.6656400435
2016-02-11,19.1014943388
2016-02-12,16.5165544409
2016-02-15,14.8336126151
2016-02-16,12.5306031095
2016-02-17,10.6352599971
2016-02-18,10.4737521465
2016-02-19,9.00822106577
2016-02-22,22.1556572779
2016-02-23,20.1838653321
2016-02-24,17.7236433362
2016-02-25,22.1501754943
2016-02-26,19.4989247909
2016-02-29,17.3396061367
2016-03-01,15.3315065209
2016-03-02,27.4962561687
2016-03-03,34.2322008437
2016-03-04,54.2565014806
2016-03-07,47.9117315563
2016-03-08,43.0539891728
2016-03-09,48.9319816943
2016-03-10,48.1198077598
2016-03-11,49.6651436984
2016-03-14,46.1165165642
2016-03-15,36.8881684327
2016-03-16,29.5441467139
2016-03-17,42.8217427663
2016-03-18,39.233293264
2016-03-21,35.8619520434
2016-03-22,33.9481204663
2016-03-23,29.3591711772
2016-03-24,24.6622450088
2016-03-25,25.8554217761
2016-03-27,25.7893596424
2016-03-28,27.6362067223
2016-03-29,24.605713465
2016-03-30,30.8109052194
2016-03-31,26.912156302
2016-04-03,24.4435511289
2016-04-04,20.6403864595
2016-04-05,17.9298802074
2016-04-06,21.1014214094
2016-04-07,18.6227809824
2016-04-10,30.5126407339
2016-04-11,31.3132089897
2016-04-12,27.6172653726
2016-04-13,25.0156518073
2016-04-14,28.1003976895
2016-04-17,23.661323666
2016-04-18,20.7094935261
2016-04-19,22.3126199649
2016-04-20,20.4431077077
2016-04-21,17.9447602032
2016-04-24,16.1685572078
2016-04-25,16.7548667769
2016-04-26,16.8877976513
2016-04-27,20.7474109833
2016-04-28,26.6389628408
2016-05-01,24.8112097722
2016-05-02,20.3072135274
2016-05-03,17.7823538232
2016-05-04,19.3356810694
2016-05-05,17.1382708061
2016-05-08,13.4897753776
2016-05-09,13.3434031931
2016-05-10,15.3490916071
2016-05-11,13.3618644908
2016-05-12,11.7127536241
2016-05-15,10.4192069156
2016-05-16,11.8876586436
2016-05-17,10.3844515249
2016-05-18,8.60529798374
2016-05-19,7.82138261494
2016-05-22,10.9048369977
2016-05-23,9.88941154236
2016-05-24,8.57832671945
2016-05-25,7.72697159867
2016-05-26,6.70206481291
2016-05-29,6.05033956486
2016-05-30,11.3901716262
2016-05-31,9.89584659482
2016-06-01,10.5301632496
2016-06-02,17.0444838759
2016-06-05,19.7861943235
2016-06-06,27.0860970446
2016-06-07,37.4755889328
2016-06-08,38.0093525937
2016-06-09,32.6079578559
2016-06-12,28.3486290766
2016-06-13,24.0396226552
2016-06-14,21.6279823744
2016-06-15,19.4174350308
2016-06-16,26.7273047797
2016-06-19,31.9353003541
2016-06-20,31.4111207425
2016-06-21,28.1450916668
2016-06-22,31.6847329451
2016-06-23,25.7877252612
2016-06-26,22.3781057679
2016-06-27,29.5513208214
2016-06-28,37.1691457499
2016-06-29,36.9293349498
2016-06-30,32.8326418886
2016-07-03,29.3335290335
2016-07-04,25.7126464361
2016-07-05,22.7960064222
2016-07-06,20.2486639183
2016-07-07,24.4412534645
2016-07-10,22.0332328735
2016-07-11,22.0719745528
2016-07-12,19.916400386
2016-07-13,28.9741914817
2016-07-14,25.7740832308
2016-07-17,23.1014766764
2016-07-18,23.0229205435
2016-07-19,21.1076943331
2016-07-20,19.0479778336
2016-07-21,16.8875278416
2016-07-24,17.5609191395
2016-07-25,15.6209548958
2016-07-26,17.0786368264
2016-07-27,19.4678816212
2016-07-28,16.684216216
2016-07-31,14.6677584781
2016-08-01,14.1114858215
2016-08-02,12.492110052
2016-08-03,25.38653392
2016-08-04,30.5547264628
2016-08-07,31.2741442753
2016-08-08,31.4359445831
2016-08-09,30.4374314189
2016-08-10,28.833892763
2016-08-11,25.1476153948
2016-08-14,21.7763217809
2016-08-15,19.7606208253
2016-08-16,17.2306530581
2016-08-17,18.0901202628
2016-08-18,15.9302745079
2016-08-21,18.4658644004
2016-08-22,21.0809834174
2016-08-23,18.2380627603
2016-08-24,19.7682464017
2016-08-25,25.3461911517
2016-08-28,21.548718796
2016-08-29,27.463496323
2016-08-30,24.407712874
2016-08-31,24.9548269013
2016-09-01,21.6492713693
2016-09-04,19.1920118653
2016-09-05,23.5832029651
2016-09-06,31.1882027675
2016-09-07,29.9253719293
2016-09-08,24.720220601
2016-09-11,20.4570350396
2016-09-12,22.8442083494
2016-09-13,18.8457683688
2016-09-14,16.4953415261
2016-09-15,20.4124571815
2016-09-18,25.8347089051
2016-09-19,24.9958271095
2016-09-20,25.8020028507
2016-09-21,33.3756804494
2016-09-22,29.8824299353
2016-09-25,26.6542273448
2016-09-26,27.5837372634
2016-09-27,24.8902954859
2016-09-28,27.7658849428
2016-09-29,24.2762721745
2016-10-02,22.9773184472
2016-10-03,25.4831841365
2016-10-04,21.9618184159
2016-10-05,22.5113883394
2016-10-06,26.5221792568
2016-10-09,23.6169894279
2016-10-10,21.0575565984
2016-10-11,20.7450724327
2016-10-12,18.5868325567
2016-10-13,28.1969532838
2016-10-16,25.0653089842
2016-10-17,25.5429332466
2016-10-18,26.1336710106
2016-10-19,27.7402919046
2016-10-20,29.4225074787
2016-10-23,32.242612063
2016-10-24,33.3808025138
2016-10-25,29.6291534228
2016-10-26,25.1663439479
2016-10-27,21.2263125936
2016-10-31,18.3435735336
2016-11-01,15.4405937427
2016-11-02,13.3355695733
2016-11-03,11.6977868403
2016-11-04,10.2718253901
2016-11-07,21.8070067474
2016-11-08,18.816042487
2016-11-09,15.2859656415
2016-11-10,10.4539008944
2016-11-11,7.24889717029
2016-11-14,6.19667908317
2016-11-15,5.47333296068
2016-11-16,11.0111445599
2016-11-17,14.3322360894
2016-11-18,13.1454934278
2016-11-21,17.0404948397
2016-11-22,16.7255299445
2016-11-23,14.6462518391
2016-11-24,12.6615811402
2016-11-25,10.9424393838
2016-11-28,10.0328341992
2016-11-29,10.9372235749
2016-11-30,9.4011033995
2016-12-01,7.93083828584
2016-12-02,6.23106782234
2016-12-05,5.40697678752
2016-12-06,9.01451418889
2016-12-07,17.0197096955
2016-12-08,15.2107507298
2016-12-09,16.9298207876
2016-12-12,17.2019495748
2016-12-13,18.5827676972
2016-12-14,19.4765409023
2016-12-15,16.8518836903
2016-12-16,15.4581308767
2016-12-19,13.8891963847
2016-12-20,16.0025387411
2016-12-21,19.3067692599
2016-12-22,19.3336216805
2016-12-23,28.543735816
2016-12-26,26.1002186322
2016-12-27,23.7304920995
2016-12-28,24.0120649734
2016-12-29,23.9666882903
2016-12-30,21.3755238478
2017-01-02,18.9292689588
2017-01-03,16.6222351688
2017-01-04,21.4865498977
2017-01-05,23.1232496203
2017-01-06,23.561670705
2017-01-09,21.0080083702
2017-01-10,22.9343371385
2017-01-11,20.3128417217
2017-01-12,26.7251629334
2017-01-13,23.4463126366
2017-01-16,20.4064097902
2017-01-17,21.1502849457
2017-01-18,22.9739976675
2017-01-19,20.3202233694
2017-01-20,21.8793352431
2017-01-23,27.4638195635
2017-01-24,24.4664520575
2017-01-25,22.3858702724
2017-01-26,19.5091314268
2017-01-27,18.4358448523
2017-01-30,23.5233791033
2017-01-31,24.8607808976
2017-02-01,21.8207854045
2017-02-02,27.3858907855
2017-02-03,24.1793785966
2017-02-06,21.8498372343
2017-02-07,19.5661977629
2017-02-08,17.790585521
2017-02-09,17.2942544277
2017-02-10,17.5585425357
2017-02-13,15.6995957607
2017-02-14,21.5279063837
2017-02-15,31.0529219358
2017-02-16,33.1516003603
2017-02-17,27.8241986052
2017-02-20,24.8347194697
2017-02-21,22.2191416117
2017-02-22,23.9552890431
2017-02-23,29.1166577607
2017-02-24,24.4398783281
2017-02-27,20.4385137248
2017-02-28,25.5056675509
2017-03-01,23.205916603
2017-03-02,30.4851170536
2017-03-03,24.6156931569
2017-03-06,31.9397901432
2017-03-07,28.1905327593
2017-03-08,24.486031326
2017-03-09,20.0916272246
2017-03-10,17.2870207196
2017-03-13,20.7546797415
2017-03-14,18.3703398423
2017-03-15,16.0594509783
2017-03-16,30.4154966424
2017-03-17,26.9166880467
2017-03-20,27.0303542951
2017-03-21,31.7978092706
2017-03-22,27.9564154825
2017-03-23,23.4305848271
2017-03-24,19.6422992712
2017-03-26,23.8208071343
2017-03-27,21.293843305
2017-03-28,21.0468850709
2017-03-29,23.9821438792
2017-03-30,20.3903633343
2017-04-02,25.166609796
2017-04-03,22.4643236097
2017-04-04,32.0087104812
2017-04-05,28.3225155857
2017-04-06,25.2796077109
2017-04-09,22.6019107392
2017-04-10,21.6468628209
2017-04-11,19.4437313339
2017-04-12,22.7380685342
2017-04-13,20.2950975377
2017-04-16,33.2695092038
2017-04-17,33.8641386239
2017-04-18,28.8866223003
2017-04-19,24.7116827802
2017-04-20,22.5835816231
2017-04-23,41.4324593278
2017-04-24,34.8852620838
2017-04-25,28.9923000974
2017-04-26,25.1372910671
2017-04-27,21.4386054184
2017-04-30,19.5218942556
2017-05-01,17.3184285068
2017-05-02,23.5074260454
2017-05-03,20.0766240105
2017-05-04,17.7441310797
2017-05-07,15.6454819433
2017-05-08,14.0348490936
2017-05-09,20.9909770629
2017-05-10,20.718671414
2017-05-11,27.3832894739
2017-05-14,31.6549411555
2017-05-15,26.9877860384
2017-05-16,24.3416306049
2017-05-17,14.291478732
2017-05-18,10.2235323432
2017-05-21,16.0340848918
2017-05-22,14.6260458341
2017-05-23,14.3769692814
2017-05-24,13.0904326181
2017-05-25,15.0420770395
2017-05-28,13.7569334983
2017-05-29,12.2956576666
2017-05-30,14.6622393358
2017-05-31,17.2055311707
2017-06-01,15.5497270422
2017-06-04,13.5859894404
2017-06-05,11.8640862563
2017-06-06,11.8874521372
2017-06-07,10.7557083632
2017-06-08,12.4395178952
2017-06-11,10.7663911872
2017-06-12,8.10708003015
2017-06-13,13.6636103348
2017-06-14,12.0714932848
2017-06-15,10.9241391384
2017-06-18,9.65887310763
2017-06-19,8.50359480592
2017-06-20,7.41756917957
2017-06-21,6.7032611508
2017-06-22,6.10183475875
2017-06-25,10.7783370225
2017-06-26,18.8024318858
2017-06-27,17.0425957236
2017-06-28,21.1374691703
2017-06-29,18.6878819089
2017-07-02,19.639822566
2017-07-03,14.8389119222
2017-07-04,12.8314636284
2017-07-05,11.4103143296
2017-07-06,12.8860205459
2017-07-09,16.0977773762
2017-07-10,13.9514070594
2017-07-11,12.0912194515
2017-07-12,15.1092910498
2017-07-13,18.3826580568
2017-07-16,18.559578493
2017-07-17,23.2795073647
2017-07-18,22.1766779487
2017-07-19,26.7711719586
2017-07-20,32.6474378366
2017-07-23,28.8939135242
2017-07-24,25.1468641234
2017-07-25,22.2728556738
2017-07-26,30.0441475879
2017-07-27,27.1510848463
2017-07-30,30.0252205196
2017-07-31,28.6279806251
2017-08-01,26.0854194914
2017-08-02,32.3895921487
2017-08-03,28.9159406683
2017-08-06,25.8080292289
2017-08-07,23.4149669755
2017-08-08,20.7568488359
2017-08-09,18.0277339802
2017-08-10,16.0045164101
2017-08-13,13.978748229
2017-08-14,12.3576486505
2017-08-15,19.7666551233
2017-08-16,31.3728561531
2017-08-17,27.7740852464
2017-08-20,31.409687874
2017-08-21,27.3182373824
2017-08-22,24.6520070323
2017-08-23,29.7797239606
2017-08-24,26.8451187593
2017-08-27,24.208253864
2017-08-28,21.6832554678
2017-08-29,19.7347897861
2017-08-30,27.683399189
2017-08-31,31.8432176732
2017-09-03,28.8000636771
2017-09-04,32.4962075772
2017-09-05,30.3263750864
2017-09-06,33.2539901964
2017-09-07,34.8424054054
2017-09-10,33.9248816381
2017-09-11,24.7710788517
2017-09-12,21.1439952111
2017-09-13,18.494424283
2017-09-14,16.8274930958
2017-09-17,19.1754561817
2017-09-18,16.7813594097
2017-09-19,16.7895036924
2017-09-20,15.1871120953
2017-09-21,16.0710991666
2017-09-24,13.6972607535
2017-09-25,11.2655346418
2017-09-26,9.42146967833
2017-09-27,8.14101637332
2017-09-28,14.8078921438
2017-10-01,13.0152858724
2017-10-02,19.1597831824
2017-10-03,24.9027179703
2017-10-04,22.7269124412
2017-10-05,19.2745381698
2017-10-08,26.1953225869
2017-10-09,22.699557374
2017-10-10,24.525852374
2017-10-11,21.5954166616
2017-10-12,18.8752449103
2017-10-15,24.5653576978
2017-10-16,21.2207922246
2017-10-17,23.9682934708
2017-10-18,21.3000756216
2017-10-19,18.5612506673
2017-10-22,15.4689528054
2017-10-23,12.3712509246
2017-10-24,14.9891144788
2017-10-25,13.1255479879
2017-10-26,10.7209223224
2017-10-30,18.7735051806
2017-10-31,15.8395058545
2017-11-01,16.7599660204
2017-11-02,20.6935059848
2017-11-03,16.5970161658
2017-11-06,14.1878275204
2017-11-07,20.8492225454
2017-11-08,20.0478539285
2017-11-09,18.8361524626
2017-11-10,16.826141264
2017-11-13,14.3910601954
2017-11-14,12.5626785617
2017-11-15,10.9377623599
2017-11-16,9.47939404521
2017-11-17,8.21547483918
2017-11-20,7.12007819396
2017-11-21,10.0211027002
2017-11-22,13.2979807907
2017-11-23,15.1080833562
2017-11-24,14.5838666927
2017-11-27,15.4874083119
2017-11-28,17.8133334807
2017-11-29,15.905109882
2017-11-30,12.5199088255
2017-12-01,10.9021375215
2017-12-04,11.2199707053
2017-12-05,18.5226513114
2017-12-06,16.6463607888
2017-12-07,12.9854085866
2017-12-08,10.5202639297
2017-12-11,9.45349251107
2017-12-12,8.15120090215
2017-12-13,9.94523831985
2017-12-14,8.6040597236
2017-12-15,7.55975815806
2017-12-18,15.7959270515
2017-12-19,14.132006418
2017-12-20,20.158966869
2017-12-21,17.9466917645
2017-12-22,15.2788432142
2017-12-25,13.4995767062
2017-12-26,20.71647641
2017-12-27,23.6855976678
2017-12-28,25.352935632
2017-12-29,22.2768991244
2018-01-01,20.723959366
2018-01-02,35.7249398056
2018-01-03,35.0059575535
2018-01-04,37.2023365695
2018-01-05,33.2750126659
2018-01-08,30.6241853017
2018-01-09,27.0549677015
2018-01-10,24.3066798828
2018-01-11,27.4378134109
2018-01-12,33.0280621332
2018-01-15,36.6189682724
2018-01-16,31.6671892486
2018-01-17,28.033178486
2018-01-18,31.6975324686
2018-01-19,28.270917703
2018-01-22,32.7950047445
2018-01-23,27.7490668357
2018-01-24,31.4470872435
2018-01-25,41.4578459295
2018-01-26,37.0491370489
2018-01-29,32.9136974467
2018-01-30,27.972878213
2018-01-31,24.828449328
2018-02-01,21.770248012
2018-02-02,18.162421788
2018-02-05,14.6216558682
2018-02-06,12.3012818846
2018-02-07,10.8790666238
2018-02-08,9.18057869973
2018-02-09,8.04194265334
2018-02-12,9.38689465856
2018-02-13,8.70143689146
2018-02-14,20.8780497639
2018-02-15,33.8753009735
2018-02-16,30.0812609675
2018-02-19,27.3735343524
2018-02-20,24.332806193
2018-02-21,21.5029143584
2018-02-22,19.252165135
2018-02-23,22.8994086068
2018-02-26,22.3494945948
2018-02-27,19.5553907554
2018-02-28,17.1670379552
2018-03-01,14.9848282822
2018-03-02,13.410752204
2018-03-05,12.1743479171
2018-03-06,23.6864452751
2018-03-07,24.5068652453
2018-03-08,20.2316807383
2018-03-09,17.7778718647
2018-03-12,16.0176305935
2018-03-13,18.6382127681
2018-03-14,17.4571142829
2018-03-15,15.0105816459
2018-03-16,12.851427818
2018-03-19,13.860816251
2018-03-20,12.2458297195
2018-03-21,10.6687701974
2018-03-22,15.2286410673
2018-03-23,12.9201563914
2018-03-25,11.4108840107
2018-03-26,10.1061278119
2018-03-27,8.73972874829
2018-03-28,11.0081859178
2018-03-29,14.7740863313
2018-04-01,13.1260853465
2018-04-02,11.5573428577
2018-04-03,9.34671285379
2018-04-04,17.2527710895
2018-04-05,14.1588931554
2018-04-08,11.7407462043
2018-04-09,9.53605904851
2018-04-10,8.37220486689
2018-04-11,16.7235088298
2018-04-12,14.0420562942
2018-04-15,12.0453809973
2018-04-16,10.6291187451
2018-04-17,15.387805044
2018-04-18,19.2121511923
2018-04-19,16.5600584326
2018-04-22,13.695682529
2018-04-23,11.3802653959
2018-04-24,9.21732394619
2018-04-25,7.98969127214
2018-04-26,7.4992523527
2018-04-29,6.60306498339
2018-04-30,5.67368150788
2018-05-01,4.73488720843
2018-05-02,4.01604389434
2018-05-03,3.91430475542
2018-05-06,3.39215932862
2018-05-07,2.84775116376
2018-05-08,2.45504037637
2018-05-09,3.71258232207
2018-05-10,4.08454015774
2018-05-13,3.39820292063
2018-05-14,2.79255130967
2018-05-15,2.38058627646
2018-05-16,2.05240314771
2018-05-17,1.69305621604
2018-05-20,1.49005047214
2018-05-21,15.0493608155
2018-05-22,13.3916547633
2018-05-23,20.7693300603
2018-05-24,18.1491773602
2018-05-27,15.0805078546
2018-05-28,11.9724999463
2018-05-29,17.7118303423
2018-05-30,15.9177309117
2018-05-31,13.8018215494
2018-06-03,12.2308073814
2018-06-04,10.5998182072
2018-06-05,8.83778773625
2018-06-06,7.09199078911
2018-06-07,23.1353614002
2018-06-10,27.8648307188
2018-06-11,25.3697203119
2018-06-12,23.1739825686
2018-06-13,22.5783775587
2018-06-14,19.4220961125
2018-06-17,20.9439300022
2018-06-18,18.4659907291
2018-06-19,18.6526933395
2018-06-20,16.4686382347
2018-06-21,17.9865523705
2018-06-24,16.305322208
2018-06-25,17.4674472054
2018-06-26,14.8902453486
2018-06-27,12.7770001992
2018-06-28,11.3690140427
2018-07-01,9.93276689867
2018-07-02,8.84655717543
2018-07-03,7.91653951191
2018-07-04,6.99217964562
2018-07-05,6.10925501606
2018-07-08,17.7490966927
2018-07-09,18.5705776646
2018-07-10,18.5296848988
2018-07-11,16.0626624514
2018-07-12,14.2351311389
2018-07-15,21.0715470899
2018-07-16,18.6092178059
2018-07-17,16.7678967665
2018-07-18,14.5995144308
2018-07-19,31.3480219226
2018-07-22,26.9519052329
2018-07-23,30.3011781673
2018-07-24,33.0559019322
2018-07-25,34.2540752852
2018-07-26,29.7963900025
2018-07-29,29.8583327542
2018-07-30,26.2120237952
2018-07-31,23.3050790554
2018-08-01,20.4686534771
2018-08-02,24.0925391712
2018-08-05,23.9744070838
2018-08-06,21.4008248166
2018-08-07,19.0536698038
2018-08-08,16.0851779179
2018-08-09,13.2348833679
2018-08-12,10.7654142281
2018-08-13,9.73645307598
2018-08-14,8.40853058452
2018-08-15,7.34471097952
2018-08-16,6.27341504274
2018-08-19,5.50807833339
2018-08-20,4.6359475327
2018-08-21,3.75427626578
2018-08-22,6.46260747132
2018-08-23,5.53520538432
2018-08-26,9.54253216651
2018-08-27,8.09212269858
2018-08-28,6.936252224
2018-08-29,5.77689094552
2018-08-30,5.02734766244
2018-09-02,18.8693848268
2018-09-03,15.5374994025
2018-09-04,16.1850417148
2018-09-06,14.7614865906
