Date,mdm_14_ema
2010-01-04,0.0
2010-01-05,0.000535714285714
2010-01-06,0.000331069609508
2010-01-07,0.000229786076867
2010-01-08,0.000169835241006
2010-01-11,0.00450366143719
2010-01-12,0.00355464448354
2010-01-13,0.00285940836529
2010-01-14,0.00233292481734
2010-01-15,0.00192414121218
2010-01-18,0.0016005418435
2010-01-19,0.00320935916022
2010-01-20,0.00270257702685
2010-01-21,0.00228605533902
2010-01-22,0.00194090269229
2010-01-25,0.00165294381744
2010-01-26,0.00141133882645
2010-01-27,0.00508972163653
2010-01-28,0.00436317938474
2010-01-29,0.00374615723655
2010-02-01,0.00322063915843
2010-02-02,0.00437406898827
2010-02-03,0.00761822437844
2010-02-04,0.00656861750051
2010-02-05,0.00566762366437
2010-02-08,0.0048931844426
2010-02-09,0.00594279078707
2010-02-10,0.00810983965296
2010-02-11,0.00701120708969
2010-02-12,0.00606342949361
2010-02-15,0.00524528397535
2010-02-16,0.00554903007211
2010-02-17,0.00637651945845
2010-02-18,0.0073068214516
2010-02-19,0.00726563678147
2010-02-22,0.00776645157351
2010-02-23,0.00672570225553
2010-02-24,0.00582502499837
2010-02-25,0.00504541661739
2010-02-26,0.0043704897477
2010-03-01,0.00621965939851
2010-03-02,0.00856947009721
2010-03-03,0.00742443931857
2010-03-04,0.00672656131869
2010-03-05,0.00608199033657
2010-03-08,0.00668522661977
2010-03-09,0.00579279247708
2010-03-10,0.00667467035258
2010-03-11,0.00665135996824
2010-03-12,0.00633760028566
2010-03-15,0.00557206880682
2010-03-16,0.00482869026674
2010-03-17,0.00418453744417
2010-03-18,0.00362635320012
2010-03-19,0.00314265475162
2010-03-22,0.00272349541171
2010-03-23,0.00422746068429
2010-03-24,0.00502399724236
2010-03-25,0.00435398661385
2010-03-26,0.00377334666453
2010-03-28,0.00327015235925
2010-03-29,0.0064879165935
2010-03-30,0.00639618323272
2010-03-31,0.0067300606342
2010-04-01,0.00748612156454
2010-04-04,0.00648789305151
2010-04-05,0.00562278132993
2010-04-06,0.00487303260154
2010-04-07,0.00422326145911
2010-04-08,0.00366013479775
2010-04-11,0.00522551070848
2010-04-12,0.0059154657438
2010-04-13,0.0057667326567
2010-04-14,0.0055978307162
2010-04-15,0.0048514369991
2010-04-18,0.00420456649833
2010-04-19,0.004310626037
2010-04-20,0.00408253932526
2010-04-21,0.00353819404678
2010-04-22,0.00306642980679
2010-04-25,0.0038175794454
2010-04-26,0.00330856477322
2010-04-27,0.00286741973934
2010-04-28,0.00501844338931
2010-04-29,0.00742933018187
2010-05-02,0.0064387483454
2010-05-03,0.00558024520187
2010-05-04,0.00483620998145
2010-05-05,0.00419138008599
2010-05-06,0.0036325279823
2010-05-09,0.00712153196465
2010-05-10,0.0132920061919
2010-05-11,0.0115197357568
2010-05-12,0.0117304379591
2010-05-13,0.0101663776138
2010-05-16,0.00881085913339
2010-05-17,0.00763607681505
2010-05-18,0.00661793241307
2010-05-19,0.00573554080377
2010-05-20,0.00497080156357
2010-05-23,0.00698802908791
2010-05-24,0.0060562914494
2010-05-25,0.00864878695198
2010-05-26,0.00749561496164
2010-05-27,0.0133895347242
2010-05-30,0.0158042640516
2010-05-31,0.0136970283728
2010-06-01,0.0137240912617
2010-06-02,0.0159608794697
2010-06-03,0.0138327618968
2010-06-06,0.0119883934109
2010-06-07,0.0103899407811
2010-06-08,0.012431282204
2010-06-09,0.0112404444788
2010-06-10,0.0161150522291
2010-06-13,0.0139663784658
2010-06-14,0.0121041945707
2010-06-15,0.0140103020497
2010-06-16,0.0121422617013
2010-06-17,0.0111232934389
2010-06-20,0.0109068543072
2010-06-21,0.00945260702818
2010-06-22,0.00819225939583
2010-06-23,0.00720662479034
2010-06-24,0.00691240814661
2010-06-27,0.0066307537229
2010-06-28,0.0057466532152
2010-06-29,0.00498043277801
2010-06-30,0.00431637506789
2010-07-01,0.0106741917785
2010-07-04,0.0117976328828
2010-07-05,0.0102246151552
2010-07-06,0.00886133312715
2010-07-07,0.00947982204644
2010-07-08,0.00848251243618
2010-07-11,0.00801817744305
2010-07-12,0.00694908711404
2010-07-13,0.00722254216623
2010-07-14,0.00625953654185
2010-07-15,0.00542493166794
2010-07-18,0.0047016074443
2010-07-19,0.00407472645079
2010-07-20,0.00602476292655
2010-07-21,0.0052214612021
2010-07-22,0.00759193304413
2010-07-25,0.00657967530406
2010-07-26,0.00715571859727
2010-07-27,0.0062016227837
2010-07-28,0.00537473974542
2010-07-29,0.0062314411131
2010-08-01,0.00593391563123
2010-08-02,0.00514272688012
2010-08-03,0.00445702996256
2010-08-04,0.00471609263429
2010-08-05,0.0040872802829
2010-08-08,0.0035423095784
2010-08-09,0.00435000163476
2010-08-10,0.0037700014167
2010-08-11,0.00326733456108
2010-08-12,0.0035650232863
2010-08-15,0.00308968684808
2010-08-16,0.00505106193517
2010-08-17,0.00452425367711
2010-08-18,0.00392101985346
2010-08-19,0.0033982172063
2010-08-22,0.00294512157877
2010-08-23,0.00255243870158
2010-08-24,0.00221211354136
2010-08-25,0.00294383173587
2010-08-26,0.00272465417108
2010-08-29,0.0040413669483
2010-08-30,0.00350251802185
2010-08-31,0.0035421822856
2010-09-01,0.00444322464754
2010-09-02,0.00642412802789
2010-09-05,0.00556757762416
2010-09-06,0.00555856727427
2010-09-07,0.00481742497103
2010-09-08,0.00474843497489
2010-09-09,0.00444864364491
2010-09-12,0.00404215782558
2010-09-13,0.00508987011551
2010-09-14,0.00441122076677
2010-09-15,0.00382305799787
2010-09-16,0.00496665026482
2010-09-19,0.00430443022951
2010-09-20,0.00373050619891
2010-09-21,0.00605977203906
2010-09-22,0.00525180243385
2010-09-23,0.00455156210933
2010-09-26,0.00557135382809
2010-09-27,0.00492183998435
2010-09-28,0.00451892798643
2010-09-29,0.00491640425491
2010-09-30,0.00598088368759
2010-10-03,0.00518343252924
2010-10-04,0.00449230819201
2010-10-05,0.00848000043308
2010-10-06,0.00734933370867
2010-10-07,0.00636942254751
2010-10-10,0.00749349954118
2010-10-11,0.00649436626902
2010-10-12,0.00748178409982
2010-10-13,0.00699087955317
2010-10-14,0.00605876227942
2010-10-17,0.00525092730883
2010-10-18,0.00455080366765
2010-10-19,0.0039440298453
2010-10-20,0.00341815919926
2010-10-21,0.00296240463936
2010-10-24,0.00256741735411
2010-10-25,0.00357176170689
2010-10-26,0.00309552681264
2010-10-27,0.00268278990429
2010-10-28,0.00443175125038
2010-11-01,0.00428085108367
2010-11-02,0.00371007093918
2010-11-03,0.00321539481395
2010-11-04,0.00466667550543
2010-11-05,0.00669778543804
2010-11-08,0.00580474737963
2010-11-09,0.00503078106235
2010-11-10,0.00436001025403
2010-11-11,0.0037786755535
2010-11-12,0.00327485214636
2010-11-15,0.00283820519352
2010-11-16,0.00245977783438
2010-11-17,0.00213180745646
2010-11-18,0.00391423312893
2010-11-19,0.00524566871174
2010-11-22,0.00454624621684
2010-11-23,0.0039400800546
2010-11-24,0.00341473604732
2010-11-25,0.00475943790768
2010-11-26,0.00412484618665
2010-11-29,0.0035748666951
2010-11-30,0.00424488446909
2010-12-01,0.00426556653987
2010-12-02,0.00484349100122
2010-12-03,0.00543769220106
2010-12-06,0.00621933324092
2010-12-07,0.00669675547546
2010-12-08,0.0058038547454
2010-12-09,0.00503000744601
2010-12-10,0.00435933978655
2010-12-13,0.00413809448167
2010-12-14,0.00534634855078
2010-12-15,0.00463350207735
2010-12-16,0.00401570180037
2010-12-17,0.00434694156032
2010-12-20,0.00376734935228
2010-12-21,0.00426503610531
2010-12-22,0.00540303129126
2010-12-23,0.0046826271191
2010-12-24,0.00469827683655
2010-12-27,0.00407183992501
2010-12-28,0.00424892793501
2010-12-29,0.00368240421034
2010-12-30,0.0049914169823
2010-12-31,0.00503256138466
2011-01-03,0.00436155320004
2011-01-04,0.00534001277336
2011-01-05,0.00462801107025
2011-01-06,0.00401094292755
2011-01-07,0.00347615053721
2011-01-10,0.00301266379891
2011-01-11,0.00261097529239
2011-01-12,0.00283617858674
2011-01-13,0.00383135477517
2011-01-14,0.00332050747182
2011-01-17,0.00287777314224
2011-01-18,0.00322740338994
2011-01-19,0.00366374960462
2011-01-20,0.003521916324
2011-01-21,0.0030523274808
2011-01-24,0.00264535048336
2011-01-25,0.00302597041891
2011-01-26,0.00262250769639
2011-01-27,0.00288617333687
2011-01-28,0.00250135022529
2011-01-31,0.00216783686192
2011-02-01,0.004198791947
2011-02-02,0.00425228635406
2011-02-03,0.00368531484019
2011-02-04,0.00319393952816
2011-02-07,0.00276808092441
2011-02-08,0.00239900346782
2011-02-09,0.00393246967211
2011-02-10,0.0034081403825
2011-02-11,0.00295372166483
2011-02-14,0.00326655877619
2011-02-15,0.00283101760603
2011-02-16,0.00245354859189
2011-02-17,0.00212640877964
2011-02-18,0.00301622094235
2011-02-21,0.00261405815004
2011-02-22,0.00226551706337
2011-02-23,0.00255011478825
2011-02-24,0.00221009948315
2011-02-25,0.00191541955206
2011-02-28,0.00180669694512
2011-03-01,0.00156580401911
2011-03-02,0.00135703014989
2011-03-03,0.00200275946324
2011-03-04,0.00309572486814
2011-03-07,0.00268296155239
2011-03-08,0.0023252333454
2011-03-09,0.00321520223268
2011-03-10,0.00278650860166
2011-03-11,0.00241497412144
2011-03-14,0.00209297757191
2011-03-15,0.00181391389566
2011-03-16,0.00157205870957
2011-03-17,0.00136245088163
2011-03-18,0.00118079076408
2011-03-21,0.00211668532887
2011-03-22,0.00183446061835
2011-03-23,0.00222986586924
2011-03-24,0.00229255042001
2011-03-25,0.00224021036401
2011-03-27,0.0019415156488
2011-03-28,0.00168264689563
2011-03-29,0.00549829397621
2011-03-30,0.00535185477938
2011-03-31,0.00771827414213
2011-04-03,0.00668917092318
2011-04-04,0.00579728146676
2011-04-05,0.00575764393786
2011-04-06,0.00616329141281
2011-04-07,0.00843485255777
2011-04-10,0.00757687221673
2011-04-11,0.00656662258783
2011-04-12,0.00569107290946
2011-04-13,0.0049322631882
2011-04-14,0.00427462809644
2011-04-17,0.00370467768358
2011-04-18,0.0032107206591
2011-04-19,0.00510262457122
2011-04-20,0.00448894129506
2011-04-21,0.00389041578905
2011-04-24,0.00337169368384
2011-04-25,0.002922134526
2011-04-26,0.0034125165892
2011-04-27,0.00295751437731
2011-04-28,0.002563179127
2011-05-01,0.00222142191006
2011-05-02,0.00192523232206
2011-05-03,0.00166853467912
2011-05-04,0.00144606338857
2011-05-05,0.00255992160342
2011-05-08,0.00221859872297
2011-05-09,0.00192278555991
2011-05-10,0.00166641415192
2011-05-11,0.00144422559833
2011-05-12,0.00125166218522
2011-05-15,0.00108477389386
2011-05-16,0.000940137374675
2011-05-17,0.00300145239139
2011-05-18,0.00346792540587
2011-05-19,0.00300553535175
2011-05-22,0.00260479730485
2011-05-23,0.00225749099754
2011-05-24,0.00195649219787
2011-05-25,0.00192229323815
2011-05-26,0.00473265413973
2011-05-29,0.00474163358777
2011-05-30,0.00585608244273
2011-05-31,0.00586193811703
2011-06-01,0.0050803463681
2011-06-02,0.00920296685235
2011-06-05,0.00797590460537
2011-06-06,0.00941911732465
2011-06-07,0.0081632350147
2011-06-08,0.00707480367941
2011-06-09,0.00613149652215
2011-06-12,0.00531396365253
2011-06-13,0.00524543516553
2011-06-14,0.00454604381012
2011-06-15,0.00393990463544
2011-06-16,0.00413458401738
2011-06-19,0.0035833061484
2011-06-20,0.00417219866194
2011-06-21,0.00361590550702
2011-06-22,0.00313378477275
2011-06-23,0.00271594680305
2011-06-26,0.00235382056264
2011-06-27,0.00391997782096
2011-06-28,0.0049573141115
2011-06-29,0.00557633889663
2011-06-30,0.00560616037708
2011-07-03,0.0048586723268
2011-07-04,0.0042108493499
2011-07-05,0.00364940276991
2011-07-06,0.00418948240059
2011-07-07,0.00407088474718
2011-07-10,0.00352810011422
2011-07-11,0.00305768676566
2011-07-12,0.00363666186357
2011-07-13,0.00315177361509
2011-07-14,0.00273153713308
2011-07-17,0.002367332182
2011-07-18,0.0028250212244
2011-07-19,0.00271501839448
2011-07-20,0.00380634927522
2011-07-21,0.00371216937186
2011-07-24,0.00477721345561
2011-07-25,0.00559358499486
2011-07-26,0.00484777366221
2011-07-27,0.00420140384058
2011-07-28,0.00418788332851
2011-07-31,0.00409616555137
2011-08-01,0.00355001014452
2011-08-02,0.00307667545859
2011-08-03,0.00266645206411
2011-08-04,0.00231092512223
2011-08-07,0.0020028017726
2011-08-08,0.00173576153625
2011-08-09,0.00457099333142
2011-08-10,0.00396152755389
2011-08-11,0.00529999054671
2011-08-14,0.00652665847381
2011-08-15,0.00802977067731
2011-08-16,0.006959134587
2011-08-17,0.0060312499754
2011-08-18,0.00522708331201
2011-08-21,0.00453013887041
2011-08-22,0.00392612035436
2011-08-23,0.00345597097377
2011-08-24,0.00299517484394
2011-08-25,0.00259581819808
2011-08-28,0.00331637577167
2011-08-29,0.00420752566878
2011-08-30,0.00364652224628
2011-08-31,0.00316031928011
2011-09-01,0.00273894337609
2011-09-04,0.00237375092595
2011-09-05,0.00205725080249
2011-09-06,0.00178295069549
2011-09-07,0.00183855726942
2011-09-08,0.00159341630017
2011-09-11,0.00138096079348
2011-09-12,0.00119683268768
2011-09-13,0.00103725499599
2011-09-14,0.00208562099652
2011-09-15,0.00180753819699
2011-09-18,0.00156653310406
2011-09-19,0.00135766202352
2011-09-20,0.00117664042038
2011-09-21,0.001019755031
2011-09-22,0.00088378769353
2011-09-25,0.00677928266773
2011-09-26,0.00831537831203
2011-09-27,0.00720666120376
2011-09-28,0.00624577304326
2011-09-29,0.00541300330416
2011-10-02,0.00469126953027
2011-10-03,0.00406576692623
2011-10-04,0.0094036646694
2011-10-05,0.0120831760468
2011-10-06,0.0167920859072
2011-10-09,0.0168464744529
2011-10-10,0.0146002778592
2011-10-11,0.0126535741447
2011-10-12,0.0130997642587
2011-10-13,0.0136597956909
2011-10-16,0.0118384895988
2011-10-17,0.0102600243189
2011-10-18,0.0103453544097
2011-10-19,0.00896597382177
2011-10-20,0.00797051064553
2011-10-23,0.00873444255946
2011-10-24,0.0092498502182
2011-10-25,0.00801653685577
2011-10-26,0.0108409986083
2011-10-27,0.0136088654606
2011-10-31,0.0141410167325
2011-11-01,0.0122555478348
2011-11-02,0.0106214747902
2011-11-03,0.0105519448182
2011-11-04,0.0091450188424
2011-11-07,0.00792568299675
2011-11-08,0.00772225859718
2011-11-09,0.00669262411756
2011-11-10,0.00580027423522
2011-11-11,0.00629357100385
2011-11-14,0.00586776153667
2011-11-15,0.00508539333178
2011-11-16,0.00440734088755
2011-11-17,0.00381969543587
2011-11-18,0.00331040271109
2011-11-21,0.00286901568294
2011-11-22,0.00248648025855
2011-11-23,0.00215494955741
2011-11-24,0.00186762294976
2011-11-25,0.00161860655646
2011-11-28,0.00484279234893
2011-11-29,0.00646375336907
2011-11-30,0.0103885862532
2011-12-01,0.0105367747528
2011-12-02,0.0114385381191
2011-12-05,0.00991339970319
2011-12-06,0.0085916130761
2011-12-07,0.00744606466595
2011-12-08,0.00645325604383
2011-12-09,0.00559282190465
2011-12-12,0.00484711231736
2011-12-13,0.00420083067505
2011-12-14,0.00364071991837
2011-12-15,0.00428862392926
2011-12-16,0.00543680740536
2011-12-19,0.00471189975131
2011-12-20,0.00469697978447
2011-12-21,0.00407071581321
2011-12-22,0.00352795370478
2011-12-23,0.00517755987747
2011-12-26,0.00448721856048
2011-12-27,0.00668892275241
2011-12-28,0.00579706638543
2011-12-29,0.0050241242007
2011-12-30,0.00646090764061
2012-01-02,0.00559945328853
2012-01-03,0.00806619285006
2012-01-04,0.00916403380338
2012-01-05,0.0079421626296
2012-01-06,0.00688320761232
2012-01-09,0.00596544659734
2012-01-10,0.0109167203844
2012-01-11,0.00946115766645
2012-01-12,0.0102530033109
2012-01-13,0.0107526028695
2012-01-16,0.00931892248687
2012-01-17,0.00994306615529
2012-01-18,0.00861732400125
2012-01-19,0.00892168080108
2012-01-20,0.00773212336094
2012-01-23,0.00838117357948
2012-01-24,0.00726368376888
2012-01-25,0.00788185926636
2012-01-26,0.00843094469752
2012-01-27,0.00730681873785
2012-01-30,0.00633257623947
2012-01-31,0.00595489940754
2012-02-01,0.00516091281987
2012-02-02,0.00577945777722
2012-02-03,0.00583553007359
2012-02-06,0.00552412606378
2012-02-07,0.00478757592194
2012-02-08,0.00496256579901
2012-02-09,0.00488755702581
2012-02-10,0.0042358827557
2012-02-13,0.00405776505494
2012-02-14,0.00351672971428
2012-02-15,0.00304783241905
2012-02-16,0.00264145476317
2012-02-17,0.00440926079475
2012-02-20,0.00382135935545
2012-02-21,0.00331184477472
2012-02-22,0.00352359880476
2012-02-23,0.00513378563079
2012-02-24,0.00444928088002
2012-02-27,0.00385604342935
2012-02-28,0.00451523763877
2012-02-29,0.0039132059536
2012-03-01,0.00339144515979
2012-03-02,0.00293925247182
2012-03-05,0.00254735214224
2012-03-06,0.00220770518994
2012-03-07,0.00503334449795
2012-03-08,0.00436223189822
2012-03-09,0.00378060097846
2012-03-12,0.003276520848
2012-03-13,0.0028396514016
2012-03-14,0.00284769788139
2012-03-15,0.00272133816387
2012-03-16,0.00310515974202
2012-03-19,0.00269113844308
2012-03-20,0.00233231998401
2012-03-21,0.00271467731947
2012-03-22,0.00235272034354
2012-03-23,0.00317235763107
2012-03-25,0.00442937661359
2012-03-26,0.00383879306511
2012-03-27,0.00352695398977
2012-03-28,0.0030566934578
2012-03-29,0.00311580099676
2012-04-01,0.00270036086386
2012-04-02,0.00314031274868
2012-04-03,0.00272160438219
2012-04-04,0.00235872379789
2012-04-05,0.00204422729151
2012-04-08,0.00177166365264
2012-04-09,0.00473544183229
2012-04-10,0.00410404958798
2012-04-11,0.00355684297625
2012-04-12,0.00417593057942
2012-04-15,0.0036191398355
2012-04-16,0.00313658785743
2012-04-17,0.00271837614311
2012-04-18,0.00235592599069
2012-04-19,0.00204180252527
2012-04-22,0.0029828955219
2012-04-23,0.00258517611898
2012-04-24,0.00224048596978
2012-04-25,0.00312842117381
2012-04-26,0.00271129835064
2012-04-29,0.00234979190388
2012-04-30,0.0020364863167
2012-05-01,0.00261828814114
2012-05-02,0.00226918305565
2012-05-03,0.00395329198157
2012-05-06,0.00342618638402
2012-05-07,0.00296936153282
2012-05-08,0.00257344666178
2012-05-09,0.00223032044021
2012-05-10,0.00407961104818
2012-05-13,0.00353566290842
2012-05-14,0.0030642411873
2012-05-15,0.00265567569566
2012-05-16,0.00246158560291
2012-05-17,0.00213337418918
2012-05-20,0.00184892429729
2012-05-21,0.00160240105765
2012-05-22,0.0013887475833
2012-05-23,0.00788358123886
2012-05-24,0.00996577040701
2012-05-27,0.0118370010194
2012-05-28,0.0102587342168
2012-05-29,0.00889090298791
2012-05-30,0.00770544925619
2012-05-31,0.00667805602203
2012-06-03,0.00578764855243
2012-06-04,0.00501596207877
2012-06-05,0.0056138338016
2012-06-06,0.00486532262805
2012-06-07,0.00641661294431
2012-06-10,0.00701439788507
2012-06-11,0.00607914483373
2012-06-12,0.00526859218923
2012-06-13,0.00456611323067
2012-06-14,0.00629063146658
2012-06-17,0.00599854727103
2012-06-18,0.00519874096823
2012-06-19,0.0076655755058
2012-06-20,0.00664349877169
2012-06-21,0.00575769893547
2012-06-24,0.00499000574407
2012-06-25,0.00507133831153
2012-06-26,0.00439515986999
2012-06-27,0.00380913855399
2012-06-28,0.0100612534135
2012-07-01,0.0121597529583
2012-07-02,0.0112584525639
2012-07-03,0.00975732555537
2012-07-04,0.00845634881465
2012-07-05,0.00824883563937
2012-07-08,0.00714899088745
2012-07-09,0.00619579210246
2012-07-10,0.0053696864888
2012-07-11,0.00465372829029
2012-07-12,0.00403323118492
2012-07-15,0.00349546702693
2012-07-16,0.00376273809001
2012-07-17,0.00444770634467
2012-07-18,0.00562801216538
2012-07-19,0.00629094387666
2012-07-22,0.00545215135978
2012-07-23,0.00472519784514
2012-07-24,0.00409517146579
2012-07-25,0.00562914860368
2012-07-26,0.00557192878986
2012-07-29,0.00617567161788
2012-07-30,0.00535224873549
2012-07-31,0.00463861557076
2012-08-01,0.00539346682799
2012-08-02,0.00528767125093
2012-08-05,0.00600931508414
2012-08-06,0.00520807307292
2012-08-07,0.00483366332986
2012-08-08,0.00418917488588
2012-08-09,0.00364395156776
2012-08-12,0.00529142469206
2012-08-13,0.00458590139979
2012-08-14,0.00397444787982
2012-08-15,0.00404452149584
2012-08-16,0.00401191862973
2012-08-19,0.00378366281243
2012-08-20,0.00327917443744
2012-08-21,0.00290861784578
2012-08-22,0.00252080213301
2012-08-23,0.00302469518194
2012-08-26,0.00271473582435
2012-08-27,0.00235277104777
2012-08-28,0.0020390682414
2012-08-29,0.00176719247588
2012-08-30,0.0029182334791
2012-09-02,0.00380913568188
2012-09-03,0.0033012509243
2012-09-04,0.00286108413439
2012-09-05,0.00294627291647
2012-09-06,0.00412676986094
2012-09-09,0.00565653387948
2012-09-10,0.00490232936222
2012-09-11,0.00499535211392
2012-09-12,0.0043293051654
2012-09-13,0.00460539781001
2012-09-16,0.00399134476868
2012-09-17,0.00345916546619
2012-09-18,0.00439794340403
2012-09-19,0.00381155095016
2012-09-20,0.0033033441568
2012-09-23,0.00454289826923
2012-09-24,0.0039371785
2012-09-25,0.00341222136667
2012-09-26,0.00295725851778
2012-09-27,0.00256295738207
2012-09-30,0.00414122973113
2012-10-01,0.00358906576698
2012-10-02,0.00321719033138
2012-10-03,0.00314823162053
2012-10-04,0.00320846740446
2012-10-07,0.00278067175053
2012-10-08,0.00240991551713
2012-10-09,0.00296859344818
2012-10-10,0.00257278098842
2012-10-11,0.0022297435233
2012-10-14,0.00193244438686
2012-10-15,0.00251478513528
2012-10-16,0.00263281378391
2012-10-17,0.00233510527939
2012-10-18,0.00279709124213
2012-10-21,0.00242414574318
2012-10-22,0.00274092631076
2012-10-23,0.00237546946932
2012-10-24,0.00235207354008
2012-10-25,0.00203846373474
2012-10-29,0.00176666857011
2012-10-30,0.00153111276076
2012-10-31,0.00388696439266
2012-11-01,0.00336870247364
2012-11-02,0.00299954214382
2012-11-05,0.00450626985798
2012-11-06,0.00390543387691
2012-11-07,0.00358470935999
2012-11-08,0.00310674811199
2012-11-09,0.00269251503039
2012-11-12,0.00354684635967
2012-11-13,0.00307393351172
2012-11-14,0.00335740904349
2012-11-15,0.00290975450436
2012-11-16,0.00252178723711
2012-11-19,0.00218554893883
2012-11-20,0.00189414241365
2012-11-21,0.00164159009183
2012-11-22,0.00142271141292
2012-11-23,0.00123301655786
2012-11-26,0.00470861435015
2012-11-27,0.00408079910346
2012-11-28,0.00353669255633
2012-11-29,0.00306513354882
2012-11-30,0.00265644907565
2012-12-03,0.00230225586556
2012-12-04,0.00300862175015
2012-12-05,0.00260747218347
2012-12-06,0.00572647589234
2012-12-07,0.00568294577336
2012-12-10,0.00492521967024
2012-12-11,0.00513519038088
2012-12-12,0.00445049833009
2012-12-13,0.00423043188608
2012-12-14,0.00366637430127
2012-12-17,0.00317752439443
2012-12-18,0.00275385447518
2012-12-19,0.00490667387849
2012-12-20,0.00635911736135
2012-12-21,0.00551123504651
2012-12-24,0.00477640370697
2012-12-25,0.00413954987938
2012-12-26,0.00848094322879
2012-12-27,0.00933681746495
2012-12-28,0.00814524180296
2012-12-31,0.00705920956257
2013-01-01,0.00611798162089
2013-01-02,0.00643558407144
2013-01-03,0.00648417286191
2013-01-04,0.00573961648032
2013-01-07,0.00665433428295
2013-01-08,0.00722042304522
2013-01-09,0.00625769997253
2013-01-10,0.00658333997619
2013-01-11,0.00581222797936
2013-01-14,0.00550393091545
2013-01-15,0.00477007346006
2013-01-16,0.00413406366538
2013-01-17,0.00358285517666
2013-01-18,0.00310514115311
2013-01-21,0.00293112233269
2013-01-22,0.00254030602167
2013-01-23,0.00406826521878
2013-01-24,0.00431249652294
2013-01-25,0.00373749698655
2013-01-28,0.00614583072168
2013-01-29,0.00921971995879
2013-01-30,0.00799042396428
2013-01-31,0.00880503410238
2013-02-01,0.00763102955539
2013-02-04,0.00700022561467
2013-02-05,0.00606686219938
2013-02-06,0.00541794723947
2013-02-07,0.00570888760754
2013-02-08,0.00792103592653
2013-02-11,0.006864897803
2013-02-12,0.00594957809593
2013-02-13,0.00515630101647
2013-02-14,0.00488212754761
2013-02-15,0.00424451054126
2013-02-18,0.00367857580243
2013-02-19,0.0042014323621
2013-02-20,0.00473457471382
2013-02-21,0.00410329808531
2013-02-22,0.00355619167394
2013-02-25,0.00334869945075
2013-02-26,0.00290220619065
2013-02-27,0.00251524536523
2013-02-28,0.00331321264986
2013-03-01,0.00287145096321
2013-03-04,0.00414192416812
2013-03-05,0.00558966761237
2013-03-06,0.00484437859739
2013-03-07,0.00419846145107
2013-03-08,0.00523866659093
2013-03-11,0.00667351104547
2013-03-12,0.00578370957274
2013-03-13,0.00501254829638
2013-03-14,0.00434420852353
2013-03-15,0.00376498072039
2013-03-18,0.003262983291
2013-03-19,0.00493458551887
2013-03-20,0.00427664078302
2013-03-21,0.00370642201195
2013-03-22,0.00321223241036
2013-03-25,0.00459726808898
2013-03-26,0.00398429901045
2013-03-27,0.00345305914239
2013-03-28,0.0044593179234
2013-03-29,0.00386474220028
2013-03-31,0.00390944324024
2013-04-01,0.00513485080821
2013-04-02,0.00445020403378
2013-04-03,0.00385684349595
2013-04-04,0.00596926436315
2013-04-07,0.0071466957814
2013-04-08,0.00619380301055
2013-04-09,0.00662129594247
2013-04-10,0.00692512315014
2013-04-11,0.00600177339679
2013-04-14,0.00630820361055
2013-04-15,0.00546710979581
2013-04-16,0.0060848284897
2013-04-17,0.00527351802441
2013-04-18,0.00457038228782
2013-04-21,0.00396099798278
2013-04-22,0.00343286491841
2013-04-23,0.00297514959595
2013-04-24,0.00397846298316
2013-04-25,0.00456800125207
2013-04-28,0.0043322677518
2013-04-29,0.00375463205156
2013-04-30,0.00406734777802
2013-05-01,0.00352503474095
2013-05-02,0.00305503010882
2013-05-05,0.00264769276098
2013-05-06,0.00260133372618
2013-05-07,0.00225448922936
2013-05-08,0.00202055733211
2013-05-09,0.00175114968783
2013-05-12,0.00151766306278
2013-05-13,0.00248864132108
2013-05-14,0.00215682247827
2013-05-15,0.00186924614783
2013-05-16,0.00162001332812
2013-05-19,0.00140401155104
2013-05-20,0.0012168100109
2013-05-21,0.00152123534278
2013-05-22,0.00131840396374
2013-05-23,0.00182261676858
2013-05-26,0.00261960119943
2013-05-27,0.00227032103951
2013-05-28,0.00196761156757
2013-05-29,0.00170526335856
2013-05-30,0.00147789491076
2013-06-02,0.00128084225599
2013-06-03,0.00287006328852
2013-06-04,0.00516738818339
2013-06-05,0.00447840309227
2013-06-06,0.00388128267997
2013-06-09,0.00336377832264
2013-06-10,0.00291527454629
2013-06-11,0.00252657127345
2013-06-12,0.00218969510365
2013-06-13,0.00599106908983
2013-06-16,0.00519225987786
2013-06-17,0.00449995856081
2013-06-18,0.00389996408603
2013-06-19,0.00337996887456
2013-06-20,0.00292930635795
2013-06-23,0.00436539884356
2013-06-24,0.00707667899775
2013-06-25,0.00813312179805
2013-06-26,0.00932870555831
2013-06-27,0.00808487815054
2013-06-30,0.00700689439713
2013-07-01,0.00607264181085
2013-07-02,0.00526295623607
2013-07-03,0.00456122873793
2013-07-04,0.00588639823954
2013-07-07,0.00510154514093
2013-07-08,0.00442133912214
2013-07-09,0.00383182723919
2013-07-10,0.00332091694063
2013-07-11,0.00287812801521
2013-07-14,0.00365437761318
2013-07-15,0.00850046059809
2013-07-16,0.00736706585168
2013-07-17,0.00909145707146
2013-07-18,0.0082125961286
2013-07-21,0.00711758331145
2013-07-22,0.00811523886992
2013-07-23,0.0089532070206
2013-07-24,0.00775944608452
2013-07-25,0.00672485327325
2013-07-28,0.00582820617015
2013-07-29,0.00505111201413
2013-07-30,0.00437763041225
2013-07-31,0.00416727969061
2013-08-01,0.00361164239853
2013-08-04,0.00717009007873
2013-08-05,0.00621407806823
2013-08-06,0.00619886765913
2013-08-07,0.00658568530458
2013-08-08,0.00694759393064
2013-08-11,0.00784791473989
2013-08-12,0.0068015261079
2013-08-13,0.00589465596018
2013-08-14,0.00510870183216
2013-08-15,0.00442754158787
2013-08-18,0.00383720270949
2013-08-19,0.00332557568156
2013-08-20,0.00288216559068
2013-08-21,0.00249787684526
2013-08-22,0.0109248265992
2013-08-25,0.0139081830527
2013-08-26,0.0120537586456
2013-08-27,0.0152199241596
2013-08-28,0.0131906009383
2013-08-29,0.0114318541465
2013-09-01,0.00990760692697
2013-09-02,0.00858659267004
2013-09-03,0.010108380314
2013-09-04,0.0120272629388
2013-09-05,0.0147836278803
2013-09-08,0.0128124774963
2013-09-09,0.0134908138301
2013-09-10,0.0116920386528
2013-09-11,0.0110797668324
2013-09-12,0.00989579792141
2013-09-15,0.0101363581986
2013-09-16,0.00878484377208
2013-09-17,0.00942686460247
2013-09-18,0.0174766159888
2013-09-19,0.0151464005236
2013-09-22,0.0131268804538
2013-09-23,0.01258996306
2013-09-24,0.0109113013186
2013-09-25,0.00945646114282
2013-09-26,0.00819559965711
2013-09-29,0.0081161863695
2013-09-30,0.0101140281869
2013-10-01,0.00876549109531
2013-10-02,0.0108367589493
2013-10-03,0.00939185775603
2013-10-06,0.00813961005523
2013-10-07,0.00705432871453
2013-10-08,0.00611375155259
2013-10-09,0.00768525134558
2013-10-10,0.00802055116617
2013-10-13,0.00695114434402
2013-10-14,0.00602432509815
2013-10-15,0.00632774841839
2013-10-16,0.00548404862927
2013-10-17,0.00623284214537
2013-10-20,0.00540179652599
2013-10-21,0.00468155698919
2013-10-22,0.00405734939063
2013-10-23,0.00351636947188
2013-10-24,0.00304752020896
2013-10-28,0.0041211841811
2013-10-29,0.00381169295695
2013-10-30,0.00330346722936
2013-10-31,0.00286300493211
2013-11-01,0.00248127094116
2013-11-04,0.00215043481568
2013-11-05,0.00186371017359
2013-11-06,0.00161521548377
2013-11-07,0.00139985341927
2013-11-08,0.0012132062967
2013-11-11,0.00154477879047
2013-11-12,0.00133880828508
2013-11-13,0.00348030051373
2013-11-14,0.00301626044524
2013-11-15,0.0041474257192
2013-11-18,0.00790110228998
2013-11-19,0.00891428865131
2013-11-20,0.00772571683114
2013-11-21,0.00669562125365
2013-11-22,0.00580287175317
2013-11-25,0.00696248885274
2013-11-26,0.00603415700571
2013-11-27,0.00522960273828
2013-11-28,0.00453232237318
2013-11-29,0.00516801272342
2013-12-02,0.0044789443603
2013-12-03,0.00388175177893
2013-12-04,0.00336418487507
2013-12-05,0.00291562689173
2013-12-06,0.0062468766395
2013-12-09,0.0094406264209
2013-12-10,0.00906187623144
2013-12-11,0.00785362606725
2013-12-12,0.00680647592495
2013-12-13,0.00671227913496
2013-12-16,0.00747064191696
2013-12-17,0.00647455632803
2013-12-18,0.00735794881763
2013-12-19,0.00637688897528
2013-12-20,0.00552663711191
2013-12-23,0.00478975216365
2013-12-24,0.0060177852085
2013-12-25,0.00521541384737
2013-12-26,0.00452002533438
2013-12-27,0.00617068862313
2013-12-30,0.00896126347338
2013-12-31,0.0077664283436
2014-01-01,0.00673090456445
2014-01-02,0.00583345062252
2014-01-03,0.00505565720619
2014-01-06,0.0043815695787
2014-01-07,0.00593069363487
2014-01-08,0.00513993448355
2014-01-09,0.00445460988575
2014-01-10,0.00574066190098
2014-01-13,0.00812190698085
2014-01-14,0.00703898605007
2014-01-15,0.00819378791006
2014-01-16,0.00710128285539
2014-01-17,0.00615444514133
2014-01-20,0.00850718578916
2014-01-21,0.0073728943506
2014-01-22,0.00660317510386
2014-01-23,0.00572275175667
2014-01-24,0.00495971818912
2014-01-27,0.0049117557639
2014-01-28,0.00425685499538
2014-01-29,0.00368927432933
2014-01-30,0.00511737108542
2014-01-31,0.0071550549407
2014-02-03,0.00620104761527
2014-02-04,0.00537424126657
2014-02-05,0.00729767576436
2014-02-06,0.00777798566244
2014-02-07,0.00814092090745
2014-02-10,0.00705546478646
2014-02-11,0.00611473614826
2014-02-12,0.00529943799516
2014-02-13,0.00459284626247
2014-02-14,0.00872713342748
2014-02-17,0.00756351563715
2014-02-18,0.00655504688553
2014-02-19,0.00568104063412
2014-02-20,0.00779023521624
2014-02-21,0.00840487052074
2014-02-24,0.0104175544513
2014-02-25,0.00964188052447
2014-02-26,0.00835629645454
2014-02-27,0.00724212359393
2014-02-28,0.00851650711474
2014-03-03,0.00738097283278
2014-03-04,0.00639684312174
2014-03-05,0.00602393070551
2014-03-06,0.00852740661144
2014-03-07,0.00739041906325
2014-03-10,0.00640502985482
2014-03-11,0.00555102587417
2014-03-12,0.00481088909095
2014-03-13,0.00659610387882
2014-03-14,0.00571662336165
2014-03-17,0.00819440691343
2014-03-18,0.00710181932497
2014-03-19,0.00795491008164
2014-03-20,0.00689425540409
2014-03-21,0.00816168801688
2014-03-24,0.00707346294796
2014-03-25,0.0075303345549
2014-03-26,0.00797962328091
2014-03-27,0.0107556735101
2014-03-28,0.0111882503754
2014-03-30,0.00969648365872
2014-03-31,0.00840361917089
2014-04-01,0.00814980328144
2014-04-02,0.00706316284391
2014-04-03,0.00862807446472
2014-04-06,0.00994433120276
2014-04-07,0.0120184203757
2014-04-08,0.011229297659
2014-04-09,0.0117053913044
2014-04-10,0.0101446724638
2014-04-13,0.00879204946866
2014-04-14,0.00761977620617
2014-04-15,0.00660380604535
2014-04-16,0.00572329857264
2014-04-17,0.00496019209629
2014-04-20,0.00429883315011
2014-04-21,0.00372565539677
2014-04-22,0.00322890134386
2014-04-23,0.00463838116468
2014-04-24,0.00583326367606
2014-04-27,0.00505549518592
2014-04-28,0.00754142916113
2014-04-29,0.00653590527298
2014-04-30,0.00651778456991
2014-05-01,0.00564874662726
2014-05-04,0.00617558041029
2014-05-05,0.00535216968892
2014-05-06,0.0066252137304
2014-05-07,0.00696851856634
2014-05-08,0.0060393827575
2014-05-11,0.0056474650565
2014-05-12,0.0049211363823
2014-05-13,0.00426498486466
2014-05-14,0.00522965354937
2014-05-15,0.00453236640945
2014-05-18,0.00431471755486
2014-05-19,0.00501942188088
2014-05-20,0.0043501656301
2014-05-21,0.00505014354608
2014-05-22,0.00437679107327
2014-05-25,0.00379321893017
2014-05-26,0.00328745640615
2014-05-27,0.00284912888533
2014-05-28,0.00310924503395
2014-05-29,0.00269467902942
2014-06-01,0.00233538849217
2014-06-02,0.00202400335988
2014-06-03,0.00175413624523
2014-06-04,0.0018669180792
2014-06-05,0.0046046623353
2014-06-08,0.0059240406906
2014-06-09,0.00661416859852
2014-06-10,0.00665227945205
2014-06-11,0.00576530885844
2014-06-12,0.00499660101065
2014-06-15,0.0049837208759
2014-06-16,0.00431922475911
2014-06-17,0.00374332812456
2014-06-18,0.00853755104129
2014-06-19,0.00739921090245
2014-06-22,0.00641264944879
2014-06-23,0.00709096285562
2014-06-24,0.00658550114153
2014-06-25,0.006640767656
2014-06-26,0.0072219986352
2014-06-29,0.00705906548384
2014-06-30,0.00611785675266
2014-07-01,0.0067554758523
2014-07-02,0.00585474573866
2014-07-03,0.00707411297351
2014-07-06,0.00613089791037
2014-07-07,0.00531344485566
2014-07-08,0.0060983188749
2014-07-09,0.00528520969158
2014-07-10,0.00458051506604
2014-07-13,0.00414311305723
2014-07-14,0.00512403131627
2014-07-15,0.00444082714077
2014-07-16,0.00384871685533
2014-07-17,0.00333555460795
2014-07-20,0.00546414732689
2014-07-21,0.00536226101664
2014-07-22,0.00570062621442
2014-07-23,0.00494054271917
2014-07-24,0.00428180368994
2014-07-27,0.00371089653128
2014-07-28,0.00432277699378
2014-07-29,0.00374640672794
2014-07-30,0.00324688583088
2014-07-31,0.0028139677201
2014-08-03,0.00321210535742
2014-08-04,0.0027838246431
2014-08-05,0.00241264802402
2014-08-06,0.00301096162081
2014-08-07,0.00260950007137
2014-08-10,0.00416823339519
2014-08-11,0.0044124689425
2014-08-12,0.00382413975016
2014-08-13,0.00331425445014
2014-08-14,0.00471235385679
2014-08-17,0.00497737334255
2014-08-18,0.00456705689688
2014-08-19,0.00554478264396
2014-08-20,0.00480547829143
2014-08-21,0.00416474785258
2014-08-24,0.0036094481389
2014-08-25,0.00312818838705
2014-08-26,0.00593776326877
2014-08-27,0.00561272816627
2014-08-28,0.00721103107743
2014-08-31,0.00687622693378
2014-09-01,0.00595939667594
2014-09-02,0.00569814378581
2014-09-03,0.00517839128104
2014-09-04,0.00448793911023
2014-09-07,0.00388954722887
2014-09-08,0.00337094093169
2014-09-09,0.00292148214079
2014-09-10,0.00253195118869
2014-09-11,0.00219435769686
2014-09-14,0.00190177667062
2014-09-15,0.0016615397812
2014-09-16,0.00144000114371
2014-09-17,0.00124800099121
2014-09-18,0.00108160085905
2014-09-21,0.000937387411177
2014-09-22,0.00081240242302
2014-09-23,0.000704082099951
2014-09-24,0.00458353781996
2014-09-25,0.00397239944396
2014-09-28,0.00344274618477
2014-09-29,0.00298371336013
2014-09-30,0.00258588491211
2014-10-01,0.00224110025717
2014-10-02,0.00194228688954
2014-10-05,0.0152566486376
2014-10-06,0.0132224288193
2014-10-07,0.0131527716434
2014-10-08,0.0135057354242
2014-10-09,0.011704970701
2014-10-12,0.0101443079409
2014-10-13,0.00879173354876
2014-10-14,0.00761950240892
2014-10-15,0.0066035687544
2014-10-16,0.00670975958715
2014-10-19,0.00676179164219
2014-10-20,0.00586021942324
2014-10-21,0.00539885683347
2014-10-22,0.00467900925567
2014-10-23,0.00673514135492
2014-10-27,0.0058371225076
2014-10-28,0.00505883950658
2014-10-29,0.0112776609057
2014-10-30,0.0138673061183
2014-10-31,0.0120183319692
2014-11-03,0.0104158877066
2014-11-04,0.00902710267907
2014-11-05,0.00782348898853
2014-11-06,0.00678035712339
2014-11-07,0.00587630950694
2014-11-10,0.00729280157268
2014-11-11,0.00632042802966
2014-11-12,0.00583770429237
2014-11-13,0.00505934372005
2014-11-14,0.00438476455738
2014-11-17,0.00460012928306
2014-11-18,0.00398677871199
2014-11-19,0.00546854155039
2014-11-20,0.00684606934367
2014-11-21,0.0107332600978
2014-11-24,0.0114754920848
2014-11-25,0.00994542647349
2014-11-26,0.0113793696104
2014-11-27,0.0103154536623
2014-11-28,0.00894005984067
2014-12-01,0.00774805186192
2014-12-02,0.00671497828033
2014-12-03,0.00581964784295
2014-12-04,0.00504369479722
2014-12-05,0.00437120215759
2014-12-08,0.00378837520325
2014-12-09,0.00328325850948
2014-12-10,0.00329882404155
2014-12-11,0.00285898083601
2014-12-12,0.00247778339121
2014-12-15,0.00214741227238
2014-12-16,0.00186109063606
2014-12-17,0.00161294521792
2014-12-18,0.0060245525222
2014-12-19,0.00811461218591
2014-12-22,0.00703266389445
2014-12-23,0.00609497537519
2014-12-24,0.00528231199183
2014-12-25,0.00457800372625
2014-12-26,0.00396760322942
2014-12-29,0.0080385894655
2014-12-30,0.00799344420343
2014-12-31,0.00787431830964
2015-01-01,0.00682440920169
2015-01-02,0.0059144879748
2015-01-05,0.00512588957816
2015-01-06,0.0044424376344
2015-01-07,0.00769011261648
2015-01-08,0.00683809760095
2015-01-09,0.0103130179208
2015-01-12,0.00957794886471
2015-01-13,0.00830088901609
2015-01-14,0.0110607704806
2015-01-15,0.0105193344165
2015-01-16,0.00911675649432
2015-01-19,0.00967452229508
2015-01-20,0.00838458598907
2015-01-21,0.0113333078572
2015-01-22,0.0147822001429
2015-01-23,0.0128112401238
2015-01-26,0.011103074774
2015-01-27,0.0113293314708
2015-01-28,0.0117387539414
2015-01-29,0.0101735867492
2015-01-30,0.00881710851596
2015-02-02,0.00764149404716
2015-02-03,0.00662262817421
2015-02-04,0.00573961108431
2015-02-05,0.0049743296064
2015-02-06,0.00431108565888
2015-02-09,0.0037362742377
2015-02-10,0.00323810433934
2015-02-11,0.00280635709409
2015-02-12,0.00243217614821
2015-02-13,0.00534788599512
2015-02-16,0.0046348345291
2015-02-17,0.00424352325856
2015-02-18,0.00367772015742
2015-02-19,0.00318735746976
2015-02-20,0.00276237647379
2015-02-23,0.00239405961062
2015-02-24,0.00291485166254
2015-02-25,0.00589953810753
2015-02-26,0.00511293302653
2015-02-27,0.00443120862299
2015-03-02,0.00645371413993
2015-03-03,0.00559321892127
2015-03-04,0.00484745639843
2015-03-05,0.00420112887864
2015-03-06,0.00364097836149
2015-03-09,0.00315551457996
2015-03-10,0.00273477930263
2015-03-11,0.00443680872895
2015-03-12,0.00464523423175
2015-03-13,0.00402586966752
2015-03-16,0.00348908704518
2015-03-17,0.00302387543916
2015-03-18,0.00298069204727
2015-03-19,0.00258326644097
2015-03-20,0.00223883091551
2015-03-23,0.00839365346011
2015-03-24,0.0162078329988
2015-03-25,0.0140467885989
2015-03-26,0.0121738834524
2015-03-27,0.0105506989921
2015-03-29,0.00914393912647
2015-03-30,0.0156580805763
2015-03-31,0.0178103364994
2015-04-01,0.0156356249662
2015-04-02,0.0152575416374
2015-04-05,0.017689869419
2015-04-06,0.0153312201632
2015-04-07,0.0187537241414
2015-04-08,0.0219332275892
2015-04-09,0.019008797244
2015-04-12,0.0164742909448
2015-04-13,0.0142777188188
2015-04-14,0.015280689643
2015-04-15,0.0191632643572
2015-04-16,0.0166081624429
2015-04-19,0.0143937407839
2015-04-20,0.0131412420127
2015-04-21,0.0136824097443
2015-04-22,0.0148447551118
2015-04-23,0.0152121210969
2015-04-26,0.0206238382839
2015-04-27,0.0202339931794
2015-04-28,0.0175361274222
2015-04-29,0.0151979770992
2015-04-30,0.0131715801526
2015-05-03,0.0141620361323
2015-05-04,0.012273764648
2015-05-05,0.0132772626949
2015-05-06,0.0131069610023
2015-05-07,0.015679366202
2015-05-10,0.0166154507084
2015-05-11,0.0144000572806
2015-05-12,0.0169733829765
2015-05-13,0.0147102652463
2015-05-14,0.0158288965468
2015-05-17,0.0137183770072
2015-05-18,0.0118892600729
2015-05-19,0.0103040253965
2015-05-20,0.0130368220103
2015-05-21,0.0112985790756
2015-05-24,0.00979210186554
2015-05-25,0.00848648828347
2015-05-26,0.00735495651234
2015-05-27,0.00957429564403
2015-05-28,0.00829772289149
2015-05-31,0.00719135983929
2015-06-01,0.00991251186072
2015-06-02,0.0126975102793
2015-06-03,0.0110045089087
2015-06-04,0.00953724105422
2015-06-07,0.00826560891366
2015-06-08,0.0103235277252
2015-06-09,0.0117737240285
2015-06-10,0.010203894158
2015-06-11,0.0104833749369
2015-06-14,0.00908559161202
2015-06-15,0.00787417939709
2015-06-16,0.0107042888108
2015-06-17,0.0141837169694
2015-06-18,0.0122925547068
2015-06-21,0.0106535474125
2015-06-22,0.00923307442421
2015-06-23,0.00980199783431
2015-06-24,0.00849506478974
2015-06-25,0.00736238948444
2015-06-28,0.00638073755318
2015-06-29,0.0106233058794
2015-06-30,0.0092068650955
2015-07-01,0.00797928308277
2015-07-02,0.00891537867173
2015-07-05,0.0077266615155
2015-07-06,0.0066964399801
2015-07-07,0.00580358131609
2015-07-08,0.00502977047394
2015-07-09,0.00915913441075
2015-07-12,0.0118312498226
2015-07-13,0.0148270831796
2015-07-14,0.0128501387557
2015-07-15,0.0111367869216
2015-07-16,0.00965188199871
2015-07-19,0.00836496439888
2015-07-20,0.0077029691457
2015-07-21,0.00667590659294
2015-07-22,0.00578578571388
2015-07-23,0.0050143476187
2015-07-26,0.0043457679362
2015-07-27,0.00376633221138
2015-07-28,0.00509082124986
2015-07-29,0.00690537841654
2015-07-30,0.00598466129434
2015-08-02,0.00518670645509
2015-08-03,0.00449514559441
2015-08-04,0.00389579284849
2015-08-05,0.00337635380203
2015-08-06,0.00292617329509
2015-08-09,0.00640268352241
2015-08-10,0.0112023257194
2015-08-11,0.00970868229017
2015-08-12,0.00841419131814
2015-08-13,0.00729229914239
2015-08-16,0.00631999259007
2015-08-17,0.0054773269114
2015-08-18,0.00474701665654
2015-08-19,0.00411408110234
2015-08-20,0.00559220362203
2015-08-23,0.00484657647242
2015-08-24,0.0042003662761
2015-08-25,0.00364031743929
2015-08-26,0.00866160844738
2015-08-27,0.00801339398773
2015-08-30,0.00694494145603
2015-08-31,0.0060189492619
2015-09-01,0.00521642269364
2015-09-02,0.00452089966782
2015-09-03,0.00641144637878
2015-09-06,0.00555658686161
2015-09-07,0.00996237528006
2015-09-08,0.0107007252427
2015-09-09,0.00927396187702
2015-09-10,0.00803743362675
2015-09-13,0.00696577580985
2015-09-14,0.0128103390352
2015-09-15,0.0111022938305
2015-09-16,0.00962198798644
2015-09-17,0.00833905625492
2015-09-20,0.0072271820876
2015-09-21,0.00626355780925
2015-09-22,0.00542841676802
2015-09-23,0.00470462786561
2015-09-24,0.0389840108169
2015-09-27,0.033786142708
2015-09-28,0.0292813236802
2015-09-29,0.0415238138562
2015-09-30,0.0380539720087
2015-10-01,0.0329801090742
2015-10-04,0.0383827611976
2015-10-05,0.0408117263713
2015-10-06,0.0407301628551
2015-10-07,0.0352994744744
2015-10-08,0.0435662112112
2015-10-11,0.0377573830497
2015-10-12,0.0327230653097
2015-10-13,0.0283599899351
2015-10-14,0.0317919912771
2015-10-15,0.0275530591068
2015-10-18,0.0238793178926
2015-10-19,0.0229620755069
2015-10-20,0.0199004654393
2015-10-21,0.0172470700474
2015-10-22,0.0203741273744
2015-10-26,0.0225909103912
2015-10-27,0.0195787890057
2015-10-28,0.0204349504716
2015-10-29,0.0177102904087
2015-10-30,0.0243489183542
2015-11-02,0.021102395907
2015-11-03,0.0259420764527
2015-11-04,0.026656466259
2015-11-05,0.0231022707578
2015-11-06,0.0200219679901
2015-11-09,0.0173523722581
2015-11-10,0.0150387226237
2015-11-11,0.0220068929405
2015-11-12,0.0190726405485
2015-11-13,0.0165296218087
2015-11-16,0.0143256722342
2015-11-17,0.0168689159363
2015-11-18,0.0164730604781
2015-11-19,0.0214366524144
2015-11-20,0.0204717654258
2015-11-23,0.0195555300357
2015-11-24,0.0169481260309
2015-11-25,0.0146883758935
2015-11-26,0.0127299257743
2015-11-27,0.0134459356711
2015-11-30,0.0116531442483
2015-12-01,0.0100993916818
2015-12-02,0.00875280612426
2015-12-03,0.0163724319744
2015-12-04,0.0207227743778
2015-12-07,0.0179597377941
2015-12-08,0.0155651060882
2015-12-09,0.0168630919431
2015-12-10,0.014614679684
2015-12-11,0.0126660557262
2015-12-14,0.010977248296
2015-12-15,0.0110202818565
2015-12-16,0.00955091094233
2015-12-17,0.0140907894834
2015-12-18,0.0122120175522
2015-12-21,0.0105837485453
2015-12-22,0.00947924873924
2015-12-23,0.00874868224067
2015-12-24,0.0101688579419
2015-12-25,0.0114930102163
2015-12-28,0.00996060885415
2015-12-29,0.0138458610069
2015-12-30,0.011999746206
2015-12-31,0.0103997800452
2016-01-01,0.00974647603918
2016-01-04,0.00844694590062
2016-01-05,0.0073206864472
2016-01-06,0.00634459492091
2016-01-07,0.00549864893146
2016-01-08,0.0069254957406
2016-01-11,0.00730876297518
2016-01-12,0.00633426124516
2016-01-13,0.0109163597458
2016-01-14,0.00946084511303
2016-01-15,0.00819939909796
2016-01-18,0.0071061458849
2016-01-19,0.00821199310024
2016-01-20,0.00711706068688
2016-01-21,0.00616811926196
2016-01-22,0.00534570336037
2016-01-25,0.00617960957898
2016-01-26,0.00966232830179
2016-01-27,0.0122006845282
2016-01-28,0.0105739265911
2016-01-29,0.013350736379
2016-02-01,0.0167439715284
2016-02-02,0.0158714419913
2016-02-03,0.0159152497258
2016-02-04,0.0272865497624
2016-02-05,0.0236483431274
2016-02-08,0.0204952307104
2016-02-09,0.0177625332823
2016-02-10,0.0153941955114
2016-02-11,0.0133416361099
2016-02-12,0.0115627512952
2016-02-15,0.0100210511225
2016-02-16,0.00868491097284
2016-02-17,0.00752692284313
2016-02-18,0.00757666646405
2016-02-19,0.00656644426884
2016-02-22,0.0164509183663
2016-02-23,0.0150841292508
2016-02-24,0.0130729120174
2016-02-25,0.0157831904151
2016-02-26,0.0136787650264
2016-02-29,0.0118549296895
2016-03-01,0.0102742723976
2016-03-02,0.0195043694112
2016-03-03,0.0247437868231
2016-03-04,0.0456712819133
2016-03-07,0.0395817776582
2016-03-08,0.0343042073038
2016-03-09,0.0396769796633
2016-03-10,0.0401600490415
2016-03-11,0.041685375836
2016-03-14,0.0380206590579
2016-03-15,0.0329512378501
2016-03-16,0.0285577394701
2016-03-17,0.0426167075408
2016-03-18,0.0400144798687
2016-03-21,0.0351058825528
2016-03-22,0.0323717648791
2016-03-23,0.0280555295619
2016-03-24,0.024314792287
2016-03-25,0.0242594866487
2016-03-27,0.0232648884289
2016-03-28,0.0248162366384
2016-03-29,0.0219474050866
2016-03-30,0.0278344177417
2016-03-31,0.0241231620428
2016-04-03,0.0215867404371
2016-04-04,0.0187085083788
2016-04-05,0.016214040595
2016-04-06,0.0190921685157
2016-04-07,0.0165465460469
2016-04-10,0.0290603399073
2016-04-11,0.030398961253
2016-04-12,0.0263457664193
2016-04-13,0.0228329975634
2016-04-14,0.0256952645549
2016-04-17,0.0222692292809
2016-04-18,0.0192999987101
2016-04-19,0.0209933322155
2016-04-20,0.0183408879201
2016-04-21,0.0158954361974
2016-04-24,0.0137760447044
2016-04-25,0.0137525720771
2016-04-26,0.0133588958002
2016-04-27,0.0159243763602
2016-04-28,0.0208277928455
2016-05-01,0.0196240871327
2016-05-02,0.0170075421817
2016-05-03,0.0147398698908
2016-05-04,0.0155745539054
2016-05-05,0.013497946718
2016-05-08,0.0116982204889
2016-05-09,0.0112184577571
2016-05-10,0.0127493300561
2016-05-11,0.011049419382
2016-05-12,0.00957616346438
2016-05-15,0.00829934166913
2016-05-16,0.00924609611325
2016-05-17,0.00801328329815
2016-05-18,0.00694484552506
2016-05-19,0.00601886612172
2016-05-22,0.00828301730549
2016-05-23,0.00717861499809
2016-05-24,0.00622146633168
2016-05-25,0.00539193748746
2016-05-26,0.00467301248913
2016-05-29,0.00404994415724
2016-05-30,0.00754995160294
2016-05-31,0.00654329138922
2016-06-01,0.00677751920399
2016-06-02,0.0109805166435
2016-06-05,0.012969781091
2016-06-06,0.0179338102789
2016-06-07,0.0260893022417
2016-06-08,0.0272640619428
2016-06-09,0.0236288536838
2016-06-12,0.0204783398593
2016-06-13,0.0177478945447
2016-06-14,0.0153815086054
2016-06-15,0.0133306407913
2016-06-16,0.0180998886858
2016-06-19,0.0221532368611
2016-06-20,0.0215861386129
2016-06-21,0.0187079867979
2016-06-22,0.0212402552248
2016-06-23,0.0184082211948
2016-06-26,0.0159537917022
2016-06-27,0.0213866194752
2016-06-28,0.0293350702119
2016-06-29,0.0300103941836
2016-06-30,0.0260090082925
2016-07-03,0.0225411405201
2016-07-04,0.0195356551175
2016-07-05,0.0169309011018
2016-07-06,0.0146734476216
2016-07-07,0.017890321272
2016-07-10,0.0163449451024
2016-07-11,0.0159656190888
2016-07-12,0.0138368698769
2016-07-13,0.02037862056
2016-07-14,0.017661471152
2016-07-17,0.0153066083317
2016-07-18,0.0149723938875
2016-07-19,0.0131760747025
2016-07-20,0.0114192647422
2016-07-21,0.00989669610988
2016-07-24,0.0101771366286
2016-07-25,0.00882018507809
2016-07-26,0.00933749373434
2016-07-27,0.0104258279031
2016-07-28,0.00903571751602
2016-07-31,0.00783095518055
2016-08-01,0.00733349448981
2016-08-02,0.0063556952245
2016-08-03,0.0130416025279
2016-08-04,0.0162493888575
2016-08-07,0.0164961370098
2016-08-08,0.0164299854085
2016-08-09,0.0160393206874
2016-08-10,0.0151140779291
2016-08-11,0.0130988675385
2016-08-14,0.0113523518667
2016-08-15,0.0100653716178
2016-08-16,0.00872332206879
2016-08-17,0.00913354579295
2016-08-18,0.00791573968722
2016-08-21,0.00900697439559
2016-08-22,0.0100193778095
2016-08-23,0.00868346076824
2016-08-24,0.00908566599915
2016-08-25,0.0116609105326
2016-08-28,0.0101061224616
2016-08-29,0.0130919728
2016-08-30,0.0113463764267
2016-08-31,0.0118201929031
2016-09-01,0.0102441671827
2016-09-04,0.00887827822502
2016-09-05,0.0111478411284
2016-09-06,0.0157547956446
2016-09-07,0.015120822892
2016-09-08,0.013104713173
2016-09-11,0.0113574180833
2016-09-12,0.0129630956722
2016-09-13,0.0112346829159
2016-09-14,0.00973672519378
2016-09-15,0.0120251618346
2016-09-18,0.0150218069233
2016-09-19,0.0139922326669
2016-09-20,0.0141932683113
2016-09-21,0.0188741658698
2016-09-22,0.0163576104205
2016-09-25,0.0141765956978
2016-09-26,0.0141530496047
2016-09-27,0.0122659763241
2016-09-28,0.0131638461475
2016-09-29,0.0114086666612
2016-10-02,0.010634177773
2016-10-03,0.0119762874033
2016-10-04,0.0103794490829
2016-10-05,0.0105288558718
2016-10-06,0.0124583417556
2016-10-09,0.0107972295215
2016-10-10,0.00935759891863
2016-10-11,0.00872325239615
2016-10-12,0.00756015207666
2016-10-13,0.0115521317998
2016-10-16,0.0100118475598
2016-10-17,0.0100102678852
2016-10-18,0.0102755655005
2016-10-19,0.0107721567671
2016-10-20,0.0112692025315
2016-10-23,0.0122733088606
2016-10-24,0.0130102010125
2016-10-25,0.0112755075442
2016-10-26,0.0097721065383
2016-10-27,0.00846915899986
2016-10-31,0.00733993779988
2016-11-01,0.00636127942656
2016-11-02,0.00551310883635
2016-11-03,0.00477802765817
2016-11-04,0.00414095730375
2016-11-07,0.00932216299658
2016-11-08,0.00807920793037
2016-11-09,0.00700198020632
2016-11-10,0.00606838284548
2016-11-11,0.00525926513275
2016-11-14,0.00455802978171
2016-11-15,0.00395029247749
2016-11-16,0.00773025348049
2016-11-17,0.0101395530164
2016-11-18,0.00940094594757
2016-11-21,0.0124808198212
2016-11-22,0.0120967105117
2016-11-23,0.0104838157768
2016-11-24,0.00908597367325
2016-11-25,0.00787451051682
2016-11-28,0.00695790911458
2016-11-29,0.0073901878993
2016-11-30,0.00640482951273
2016-12-01,0.00555085224436
2016-12-02,0.00481073861178
2016-12-05,0.00438264013021
2016-12-06,0.00715828811285
2016-12-07,0.0132305163645
2016-12-08,0.0114664475159
2016-12-09,0.0125509211804
2016-12-12,0.0126907983564
2016-12-13,0.0135186919089
2016-12-14,0.013782866321
2016-12-15,0.0119451508115
2016-12-16,0.0108591307033
2016-12-19,0.00941124660955
2016-12-20,0.0105430803949
2016-12-21,0.0123506696756
2016-12-22,0.0120105803855
2016-12-23,0.0178091696675
2016-12-26,0.0154346137118
2016-12-27,0.0133766652169
2016-12-28,0.0132597765213
2016-12-29,0.0130118063185
2016-12-30,0.0112768988093
2017-01-02,0.00977331230143
2017-01-03,0.00847020399457
2017-01-04,0.0111675101286
2017-01-05,0.0122118421115
2017-01-06,0.0119702631633
2017-01-09,0.0103742280748
2017-01-10,0.0112176643315
2017-01-11,0.00972197575399
2017-01-12,0.0126523789868
2017-01-13,0.0109653951219
2017-01-16,0.00950334243897
2017-01-17,0.00996956344711
2017-01-18,0.0110402883208
2017-01-19,0.00956824987805
2017-01-20,0.0102791498943
2017-01-23,0.0127619299084
2017-01-24,0.0110603392539
2017-01-25,0.00958562735342
2017-01-26,0.0083075437063
2017-01-27,0.00775987121213
2017-01-30,0.0101652217172
2017-01-31,0.0105031921549
2017-02-01,0.00910276653423
2017-02-02,0.0114357309963
2017-02-03,0.00991096686349
2017-02-06,0.00858950461503
2017-02-07,0.00744423733302
2017-02-08,0.00645167235529
2017-02-09,0.00597811604125
2017-02-10,0.00591436723575
2017-02-13,0.00512578493765
2017-02-14,0.0068956802793
2017-02-15,0.0103895895754
2017-02-16,0.0112443109653
2017-02-17,0.00974506950329
2017-02-20,0.00844572690285
2017-02-21,0.00731962998247
2017-02-22,0.00774367931814
2017-02-23,0.00964452207572
2017-02-24,0.00835858579896
2017-02-27,0.00724410769243
2017-02-28,0.00881156000011
2017-03-01,0.00763668533343
2017-03-02,0.010365127289
2017-03-03,0.00898311031711
2017-03-06,0.0121853622748
2017-03-07,0.0105606473048
2017-03-08,0.00915256099754
2017-03-09,0.0079322195312
2017-03-10,0.00687459026037
2017-03-13,0.00855797822566
2017-03-14,0.00741691446223
2017-03-15,0.00642799253394
2017-03-16,0.0129709268627
2017-03-17,0.0112414699477
2017-03-20,0.011262607288
2017-03-21,0.0131475929829
2017-03-22,0.0113945805852
2017-03-23,0.00987530317386
2017-03-24,0.00855859608401
2017-03-26,0.0104307832728
2017-03-27,0.00904001216977
2017-03-28,0.00870134388047
2017-03-29,0.00992783136307
2017-03-30,0.00860412051466
2017-04-02,0.010696904446
2017-04-03,0.0092706505199
2017-04-04,0.0132078971172
2017-04-05,0.0114468441683
2017-04-06,0.00992059827918
2017-04-09,0.00859785184195
2017-04-10,0.00805147159636
2017-04-11,0.00697794205018
2017-04-12,0.00788754977682
2017-04-13,0.00683587647325
2017-04-16,0.0114844262768
2017-04-17,0.0123665027732
2017-04-18,0.0107176357368
2017-04-19,0.00928861763856
2017-04-20,0.00805013528676
2017-04-23,0.0158034505819
2017-04-24,0.0136963238376
2017-04-25,0.0118701473259
2017-04-26,0.0102874610158
2017-04-27,0.00891579954703
2017-04-30,0.00772702627409
2017-05-01,0.00669675610421
2017-05-02,0.00909718862365
2017-05-03,0.0078842301405
2017-05-04,0.0068329994551
2017-05-07,0.00592193286109
2017-05-08,0.00513234181294
2017-05-09,0.00776802957122
2017-05-10,0.00771895896172
2017-05-11,0.0103964311002
2017-05-14,0.0121569069535
2017-05-15,0.0113359860263
2017-05-16,0.00982452122283
2017-05-17,0.00851458505978
2017-05-18,0.00737930705181
2017-05-21,0.0123420661116
2017-05-22,0.0106964572967
2017-05-23,0.0100169296571
2017-05-24,0.00868133903618
2017-05-25,0.00969716049803
2017-05-28,0.00840420576496
2017-05-29,0.0077636449963
2017-05-30,0.00882182566346
2017-05-31,0.0100722489083
2017-06-01,0.00872928238722
2017-06-04,0.00756537806892
2017-06-05,0.00655666099307
2017-06-06,0.00634910619399
2017-06-07,0.00550255870146
2017-06-08,0.00612888420793
2017-06-11,0.00531169964687
2017-06-12,0.00460347302729
2017-06-13,0.00765634329032
2017-06-14,0.00666216418494
2017-06-15,0.00577387562695
2017-06-18,0.00500402554336
2017-06-19,0.00433682213758
2017-06-20,0.0037585791859
2017-06-21,0.00325743529445
2017-06-22,0.00282311058852
2017-06-25,0.00490002917672
2017-06-26,0.00886002528649
2017-06-27,0.00767868858162
2017-06-28,0.00937486343741
2017-06-29,0.00812488164575
2017-07-02,0.00848156409299
2017-07-03,0.00735068888059
2017-07-04,0.00637059702984
2017-07-05,0.00552118409253
2017-07-06,0.00601169288019
2017-07-09,0.00746346716283
2017-07-10,0.00646833820779
2017-07-11,0.00560589311342
2017-07-12,0.0070984406983
2017-07-13,0.00835198193852
2017-07-16,0.00827838434672
2017-07-17,0.0100945997672
2017-07-18,0.00944198646487
2017-07-19,0.0110630549362
2017-07-20,0.0137879809447
2017-07-23,0.0119495834854
2017-07-24,0.0103563056874
2017-07-25,0.00897546492905
2017-07-26,0.0124454029385
2017-07-27,0.01078601588
2017-07-30,0.0117212137627
2017-07-31,0.011798385261
2017-08-01,0.0102252672262
2017-08-02,0.0125418982627
2017-08-03,0.010869645161
2017-08-06,0.00942035913955
2017-08-07,0.00816431125428
2017-08-08,0.00707573642037
2017-08-09,0.00613230489766
2017-08-10,0.00531466424464
2017-08-13,0.00460604234535
2017-08-14,0.00399190336597
2017-08-15,0.00625964958384
2017-08-16,0.0101050296393
2017-08-17,0.00875769235409
2017-08-20,0.0100700000402
2017-08-21,0.00872733336818
2017-08-22,0.00756368891909
2017-08-23,0.00906186372988
2017-08-24,0.00785361523256
2017-08-27,0.00680646653489
2017-08-28,0.00589893766357
2017-08-29,0.00511241264176
2017-08-30,0.00717742428952
2017-08-31,0.00848710105092
2017-09-03,0.00735548757746
2017-09-04,0.00920142256714
2017-09-05,0.00864123289152
2017-09-06,0.00928906850598
2017-09-07,0.00938385937185
2017-09-10,0.00897267812227
2017-09-11,0.0077763210393
2017-09-12,0.00673947823406
2017-09-13,0.00584088113619
2017-09-14,0.00512876365136
2017-09-17,0.00576492849785
2017-09-18,0.0049962713648
2017-09-19,0.00481010184949
2017-09-20,0.00416875493623
2017-09-21,0.0042795876114
2017-09-24,0.00370897592988
2017-09-25,0.00321444580589
2017-09-26,0.00278585303177
2017-09-27,0.00241440596087
2017-09-28,0.00445248516609
2017-10-01,0.00385882047728
2017-10-02,0.00559764441364
2017-10-03,0.00731795849182
2017-10-04,0.00654223069291
2017-10-05,0.00566993326719
2017-10-08,0.00834060883156
2017-10-09,0.00722852765402
2017-10-10,0.00791805730015
2017-10-11,0.00692898299347
2017-10-12,0.00600511859434
2017-10-15,0.00796443611509
2017-10-16,0.00690251129975
2017-10-17,0.00784884312645
2017-10-18,0.00680233070959
2017-10-19,0.00589535328164
2017-10-22,0.00510930617742
2017-10-23,0.00442806535377
2017-10-24,0.00535765663993
2017-10-25,0.00464330242127
2017-10-26,0.00402419543177
2017-10-30,0.0072609693742
2017-10-31,0.00629284012431
2017-11-01,0.00652046144107
2017-11-02,0.00787773324892
2017-11-03,0.00682736881573
2017-11-06,0.00591705297364
2017-11-07,0.00876811257715
2017-11-08,0.00830569756686
2017-11-09,0.00769160455795
2017-11-10,0.00666605728356
2017-11-13,0.00577724964575
2017-11-14,0.00500694969298
2017-11-15,0.00433935640058
2017-11-16,0.00376077554717
2017-11-17,0.00325933880755
2017-11-20,0.00282476029988
2017-11-21,0.00380812559323
2017-11-22,0.00499370884746
2017-11-23,0.00566121433447
2017-11-24,0.00519971908987
2017-11-27,0.00531975654456
2017-11-28,0.00607712233862
2017-11-29,0.00536017269347
2017-11-30,0.004645483001
2017-12-01,0.00402608526754
2017-12-04,0.00406260723187
2017-12-05,0.00673425960095
2017-12-06,0.00583635832082
2017-12-07,0.00505817721138
2017-12-08,0.0043837535832
2017-12-11,0.00379925310544
2017-12-12,0.00329268602471
2017-12-13,0.00401366122142
2017-12-14,0.00347850639189
2017-12-15,0.00301470553964
2017-12-18,0.00655941146769
2017-12-19,0.005684823272
2017-12-20,0.00812684683573
2017-12-21,0.00704326725763
2017-12-22,0.00610416495662
2017-12-25,0.00529027629573
2017-12-26,0.00794490612297
2017-12-27,0.00915225197324
2017-12-28,0.00975861837681
2017-12-29,0.0084574692599
2018-01-01,0.00732980669191
2018-01-02,0.0131258324663
2018-01-03,0.0137090548041
2018-01-04,0.0144945141636
2018-01-05,0.0125619122751
2018-01-08,0.0111669906384
2018-01-09,0.00967805855331
2018-01-10,0.0083876507462
2018-01-11,0.00930929731337
2018-01-12,0.0111480576716
2018-01-15,0.0124749833154
2018-01-16,0.0108116522067
2018-01-17,0.00937009857911
2018-01-18,0.0103340854352
2018-01-19,0.00898287404386
2018-01-22,0.0102251575047
2018-01-23,0.00886180317072
2018-01-24,0.010733562748
2018-01-25,0.0165290877149
2018-01-26,0.0143252093529
2018-01-29,0.0124151814392
2018-01-30,0.010759823914
2018-01-31,0.00956518072544
2018-02-01,0.00828982329538
2018-02-02,0.00718451352266
2018-02-05,0.00622657838631
2018-02-06,0.0053963679348
2018-02-07,0.00467685221016
2018-02-08,0.00405327191547
2018-02-09,0.00351283566008
2018-02-12,0.0040177909054
2018-02-13,0.00348208545135
2018-02-14,0.0084711407245
2018-02-15,0.0152483219612
2018-02-16,0.0132152123664
2018-02-19,0.0114531840509
2018-02-20,0.0099260928441
2018-02-21,0.00860261379822
2018-02-22,0.00745559862512
2018-02-23,0.00883485214177
2018-02-26,0.0083768718562
2018-02-27,0.00725995560871
2018-02-28,0.00629196152755
2018-03-01,0.00545303332387
2018-03-02,0.00472596221402
2018-03-05,0.00409583391882
2018-03-06,0.00796305606298
2018-03-07,0.00826131525458
2018-03-08,0.00715980655397
2018-03-09,0.00620516568011
2018-03-12,0.00537781025609
2018-03-13,0.00615410222195
2018-03-14,0.00572022192569
2018-03-15,0.00495752566893
2018-03-16,0.00429652224641
2018-03-19,0.00449698594688
2018-03-20,0.00389738782063
2018-03-21,0.00337773611122
2018-03-22,0.00492737129639
2018-03-23,0.00427038845687
2018-03-25,0.00370100332929
2018-03-26,0.00320753621871
2018-03-27,0.00277986472289
2018-03-28,0.00336921609317
2018-03-29,0.00438665394741
2018-04-01,0.00380176675442
2018-04-02,0.0032948645205
2018-04-03,0.0028555492511
2018-04-04,0.00539480935095
2018-04-05,0.00467550143749
2018-04-08,0.00405210124583
2018-04-09,0.00351182107972
2018-04-10,0.00304357826909
2018-04-11,0.00615776783321
2018-04-12,0.00533673212212
2018-04-15,0.00462516783917
2018-04-16,0.00400847879394
2018-04-17,0.00580734828809
2018-04-18,0.00735303518301
2018-04-19,0.00637263049194
2018-04-22,0.00552294642635
2018-04-23,0.0047865535695
2018-04-24,0.0041483464269
2018-04-25,0.00359523356998
2018-04-26,0.00324920242732
2018-04-29,0.00281597543701
2018-04-30,0.00244051204541
2018-05-01,0.00211511043935
2018-05-02,0.00183309571411
2018-05-03,0.00177534961889
2018-05-06,0.00153863633637
2018-05-07,0.00133348482486
2018-05-08,0.00115568684821
2018-05-09,0.00174826193511
2018-05-10,0.00194182701043
2018-05-13,0.00168291674237
2018-05-14,0.00145852784339
2018-05-15,0.00126405746427
2018-05-16,0.00109551646904
2018-05-17,0.000949447606498
2018-05-20,0.000822854592298
2018-05-21,0.00885980731333
2018-05-22,0.00767849967155
2018-05-23,0.0118280330487
2018-05-24,0.0102509619755
2018-05-27,0.00888416704545
2018-05-28,0.00769961143939
2018-05-29,0.0117396632475
2018-05-30,0.0101743748145
2018-05-31,0.00881779150588
2018-06-03,0.00764208597176
2018-06-04,0.00662314117553
2018-06-05,0.00574005568546
2018-06-06,0.0049747149274
2018-06-07,0.0177380862704
2018-06-10,0.0243463414344
2018-06-11,0.0216068292431
2018-06-12,0.0187259186774
2018-06-13,0.0175091295204
2018-06-14,0.0151745789177
2018-06-17,0.016364635062
2018-06-18,0.0141826837204
2018-06-19,0.013918325891
2018-06-20,0.0120625491055
2018-06-21,0.0127742092248
2018-06-24,0.0110709813282
2018-06-25,0.0115281838177
2018-06-26,0.00999109264203
2018-06-27,0.00865894695643
2018-06-28,0.00750442069557
2018-07-01,0.0065038312695
2018-07-02,0.0056366537669
2018-07-03,0.00488509993131
2018-07-04,0.0042337532738
2018-07-05,0.0036692528373
2018-07-08,0.0110866857923
2018-07-09,0.01156846102
2018-07-10,0.0115059995507
2018-07-11,0.00997186627725
2018-07-12,0.00864228410695
2018-07-15,0.0128633128927
2018-07-16,0.011148204507
2018-07-17,0.0096617772394
2018-07-18,0.00837354027415
2018-07-19,0.0186837349043
2018-07-22,0.0161925702504
2018-07-23,0.0180602275503
2018-07-24,0.0202521972103
2018-07-25,0.0213785709156
2018-07-26,0.0185280947935
2018-07-29,0.0184710154877
2018-07-30,0.0160082134227
2018-07-31,0.0138737849663
2018-08-01,0.0120239469708
2018-08-02,0.0139540873747
2018-08-05,0.0138802090581
2018-08-06,0.012029514517
2018-08-07,0.0104255792481
2018-08-08,0.00903550201499
2018-08-09,0.00783076841299
2018-08-12,0.00678666595792
2018-08-13,0.00588177716353
2018-08-14,0.0050975402084
2018-08-15,0.00441786818061
2018-08-16,0.00382881908986
2018-08-19,0.00331830987788
2018-08-20,0.00287586856083
2018-08-21,0.00249241941939
2018-08-22,0.00433343016347
2018-08-23,0.00375563947501
2018-08-26,0.00644155421167
2018-08-27,0.00558268031678
2018-08-28,0.00483832294121
2018-08-29,0.00419321321572
2018-08-30,0.00363411812029
2018-09-02,0.0142562357042
2018-09-03,0.012355404277
2018-09-04,0.0125880170401
2018-09-06,0.0109096147681
