Date,rsv_9
2010-01-04,0.4651348306557682
2010-01-05,1.4334729556574906
2010-01-06,1.1427950940689233
2010-01-07,1.251462448433538
2010-01-08,0.8397696141330309
2010-01-11,0.7923466183924811
2010-01-12,1.0911114915579745
2010-01-13,1.498949254926741
2010-01-14,1.4416661276860203
2010-01-15,1.4317770459247092
2010-01-18,1.260175447154858
2010-01-19,1.4962413600671236
2010-01-20,1.626254392570576
2010-01-21,1.5854672144013249
2010-01-22,1.3637257805593357
2010-01-25,0.37264250482275946
2010-01-26,1.3234979164825544
2010-01-27,1.264481909889838
2010-01-28,1.5821101261174422
2010-01-29,1.655445140870575
2010-02-01,0.957854784643714
2010-02-02,0.11795324197102076
2010-02-03,0.48529684484988955
2010-02-04,1.2338960256107445
2010-02-05,1.255634386737545
2010-02-08,0.8974039510343457
2010-02-09,-0.014164568388964757
2010-02-10,0.22892037012392
2010-02-11,0.2577067444214948
2010-02-12,0.496969102065596
2010-02-15,0.2684918833012774
2010-02-16,-0.2096138022929106
2010-02-17,-0.47225659650422125
2010-02-18,-0.6660599522154019
2010-02-19,-0.9004186287712578
2010-02-22,-0.4555556409518306
2010-02-23,-0.0480339895661657
2010-02-24,-0.08183317866213677
2010-02-25,0.7824628195844892
2010-02-26,-0.3046136161375809
2010-03-01,-0.512044264449552
2010-03-02,-2.038806227318633
2010-03-03,-0.09538489144658432
2010-03-04,-0.0778765911234145
2010-03-05,-0.44555089791001606
2010-03-08,-0.1281019417787467
2010-03-09,-0.2519129024879878
2010-03-10,-0.5039964801482388
2010-03-11,-0.02629604292213916
2010-03-12,0.024331768281063676
2010-03-15,0.06841591348619
2010-03-16,0.28001981047077107
2010-03-17,0.09486640060926044
2010-03-18,0.5053480168116649
2010-03-19,1.4681789424830964
2010-03-22,1.2483546193502348
2010-03-23,0.5483111057077923
2010-03-24,1.0314933134936066
2010-03-25,1.2483546193502348
2010-03-26,1.655445140870575
2010-03-28,1.1702400245776103
2010-03-29,0.6783424239219843
2010-03-30,0.025064215138060345
2010-03-31,-0.5542005372986647
2010-04-01,-0.38130941573564486
2010-04-04,-0.5393334761619875
2010-04-05,-0.6575923884071083
2010-04-06,0.22259891037560336
2010-04-07,0.23406950234754897
2010-04-08,0.4666636415347381
2010-04-11,0.22048799785493547
2010-04-12,-1.629815702801894
2010-04-13,-0.08450942844721145
2010-04-14,0.16015292041303517
2010-04-15,0.4080355879755136
2010-04-18,0.5719579971700562
2010-04-19,0.26010560894629087
2010-04-20,0.32301913473236643
2010-04-21,1.4758634771391634
2010-04-22,1.4399471443928713
2010-04-25,0.4753370649212469
2010-04-26,1.5528270473097634
2010-04-27,1.110224594117137
2010-04-28,-0.27066108971634106
2010-04-29,0.005785008750446948
2010-05-02,0.10040391907155888
2010-05-03,0.8690051662014799
2010-05-04,1.342372991024037
2010-05-05,1.4826277925409452
2010-05-06,1.31306060121744
2010-05-09,-0.1381829589032284
2010-05-10,-0.1265107586877774
2010-05-11,-0.1654180927392702
2010-05-12,-0.23350592732938305
2010-05-13,0.3987382510073689
2010-05-16,0.12098396059406594
2010-05-17,0.35890499722724856
2010-05-18,0.7065096932725258
2010-05-19,1.468584751898215
2010-05-20,0.569023048366481
2010-05-23,0.8799263140059852
2010-05-24,0.8480129745906893
2010-05-25,0.7383616927502095
2010-05-26,-0.4958721868789324
2010-05-27,-0.5476128224009482
2010-05-30,-0.32796109880421986
2010-05-31,0.08297719186836039
2010-06-01,0.02007847390826946
2010-06-02,-0.22312990220407447
2010-06-03,0.1857117645365033
2010-06-06,1.655445140870575
2010-06-07,1.2244491479151698
2010-06-08,0.7626677268915188
2010-06-09,0.0007283822024937569
2010-06-10,-0.28232790181595696
2010-06-13,-0.5765603116717348
2010-06-14,-1.084779928695354
2010-06-15,-0.6876318368392855
2010-06-16,-0.7240797009369903
2010-06-17,-0.9887279274566305
2010-06-20,-0.8395212474690267
2010-06-21,-0.6949132099143692
2010-06-22,1.1652693929878657
2010-06-23,0.3794013500464449
2010-06-24,0.4421576020541915
2010-06-27,0.6635518737553368
2010-06-28,1.655445140870575
2010-06-29,0.8981863666437953
2010-06-30,1.2328863773517642
2010-07-01,0.2120513446924604
2010-07-04,0.1609525419213083
2010-07-05,-0.10772028485609704
2010-07-06,-0.1916805432240336
2010-07-07,0.042183009054044
2010-07-08,-0.38570635037682366
2010-07-11,-0.15112488948143304
2010-07-12,-0.2985999939999646
2010-07-13,0.5577015873845307
2010-07-14,1.10592524985243
2010-07-15,1.583624944162156
2010-07-18,1.655445140870575
2010-07-19,0.7680429603637519
2010-07-20,0.678129964100947
2010-07-21,0.2402927649081482
2010-07-22,0.2520205470293824
2010-07-25,0.4513928430903913
2010-07-26,0.1669036753586684
2010-07-27,0.23361701835080045
2010-07-28,0.3378566167760014
2010-07-29,0.07517282874449016
2010-08-01,-0.13541048927148436
2010-08-02,0.4381822379423286
2010-08-03,0.751815309802715
2010-08-04,0.6933451442630238
2010-08-05,0.7941753937414185
2010-08-08,-1.6975484029844408
2010-08-09,0.703425180440855
2010-08-10,1.1030810817037429
2010-08-11,1.2621408126983416
2010-08-12,1.163814730655283
2010-08-15,-0.9150795753979597
2010-08-16,0.6487733485249799
2010-08-17,0.2929265754167646
2010-08-18,0.3397485192467874
2010-08-19,0.8922474564411197
2010-08-22,-1.5359499090071627
2010-08-23,0.8207813959187394
2010-08-24,0.8010260410086274
2010-08-25,0.9985795901096549
2010-08-26,0.5738394595424496
2010-08-29,-2.0623364908102815
2010-08-30,0.5636409148579631
2010-08-31,0.3330443326397877
2010-09-01,-0.03867733529782713
2010-09-02,0.26199944936061254
2010-09-05,-2.1001216027242644
2010-09-06,0.005263272700766306
2010-09-07,0.2167187382200094
2010-09-08,-0.23106930640898246
2010-09-09,-0.020089632679717993
2010-09-12,-2.2028033674952576
2010-09-13,0.4474556922950289
2010-09-14,0.11660551064309302
2010-09-15,1.1373173192451604
2010-09-16,1.0630724725020486
2010-09-19,-1.7372346870582867
2010-09-20,1.3926741230495803
2010-09-21,1.289626665080565
2010-09-22,-1.2968645299417234
2010-09-23,0.9392653079859165
2010-09-26,-1.8117851935192868
2010-09-27,0.491008865820703
2010-09-28,0.5210690413994365
2010-09-29,0.37543942636851796
2010-09-30,0.2602757411820954
2010-10-03,-2.215750510140779
2010-10-04,0.5463065875707769
2010-10-05,-0.13320542845753203
2010-10-06,0.620450381275641
2010-10-07,0.38625448676876023
2010-10-10,-1.5756010197964516
2010-10-11,-0.04541493475499692
2010-10-12,0.5337582567999217
2010-10-13,-0.10390793943917112
2010-10-14,0.2120734341863049
2010-10-17,-1.8843273767969788
2010-10-18,0.6768615337651309
2010-10-19,1.3842713702268945
2010-10-20,0.7947631731754294
2010-10-21,1.4668843939525793
2010-10-24,-0.5810169482449361
2010-10-25,1.4065542883457929
2010-10-26,1.2063813468266784
2010-10-27,1.6911383908047743
2010-10-28,1.481370469071085
2010-11-01,-1.2339584346848165
2010-11-02,1.1041244029164092
2010-11-03,0.7856075611030384
2010-11-04,0.28370007457753227
2010-11-05,0.02318917921146766
2010-11-08,0.1852838821014014
2010-11-09,0.8261234051546289
2010-11-10,0.9544038364594011
2010-11-11,1.319604107398824
2010-11-12,1.6884951034090512
2010-11-15,-0.19351119305960304
2010-11-16,1.322659985774367
2010-11-17,1.5775073482927449
2010-11-18,1.241984796660136
2010-11-19,0.5036093968206561
2010-11-22,-1.1005168707056556
2010-11-23,0.8471849527747978
2010-11-24,1.4174134805491099
2010-11-25,0.8699406618097263
2010-11-26,0.5604995033918174
2010-11-29,1.2317487854983633
2010-11-30,0.7694255037845523
2010-12-01,0.6442814872469689
2010-12-02,0.31546479573393704
2010-12-03,0.2727039297783395
2010-12-06,-1.9870867081639814
2010-12-07,-0.14121262835805407
2010-12-08,-0.2858873176405086
2010-12-09,0.29752050977368977
2010-12-10,0.9098507977979045
2010-12-13,1.1741094577188864
2010-12-14,0.6927737745671985
2010-12-15,0.6927737745671985
2010-12-16,0.9294304854501123
2010-12-17,1.1460315428683654
2010-12-20,-0.5524133238825074
2010-12-21,1.1577739720989637
2010-12-22,0.8009924434662632
2010-12-23,0.9631110630840225
2010-12-24,0.6007174442426131
2010-12-27,0.5544747472435707
2010-12-28,0.3561546334234561
2010-12-29,0.6082557766594581
2010-12-30,0.18297230779515697
2010-12-31,-0.24292769730626682
2011-01-03,-1.7955463716008162
2011-01-04,-0.2664408127678379
2011-01-05,0.7378665073030625
2011-01-06,1.0370769312924728
2011-01-07,1.4795284090520429
2011-01-10,-0.5827910130218426
2011-01-11,1.4889327626398257
2011-01-12,-0.34657577878752216
2011-01-13,-1.0010081490432596
2011-01-14,0.7144565848223804
2011-01-17,-0.40096079314608496
2011-01-18,1.0702172013554476
2011-01-19,0.5163407586000671
2011-01-20,0.45494225553154044
2011-01-21,-1.29337865154158
2011-01-24,-2.168133139751434
2011-01-25,0.7193452466687892
2011-01-26,0.5633285976351502
2011-01-27,-1.9728374528866777
2011-01-28,1.2032076919825454
2011-01-31,-1.0731356569105068
2011-02-01,0.765466402170447
2011-02-02,0.7292659734916915
2011-02-03,0.5984497069127567
2011-02-04,0.8967107947127368
2011-02-07,-1.4161207984028872
2011-02-08,-1.2225127238660685
2011-02-09,0.6926374188495931
2011-02-10,0.5860565869210607
2011-02-11,0.892442257990484
2011-02-14,-1.7753232174032108
2011-02-15,1.0241837629482073
2011-02-16,1.1394575797862059
2011-02-17,1.1614144972791554
2011-02-18,0.8634157510597171
2011-02-21,-1.8201433737497996
2011-02-22,1.2296280049733723
2011-02-23,1.4071914489282613
2011-02-24,1.4984998213069851
2011-02-25,0.9974820703924366
2011-02-28,0.8345003923840799
2011-03-01,0.7620640910470448
2011-03-02,0.6775550728204901
2011-03-03,0.47328470305002274
2011-03-04,0.19536623555558216
2011-03-07,-0.4088043459540699
2011-03-08,0.07657422417558989
2011-03-09,-0.4191044262507029
2011-03-10,0.5421091121012364
2011-03-11,1.0035184288371892
2011-03-14,0.3069731585657613
2011-03-15,0.5634979132566451
2011-03-16,0.3900109705516237
2011-03-17,1.6962655979776338
2011-03-18,1.9327615974638572
2011-03-21,0.36790444954456936
2011-03-22,-0.07913166641540978
2011-03-23,-1.2400491747371967
2011-03-24,-0.822225455465168
2011-03-25,-0.9911827049963191
2011-03-27,-2.038806227318633
2011-03-28,-0.6465697042324099
2011-03-29,0.2298342232762151
2011-03-30,-1.2532917258720835
2011-03-31,-0.3259193284053198
2011-04-03,-1.1054628408018352
2011-04-04,-1.4855068544733496
2011-04-05,-1.384906968501479
2011-04-06,-0.7307448853318563
2011-04-07,-0.9921662804024906
2011-04-10,-1.7542910798287314
2011-04-11,-1.285110430408322
2011-04-12,-0.46961795023513125
2011-04-13,-0.10928088445400291
2011-04-14,-2.038806227318633
2011-04-17,-1.6755639379778573
2011-04-18,-0.09893783105191639
2011-04-19,-0.1428147843855418
2011-04-20,-1.0356674745988512
2011-04-21,-1.0356674745988512
2011-04-24,-1.7783759742086958
2011-04-25,-0.45693357879897506
2011-04-26,-1.1411376705623786
2011-04-27,-0.9685091019554058
2011-04-28,1.1164960022753276
2011-05-01,-1.1372913045775137
2011-05-02,0.05616163717347953
2011-05-03,0.35707718428368485
2011-05-04,0.759369288169919
2011-05-05,1.8588488620357566
2011-05-08,0.291967964589042
2011-05-09,1.0551292935398293
2011-05-10,0.516434523272274
2011-05-11,1.1996608811589153
2011-05-12,0.32626348305926123
2011-05-15,1.5181587724581396
2011-05-16,0.9940702156193187
2011-05-17,-0.21530107626870373
2011-05-18,-0.8483313618663585
2011-05-19,-0.41371355384410374
2011-05-22,-0.8483313618663585
2011-05-23,1.6031186342390051
2011-05-24,0.682172117523288
2011-05-25,0.5385784481622133
2011-05-26,0.3893402118667657
2011-05-29,-1.6647048229450323
2011-05-30,-1.0251769262948203
2011-05-31,-1.5825884378735808
2011-06-01,-0.8426254379200151
2011-06-02,-0.5529864462667107
2011-06-05,-0.8648926376548637
2011-06-06,-0.3525799930580501
2011-06-07,-0.22187878329097302
2011-06-08,0.7594513388843794
2011-06-09,1.0453237715326058
2011-06-12,1.5749895756831451
2011-06-13,1.1861210106105964
2011-06-14,0.5223625978143505
2011-06-15,0.7661988503048294
2011-06-16,1.309295578100018
2011-06-19,-0.498722543482497
2011-06-20,-0.08933320980453942
2011-06-21,-0.8908750112146553
2011-06-22,-0.94305370285574
2011-06-23,-0.5778028613681016
2011-06-26,-0.629981553009186
2011-06-27,-0.07880064030714923
2011-06-28,-0.7923351055335158
2011-06-29,-0.9341884914838313
2011-06-30,-1.160550241673654
2011-07-03,-2.038806227318633
2011-07-04,-1.7793209186472996
2011-07-05,-0.9462365065972357
2011-07-06,-0.5706656650992668
2011-07-07,-1.4678764704166687
2011-07-10,-0.33924705793129517
2011-07-11,1.4552147144104561
2011-07-12,0.9246040842911332
2011-07-13,0.22379759168072774
2011-07-14,1.104811468105242
2011-07-17,0.22318190988813644
2011-07-18,0.9146193317417192
2011-07-19,-0.07314841376341487
2011-07-20,-0.4188671246901954
2011-07-21,-1.559724637784014
2011-07-24,-0.6216149696943216
2011-07-25,-0.8202835247221861
2011-07-26,-1.4907933716535569
2011-07-27,0.4046863879408934
2011-07-28,0.9419631169713653
2011-07-31,-0.309409432979505
2011-08-01,0.5455842148051516
2011-08-02,0.9816010071879828
2011-08-03,0.4863782522031019
2011-08-04,0.6843847812322713
2011-08-07,1.1073679050764564
2011-08-08,-0.2526472250362511
2011-08-09,0.7788431213002566
2011-08-10,0.5712268535072796
2011-08-11,0.5897957077390693
2011-08-14,0.18721703300050102
2011-08-15,-0.5807271616688654
2011-08-16,-1.4100897386009872
2011-08-17,-1.7487985716032985
2011-08-18,-0.4823903966529644
2011-08-21,-0.7259261257006266
2011-08-22,-0.31671674337812417
2011-08-23,-0.2925593470634751
2011-08-24,0.9767338429939505
2011-08-25,1.1227856412712012
2011-08-28,0.28252042702031605
2011-08-29,-0.6701528589834725
2011-08-30,-1.3061474364207633
2011-08-31,-1.7189129524195572
2011-09-01,-0.8010741449851506
2011-09-04,0.46039201371138155
2011-09-05,1.0537467144349661
2011-09-06,1.5271417999394474
2011-09-07,1.239565346128314
2011-09-08,0.6284432605139743
2011-09-11,0.925908105976072
2011-09-12,1.3000133804463123
2011-09-13,1.065112854269118
2011-09-14,1.2902050467962538
2011-09-15,0.7086966207802472
2011-09-18,-0.4273748052721638
2011-09-19,1.351096233779301
2011-09-20,0.6769142154628188
2011-09-21,0.15423814960352356
2011-09-22,0.6292642052624635
2011-09-25,0.3191951455823118
2011-09-26,0.174496251064912
2011-09-27,-0.5089091929893612
2011-09-28,-0.39231660891016423
2011-09-29,-0.7665460822761345
2011-10-02,-0.3950811915005176
2011-10-03,0.3313892988162168
2011-10-04,-0.3269795583010204
2011-10-05,-0.5996663653399825
2011-10-06,-0.6519029452705596
2011-10-09,-1.40410121306229
2011-10-10,-1.7482722419196046
2011-10-11,-1.9292972635913082
2011-10-12,-1.142620626203162
2011-10-13,-1.624831529063072
2011-10-16,-1.840365940432829
2011-10-17,-0.5916421693397557
2011-10-18,0.05726651236942007
2011-10-19,-0.17941543243986416
2011-10-20,1.0814379561718508
2011-10-23,0.12966535932098494
2011-10-24,-0.7681407500795796
2011-10-25,-0.16960334381253667
2011-10-26,-0.12602441701213282
2011-10-27,-1.2012302705653892
2011-10-31,-1.4304714211796905
2011-11-01,-1.283918036064404
2011-11-02,0.2633650061801521
2011-11-03,0.12569500387126406
2011-11-04,0.3221012880592665
2011-11-07,0.9443284193712151
2011-11-08,1.322486863050948
2011-11-09,0.9102528047980762
2011-11-10,0.8903445542178692
2011-11-11,0.8204710168586832
2011-11-14,-0.49953482390646475
2011-11-15,0.5408003315031443
2011-11-16,0.8780461573038038
2011-11-17,0.7529830315941227
2011-11-18,0.3764161082989116
2011-11-21,0.19544160613711756
2011-11-22,1.2082462910371496
2011-11-23,0.24474515917436707
2011-11-24,1.0039589198588292
2011-11-25,0.8587797195112241
2011-11-28,0.9111730173261186
2011-11-29,0.28026684637452537
2011-11-30,-0.06803927025218176
2011-12-01,-1.268576212329374
2011-12-02,-1.1523873577872101
2011-12-05,-1.2480803039298078
2011-12-06,-1.6409250301994127
2011-12-07,-1.3538461917716251
2011-12-08,-1.0098407624359262
2011-12-09,0.1844310214106142
2011-12-12,-0.509048244199498
2011-12-13,-0.05161414063866211
2011-12-14,1.031018582176643
2011-12-15,1.5476091781456585
2011-12-16,0.924402122765891
2011-12-19,0.6762459830372909
2011-12-20,1.1769728251111322
2011-12-21,0.06433573143284547
2011-12-22,0.6261797307739287
2011-12-23,-0.4303747171129917
2011-12-26,0.08373581126324844
2011-12-27,0.04701363066493366
2011-12-28,0.21271975447716884
2011-12-29,1.1410557098568863
2011-12-30,0.37281175444683146
2012-01-02,0.17908067003908612
2012-01-03,0.7001504832737311
2012-01-04,-0.9300126890402427
2012-01-05,-1.7641984818571592
2012-01-06,-0.48960404065864366
2012-01-09,-0.25126524271095646
2012-01-10,-0.06483929453083831
2012-01-11,-1.671734116848876
2012-01-12,-1.064904587428927
2012-01-13,-1.5019131025866144
2012-01-16,-1.0022598277144812
2012-01-17,-1.4305814164233877
2012-01-18,-1.4224173250019758
2012-01-19,-1.592495655933337
2012-01-20,-2.084041958357679
2012-01-23,-1.2086373805345407
2012-01-24,-1.6636584980188673
2012-01-25,-1.0430670228146883
2012-01-26,-0.033918918959724015
2012-01-27,6.046477016227139
2012-01-30,-1.480067141382546
2012-01-31,-0.43510020701944707
2012-02-01,-0.5782882445461663
2012-02-02,-1.1892842882202754
2012-02-03,-1.7867617869938293
2012-02-06,-1.7228010186344243
2012-02-07,-1.0484324562721672
2012-02-08,-0.8423229236734439
2012-02-09,-1.1053551321444872
2012-02-10,-1.3016125686440971
2012-02-13,-1.0282710996973567
2012-02-14,-1.1152433852713188
2012-02-15,-1.0185914599407986
2012-02-16,0.6583807577606867
2012-02-17,-0.7910789440229419
2012-02-20,-1.5495014103399294
2012-02-21,-0.5831243968069888
2012-02-22,-0.9134051482676311
2012-02-23,-0.9442132293366361
2012-02-24,-0.28574712898809523
2012-02-27,-0.8159406123856365
2012-02-28,-0.8758011669627697
2012-02-29,-0.9968378927011715
2012-03-01,0.793453154959748
2012-03-02,0.3997636413382785
2012-03-05,0.8330023180255323
2012-03-06,0.5650040473636878
2012-03-07,1.1427198620115813
2012-03-08,1.182971978015062
2012-03-09,0.9470134050423142
2012-03-12,0.8533294003768931
2012-03-13,0.9139817805001523
2012-03-14,0.6681319433545209
2012-03-15,1.0403030087249927
2012-03-16,0.9043599960961419
2012-03-19,0.8397870650974341
2012-03-20,1.194826897229854
2012-03-21,0.8238605900503587
2012-03-22,0.939212732752254
2012-03-23,0.7300314714845054
2012-03-25,0.07854024823669935
2012-03-26,0.6559983779336113
2012-03-27,0.9595340614922425
2012-03-28,0.7340351259609025
2012-03-29,0.5101411036464117
2012-04-01,0.9320952226237431
2012-04-02,1.54349812971332
2012-04-03,0.7300606758606473
2012-04-04,0.6061903144026243
2012-04-05,-0.1820097281240691
2012-04-08,-0.2787178791237757
2012-04-09,-0.26288493467439833
2012-04-10,0.8680083413018945
2012-04-11,1.0439250731204277
2012-04-12,0.3402581458462959
2012-04-15,0.7799289206638829
2012-04-16,1.2999605752523604
2012-04-17,1.053343398541393
2012-04-18,1.2227482955356996
2012-04-19,1.2962251183284144
2012-04-22,0.8264022937553642
2012-04-23,1.1908167320477647
2012-04-24,1.1680408296544922
2012-04-25,1.0799845661317886
2012-04-26,1.2756050333619
2012-04-29,1.1123830441928524
2012-04-30,1.5143919068124418
2012-05-01,1.24975364286644
2012-05-02,1.1733847364895411
2012-05-03,0.47741813115429016
2012-05-06,1.354627529460881
2012-05-07,0.6540203212187694
2012-05-08,0.4507222630256491
2012-05-09,1.5097563545194521
2012-05-10,0.7189351561777494
2012-05-13,0.8009423318776622
2012-05-14,1.4498344351593142
2012-05-15,1.4898407691931248
2012-05-16,1.4525816264324385
2012-05-17,1.2177666440594261
2012-05-20,0.9727789027587462
2012-05-21,0.8724404684097626
2012-05-22,1.3393594623089276
2012-05-23,-0.12256229181920365
2012-05-24,-0.5351604190373088
2012-05-27,-1.4857424323717041
2012-05-28,-1.5057785299084763
2012-05-29,-1.239264681203398
2012-05-30,-0.6349907074067372
2012-05-31,-0.36056060576982013
2012-06-03,-0.004329223837287937
2012-06-04,1.4634362340000384
2012-06-05,0.2576202988530385
2012-06-06,0.6454782907315307
2012-06-07,0.5686747279833059
2012-06-10,-0.25831566891287755
2012-06-11,1.649663839824883
2012-06-12,1.605145197884658
2012-06-13,1.4875246241347093
2012-06-14,0.8209310576983588
2012-06-17,0.3324350090121911
2012-06-18,0.9379665693627534
2012-06-19,-0.7005305939387961
2012-06-20,-0.9753096213247626
2012-06-21,0.9986893420813806
2012-06-24,1.149972610143071
2012-06-25,0.8434626712976765
2012-06-26,1.4024142252411822
2012-06-27,0.9218349400954168
2012-06-28,1.0222696699634433
2012-07-01,-1.1110567903391095
2012-07-02,-1.7514400880472194
2012-07-03,-0.991516297529472
2012-07-04,-0.41997697608965395
2012-07-05,-0.6626417159188519
2012-07-08,-0.37846853375044676
2012-07-09,-0.2571361638358478
2012-07-10,0.013956495825575666
2012-07-11,0.9325484493895584
2012-07-12,1.0073308657496665
2012-07-15,0.866999065732089
2012-07-16,0.507430771473128
2012-07-17,-0.48604320204389445
2012-07-18,-0.8126628395898917
2012-07-19,-0.8267307347888334
2012-07-22,-0.07240715699104994
2012-07-23,0.7979662020064096
2012-07-24,1.5408424524413458
2012-07-25,0.6779516219154074
2012-07-26,-0.17145653938359415
2012-07-29,-0.11752586247569886
2012-07-30,0.9757532366722109
2012-07-31,1.6497087257025924
2012-08-01,0.6662740094975119
2012-08-02,1.0902044943716813
2012-08-05,-0.3498133431374004
2012-08-06,-0.24887751340545106
2012-08-07,-0.3430842878219531
2012-08-08,-0.7468276067497209
2012-08-09,-1.387330363633801
2012-08-12,-0.925717460030354
2012-08-13,-0.3946613876300378
2012-08-14,0.06428818453438692
2012-08-15,0.7099507273762362
2012-08-16,-0.11857530506726911
2012-08-19,-0.17705949559268544
2012-08-20,0.064246509391486
2012-08-21,-0.31408043795320095
2012-08-22,0.17551914096343796
2012-08-23,0.9319419055575826
2012-08-26,0.9648284162536015
2012-08-27,0.5032419851000638
2012-08-28,1.04770323371932
2012-08-29,1.2743947375084013
2012-08-30,1.1690134660556235
2012-09-02,-0.0010519139046714018
2012-09-03,-0.21867402921289092
2012-09-04,0.4060323608149429
2012-09-05,0.36747023797370626
2012-09-06,-0.6349907074067361
2012-09-09,-0.027085185235398893
2012-09-10,-0.3928526474323631
2012-09-11,-0.7527080600627206
2012-09-12,0.37548667927804297
2012-09-13,-0.05372094856135162
2012-09-16,-0.7358544999489919
2012-09-17,0.973673429144674
2012-09-18,0.5823078539672581
2012-09-19,0.7342564963606695
2012-09-20,0.38190059025796974
2012-09-23,0.4499525891456802
2012-09-24,0.9068731531058948
2012-09-25,1.1225335743102713
2012-09-26,1.574153545971535
2012-09-27,0.8010743032763408
2012-09-30,0.27160505180948763
2012-10-01,0.3197386201246512
2012-10-02,0.5724398537792867
2012-10-03,-0.19769723926343774
2012-10-04,-0.4032707918664581
2012-10-07,-2.5420478997654263
2012-10-08,1.0188972128133809
2012-10-09,0.926856676588827
2012-10-10,1.5690860179778712
2012-10-11,1.4496893684650833
2012-10-14,1.6280125812058273
2012-10-15,1.0427846416906879
2012-10-16,0.8507567240372891
2012-10-17,0.15579854586310432
2012-10-18,-0.12042643671594752
2012-10-21,-0.12042643671594752
2012-10-22,-0.24615341862626602
2012-10-23,-0.008453598689183084
2012-10-24,-0.13720766782179147
2012-10-25,0.230010529350618
2012-10-29,-0.033637703943224115
2012-10-30,0.5293899109947091
2012-10-31,0.3417140393487313
2012-11-01,0.2330595873431562
2012-11-02,0.3911024266240046
2012-11-05,0.2928114394893017
2012-11-06,0.8378649200417934
2012-11-07,0.2621846248678067
2012-11-08,0.6449587372188061
2012-11-09,-0.039482921313628606
2012-11-12,0.4655364604800494
2012-11-13,0.6531288781835975
2012-11-14,0.9627730093351022
2012-11-15,1.2618994624724007
2012-11-16,1.0152648560810353
2012-11-19,1.0157089283304854
2012-11-20,0.687903115868626
2012-11-21,0.7896889978160534
2012-11-22,1.4550615478811846
2012-11-23,1.1284188825829433
2012-11-26,-0.047255078212527266
2012-11-27,-0.15809643987684596
2012-11-28,-0.1390725332339855
2012-11-29,0.26451802814992537
2012-11-30,0.49457795746390304
2012-12-03,1.3746469371127372
2012-12-04,0.7253010909227042
2012-12-05,0.690201315452977
2012-12-06,-0.6786899278665441
2012-12-07,-1.2627411364582404
2012-12-10,-1.3762009450635577
2012-12-11,-1.0539543179501158
2012-12-12,-1.0793153113244098
2012-12-13,-1.2991105872349946
2012-12-14,-0.3863917976727619
2012-12-17,-0.26070616669542507
2012-12-18,0.8971148223533948
2012-12-19,0.40315654148441044
2012-12-20,-0.526712970676176
2012-12-21,-0.5207831931991344
2012-12-24,-1.2916542652129537
2012-12-25,-0.18871565448550795
2012-12-26,0.09456992828772424
2012-12-27,-0.9167827025264671
2012-12-28,-1.1825520272843313
2012-12-31,-0.8127664719370571
2013-01-01,-0.4611109061671527
2013-01-02,-0.7444294321485866
2013-01-03,-0.7444294321485866
2013-01-04,-0.49073898731552856
2013-01-07,-1.0599402210768818
2013-01-08,-0.42391104509277255
2013-01-09,0.6325349014715658
2013-01-10,1.1918239532293
2013-01-11,-0.27998934086999305
2013-01-14,0.01885206162976797
2013-01-15,0.3090957533527307
2013-01-16,-2.038806227318633
2013-01-17,1.074799709423985
2013-01-18,0.7634391157497387
2013-01-21,-0.1916805432240289
2013-01-22,0.6736851882285126
2013-01-23,0.7607436376372481
2013-01-24,0.07769195237311258
2013-01-25,-0.7485751524584953
2013-01-28,-0.05442067285605374
2013-01-29,-1.0656154999188545
2013-01-30,-1.438429858176483
2013-01-31,-1.039185268867439
2013-02-01,-0.9392231730223204
2013-02-04,-1.1217626523916688
2013-02-05,-0.5651157222336655
2013-02-06,-1.0992278446577897
2013-02-07,-0.7740625248127163
2013-02-08,-0.4281637622949593
2013-02-11,0.000728382202492182
2013-02-12,0.07592423786388147
2013-02-13,-0.0480877338597707
2013-02-14,-0.35485419022884923
2013-02-15,-0.8704829147640932
2013-02-18,-0.1350636640180546
2013-02-19,-0.5243047085590671
2013-02-20,-0.26009260559790637
2013-02-21,0.1597238552134831
2013-02-22,1.213937050526019
2013-02-25,0.9706570823769801
2013-02-26,1.4601887260614073
2013-02-27,1.1772024684408202
2013-02-28,0.6435113702221147
2013-03-01,0.8722361266015646
2013-03-04,1.1078919362046322
2013-03-05,0.026698847998983654
2013-03-06,-0.7558273038834705
2013-03-07,-0.009697717204866904
2013-03-08,-0.8046093819642312
2013-03-11,-1.230114385525978
2013-03-12,-0.1588135381689684
2013-03-13,0.38677874574509413
2013-03-14,0.8255770799005365
2013-03-15,1.3573951366429933
2013-03-18,0.32193348628186574
2013-03-19,0.5104156989445812
2013-03-20,0.5009915883114465
2013-03-21,0.5858085840096693
2013-03-22,1.24554207643904
2013-03-25,1.0695455081861396
2013-03-26,0.9763548158357787
2013-03-27,1.1268464724319187
2013-03-28,0.8424707297480417
2013-03-29,1.3804685018144247
2013-03-31,1.3208714320534447
2013-04-01,0.9459531562514448
2013-04-02,1.1276949454149867
2013-04-03,1.3712719587021607
2013-04-04,0.6161416869042939
2013-04-07,-1.1272377078953166
2013-04-08,-0.6612887679938445
2013-04-09,-1.0266825648010447
2013-04-10,-1.078191087001972
2013-04-11,-0.9903634170301608
2013-04-14,-1.2428073137309028
2013-04-15,0.37980585627485136
2013-04-16,-0.08234911643961906
2013-04-17,0.5600241602879974
2013-04-18,-0.3059070184093657
2013-04-21,1.003518428837173
2013-04-22,1.457347603735778
2013-04-23,1.4255124830994763
2013-04-24,0.9298798652372986
2013-04-25,0.05573262180149738
2013-04-28,-0.3509739508431866
2013-04-29,0.15329092023573032
2013-04-30,-0.21351418015184903
2013-05-01,-0.19604727060958518
2013-05-02,0.25809237748931313
2013-05-05,0.12709055592231527
2013-05-06,0.7346228413812826
2013-05-07,0.7236606711492439
2013-05-08,0.16458998931649446
2013-05-09,0.16657809071875465
2013-05-12,0.5853219485739284
2013-05-13,-0.13542290817544775
2013-05-14,0.6545395977651531
2013-05-15,0.7910267172794978
2013-05-16,0.5844226853871659
2013-05-19,1.155812783697463
2013-05-20,1.1442479958259235
2013-05-21,0.9413147648637273
2013-05-22,1.2359087078900914
2013-05-23,0.9736984372773075
2013-05-26,1.2354820758933795
2013-05-27,0.8862950137397076
2013-05-28,0.7732358589149455
2013-05-29,1.5679601784376689
2013-05-30,0.6693183643620013
2013-06-02,0.1320118998086307
2013-06-03,1.0640082766150272
2013-06-04,1.0117282486494859
2013-06-05,1.0430596018106921
2013-06-06,0.9677562620799655
2013-06-09,0.4007937328063278
2013-06-10,-0.060274286503191506
2013-06-11,-0.060274286503191506
2013-06-12,1.1942835606805087
2013-06-13,-0.5858993133864966
2013-06-16,-1.5974795538034057
2013-06-17,1.0628076263015809
2013-06-18,1.486738111175742
2013-06-19,0.6561459381998078
2013-06-20,1.3188390936551573
2013-06-23,0.9569875928985868
2013-06-24,0.6855989673311539
2013-06-25,0.3616156468863127
2013-06-26,-0.14329342393681344
2013-06-27,-0.703647139742249
2013-06-30,-1.1253553871915594
2013-07-01,-0.10475698161957855
2013-07-02,0.8099945789964214
2013-07-03,1.4471087092304886
2013-07-04,0.7997776537773996
2013-07-07,0.8555820551095655
2013-07-08,1.3764231342097482
2013-07-09,0.9852312314504612
2013-07-10,1.621026649862605
2013-07-11,0.5655262589513916
2013-07-14,0.8394818532365391
2013-07-15,-1.1947036580003652
2013-07-16,0.49871199032333097
2013-07-17,-0.85081001864847
2013-07-18,-0.9081256252071229
2013-07-21,0.2902916028373383
2013-07-22,-0.47044281148654143
2013-07-23,-1.4825695156310463
2013-07-24,0.28059591009560697
2013-07-25,0.41019187069444374
2013-07-28,1.1710488319294854
2013-07-29,1.3159733935234532
2013-07-30,0.9769091752847953
2013-07-31,0.7620394528493
2013-08-01,1.3738506627145937
2013-08-04,0.7972524455380477
2013-08-05,1.3408495255746529
2013-08-06,0.9499117230731584
2013-08-07,1.3859705715729513
2013-08-08,-0.18871565448550795
2013-08-11,-0.7757636247114021
2013-08-12,0.16707099413623266
2013-08-13,1.5645097225766966
2013-08-14,0.6859795730753884
2013-08-15,0.8760128556902886
2013-08-18,1.1289860773916263
2013-08-19,1.6283313693609323
2013-08-20,1.0435913286092975
2013-08-21,1.5867317037725863
2013-08-22,1.2698702712945449
2013-08-25,-0.8506934151708253
2013-08-26,-0.2511021086945621
2013-08-27,-0.7161730214237371
2013-08-28,-1.5331847979699613
2013-08-29,-1.1357020558230124
2013-09-01,-0.41672591929251845
2013-09-02,-0.589163285370971
2013-09-03,-1.094549446071938
2013-09-04,-0.8101941549823563
2013-09-05,-1.160185616027893
2013-09-08,-1.4484105251644783
2013-09-09,-1.6744204680219061
2013-09-10,-1.5116098096127202
2013-09-11,-1.7151231326242007
2013-09-12,-1.6996173556328433
2013-09-15,-1.455309623573753
2013-09-16,-1.3687975088229316
2013-09-17,-1.7918171196077934
2013-09-18,-1.82313181004971
2013-09-19,-1.2112939208442564
2013-09-22,-1.3219850910396116
2013-09-23,-1.526541366514354
2013-09-24,-1.5457731530974512
2013-09-25,-1.045746701936963
2013-09-26,-0.7712566570691453
2013-09-29,-1.0562367673459232
2013-09-30,-1.1558923887310562
2013-10-01,-1.4190653176929353
2013-10-02,-1.756027417977358
2013-10-03,-0.7114531194459995
2013-10-06,-0.5997664501751562
2013-10-07,-2.038806227318633
2013-10-08,-0.7028618371943979
2013-10-09,-0.6845434060473525
2013-10-10,-1.1106938146208554
2013-10-13,-1.3603961263156243
2013-10-14,-0.8308243785508835
2013-10-15,-0.6080522934964984
2013-10-16,-0.5633412330645365
2013-10-17,-1.214196546919251
2013-10-20,-1.9288582699320371
2013-10-21,-0.3757794486155246
2013-10-22,0.03921016728778768
2013-10-23,0.5196720665082134
2013-10-24,1.3744907487914775
2013-10-28,0.40609475907197434
2013-10-29,-0.006370199512252713
2013-10-30,0.2626286865209262
2013-10-31,-0.41897889473215
2013-11-01,0.7590992784513793
2013-11-04,1.4653871926679183
2013-11-05,0.21669264106440259
2013-11-06,1.1911867313816642
2013-11-07,1.1805085150113392
2013-11-08,0.886856562568178
2013-11-11,0.9636292171614709
2013-11-12,1.2746633542760255
2013-11-13,1.2160140921524183
2013-11-14,1.1605959685520606
2013-11-15,0.4844371600106035
2013-11-18,0.35528385837680077
2013-11-19,-1.5331579297319478
2013-11-20,-1.216184370050751
2013-11-21,-1.2199578648088685
2013-11-22,0.04038938439970106
2013-11-25,-0.9150157997650458
2013-11-26,-0.6214884492846279
2013-11-27,0.45961810839315553
2013-11-28,1.234063201863391
2013-11-29,0.7390417006996192
2013-12-02,0.7511443119944027
2013-12-03,1.4347792507006647
2013-12-04,1.4304146006763192
2013-12-05,1.5583782579351535
2013-12-06,0.5005814804774975
2013-12-09,-0.870290568618312
2013-12-10,-1.0958291513544165
2013-12-11,-1.4375849262211746
2013-12-12,-0.25325139936052504
2013-12-13,-0.49591300883961775
2013-12-16,-0.7494400635192578
2013-12-17,-0.8254981799231529
2013-12-18,-0.7888715538711722
2013-12-19,0.057787580777250526
2013-12-20,0.4611497401357979
2013-12-23,1.544079974885648
2013-12-24,0.2771884320774355
2013-12-25,0.32952729443666223
2013-12-26,0.2989962913937703
2013-12-27,0.20304171040185354
2013-12-30,-0.6169337998928037
2013-12-31,0.39853943604035574
2014-01-01,0.3937603268965044
2014-01-02,-0.18788767734293155
2014-01-03,0.8589433058400505
2014-01-06,0.3582850095351521
2014-01-07,0.4417280589192933
2014-01-08,0.25208476486440967
2014-01-09,1.135822515160181
2014-01-10,0.6058745274363995
2014-01-13,-1.0994108794076702
2014-01-14,-0.925253314907329
2014-01-15,-0.6607150755726711
2014-01-16,-0.4721341811232107
2014-01-17,-0.22552839607394776
2014-01-20,-0.7161730214237215
2014-01-21,-1.0354293125018048
2014-01-22,-0.11583829659232235
2014-01-23,0.6734961421421286
2014-01-24,0.36644376420023655
2014-01-27,0.4428536396214296
2014-01-28,1.2800401007578277
2014-01-29,0.9816689755110459
2014-01-30,1.2408136544954762
2014-01-31,0.38040833804413754
2014-02-03,0.833381939048266
2014-02-04,1.2528933459259972
2014-02-05,-0.807389104588897
2014-02-06,-1.002550584067801
2014-02-07,-1.3839572684097887
2014-02-10,-1.5781538562241446
2014-02-11,-0.009430809060025462
2014-02-12,-0.18403726453121874
2014-02-13,0.6108637195205109
2014-02-14,-0.7139712538990609
2014-02-17,-0.9499142345344735
2014-02-18,-1.0810373540843974
2014-02-19,-0.8358941305780292
2014-02-20,-0.5321521860107125
2014-02-21,-1.0800275819460303
2014-02-24,-1.4888985809088024
2014-02-25,-1.501890352051639
2014-02-26,-1.2741917709105113
2014-02-27,-0.89188454270646
2014-02-28,-1.830353172060313
2014-03-03,-1.2744783580381047
2014-03-04,-0.739676909860795
2014-03-05,-0.5562045173654134
2014-03-06,-0.6358367191704551
2014-03-07,-0.4454840723362835
2014-03-10,0.6543312204834083
2014-03-11,0.9664639798406168
2014-03-12,1.0944849467953361
2014-03-13,0.7356725704048709
2014-03-14,1.0780654568357035
2014-03-17,0.07009753385957583
2014-03-18,0.34410823136764146
2014-03-19,-0.7043189489419137
2014-03-20,0.02444180670902042
2014-03-21,-1.185405523659403
2014-03-24,-1.3858687761968171
2014-03-25,-1.0371434402391433
2014-03-26,-1.1044288320857711
2014-03-27,-0.7362969820395591
2014-03-28,-1.6560684729566788
2014-03-30,-1.6527891274345157
2014-03-31,-1.2058219591476502
2014-04-01,-1.3819574563042343
2014-04-02,-1.101646197336314
2014-04-03,-0.34048229006301073
2014-04-06,-1.4682089862913865
2014-04-07,-1.2437180063435265
2014-04-08,-1.4873716328474658
2014-04-09,-1.6451306765738398
2014-04-10,-0.9333652808272334
2014-04-13,-0.6184248402313851
2014-04-14,-0.668815310726728
2014-04-15,0.15338689226617142
2014-04-16,1.2397237592840689
2014-04-17,0.7673130983903169
2014-04-20,0.7673130983903169
2014-04-21,0.7673130983903169
2014-04-22,1.0293008411774993
2014-04-23,-0.46492398761670006
2014-04-24,-0.9734228739457075
2014-04-27,1.088163095568112
2014-04-28,-0.1916805432240289
2014-04-29,0.35942908711240085
2014-04-30,0.04450929834873853
2014-05-01,0.20802534251448582
2014-05-04,-0.7427901735604588
2014-05-05,0.9105387174488311
2014-05-06,-0.016052199490449583
2014-05-07,-1.0421556783467176
2014-05-08,-1.0742326018766912
2014-05-11,-1.2738349844107555
2014-05-12,-0.8775331179089199
2014-05-13,-0.7450388705266389
2014-05-14,-1.0689854881739649
2014-05-15,-0.05450195183186431
2014-05-18,0.002129218062151589
2014-05-19,-0.3179397672001113
2014-05-20,0.6079612086245203
2014-05-21,-0.11218399479466053
2014-05-22,0.42091050643770506
2014-05-25,1.1878183854035589
2014-05-26,0.3843048851495521
2014-05-27,0.9179002564087809
2014-05-28,0.5784990706387264
2014-05-29,0.31742123543100853
2014-06-01,0.10259193095771614
2014-06-02,1.637998853417499
2014-06-03,1.2309123869571297
2014-06-04,1.1397614360451236
2014-06-05,0.2604449317265541
2014-06-08,-0.41671108341830226
2014-06-09,-1.1949417015901407
2014-06-10,-1.3594547136973036
2014-06-11,-0.8577114389312255
2014-06-12,-1.008678441958192
2014-06-15,-1.3372536838404094
2014-06-16,-0.8336552163660756
2014-06-17,1.6354039942076912
2014-06-18,-0.9766254541864849
2014-06-19,-0.9899862186283973
2014-06-22,-0.5023183164985465
2014-06-23,-1.2116422004345133
2014-06-24,-0.5540353424961821
2014-06-25,-1.2225727829841417
2014-06-26,-1.3292536101323422
2014-06-29,-1.2121802002958997
2014-06-30,0.1313593746221078
2014-07-01,-0.6196394087466908
2014-07-02,0.6681415446731753
2014-07-03,-0.172693935604856
2014-07-06,-0.009951584583298288
2014-07-07,0.6789910347412781
2014-07-08,-0.031650564719503026
2014-07-09,-0.14014546540054929
2014-07-10,0.2029477447602705
2014-07-13,0.1299912545446777
2014-07-14,-0.79753776760706
2014-07-15,0.6703114426867987
2014-07-16,0.01204655428639884
2014-07-17,1.6272016288813513
2014-07-20,-0.24251886480460896
2014-07-21,-0.4741156631161771
2014-07-22,-1.0333372005026187
2014-07-23,-0.6040358182665604
2014-07-24,-0.6379280326536136
2014-07-27,-0.38151564615706496
2014-07-28,-0.55025795987534
2014-07-29,-0.08621659715011719
2014-07-30,0.32609262767602365
2014-07-31,0.7900086315395299
2014-08-03,0.44555628951722726
2014-08-04,0.44541739744382813
2014-08-05,1.0032845118253324
2014-08-06,0.7412322038608785
2014-08-07,1.2871249645805152
2014-08-10,0.6895523352294349
2014-08-11,0.11048777449066526
2014-08-12,0.07374220903590618
2014-08-13,0.2687466800840193
2014-08-14,-0.9917724170831984
2014-08-17,-1.7858558947833738
2014-08-18,-1.1366551976835566
2014-08-19,-1.2671610329187974
2014-08-20,-0.11753762745759433
2014-08-21,0.5630589836103151
2014-08-24,0.9669108356883458
2014-08-25,1.5205246561193178
2014-08-26,-0.040698096002392894
2014-08-27,-1.0044158442256705
2014-08-28,-1.125424392978928
2014-08-31,-1.2371211796764165
2014-09-01,-0.6141902304949367
2014-09-02,-0.7929443289557212
2014-09-03,-1.1071181989776666
2014-09-04,-0.8200282832679436
2014-09-07,-0.299360515839416
2014-09-08,0.5195690018009099
2014-09-09,1.023594407484902
2014-09-10,1.1158353904609224
2014-09-11,0.24155723365506504
2014-09-14,-0.5675919952943599
2014-09-15,1.4254757819569606
2014-09-16,1.2370600461599892
2014-09-17,1.2023298591154647
2014-09-18,1.3333064215644788
2014-09-21,0.908702464967089
2014-09-22,1.2993727198402938
2014-09-23,1.5223434371637545
2014-09-24,0.1485325769901157
2014-09-25,1.2046315013454278
2014-09-28,0.378126865751172
2014-09-29,0.8348033240255918
2014-09-30,0.5257744522196746
2014-10-01,1.3416868054901223
2014-10-02,1.366790374467263
2014-10-05,0.3816566762834645
2014-10-06,-0.4022131480778257
2014-10-07,-1.4504415377448445
2014-10-08,-1.5997353679846626
2014-10-09,-1.0723456576352561
2014-10-12,-1.2969278787888263
2014-10-13,-1.183375070340395
2014-10-14,-1.0420649087156646
2014-10-15,0.44825829181366716
2014-10-16,0.7987318931527716
2014-10-19,-0.11509557107955813
2014-10-20,0.7026761653783553
2014-10-21,1.0194496417342207
2014-10-22,1.0556725657998645
2014-10-23,1.3838519572803776
2014-10-27,-0.115071643883694
2014-10-28,0.7486236192229268
2014-10-29,-0.9645715016744876
2014-10-30,-0.48047088623083983
2014-10-31,-1.7534134177589427
2014-11-03,-1.483875764285915
2014-11-04,0.30096180661114397
2014-11-05,0.337202163380623
2014-11-06,0.5048138134394851
2014-11-07,1.3069308608527266
2014-11-10,0.9734874686194325
2014-11-11,0.9829067734847741
2014-11-12,1.0625882825150592
2014-11-13,1.1522034684237432
2014-11-14,0.5823007984025371
2014-11-17,0.8626149385651297
2014-11-18,1.0621436948718266
2014-11-19,-0.12011651148424156
2014-11-20,-0.51468576756308
2014-11-21,-0.21707640505850348
2014-11-24,-1.6735054540686642
2014-11-25,-0.7749833908328525
2014-11-26,-1.1074823529852216
2014-11-27,-1.8246467277134586
2014-11-28,-0.865262494168878
2014-12-01,-0.6114818350637122
2014-12-02,0.7413171065172786
2014-12-03,0.9406878109383233
2014-12-04,0.14484033039644922
2014-12-05,1.1576382189159975
2014-12-08,1.0855872170541596
2014-12-09,1.2822567598735386
2014-12-10,0.8218254734644692
2014-12-11,0.4309074434074949
2014-12-12,1.0873299996274854
2014-12-15,0.6753894514403076
2014-12-16,0.5633680037396778
2014-12-17,1.2702997854636138
2014-12-18,0.7823697208899167
2014-12-19,-0.30564994340996515
2014-12-22,-0.36314801917944967
2014-12-23,-0.5077286640767195
2014-12-24,-0.2211873432894411
2014-12-25,-0.2211873432894411
2014-12-26,-0.12736766515434172
2014-12-29,-0.033262160061191724
2014-12-30,1.0397365795057136
2014-12-31,-0.9142544089646335
2015-01-01,-1.005234514888966
2015-01-02,-1.190417104972853
2015-01-05,0.525719238598509
2015-01-06,0.9465850997420172
2015-01-07,0.651226749271788
2015-01-08,-0.06672124110200653
2015-01-09,-0.6907424880117004
2015-01-12,-1.8346203789233293
2015-01-13,-0.17844627527248658
2015-01-14,-0.806351684940428
2015-01-15,-1.477468111706752
2015-01-16,-0.6957092700692544
2015-01-19,-1.2027019877379375
2015-01-20,-0.11121862895475736
2015-01-21,-0.9504583138686844
2015-01-22,-0.6092194328921114
2015-01-23,-1.339221200258847
2015-01-26,-0.8845753273250898
2015-01-27,-0.8097640652884718
2015-01-28,-1.1873828165209173
2015-01-29,-1.0520100566451305
2015-01-30,-0.5927706917702822
2015-02-02,0.9753413721702986
2015-02-03,1.6164719171084452
2015-02-04,0.8313890695690316
2015-02-05,1.331977198105683
2015-02-06,1.0570242928917601
2015-02-09,1.4708838522059218
2015-02-10,0.694350500836546
2015-02-11,1.1253528587487545
2015-02-12,1.5111902624897549
2015-02-13,0.5101271015186913
2015-02-16,0.7870353458510735
2015-02-17,0.5917479129929188
2015-02-18,0.3082933261549558
2015-02-19,0.4199301242216058
2015-02-20,1.1455918369012545
2015-02-23,0.2924779510650852
2015-02-24,0.7237451812721827
2015-02-25,0.0036102780018376465
2015-02-26,0.4837002135153947
2015-02-27,1.3047466238904013
2015-03-02,-1.0173542361142334
2015-03-03,0.7866617806096468
2015-03-04,0.15054226760585146
2015-03-05,1.1029517611769983
2015-03-06,0.6231595679412912
2015-03-09,1.0395124409686263
2015-03-10,1.1736346461639713
2015-03-11,0.9388493935471259
2015-03-12,1.2203691514241959
2015-03-13,0.5950762057208545
2015-03-16,1.3664973223853272
2015-03-17,1.2285378375804774
2015-03-18,1.2694247342336142
2015-03-19,0.44599936099452403
2015-03-20,1.3456448786414785
2015-03-23,0.3212801924769212
2015-03-24,-1.177903991073951
2015-03-25,-1.272043084899748
2015-03-26,-0.24464773398322737
2015-03-27,-0.5439543992256821
2015-03-29,0.4935299404068828
2015-03-30,0.23794222626725425
2015-03-31,-0.3926195684851152
2015-04-01,-0.638259283720153
2015-04-02,-1.438300346481292
2015-04-05,-1.385565809064523
2015-04-06,-1.385565809064523
2015-04-07,-0.9922948581139783
2015-04-08,-1.6661832063646576
2015-04-09,-1.493529272604358
2015-04-12,-0.90791295134234
2015-04-13,0.2808399806141326
2015-04-14,-0.6870325037405116
2015-04-15,-1.4152375566597442
2015-04-16,-1.5858113449613862
2015-04-19,-0.9921508117502543
2015-04-20,-1.1749763054037436
2015-04-21,-1.1008576712207514
2015-04-22,-1.2009852936842145
2015-04-23,-1.7075520963230375
2015-04-26,-1.0571576719350224
2015-04-27,-1.3779810903365135
2015-04-28,-0.946056226706632
2015-04-29,-0.48423108509797286
2015-04-30,0.37737412914409885
2015-05-03,0.37737412914409885
2015-05-04,1.5928610179825708
2015-05-05,1.0582137967393108
2015-05-06,0.6219130543200632
2015-05-07,0.48959233735684715
2015-05-10,-0.7785387605706588
2015-05-11,0.9056341753783614
2015-05-12,-0.24398365499421917
2015-05-13,0.27904746270768427
2015-05-14,-1.0037551733401393
2015-05-17,-0.8410845979969275
2015-05-18,-0.39997995701911954
2015-05-19,0.3903325247328085
2015-05-20,-0.5255722506308518
2015-05-21,0.37693749719515135
2015-05-24,0.7393628701295731
2015-05-25,0.5090236781856841
2015-05-26,1.0970320856884552
2015-05-27,0.8554040781094359
2015-05-28,1.0805420069893823
2015-05-31,1.1144530381384905
2015-06-01,1.0082770179761185
2015-06-02,0.11439236076850438
2015-06-03,-0.41944641705223523
2015-06-04,-0.2743451185924575
2015-06-07,-0.6467206296341912
2015-06-08,-1.2362212655395042
2015-06-09,-1.1808516745970994
2015-06-10,-0.7140234620868516
2015-06-11,-1.2520105948257618
2015-06-14,-0.3392047243164472
2015-06-15,-0.13328555487495491
2015-06-16,-1.258157435704612
2015-06-17,-1.4526731863686757
2015-06-18,-1.253710594486577
2015-06-21,-0.30191657386140686
2015-06-22,-0.5385207371806552
2015-06-23,-0.47238819878062666
2015-06-24,0.2588379163112359
2015-06-25,1.2625863199997054
2015-06-28,0.5362964851808131
2015-06-29,0.2525313047097127
2015-06-30,-0.06528314026887205
2015-07-01,0.9119480101658368
2015-07-02,-0.7974315537312475
2015-07-05,0.3709210802333583
2015-07-06,-0.13318822989436582
2015-07-07,0.2362389046810847
2015-07-08,1.5068120553237077
2015-07-09,1.252697425195179
2015-07-12,-0.3408574697792643
2015-07-13,-0.9327138938358411
2015-07-14,-0.8041549164792983
2015-07-15,-1.3133051730787937
2015-07-16,-0.8780045405349054
2015-07-19,0.1260889185330233
2015-07-20,0.47700294306347085
2015-07-21,-0.03298152519287103
2015-07-22,0.1584282465716862
2015-07-23,0.8255172988879165
2015-07-26,1.3732553310476654
2015-07-27,1.136740991799516
2015-07-28,1.0238428680451093
2015-07-29,0.5243400871272536
2015-07-30,1.091480783968907
2015-08-02,1.2036302253366447
2015-08-03,1.2624116143727548
2015-08-04,1.195485742113129
2015-08-05,0.5095028537185509
2015-08-06,1.200723490689699
2015-08-09,1.200723490689699
2015-08-10,-0.1880601479200399
2015-08-11,0.18731932716255176
2015-08-12,-0.34655667949830193
2015-08-13,0.5374480162869923
2015-08-16,-0.5217071543711288
2015-08-17,-0.554965650068125
2015-08-18,-0.8542921113410686
2015-08-19,0.42285075511719955
2015-08-20,-0.6543449115154075
2015-08-23,-0.4807240556382286
2015-08-24,0.8984264178809765
2015-08-25,0.9765112281947278
2015-08-26,0.668066056378549
2015-08-27,-0.11013756676687853
2015-08-30,0.11408304624833868
2015-08-31,0.7491305013063329
2015-09-01,0.9641931852819152
2015-09-02,1.0078472914668855
2015-09-03,0.7205182066530836
2015-09-06,1.6420380920252815
2015-09-07,1.584753428777212
2015-09-08,1.3519583079180453
2015-09-09,0.3111064247622575
2015-09-10,0.9358692221971983
2015-09-13,1.0628462842218112
2015-09-14,-0.19862835611422608
2015-09-15,0.7740654485137741
2015-09-16,-0.31848251870682104
2015-09-17,0.9910453412345056
2015-09-20,0.7888527260911806
2015-09-21,-2.038806227318633
2015-09-22,0.7067513371349095
2015-09-23,1.1202814220371902
2015-09-24,-0.8427964011379754
2015-09-27,-0.6710060431030577
2015-09-28,0.4866905058505471
2015-09-29,-0.16920229415832766
2015-09-30,-1.3860315987144076
2015-10-01,-0.839307106933897
2015-10-04,-1.5734211608689301
2015-10-05,-1.2999559536807936
2015-10-06,-1.3969119632879952
2015-10-07,-1.0733807158780295
2015-10-08,-1.5006055329431205
2015-10-11,-1.6149291947814755
2015-10-12,-1.5682899748758716
2015-10-13,-0.07405148011334114
2015-10-14,-0.6090915074233407
2015-10-15,-0.8096527390056791
2015-10-18,1.539498091651697
2015-10-19,0.9526276425284451
2015-10-20,0.7634110886017369
2015-10-21,1.2669231609718872
2015-10-22,0.700602986882273
2015-10-26,-0.061915401860633094
2015-10-27,0.5118898326056411
2015-10-28,-0.014677905653531581
2015-10-29,-0.062368133504803726
2015-10-30,-1.4916105567172893
2015-11-02,-1.3092119998501748
2015-11-03,-0.1269401030367023
2015-11-04,-1.6358292640418677
2015-11-05,-1.1298890238045225
2015-11-06,-1.4050495053371135
2015-11-09,-1.650031095346774
2015-11-10,-1.0677560118455447
2015-11-11,-1.1781090352834038
2015-11-12,-0.7227429784000605
2015-11-13,-0.6344165858551899
2015-11-16,1.1532687434326394
2015-11-17,0.8045351341007524
2015-11-18,0.4023290380046311
2015-11-19,-0.5555259422936377
2015-11-20,-0.6692862497033204
2015-11-23,-1.7947861771510456
2015-11-24,-1.1730655275936508
2015-11-25,-1.8669312354614624
2015-11-26,-0.9502646122232516
2015-11-27,-0.692278373551116
2015-11-30,0.5076359253045982
2015-12-01,0.9262291558727979
2015-12-02,0.6604556761469553
2015-12-03,0.3564772587105232
2015-12-04,-0.9453347385558891
2015-12-07,-1.0277656661703134
2015-12-08,-1.1661631373113688
2015-12-09,-0.13842502274179067
2015-12-10,-1.5481485520604263
2015-12-11,-0.19472692972885977
2015-12-14,-0.28687433467390117
2015-12-15,1.025701597432966
2015-12-16,0.8353456814578952
2015-12-17,0.6375480381858226
2015-12-18,0.38497566293071267
2015-12-21,0.9950527348072185
2015-12-22,1.3602508657126913
2015-12-23,0.8675269052542249
2015-12-24,-0.1995490232414792
2015-12-25,-0.7503426244624473
2015-12-28,-0.9589164899582078
2015-12-29,-1.68476608114495
2015-12-30,-1.517940881377251
2015-12-31,0.19850506289931621
2016-01-01,0.3418871360141553
2016-01-04,-0.16852946034370153
2016-01-05,1.289988761116853
2016-01-06,1.1180092882915769
2016-01-07,0.8807160185343774
2016-01-08,1.2236289087487646
2016-01-11,0.38127438573907535
2016-01-12,1.0859017538624651
2016-01-13,0.30161249962179126
2016-01-14,-0.12956481225447536
2016-01-15,-0.6212868112617481
2016-01-18,-0.6792927208702084
2016-01-19,1.060884567383793
2016-01-20,0.33421919572576175
2016-01-21,0.4461824491344752
2016-01-22,1.4080539947749484
2016-01-25,0.2264843417808976
2016-01-26,0.03497952128730715
2016-01-27,-0.5330923995258665
2016-01-28,0.29855186582477045
2016-01-29,-0.530903861985475
2016-02-01,-1.4149605484026875
2016-02-02,-1.9130811224804867
2016-02-03,-1.2067523641163838
2016-02-04,-1.2929267227476604
2016-02-05,-1.3723309981033833
2016-02-08,-1.21222073795988
2016-02-09,-1.3020386887720898
2016-02-10,-1.3677800998936407
2016-02-11,-0.18457230804609326
2016-02-12,1.1085308321721652
2016-02-15,0.7989924015325923
2016-02-16,0.5882169678381436
2016-02-17,1.5647664131290646
2016-02-18,0.07714139896043959
2016-02-19,0.8735833564832293
2016-02-22,0.7241365818450787
2016-02-23,-1.4677626259985344
2016-02-24,-1.532629469073177
2016-02-25,-1.1170819310750013
2016-02-26,-1.1783667911975813
2016-02-29,-0.8645883073699666
2016-03-01,0.4231740534232794
2016-03-02,-1.3651486248841267
2016-03-03,-0.9909087950106146
2016-03-04,-0.5594800468776301
2016-03-07,-0.836853705710317
2016-03-08,-0.711883156126361
2016-03-09,-1.0004330429706223
2016-03-10,-1.6602364171634973
2016-03-11,-1.8036467674198606
2016-03-14,-2.0479328433805892
2016-03-15,-1.0797441203911284
2016-03-16,0.5151277542611542
2016-03-17,0.16912826387317012
2016-03-18,-1.3925814981893248
2016-03-21,-1.3858499905942254
2016-03-22,-1.5002856197108758
2016-03-23,-1.9687985483296262
2016-03-24,-0.5915320943727886
2016-03-25,-0.6397757969945095
2016-03-27,-0.5546174229747807
2016-03-28,0.26176547308800374
2016-03-29,-0.4477563769795823
2016-03-30,-0.720706867577835
2016-03-31,-0.9112754497090321
2016-04-03,-1.6636243312478338
2016-04-04,-0.3018530047686322
2016-04-05,0.9975647602341469
2016-04-06,0.21106033081943218
2016-04-07,1.1852293559926106
2016-04-10,-0.5305351054108796
2016-04-11,-1.6797071164349877
2016-04-12,-1.7721789904822804
2016-04-13,-1.6026472213955816
2016-04-14,-1.6658083135478843
2016-04-17,-0.829778506820345
2016-04-18,0.2995991102691954
2016-04-19,-0.8037365961740198
2016-04-20,-0.3008592627905403
2016-04-21,-0.3008592627905403
2016-04-24,0.5436047109993942
2016-04-25,0.27845639205215383
2016-04-26,-0.3944410224189758
2016-04-27,-0.7938867238572107
2016-04-28,-0.9551591593164707
2016-05-01,-1.6377391120596883
2016-05-02,-0.35392126070314894
2016-05-03,0.8230797207602933
2016-05-04,0.9422431410435418
2016-05-05,0.6655117657163415
2016-05-08,-0.7725839231741614
2016-05-09,-0.5666941176222182
2016-05-10,-1.193187383087423
2016-05-11,-1.53731748665282
2016-05-12,-1.2039298833487178
2016-05-15,-0.3919897026746871
2016-05-16,-0.9378703891165501
2016-05-17,-1.066312903573459
2016-05-18,0.04073924484085658
2016-05-19,0.6479220404553404
2016-05-22,0.5780360450508142
2016-05-23,0.7566335888623761
2016-05-24,0.46640948699195683
2016-05-25,0.5838502404525786
2016-05-26,0.6153404476558377
2016-05-29,1.2653689094468743
2016-05-30,-0.18197585486625775
2016-05-31,0.18869953999150335
2016-06-01,0.4260567119179928
2016-06-02,-0.13920538174407454
2016-06-05,-1.3477143363874107
2016-06-06,-1.331266614699013
2016-06-07,-1.1279919521094104
2016-06-08,-1.7664535731876756
2016-06-09,-1.2867131182046985
2016-06-12,-1.0380976220025866
2016-06-13,-0.10065878850576858
2016-06-14,-0.013723094304180545
2016-06-15,0.5039654511464817
2016-06-16,0.6165691833786461
2016-06-19,-0.40749591524883244
2016-06-20,-0.8539375181628712
2016-06-21,-0.643512301183796
2016-06-22,-1.2554365860919536
2016-06-23,-1.627702357115012
2016-06-26,-1.016203101628645
2016-06-27,-0.4914660625176091
2016-06-28,-0.8933363887264689
2016-06-29,-1.3538182557209488
2016-06-30,-1.8177951510125383
2016-07-03,-1.4562737215582104
2016-07-04,-0.6088206541328728
2016-07-05,-0.4536738058650194
2016-07-06,0.28739366333032973
2016-07-07,1.0787904426646306
2016-07-10,0.2532162408150036
2016-07-11,0.45690392507384026
2016-07-12,0.15795011917011206
2016-07-13,-0.8033516713996178
2016-07-14,-1.1488608282313586
2016-07-17,-0.4593976344329759
2016-07-18,-1.124411778805887
2016-07-19,-1.1610853529441
2016-07-20,-0.576198924932445
2016-07-21,0.11903306514276668
2016-07-24,-0.4526874333678307
2016-07-25,1.2983976503883565
2016-07-26,0.4506643286158599
2016-07-27,-0.25963499982952215
2016-07-28,1.2039255292029913
2016-07-31,-0.8894835794375453
2016-08-01,-0.17408887004217768
2016-08-02,-0.5024667694367627
2016-08-03,-0.47585372539243215
2016-08-04,-1.2191177064503338
2016-08-07,-1.5199228026200218
2016-08-08,-1.0345437194613738
2016-08-09,-1.363357014738891
2016-08-10,-1.5745553869312214
2016-08-11,-1.2920538117167528
2016-08-14,-0.2746530338464557
2016-08-15,0.21714274551275992
2016-08-16,0.7985604149157871
2016-08-17,0.9007056140362273
2016-08-18,1.4951627162185535
2016-08-21,0.6317057834157612
2016-08-22,0.48176416035420266
2016-08-23,1.3138632350317954
2016-08-24,0.6908572971722081
2016-08-25,0.8909792564457256
2016-08-28,0.8613210304738433
2016-08-29,-0.41557456553853295
2016-08-30,-0.14838853500305846
2016-08-31,-0.5380166089917695
2016-09-01,0.44326891068349433
2016-09-04,0.529193730707628
2016-09-05,0.9364051526232182
2016-09-06,-1.3216674933335555
2016-09-07,-1.2238537762663464
2016-09-08,-0.41724755673856995
2016-09-11,0.8265557657858308
2016-09-12,-0.01847465940400496
2016-09-13,1.0469078938643646
2016-09-14,1.2711253121241668
2016-09-15,0.46754748838166005
2016-09-18,-0.1631783549677168
2016-09-19,-0.05836385621869448
2016-09-20,-0.9801768826794341
2016-09-21,-1.4374164697064353
2016-09-22,-1.2895664960741993
2016-09-25,-0.7660976705114277
2016-09-26,-0.8180449585443691
2016-09-27,-0.6142256343567791
2016-09-28,-0.5664875238675728
2016-09-29,1.1447926839286575
2016-10-02,1.5921409558587518
2016-10-03,-0.7184617970723131
2016-10-04,1.2503472003326477
2016-10-05,-1.078428921896822
2016-10-06,-0.08664288296345439
2016-10-09,-0.491422159089583
2016-10-10,-1.341971017785012
2016-10-11,-1.6903886225518223
2016-10-12,-1.4444467838929067
2016-10-13,-1.274970678726859
2016-10-16,-0.39334740535222984
2016-10-17,0.03357868654361401
2016-10-18,-0.8876989169408271
2016-10-19,-1.2052568531878163
2016-10-20,-1.8569862494659215
2016-10-23,-0.823349645561472
2016-10-24,-1.2129955912458632
2016-10-25,-1.6121462101474935
2016-10-26,-0.6270125119637056
2016-10-27,0.29221435429933496
2016-10-31,1.5999967150816248
2016-11-01,0.76266772689151
2016-11-02,1.4930321358489986
2016-11-03,1.6578377907204431
2016-11-04,1.6099214025071786
2016-11-07,0.9791685060424479
2016-11-08,0.007709335718712827
2016-11-09,-1.564379233859024
2016-11-10,-0.8641898048312421
2016-11-11,0.5597397516304754
2016-11-14,0.4974458411762177
2016-11-15,1.0569786440064413
2016-11-16,1.0725521216200042
2016-11-17,1.1726673348500631
2016-11-18,0.9690997346156083
2016-11-21,0.4117917143016081
2016-11-22,0.28487274523153233
2016-11-23,-1.2313800300796787
2016-11-24,0.5927152952270972
2016-11-25,-0.3022623469281496
2016-11-28,0.5250533696729811
2016-11-29,0.14825611260712465
2016-11-30,1.4206294589309816
2016-12-01,-0.07909619141384604
2016-12-02,1.5919548096027318
2016-12-05,-0.00988961473668866
2016-12-06,-1.2399496783429889
2016-12-07,-1.3061909770870186
2016-12-08,-1.733982860791999
2016-12-09,-1.6550723704116546
2016-12-12,-1.4174724216223622
2016-12-13,-1.7585722960389765
2016-12-14,-1.6078997268866768
2016-12-15,-0.8165242464489046
2016-12-16,-0.563888543597139
2016-12-19,0.863350319043537
2016-12-20,-0.007625314915660819
2016-12-21,-0.2597050018450729
2016-12-22,-1.2151119031194988
2016-12-23,-1.3657543125159723
2016-12-26,-1.7876674531385424
2016-12-27,-1.785156065396736
2016-12-28,-1.6510927173898582
2016-12-29,-1.1001410998038896
2016-12-30,-1.7590633620214602
2017-01-02,-1.6828497152795712
2017-01-03,-0.5490166957774729
2017-01-04,0.16296758812213905
2017-01-05,-1.4768084127962318
2017-01-06,-1.7451061664376832
2017-01-09,-0.8781602035963556
2017-01-10,-1.4995728000489406
2017-01-11,-1.533065559506681
2017-01-12,-0.9369145720435673
2017-01-13,-1.2005914165048577
2017-01-16,-1.0029065864707833
2017-01-17,1.620552565964423
2017-01-18,0.281550003940707
2017-01-19,1.145141232868058
2017-01-20,-0.36832420368643654
2017-01-23,-2.5873725557736407
2017-01-24,-1.7559517142090109
2017-01-25,-1.4559545033351906
2017-01-26,-1.23639894089474
2017-01-27,-0.8225917851164228
2017-01-30,-2.318041560969777
2017-01-31,-1.4635667732735147
2017-02-01,-0.2654061638405303
2017-02-02,-1.0321002583716898
2017-02-03,-1.2440093584413878
2017-02-06,-1.3772155375828303
2017-02-07,-1.6347474839229341
2017-02-08,-1.444385461958413
2017-02-09,-1.289344100558531
2017-02-10,-0.43376344257574145
2017-02-13,-1.8729960222832136
2017-02-14,-0.46625328004890937
2017-02-15,-0.9376809808003078
2017-02-16,-1.4445136159142944
2017-02-17,-0.18364956198884486
2017-02-20,0.23651677445243732
2017-02-21,-0.1832845173872363
2017-02-22,0.16934856775809565
2017-02-23,-1.0654150261646411
2017-02-24,-1.0889987036976083
2017-02-27,0.750196576144317
2017-02-28,1.3100901971021923
2017-03-01,1.1610265367069244
2017-03-02,-0.18185540660649482
2017-03-03,1.5688881734809517
2017-03-06,0.3709397448085463
2017-03-07,0.9664516804491646
2017-03-08,0.15442781967338462
2017-03-09,0.8345003923840826
2017-03-10,1.5699007266843779
2017-03-13,0.1821802298860289
2017-03-14,0.33742750007580274
2017-03-15,0.5259212613939553
2017-03-16,-1.593424520312654
2017-03-17,-0.9236256741175968
2017-03-20,-1.7916669090296995
2017-03-21,-1.5786681565477327
2017-03-22,-1.1632292126517207
2017-03-23,-1.1100506624646413
2017-03-24,0.4715043409448805
2017-03-26,-0.37120038882679446
2017-03-27,0.7971447694604455
2017-03-28,1.3192445345578454
2017-03-29,0.6745304306875751
2017-03-30,0.8324683509274303
2017-04-02,-0.24558498925791988
2017-04-03,-0.5618244059900664
2017-04-04,-1.1843535299143244
2017-04-05,-0.3227205577419137
2017-04-06,0.46351952936541174
2017-04-09,0.5784039256550535
2017-04-10,0.11527620311239427
2017-04-11,0.294783072314976
2017-04-12,0.3278950829091495
2017-04-13,1.193091499994353
2017-04-16,1.2526023646615934
2017-04-17,0.5052013768621644
2017-04-18,-0.7279428386063267
2017-04-19,1.4378314557879015
2017-04-20,1.282492069593626
2017-04-23,1.284090891065642
2017-04-24,0.08517201832643914
2017-04-25,0.2490545395760308
2017-04-26,1.0380858863117008
2017-04-27,0.8759242099682621
2017-04-30,0.7347066500221938
2017-05-01,0.7064631380329832
2017-05-02,0.0031996895015463174
2017-05-03,0.3392974821732014
2017-05-04,0.7691227360025958
2017-05-07,0.1909720920999286
2017-05-08,1.0304204939830026
2017-05-09,0.5425963793390202
2017-05-10,-0.2576493176559719
2017-05-11,-1.0813833063593679
2017-05-14,0.9396164921172692
2017-05-15,-1.3828811913843972
2017-05-16,-1.8043045305338559
2017-05-17,-1.5190648871845225
2017-05-18,1.2326443203569866
2017-05-21,-0.11868316399171107
2017-05-22,0.022639762202061205
2017-05-23,0.06001442036900999
2017-05-24,0.1254200721611659
2017-05-25,0.11724436568714487
2017-05-28,-1.034830743454149
2017-05-29,-0.36352186005880666
2017-05-30,-1.3380355669248227
2017-05-31,-1.767865789372278
2017-06-01,-0.4718625290136515
2017-06-04,-0.5024828129143589
2017-06-05,1.521862485412366
2017-06-06,0.5959964941330164
2017-06-07,0.19524852775839024
2017-06-08,-0.1594364539754981
2017-06-11,-3.7073087683359405
2017-06-12,1.17601340775446
2017-06-13,1.049300984342439
2017-06-14,-0.7756373177920542
2017-06-15,-1.1273003414338323
2017-06-18,-0.40388297168398124
2017-06-19,-0.7655916565589175
2017-06-20,1.3757237579006227
2017-06-21,1.124834510751271
2017-06-22,1.4401974324259588
2017-06-25,1.5303011243330025
2017-06-26,-0.807389104588897
2017-06-27,0.02936475872401169
2017-06-28,-1.6911730227277966
2017-06-29,-0.4874281948908531
2017-07-02,-6.973122310391595
2017-07-03,-0.6015764113236766
2017-07-04,-0.10675522441507888
2017-07-05,-1.2850940228892362
2017-07-06,-0.42832297962050836
2017-07-09,-6.150982680456607
2017-07-10,-2.038806227318633
2017-07-11,-0.8259148489131596
2017-07-12,-1.8225018328792022
2017-07-13,-1.3494483165082098
2017-07-16,-1.9716816080393966
2017-07-17,-1.3977115283467212
2017-07-18,-1.9198717220352821
2017-07-19,-1.5818073526577106
2017-07-20,-1.4884997695808353
2017-07-23,-0.11157264114826905
2017-07-24,-0.5350855639361285
2017-07-25,0.3995909225215215
2017-07-26,-0.2936190467612477
2017-07-27,0.4113329962570318
2017-07-30,1.8278124808743714
2017-07-31,-0.5899888559354787
2017-08-01,-0.7297461586412549
2017-08-02,-1.1424069982727192
2017-08-03,-1.1740978801076822
2017-08-06,-0.36824402773306275
2017-08-07,-0.23146478872760062
2017-08-08,-0.10811323458323335
2017-08-09,1.2838012344611531
2017-08-10,1.5796884783142204
2017-08-13,0.8181261544269685
2017-08-14,1.1363073692755274
2017-08-15,0.3443407624738018
2017-08-16,-0.34365923875079163
2017-08-17,0.34213207890245056
2017-08-20,0.4863782522031108
2017-08-21,-0.32112870437352325
2017-08-22,-0.44559809009418083
2017-08-23,-1.5010984810053738
2017-08-24,-1.1316230809692946
2017-08-27,0.3760507276448811
2017-08-28,0.9698308039795553
2017-08-29,0.7453978526093293
2017-08-30,0.2644556281538391
2017-08-31,-0.37136203000365553
2017-09-03,1.9069992223620778
2017-09-04,-0.46600613987172584
2017-09-05,-1.6333396137368843
2017-09-06,-1.9080362673827251
2017-09-07,-1.520533027516565
2017-09-10,1.9849984016892253
2017-09-11,-1.15337212645678
2017-09-12,0.30614567207687376
2017-09-13,0.9666864112081902
2017-09-14,0.1982365888575777
2017-09-17,-0.279909967271688
2017-09-18,1.1545297011161084
2017-09-19,1.0349930620837926
2017-09-20,0.9097642021451633
2017-09-21,1.1010061100819912
2017-09-24,-0.5478527603364574
2017-09-25,0.8872216147639588
2017-09-26,0.30369409735291225
2017-09-27,1.4268106913735215
2017-09-28,0.8881068591695759
2017-10-01,0.08400985738711618
2017-10-02,-0.3984483436823878
2017-10-03,-0.9544239849148328
2017-10-04,-1.3036318256889392
2017-10-05,-0.49082943293600767
2017-10-08,-0.34362918561741995
2017-10-09,1.2657978003005397
2017-10-10,1.0937461024324402
2017-10-11,0.6881633477204587
2017-10-12,0.6499092655054738
2017-10-15,-0.5960808409252203
2017-10-16,0.7209525610475791
2017-10-17,-0.14845607323741383
2017-10-18,0.6584006998460484
2017-10-19,0.06720793848370844
2017-10-22,0.6424357225223167
2017-10-23,0.8774175935745662
2017-10-24,1.1036525541358164
2017-10-25,0.7891307796970023
2017-10-26,1.4083620948163629
2017-10-30,0.16814913549569566
2017-10-31,1.4052998237087957
2017-11-01,0.9061264442654539
2017-11-02,0.6221353431869364
2017-11-03,-0.473283683693225
2017-11-06,0.4176641053618797
2017-11-07,-1.3664669372176572
2017-11-08,-0.6473673871174306
2017-11-09,-1.352463079726121
2017-11-10,-1.5814227245904522
2017-11-13,-0.4985575087296897
2017-11-14,-0.518103812265089
2017-11-15,0.8892300422831814
2017-11-16,-2.038806227318633
2017-11-17,-2.038806227318633
2017-11-20,-1.1903889183512921
2017-11-21,-1.2146294128932242
2017-11-22,-0.8476900286055187
2017-11-23,-1.9509429515346652
2017-11-24,-1.968588144290757
2017-11-27,-1.2874951851769878
2017-11-28,-0.7471099447349965
2017-11-29,-1.5783039792063875
2017-11-30,-0.12439394368591046
2017-12-01,1.02164878393094
2017-12-04,0.4225809944948614
2017-12-05,-0.21989750432065766
2017-12-06,-0.3197421358933376
2017-12-07,-0.9631836452462038
2017-12-08,0.7302816699809003
2017-12-11,0.7494892160893342
2017-12-12,0.7468052172764593
2017-12-13,0.7401728090750432
2017-12-14,0.5982572992944566
2017-12-15,1.5373235943257557
2017-12-18,0.030098611121502635
2017-12-19,-0.0958314531962448
2017-12-20,-0.7046537332068687
2017-12-21,-0.3668936081152834
2017-12-22,0.06797255294013145
2017-12-25,1.3852370407973176
2017-12-26,1.2796870017061999
2017-12-27,0.2750309285578727
2017-12-28,0.5820211584156011
2017-12-29,0.4797903029437095
2018-01-01,0.31715030560203344
2018-01-02,0.4509010490604874
2018-01-03,-1.3882462379519807
2018-01-04,-1.5858588856536942
2018-01-05,-1.6619732629959383
2018-01-08,-1.8359539874603075
2018-01-09,-1.3522294154904442
2018-01-10,-1.01105173934486
2018-01-11,-1.7949216672974841
2018-01-12,-1.495063601697713
2018-01-15,-1.0025623999816378
2018-01-16,-0.27715165457029955
2018-01-17,0.17394587753507063
2018-01-18,0.15020390216109575
2018-01-19,-0.66177165562857
2018-01-22,-1.1556047434070644
2018-01-23,-0.5562844710795765
2018-01-24,1.4958534817648057
2018-01-25,-1.291725402217827
2018-01-26,-1.2347446613202988
2018-01-29,-1.1049551959426218
2018-01-30,-1.0226496813128658
2018-01-31,-0.20276013173188215
2018-02-01,-0.03814910247238418
2018-02-02,-0.702924412943448
2018-02-05,0.7586954135923855
2018-02-06,1.3013329630907768
2018-02-07,0.5704024100617188
2018-02-08,1.0918731915567546
2018-02-09,1.1386561590041573
2018-02-12,1.2785728265837062
2018-02-13,1.313853404770886
2018-02-14,1.3179894870455966
2018-02-15,-1.254694202664151
2018-02-16,-0.9295745826854703
2018-02-19,-0.8722005321009882
2018-02-20,-0.7160156166210402
2018-02-21,-0.04027679862610965
2018-02-22,0.582698011545779
2018-02-23,-0.06922870048760792
2018-02-26,-0.4659036839999827
2018-02-27,-0.5974884586690536
2018-02-28,0.1354856296045312
2018-03-01,-0.25410825024112765
2018-03-02,0.12780242798120625
2018-03-05,0.0984246835025678
2018-03-06,-0.36453083659800767
2018-03-07,-1.9275688644096067
2018-03-08,0.11568585428775062
2018-03-09,1.4739526013874096
2018-03-12,0.8884927966030779
2018-03-13,1.134385914612501
2018-03-14,1.1311386661031169
2018-03-15,0.18879758963320334
2018-03-16,1.0431158800620317
2018-03-19,0.9620126667099174
2018-03-20,0.8994485528656093
2018-03-21,1.5049565831651068
2018-03-22,-0.24265247405975363
2018-03-23,1.6227526508865933
2018-03-25,1.641434073734577
2018-03-26,0.6384042783731209
2018-03-27,0.6745408806248366
2018-03-28,0.49885653550619274
2018-03-29,-0.27220253473673606
2018-04-01,-0.3454043452028396
2018-04-02,0.01572458642992728
2018-04-03,0.5812583160001109
2018-04-04,-0.21092143576666822
2018-04-05,0.027779934094137874
2018-04-08,0.6116606977898694
2018-04-09,1.2967279790319044
2018-04-10,0.929979835958059
2018-04-11,0.014447975145944024
2018-04-12,1.0179415861830552
2018-04-15,1.3802833501721166
2018-04-16,1.156884668614953
2018-04-17,0.7204399273288827
2018-04-18,-1.2012431640854564
2018-04-19,-0.9325331211264759
2018-04-22,0.23161909271431766
2018-04-23,0.7326669741351279
2018-04-24,0.6406736728264454
2018-04-25,0.867789191864899
2018-04-26,0.7059089814864338
2018-04-29,0.3169132520695141
2018-04-30,1.4694037050624793
2018-05-01,0.6966792308528597
2018-05-02,1.3143664119298333
2018-05-03,0.6195200539451177
2018-05-06,0.5846077472598442
2018-05-07,0.5224697939404476
2018-05-08,0.7020899490798136
2018-05-09,1.4221773811770928
2018-05-10,0.02514886188151808
2018-05-13,1.0717214398363482
2018-05-14,0.2632615479215945
2018-05-15,0.8124344062755552
2018-05-16,1.0624704340791735
2018-05-17,0.48279893890146697
2018-05-20,1.2030199395434846
2018-05-21,0.16011331736670353
2018-05-22,-0.3338950826117728
2018-05-23,-0.96724852822927
2018-05-24,-0.9657779011718923
2018-05-27,-1.4543292596461903
2018-05-28,0.954965110911991
2018-05-29,0.7246452180839049
2018-05-30,0.6801093366108635
2018-05-31,0.6778825425372061
2018-06-03,1.5531975097413926
2018-06-04,0.5741126307496011
2018-06-05,1.0206823191770962
2018-06-06,0.506381466096264
2018-06-07,1.0861444636085802
2018-06-10,-1.6128645583744308
2018-06-11,-1.51649675552752
2018-06-12,-1.432165538727917
2018-06-13,-1.3804786639152549
2018-06-14,-0.22160452337873068
2018-06-17,-1.245820753219109
2018-06-18,-1.0077890928976385
2018-06-19,-0.8539775425941464
2018-06-20,0.6802288960242051
2018-06-21,0.5700349700528639
2018-06-24,1.0937461024324564
2018-06-25,0.748085155701299
2018-06-26,0.15750888135764643
2018-06-27,1.383119662369619
2018-06-28,1.357414025074459
2018-07-01,0.9151948667142344
2018-07-02,1.5473306612935285
2018-07-03,1.2148276391980937
2018-07-04,1.2653194575919717
2018-07-05,1.3086598713858821
2018-07-08,-0.14699201860884178
2018-07-09,-0.6386357792343904
2018-07-10,-1.9509746025706105
2018-07-11,-0.32742032692550227
2018-07-12,-0.20498836515554478
2018-07-15,-1.0380580180685244
2018-07-16,-0.8623947685725034
2018-07-17,-1.3973692102194928
2018-07-18,-0.44520759790366665
2018-07-19,-0.2170935685663879
2018-07-22,-1.7606004762022902
2018-07-23,-0.9649217455146806
2018-07-24,-1.1455693293385483
2018-07-25,-1.7446034034266444
2018-07-26,-0.7767429771001498
2018-07-29,-1.3317164858054948
2018-07-30,-1.0475433036370962
2018-07-31,-0.10196958222815103
2018-08-01,0.14644685129252588
2018-08-02,0.48316983535599217
2018-08-05,-0.9178150965728088
2018-08-06,0.15967488581571182
2018-08-07,0.5104665850711234
2018-08-08,0.2980876305889298
2018-08-09,0.2268902149529898
2018-08-12,0.864057359026268
2018-08-13,1.1400455350476035
2018-08-14,0.6925482765895676
2018-08-15,1.2621049185335589
2018-08-16,0.9645526943248449
2018-08-19,0.9125519108790414
2018-08-20,1.2281688498757226
2018-08-21,1.1819730509602422
2018-08-22,0.8087493024064645
2018-08-23,1.6148489719893797
2018-08-26,1.4757721799028944
2018-08-27,0.7910036814787398
2018-08-28,1.3477009260732629
2018-08-29,0.3994242794249592
2018-08-30,0.8631484097794675
2018-09-02,-1.31191021176157
2018-09-03,0.637405097862269
2018-09-04,0.530472549088656
2018-09-05,0.3092348965304297
2018-09-06,-1.4815378005917885
2018-09-09,-1.7633027354536688
2018-09-10,-0.9117464878710754
2018-09-11,0.8600550927260802
2018-09-12,1.056506851605132
2018-09-13,1.611726189767738
2018-09-16,0.8102120862158299
2018-09-17,-0.15889132989690669
2018-09-18,0.4798911223277889
2018-09-19,-0.20261028099974335
2018-09-20,-1.4203542159667821
2018-09-23,-1.520314807221906
2018-09-24,-0.6838423208939668
2018-09-25,-1.0423305293202316
2018-09-26,-1.069978482436682
2018-09-27,-1.2600978969610783
2018-09-30,-0.5090687726588723
2018-10-02,-1.0025872224523575
