Date,cci
2010-01-04,
2010-01-05,0.512702017184
2010-01-06,0.453383846838
2010-01-07,1.140105742
2010-01-08,0.887886649951
2010-01-11,-0.626121369172
2010-01-12,0.568320414256
2010-01-13,1.03864741667
2010-01-14,1.83450144054
2010-01-15,1.30077213517
2010-01-18,1.17474048171
2010-01-19,0.992956171747
2010-01-20,1.2134833549
2010-01-21,1.36710219844
2010-01-22,1.54924636394
2010-01-25,1.05505965368
2010-01-26,1.62183603611
2010-01-27,1.28711378717
2010-01-28,1.22719348521
2010-01-29,1.10136855812
2010-02-01,0.955127766351
2010-02-02,0.412175425386
2010-02-03,0.25954433757
2010-02-04,0.67633646785
2010-02-05,0.782136023473
2010-02-08,0.714332543411
2010-02-09,0.195305404855
2010-02-10,-0.216524409156
2010-02-11,-0.29582990572
2010-02-12,-0.174336665267
2010-02-15,-0.412121177896
2010-02-16,-0.807184553139
2010-02-17,-1.06372406109
2010-02-18,-1.66830647272
2010-02-19,-1.84521705986
2010-02-22,-1.73445172283
2010-02-23,-1.20700085134
2010-02-24,-0.862500384537
2010-02-25,-0.458163313325
2010-02-26,-0.791463805569
2010-03-01,-1.18072899235
2010-03-02,-2.00291901421
2010-03-03,-1.20241740698
2010-03-04,-1.08274295215
2010-03-05,-1.08634899363
2010-03-08,-0.993586030953
2010-03-09,-0.701612608001
2010-03-10,-1.07866833428
2010-03-11,-1.07416698761
2010-03-12,-1.14763072359
2010-03-15,-1.0721967379
2010-03-16,-0.925138507091
2010-03-17,-0.854574992955
2010-03-18,-0.333823858096
2010-03-19,1.01164894969
2010-03-22,1.19407736007
2010-03-23,0.300177035314
2010-03-24,0.391383109199
2010-03-25,0.829542153524
2010-03-26,1.57781270395
2010-03-28,1.05805925547
2010-03-29,0.300137169803
2010-03-30,-0.160590246482
2010-03-31,-0.70509344224
2010-04-01,-1.08583566231
2010-04-04,-1.19770750308
2010-04-05,-1.26855802959
2010-04-06,-0.857734139603
2010-04-07,-0.587872357612
2010-04-08,-0.439096816064
2010-04-11,-0.8896150193
2010-04-12,-1.36645102861
2010-04-13,-1.14531900071
2010-04-14,-1.0605193018
2010-04-15,-0.696378337425
2010-04-18,-0.223251052183
2010-04-19,-0.70157179517
2010-04-20,-0.780889914474
2010-04-21,0.0229707065264
2010-04-22,0.237173513937
2010-04-25,-0.687471463758
2010-04-26,-0.0401780064861
2010-04-27,0.661147387868
2010-04-28,-1.16303971558
2010-04-29,-2.07041792794
2010-05-02,-1.3871276479
2010-05-03,-0.623549513337
2010-05-04,1.43154489159
2010-05-05,2.69337677815
2010-05-06,2.36851075874
2010-05-09,0.849278870131
2010-05-10,0.0407484877841
2010-05-11,0.10996644186
2010-05-12,-0.156317487818
2010-05-13,0.347104751527
2010-05-16,0.477323197844
2010-05-17,0.465610547359
2010-05-18,0.821978540273
2010-05-19,1.29885237587
2010-05-20,1.25214035332
2010-05-23,0.800748674771
2010-05-24,0.982837019121
2010-05-25,0.403888527264
2010-05-26,0.310607966789
2010-05-27,-0.310608251354
2010-05-30,-0.637965725887
2010-05-31,0.0811101831978
2010-06-01,-0.0641468591601
2010-06-02,-0.755600715676
2010-06-03,0.0607644571349
2010-06-06,0.645905114219
2010-06-07,0.587487650119
2010-06-08,-0.134946002247
2010-06-09,-0.48902204479
2010-06-10,-1.25774455978
2010-06-13,-1.16504386629
2010-06-14,-1.08738801925
2010-06-15,-1.22829712832
2010-06-16,-1.15941744468
2010-06-17,-1.21516383198
2010-06-20,-1.23285965093
2010-06-21,-1.05291419451
2010-06-22,-0.42812294038
2010-06-23,-0.576738682357
2010-06-24,-0.60247898759
2010-06-27,-0.643572729893
2010-06-28,0.173330206951
2010-06-29,0.659978317716
2010-06-30,1.30789976142
2010-07-01,-0.318158296085
2010-07-04,-1.01335676537
2010-07-05,-0.912243435416
2010-07-06,-0.65953648651
2010-07-07,-0.949866586293
2010-07-08,-1.28499587013
2010-07-11,-1.20614401259
2010-07-12,-1.11372910111
2010-07-13,-0.885507251497
2010-07-14,-0.483355922736
2010-07-15,-0.18122147096
2010-07-18,0.323680533822
2010-07-19,0.608262127455
2010-07-20,0.0454148716548
2010-07-21,0.111933048779
2010-07-22,-0.917412405147
2010-07-25,-0.133995038988
2010-07-26,-0.600122880567
2010-07-27,-0.322467600795
2010-07-28,-0.262165443391
2010-07-29,-1.00461170066
2010-08-01,-1.69398665346
2010-08-02,-1.19239337049
2010-08-03,-0.897953982036
2010-08-04,-1.01003105742
2010-08-05,-0.827025403156
2010-08-08,-1.739434976
2010-08-09,-0.617010254809
2010-08-10,0.193608404017
2010-08-11,1.15401950594
2010-08-12,0.776985833703
2010-08-15,-0.448690085101
2010-08-16,-0.402970140452
2010-08-17,-0.713970387739
2010-08-18,-0.275903907796
2010-08-19,0.271620263228
2010-08-22,-1.37980407385
2010-08-23,1.05413709852
2010-08-24,0.717443937245
2010-08-25,0.290732468333
2010-08-26,-0.134414284033
2010-08-29,-1.92645974512
2010-08-30,-0.0187701386952
2010-08-31,-0.355691217823
2010-09-01,-1.19367703384
2010-09-02,-1.74441428114
2010-09-05,-2.01729481083
2010-09-06,-1.07521199364
2010-09-07,-0.825159966954
2010-09-08,-0.96999513007
2010-09-09,-0.834605575954
2010-09-12,-1.37917563111
2010-09-13,-0.939085705409
2010-09-14,-0.99049289754
2010-09-15,-0.390129934799
2010-09-16,-0.708214535352
2010-09-19,-1.24150460096
2010-09-20,0.562781203709
2010-09-21,-0.0272871872887
2010-09-22,-1.00054615237
2010-09-23,0.133108807052
2010-09-26,-1.50855721246
2010-09-27,-0.398571319684
2010-09-28,-0.400844714835
2010-09-29,-0.895007908976
2010-09-30,-1.66184688559
2010-10-03,-2.16245903035
2010-10-04,-0.589029765373
2010-10-05,-1.69057382442
2010-10-06,-1.00303213288
2010-10-07,-0.82857517413
2010-10-10,-1.70010134194
2010-10-11,-0.986381472843
2010-10-12,-0.922121495539
2010-10-13,-1.15128813737
2010-10-14,-0.834844940482
2010-10-17,-1.18259080409
2010-10-18,0.229639991245
2010-10-19,0.528162314034
2010-10-20,0.491080985003
2010-10-21,1.00528984591
2010-10-24,0.564854269585
2010-10-25,1.06933219618
2010-10-26,1.1267848347
2010-10-27,1.30395048528
2010-10-28,0.82786856832
2010-11-01,-0.111551718462
2010-11-02,0.515687284709
2010-11-03,0.381187785741
2010-11-04,-0.278312965097
2010-11-05,-1.17634921567
2010-11-08,-0.652084250581
2010-11-09,0.0708806796927
2010-11-10,0.310101499156
2010-11-11,0.743240468532
2010-11-12,1.04537268789
2010-11-15,0.0738633856988
2010-11-16,1.11631511557
2010-11-17,1.65947006092
2010-11-18,0.83213295592
2010-11-19,0.206036940907
2010-11-22,-0.31790828609
2010-11-23,0.655109233966
2010-11-24,0.861908583372
2010-11-25,0.253095200342
2010-11-26,0.265773210725
2010-11-29,0.531857242977
2010-11-30,-0.219178043296
2010-12-01,-0.724236514084
2010-12-02,-1.16305353254
2010-12-03,-1.536709843
2010-12-06,-2.31710445481
2010-12-07,-1.53386044695
2010-12-08,-1.0936957056
2010-12-09,-0.576449611167
2010-12-10,-0.0247324487441
2010-12-13,-0.118659786214
2010-12-14,-0.498648435663
2010-12-15,-0.346284938465
2010-12-16,0.151854903563
2010-12-17,0.332734032768
2010-12-20,-0.0881382434745
2010-12-21,0.548259325741
2010-12-22,0.00255030359288
2010-12-23,0.125688252962
2010-12-24,-1.48259061912
2010-12-27,-0.762055631514
2010-12-28,-1.32204789562
2010-12-29,-0.829370219109
2010-12-30,-1.57314067753
2010-12-31,-2.48153014243
2011-01-03,-2.00476179464
2011-01-04,-1.28948336929
2011-01-05,-0.702989631065
2011-01-06,-0.129543938939
2011-01-07,0.201824451994
2011-01-10,-0.397579080501
2011-01-11,0.481025020273
2011-01-12,-0.37894020584
2011-01-13,-0.84812008305
2011-01-14,0.15484952229
2011-01-17,0.0336015656011
2011-01-18,0.508098343068
2011-01-19,0.0767791778066
2011-01-20,-0.0522915476353
2011-01-21,-1.05237677631
2011-01-24,-1.32833886574
2011-01-25,-0.210063764056
2011-01-26,-0.309156684377
2011-01-27,-1.55519433065
2011-01-28,0.436348912439
2011-01-31,-0.192365605284
2011-02-01,-0.259785664308
2011-02-02,-0.546839903709
2011-02-03,-0.266341644441
2011-02-04,0.188480487852
2011-02-07,-0.977336685073
2011-02-08,-0.614841472714
2011-02-09,-0.0205481760498
2011-02-10,-0.0914437340911
2011-02-11,0.44124856642
2011-02-14,-1.93603802927
2011-02-15,0.193279659566
2011-02-16,0.398362086026
2011-02-17,0.883440581847
2011-02-18,0.0744725700755
2011-02-21,-1.74397459498
2011-02-22,0.396849425601
2011-02-23,0.40987751784
2011-02-24,0.835845241068
2011-02-25,1.50634011014
2011-02-28,0.785262651734
2011-03-01,0.720783819151
2011-03-02,0.599097402492
2011-03-03,0.0308611915563
2011-03-04,-1.03286101233
2011-03-07,-0.736166921087
2011-03-08,-0.224136019762
2011-03-09,-0.561607542041
2011-03-10,0.126069930617
2011-03-11,0.666801177665
2011-03-14,0.636700175472
2011-03-15,1.0966131534
2011-03-16,0.550359424886
2011-03-17,1.42558740283
2011-03-18,1.38957434892
2011-03-21,0.243031840116
2011-03-22,0.267851043646
2011-03-23,-0.128698645482
2011-03-24,-0.390461310674
2011-03-25,-0.705846193018
2011-03-27,-0.921977537503
2011-03-28,-0.497346831923
2011-03-29,-2.34139304041
2011-03-30,-2.72792709355
2011-03-31,-2.18670701388
2011-04-03,-1.74720252144
2011-04-04,-1.44476666403
2011-04-05,-1.25028827859
2011-04-06,-1.02589789131
2011-04-07,-1.40256316836
2011-04-10,-1.45026761197
2011-04-11,-1.1013888468
2011-04-12,-0.833157606473
2011-04-13,-0.785759386363
2011-04-14,
2011-04-17,
2011-04-18,
2011-04-19,
2011-04-20,
2011-04-21,
2011-04-24,
2011-04-25,
2011-04-26,
2011-04-27,
2011-04-28,
2011-05-01,
2011-05-02,
2011-05-03,
2011-05-04,2.0656110867
2011-05-05,1.58634120957
2011-05-08,1.03203698314
2011-05-09,0.873013094203
2011-05-10,0.634861253891
2011-05-11,0.880312355885
2011-05-12,0.772673805285
2011-05-15,0.930865085365
2011-05-16,0.850430550896
2011-05-17,0.384502004262
2011-05-18,-0.0433511166701
2011-05-19,0.0659828352966
2011-05-22,0.442464402729
2011-05-23,0.903357845838
2011-05-24,0.488097949544
2011-05-25,0.265163192073
2011-05-26,-1.01508543878
2011-05-29,-2.12402780973
2011-05-30,-1.99518265014
2011-05-31,-1.85694690463
2011-06-01,-1.16674799673
2011-06-02,-1.54908630445
2011-06-05,-1.09920746604
2011-06-06,-1.07488675749
2011-06-07,-0.66762788009
2011-06-08,-0.54873121074
2011-06-09,-0.297874295554
2011-06-12,-0.0654920509135
2011-06-13,-0.203439785292
2011-06-14,-0.167897092596
2011-06-15,1.48807065936
2011-06-16,1.13971749712
2011-06-19,0.738175230789
2011-06-20,0.353085123793
2011-06-21,-0.0554474974054
2011-06-22,0.0423116511863
2011-06-23,0.228001867789
2011-06-26,0.462418294248
2011-06-27,-0.415920343471
2011-06-28,-2.11584380793
2011-06-29,-2.30071936833
2011-06-30,-1.99405255405
2011-07-03,-1.67279996111
2011-07-04,-1.24240878715
2011-07-05,-0.696507737508
2011-07-06,-0.672928313218
2011-07-07,-0.871500706666
2011-07-10,-0.487919686848
2011-07-11,0.263508050291
2011-07-12,0.0909304366393
2011-07-13,-0.0544807820355
2011-07-14,0.468095465441
2011-07-17,0.639480838819
2011-07-18,0.380970128278
2011-07-19,-0.209874361175
2011-07-20,-0.740038417186
2011-07-21,-1.36591629412
2011-07-24,-1.59452378128
2011-07-25,-1.87734421067
2011-07-26,-1.10102633156
2011-07-27,-0.203368820175
2011-07-28,-0.219394526056
2011-07-31,-0.758693159344
2011-08-01,-0.118700124274
2011-08-02,0.196698277808
2011-08-03,0.350082778519
2011-08-04,1.64827819439
2011-08-07,1.93140399898
2011-08-08,2.37732160054
2011-08-09,1.40333849769
2011-08-10,1.28245096229
2011-08-11,0.850144935779
2011-08-14,0.426591559922
2011-08-15,-0.069546185589
2011-08-16,-0.2471543736
2011-08-17,-0.0686661092747
2011-08-18,0.0761460602785
2011-08-21,-0.123616617601
2011-08-22,-0.00110130963315
2011-08-23,-0.266391382987
2011-08-24,0.142343602902
2011-08-25,0.137515160372
2011-08-28,-0.371195778287
2011-08-29,-0.784238742337
2011-08-30,-0.876114281918
2011-08-31,-0.480363476039
2011-09-01,1.28950907503
2011-09-04,2.55780205009
2011-09-05,2.05812996711
2011-09-06,1.58069036886
2011-09-07,1.07753160452
2011-09-08,1.01789448792
2011-09-11,1.15169371325
2011-09-12,1.33129122563
2011-09-13,1.24957302797
2011-09-14,0.967058278372
2011-09-15,0.838622887729
2011-09-18,1.070043721
2011-09-19,1.43359531654
2011-09-20,1.39884085733
2011-09-21,1.75979493768
2011-09-22,1.52123419527
2011-09-25,0.86406751664
2011-09-26,0.515941459844
2011-09-27,0.292485374002
2011-09-28,0.411772474715
2011-09-29,0.479315446975
2011-10-02,0.746756612877
2011-10-03,0.907587012946
2011-10-04,0.285139782039
2011-10-05,-0.257581709396
2011-10-06,-1.33353706133
2011-10-09,-1.70479436401
2011-10-10,-1.44908776724
2011-10-11,-1.25293828768
2011-10-12,-0.976341151627
2011-10-13,-1.1720045068
2011-10-16,-1.00648178161
2011-10-17,-0.517470785582
2011-10-18,-0.636216871062
2011-10-19,-0.309044392066
2011-10-20,-0.14152536408
2011-10-23,-0.299173417017
2011-10-24,-0.785117380603
2011-10-25,-0.22535681663
2011-10-26,-1.09303713404
2011-10-27,-2.49127925451
2011-10-31,-2.21725941011
2011-11-01,-1.01652852676
2011-11-02,-0.335524101436
2011-11-03,-0.505149404854
2011-11-04,-0.234122028383
2011-11-07,0.111046361579
2011-11-08,-0.00516123110412
2011-11-09,0.0318833608012
2011-11-10,0.827750239515
2011-11-11,0.584661847746
2011-11-14,0.340354969886
2011-11-15,0.767918379479
2011-11-16,1.04598061282
2011-11-17,0.979241811824
2011-11-18,0.86164673632
2011-11-21,1.4674093617
2011-11-22,1.60729763105
2011-11-23,1.85273792115
2011-11-24,1.99523757247
2011-11-25,1.68811749689
2011-11-28,1.09368946379
2011-11-29,0.548785680678
2011-11-30,0.196376716508
2011-12-01,-0.300392532515
2011-12-02,-0.566720408271
2011-12-05,-0.647504793914
2011-12-06,-0.727937916903
2011-12-07,-0.614656694408
2011-12-08,-0.542165616271
2011-12-09,-0.319483329037
2011-12-12,-0.374338720003
2011-12-13,0.0906703299483
2011-12-14,0.848063326965
2011-12-15,1.0227056223
2011-12-16,0.703671228152
2011-12-19,0.698225936693
2011-12-20,0.662460649245
2011-12-21,0.373037750876
2011-12-22,0.458021099671
2011-12-23,0.230754133774
2011-12-26,0.44795022258
2011-12-27,0.192030349102
2011-12-28,0.669501515367
2011-12-29,1.17384170106
2011-12-30,0.106822356345
2012-01-02,0.279459710265
2012-01-03,-0.163852990526
2012-01-04,-2.45095780955
2012-01-05,-1.82065611932
2012-01-06,-0.651997937729
2012-01-09,-0.455734806839
2012-01-10,-1.61352937276
2012-01-11,-1.9474893939
2012-01-12,-1.61959636922
2012-01-13,-1.53598284498
2012-01-16,-1.24783085911
2012-01-17,-1.24764447764
2012-01-18,-1.04624868372
2012-01-19,-1.16540894994
2012-01-20,-1.10419579751
2012-01-23,-1.07189456985
2012-01-24,-0.986731711792
2012-01-25,-0.990673254083
2012-01-26,-1.04333361765
2012-01-27,-0.0220554663983
2012-01-30,-1.28487984928
2012-01-31,-1.1577682341
2012-02-01,-1.0655176584
2012-02-02,-1.49018870772
2012-02-03,-1.47677281067
2012-02-06,-1.44781700426
2012-02-07,-1.11647255545
2012-02-08,-1.10691585669
2012-02-09,-1.09456450185
2012-02-10,-0.881835485029
2012-02-13,-0.810026576905
2012-02-14,-0.875448919366
2012-02-15,-0.724929181961
2012-02-16,0.102351180918
2012-02-17,-1.04286039635
2012-02-20,-0.924893192692
2012-02-21,-0.263174529594
2012-02-22,-1.11132487323
2012-02-23,-2.30823959933
2012-02-24,-1.0966521478
2012-02-27,-0.985144649546
2012-02-28,-1.48619944056
2012-02-29,-1.32644819402
2012-03-01,0.356310590683
2012-03-02,0.349921873899
2012-03-05,1.57408707497
2012-03-06,1.95255460102
2012-03-07,1.71891207647
2012-03-08,1.73125268291
2012-03-09,1.27029535148
2012-03-12,1.53654392694
2012-03-13,1.35759302481
2012-03-14,1.04169895789
2012-03-15,0.82884498602
2012-03-16,0.625839647125
2012-03-19,0.645401805506
2012-03-20,0.855445296373
2012-03-21,0.652670739418
2012-03-22,0.763615111665
2012-03-23,0.618222678379
2012-03-25,0.330677479738
2012-03-26,0.621599070746
2012-03-27,0.600424981423
2012-03-28,0.854352338607
2012-03-29,0.464859769483
2012-04-01,1.02865833667
2012-04-02,0.96523024149
2012-04-03,0.854808848943
2012-04-04,0.395681882871
2012-04-05,0.559152800056
2012-04-08,0.536412041669
2012-04-09,-0.47821322432
2012-04-10,0.885431753957
2012-04-11,0.919557926968
2012-04-12,0.127839756061
2012-04-15,1.58467476587
2012-04-16,2.06189436647
2012-04-17,2.40149754711
2012-04-18,2.28577945129
2012-04-19,1.55645967046
2012-04-22,1.01620152155
2012-04-23,0.936818313095
2012-04-24,0.814634174898
2012-04-25,0.599482085651
2012-04-26,0.579945587903
2012-04-29,0.592637095923
2012-04-30,1.10598873598
2012-05-01,1.05296293123
2012-05-02,1.67930894318
2012-05-03,0.97701330073
2012-05-06,1.19843154122
2012-05-07,0.883111523949
2012-05-08,1.37104034228
2012-05-09,1.57822347329
2012-05-10,0.943514653948
2012-05-13,1.15198794267
2012-05-14,1.35703798891
2012-05-15,1.17370735495
2012-05-16,0.964556417741
2012-05-17,1.0193561112
2012-05-20,1.09997443347
2012-05-21,1.14952482062
2012-05-22,1.53598685585
2012-05-23,0.592201804232
2012-05-24,0.313765848376
2012-05-27,-0.525685987016
2012-05-28,-0.596376287145
2012-05-29,-0.281688586509
2012-05-30,0.0413854561384
2012-05-31,0.189661812479
2012-06-03,0.461519081739
2012-06-04,0.609704862581
2012-06-05,-0.144106180491
2012-06-06,0.194546645519
2012-06-07,0.0560806019982
2012-06-10,-0.142010284846
2012-06-11,1.41543506476
2012-06-12,1.28054896061
2012-06-13,1.14047277354
2012-06-14,0.668957462696
2012-06-17,0.371912046631
2012-06-18,0.380083324599
2012-06-19,-0.810598832923
2012-06-20,-0.793939495023
2012-06-21,0.546273415676
2012-06-24,0.658279936592
2012-06-25,0.446750419554
2012-06-26,0.824635821501
2012-06-27,0.95595261524
2012-06-28,-0.144191820572
2012-07-01,-2.21684586531
2012-07-02,-1.87605297723
2012-07-03,-0.966807911813
2012-07-04,-0.545098374185
2012-07-05,-0.572999560012
2012-07-08,-0.381180499778
2012-07-09,-0.354302823115
2012-07-10,-0.338729199268
2012-07-11,-0.114150074637
2012-07-12,0.0234339934245
2012-07-15,0.0984813884744
2012-07-16,0.0936853299293
2012-07-17,-0.184742412119
2012-07-18,-0.440669396417
2012-07-19,-0.926282544173
2012-07-22,-0.239110349396
2012-07-23,0.962089659611
2012-07-24,1.09308033359
2012-07-25,-0.153646959306
2012-07-26,-0.797378524327
2012-07-29,-0.716986096371
2012-07-30,0.61226169015
2012-07-31,1.21354869928
2012-08-01,0.49209105883
2012-08-02,0.477737408931
2012-08-05,-0.564592508165
2012-08-06,-0.438725209837
2012-08-07,-0.525564929112
2012-08-08,-0.872260339873
2012-08-09,-1.00699869692
2012-08-12,-1.1388726988
2012-08-13,-0.82698455154
2012-08-14,-0.472083276028
2012-08-15,-0.715965557246
2012-08-16,-0.985470352472
2012-08-19,-1.01772787803
2012-08-20,-0.969002121965
2012-08-21,-1.02254156117
2012-08-22,0.0494117140749
2012-08-23,0.424700213134
2012-08-26,0.429152824926
2012-08-27,2.19021256527
2012-08-28,2.18056912728
2012-08-29,1.80162052567
2012-08-30,1.00681679739
2012-09-02,-0.024741209041
2012-09-03,0.210143059733
2012-09-04,0.500532548384
2012-09-05,0.305016172602
2012-09-06,-0.564705070179
2012-09-09,-0.936531641672
2012-09-10,-1.02977021984
2012-09-11,-1.26662843894
2012-09-12,-0.621257202945
2012-09-13,-0.968592250643
2012-09-16,-0.956315239744
2012-09-17,0.0594536711732
2012-09-18,-0.519542636229
2012-09-19,-0.264534700077
2012-09-20,-0.143057888297
2012-09-23,-0.414818546992
2012-09-24,-0.0393232565309
2012-09-25,1.23501075444
2012-09-26,1.43509556349
2012-09-27,1.04030663413
2012-09-30,-0.112937638673
2012-10-01,-0.164770101827
2012-10-02,-0.0885457320957
2012-10-03,-0.780580529187
2012-10-04,-1.11448799617
2012-10-07,-1.30069407398
2012-10-08,1.3339778894
2012-10-09,0.962190706156
2012-10-10,1.24672238835
2012-10-11,1.05412373441
2012-10-14,0.992521466027
2012-10-15,0.332589820315
2012-10-16,0.129794833818
2012-10-17,-0.0784110775134
2012-10-18,-0.504735542717
2012-10-21,-0.498940278787
2012-10-22,-0.720494425089
2012-10-23,-0.666998772287
2012-10-24,-0.87519107104
2012-10-25,-0.778191398315
2012-10-29,-0.118421169451
2012-10-30,0.409186393078
2012-10-31,-0.368267047006
2012-11-01,0.48894957763
2012-11-02,0.677969339818
2012-11-05,0.278602258154
2012-11-06,0.571140656495
2012-11-07,0.174714853849
2012-11-08,1.179961959
2012-11-09,2.20501297442
2012-11-12,1.37805452827
2012-11-13,1.83024387878
2012-11-14,1.44997338964
2012-11-15,1.3183997633
2012-11-16,1.15679627863
2012-11-19,1.39742800701
2012-11-20,0.996985938759
2012-11-21,1.13373076766
2012-11-22,1.12976807848
2012-11-23,1.24356733307
2012-11-26,0.355429216881
2012-11-27,0.359409009253
2012-11-28,0.379438986721
2012-11-29,0.721765726764
2012-11-30,1.09572840536
2012-12-03,1.78032026012
2012-12-04,0.938880060744
2012-12-05,0.826451726741
2012-12-06,-0.514490655623
2012-12-07,-1.05636908795
2012-12-10,-1.02080651973
2012-12-11,-1.06235430931
2012-12-12,-0.839252477473
2012-12-13,-0.862996968049
2012-12-14,-0.377614887522
2012-12-17,-0.269087256026
2012-12-18,0.146346485255
2012-12-19,-0.419789518659
2012-12-20,-1.06758851877
2012-12-21,-0.852094063641
2012-12-24,-0.712379651127
2012-12-25,0.195006121985
2012-12-26,-0.883621189845
2012-12-27,-2.35201623066
2012-12-28,-2.05874904649
2012-12-31,-1.44910772705
2013-01-01,-0.852484349055
2013-01-02,-0.94124602407
2013-01-03,-0.906136515882
2013-01-04,-0.765076735869
2013-01-07,-1.19987038878
2013-01-08,-1.35591236429
2013-01-09,-0.597198743716
2013-01-10,-0.541738749644
2013-01-11,-1.14351276594
2013-01-14,-1.12700874104
2013-01-15,-0.706733352243
2013-01-16,
2013-01-17,
2013-01-18,
2013-01-21,
2013-01-22,
2013-01-23,
2013-01-24,
2013-01-25,
2013-01-28,
2013-01-29,
2013-01-30,
2013-01-31,
2013-02-01,
2013-02-04,
2013-02-05,-0.805431021975
2013-02-06,-0.863198565423
2013-02-07,-0.780062979211
2013-02-08,-1.19517180441
2013-02-11,-1.01046129842
2013-02-12,-1.00330537938
2013-02-13,-1.04401175393
2013-02-14,-1.12110643076
2013-02-15,-1.16030353598
2013-02-18,-0.671057731506
2013-02-19,-0.93676945524
2013-02-20,-1.21706084565
2013-02-21,-0.228794694438
2013-02-22,0.181502169424
2013-02-25,0.259438128269
2013-02-26,1.43817968659
2013-02-27,1.70615452842
2013-02-28,0.598312928057
2013-03-01,1.04770974811
2013-03-04,0.628627262678
2013-03-05,-0.337484934744
2013-03-06,-0.43779354637
2013-03-07,-0.248496063646
2013-03-08,-1.13657492305
2013-03-11,-1.83391437798
2013-03-12,-1.15371424554
2013-03-13,-0.374669679393
2013-03-14,0.0891911006906
2013-03-15,0.124966864875
2013-03-18,1.28762559797
2013-03-19,0.56966256897
2013-03-20,0.723562383813
2013-03-21,0.968420613268
2013-03-22,1.74391265506
2013-03-25,1.19279162386
2013-03-26,1.07302138229
2013-03-27,1.10376646599
2013-03-28,0.692192484195
2013-03-29,0.952410993938
2013-03-31,0.736891528615
2013-04-01,0.516322725273
2013-04-02,0.517577293373
2013-04-03,0.547029243726
2013-04-04,-0.145044923868
2013-04-07,-1.58976140744
2013-04-08,-1.44542300965
2013-04-09,-1.81051883946
2013-04-10,-1.64528059807
2013-04-11,-1.19656229496
2013-04-14,-1.14411170457
2013-04-15,-0.206478605361
2013-04-16,-0.422073937921
2013-04-17,0.139972230372
2013-04-18,0.0197789783863
2013-04-21,0.44669426076
2013-04-22,0.946172825099
2013-04-23,1.09489659669
2013-04-24,0.610213077071
2013-04-25,0.273258395979
2013-04-28,-0.0782564769838
2013-04-29,0.406063736827
2013-04-30,0.0376671657669
2013-05-01,0.0883026542887
2013-05-02,0.331692270028
2013-05-05,0.248643210445
2013-05-06,0.0184238726357
2013-05-07,-0.294739298228
2013-05-08,-0.750978555246
2013-05-09,0.894419094297
2013-05-12,1.02320808807
2013-05-13,0.366449499767
2013-05-14,1.7136606292
2013-05-15,1.33285256268
2013-05-16,1.46391393528
2013-05-19,1.50491178244
2013-05-20,1.44299274958
2013-05-21,0.979031901108
2013-05-22,1.37654727964
2013-05-23,0.959531851218
2013-05-26,0.739841034852
2013-05-27,1.20289112192
2013-05-28,1.95638694329
2013-05-29,2.06056653176
2013-05-30,1.66473976353
2013-06-02,1.29303521599
2013-06-03,1.0543915876
2013-06-04,0.800265534096
2013-06-05,0.751891048984
2013-06-06,0.689775707327
2013-06-09,0.643562923505
2013-06-10,0.599631448935
2013-06-11,0.555940602892
2013-06-12,0.810827959351
2013-06-13,-0.0172168703323
2013-06-16,-0.335725069773
2013-06-17,2.12109885092
2013-06-18,1.81626226018
2013-06-19,2.48334776119
2013-06-20,1.90165717169
2013-06-23,1.20049089435
2013-06-24,0.666565263293
2013-06-25,0.348335957337
2013-06-26,-0.0295974230567
2013-06-27,0.195295543663
2013-06-30,0.331174575957
2013-07-01,0.448984484026
2013-07-02,0.768137632866
2013-07-03,0.880555777542
2013-07-04,0.587633424228
2013-07-07,0.518798352736
2013-07-08,0.649379195178
2013-07-09,0.511271765532
2013-07-10,0.73149726843
2013-07-11,0.495673956238
2013-07-14,0.454868092798
2013-07-15,-0.530629648213
2013-07-16,0.0165585812746
2013-07-17,-1.13551789713
2013-07-18,-1.3028402013
2013-07-21,-0.480927159312
2013-07-22,-0.914756476748
2013-07-23,-1.24067399504
2013-07-24,-0.0463720278538
2013-07-25,-0.025872863938
2013-07-28,0.386443679058
2013-07-29,0.950017370628
2013-07-30,1.49892451121
2013-07-31,1.15358083817
2013-08-01,1.53044640209
2013-08-04,0.72991440362
2013-08-05,1.03668151233
2013-08-06,0.769249725801
2013-08-07,0.665683638974
2013-08-08,0.115682491661
2013-08-11,-0.272903743174
2013-08-12,0.386431908472
2013-08-13,1.08273132243
2013-08-14,1.56691367791
2013-08-15,1.77818175159
2013-08-18,2.33413666468
2013-08-19,1.69866592437
2013-08-20,1.20547398932
2013-08-21,1.40054550051
2013-08-22,0.771880697614
2013-08-25,0.265962413473
2013-08-26,0.310001898847
2013-08-27,-0.0309694099899
2013-08-28,-0.335133409452
2013-08-29,-0.237484130352
2013-09-01,0.297022406453
2013-09-02,-0.143490802598
2013-09-03,-0.931060552314
2013-09-04,-1.08097091401
2013-09-05,-1.74662595728
2013-09-08,-0.852056325833
2013-09-09,-2.03825037321
2013-09-10,-1.5097689439
2013-09-11,-1.41846986627
2013-09-12,-1.16186451583
2013-09-15,-1.03649532646
2013-09-16,-0.835975627687
2013-09-17,-1.05210182185
2013-09-18,-1.63020102144
2013-09-19,-1.39315561677
2013-09-22,-0.429009364093
2013-09-23,-1.38886244165
2013-09-24,-1.07401453901
2013-09-25,-0.584937981734
2013-09-26,-0.128471594499
2013-09-29,-0.28194851124
2013-09-30,-0.642289950163
2013-10-01,-0.588740077489
2013-10-02,-0.940453102541
2013-10-03,-0.632471258027
2013-10-06,-0.450335883351
2013-10-07,
2013-10-08,
2013-10-09,
2013-10-10,
2013-10-13,
2013-10-14,
2013-10-15,
2013-10-16,
2013-10-17,
2013-10-20,
2013-10-21,
2013-10-22,
2013-10-23,
2013-10-24,
2013-10-28,0.0165612090242
2013-10-29,-0.0293712868036
2013-10-30,0.669871967231
2013-10-31,1.22509310527
2013-11-01,2.5451083951
2013-11-04,1.86871655664
2013-11-05,1.59609526782
2013-11-06,1.47883880757
2013-11-07,1.15777640846
2013-11-08,1.2534205822
2013-11-11,0.983825117706
2013-11-12,1.0862310624
2013-11-13,0.80637257202
2013-11-14,0.705534477629
2013-11-15,0.418107486444
2013-11-18,0.229350562888
2013-11-19,-0.547449063373
2013-11-20,-0.585212416204
2013-11-21,-0.332667546748
2013-11-22,-0.049239661918
2013-11-25,-0.806977033311
2013-11-26,-0.4485076832
2013-11-27,-0.107564199713
2013-11-28,0.808378671771
2013-11-29,0.497632757583
2013-12-02,1.14602357759
2013-12-03,1.29093172122
2013-12-04,1.47607315569
2013-12-05,1.28561544497
2013-12-06,0.599571893876
2013-12-09,-0.155955610509
2013-12-10,-0.37639319287
2013-12-11,-0.438496836594
2013-12-12,0.158535844115
2013-12-13,-0.147613462145
2013-12-16,-0.507457454057
2013-12-17,-0.569646170403
2013-12-18,-0.674110340902
2013-12-19,-0.0975496633545
2013-12-20,0.685438516201
2013-12-23,0.993631224042
2013-12-24,0.349324647553
2013-12-25,0.592468853349
2013-12-26,0.620811218396
2013-12-27,0.306666521659
2013-12-30,-0.29802175949
2013-12-31,0.427669277923
2014-01-01,0.376525663196
2014-01-02,0.885368528835
2014-01-03,1.11929020282
2014-01-06,0.808050309046
2014-01-07,0.311219044965
2014-01-08,0.366812136644
2014-01-09,1.36323768404
2014-01-10,0.862968053631
2014-01-13,-0.758045820847
2014-01-14,-0.539338537101
2014-01-15,-0.987031495039
2014-01-16,-0.361287105744
2014-01-17,-0.578593420121
2014-01-20,-1.33021669137
2014-01-21,-0.813016530008
2014-01-22,-0.47249350841
2014-01-23,0.53031893423
2014-01-24,1.69721855748
2014-01-27,1.13313403816
2014-01-28,1.18917528312
2014-01-29,1.41139768089
2014-01-30,1.02980801997
2014-01-31,0.535012957362
2014-02-03,0.537359805495
2014-02-04,0.677410811726
2014-02-05,0.127844687276
2014-02-06,-0.156156759826
2014-02-07,-0.708807556267
2014-02-10,-0.735635597561
2014-02-11,-0.26402984944
2014-02-12,-0.439251796082
2014-02-13,0.390629045429
2014-02-14,-1.04806624803
2014-02-17,-1.06935893909
2014-02-18,-0.866313903141
2014-02-19,-0.378131990708
2014-02-20,-0.874807110613
2014-02-21,-1.50635223907
2014-02-24,-2.39697853603
2014-02-25,-2.02854027907
2014-02-26,-1.41670803254
2014-02-27,-1.00689251016
2014-02-28,-1.21363973001
2014-03-03,-0.919589444574
2014-03-04,-0.673949623902
2014-03-05,-0.706734845919
2014-03-06,-1.17979552236
2014-03-07,-0.818169484405
2014-03-10,-0.506012715945
2014-03-11,0.105611496116
2014-03-12,1.52188230416
2014-03-13,0.87706869921
2014-03-14,1.442253208
2014-03-17,0.0767758305312
2014-03-18,0.400314915174
2014-03-19,-0.411678243173
2014-03-20,0.0305292953676
2014-03-21,-1.11083324492
2014-03-24,-0.969085081151
2014-03-25,-1.06960842427
2014-03-26,-1.4708736096
2014-03-27,-1.86670897977
2014-03-28,-2.05548468122
2014-03-30,-1.58724795659
2014-03-31,-1.20154402543
2014-04-01,-1.10092814292
2014-04-02,-0.782864678164
2014-04-03,-0.777346251591
2014-04-06,-1.28219218689
2014-04-07,-1.53660975327
2014-04-08,-1.57526888314
2014-04-09,-1.63041047856
2014-04-10,-1.03036805212
2014-04-13,-0.760558483174
2014-04-14,-0.579420293408
2014-04-15,-0.161752748922
2014-04-16,0.0328443729807
2014-04-17,0.0177598989568
2014-04-20,0.0433986488834
2014-04-21,0.126654859184
2014-04-22,0.368784408378
2014-04-23,-0.186956123046
2014-04-24,-0.313966619242
2014-04-27,0.623026811304
2014-04-28,-0.347358904624
2014-04-29,0.557864356994
2014-04-30,-0.214175435836
2014-05-01,-0.110953705102
2014-05-04,-1.06697051799
2014-05-05,0.598792366479
2014-05-06,-0.502447022909
2014-05-07,-1.33904540774
2014-05-08,-1.04028099345
2014-05-11,-1.16261012027
2014-05-12,-0.992486173744
2014-05-13,-0.880012238896
2014-05-14,-1.10386932235
2014-05-15,-0.464656880163
2014-05-18,-0.710478246375
2014-05-19,-0.982587073743
2014-05-20,-0.481916040317
2014-05-21,-0.855601193541
2014-05-22,-0.279775817443
2014-05-25,0.896511725728
2014-05-26,2.3025579933
2014-05-27,2.30942771217
2014-05-28,1.1025362836
2014-05-29,0.842266830034
2014-06-01,1.64117010483
2014-06-02,2.04209672927
2014-06-03,1.73944884936
2014-06-04,1.20106307886
2014-06-05,0.425874274375
2014-06-08,-0.0395823604814
2014-06-09,-0.395015567028
2014-06-10,-0.772732967643
2014-06-11,-0.608637467956
2014-06-12,-0.656472148425
2014-06-15,-0.887485006622
2014-06-16,-0.311598713554
2014-06-17,0.370271519815
2014-06-18,-1.03979104326
2014-06-19,-0.727381485838
2014-06-22,-0.56962515525
2014-06-23,-1.0384887074
2014-06-24,-0.966711421876
2014-06-25,-1.6169868968
2014-06-26,-1.83564044827
2014-06-29,-1.63529663671
2014-06-30,-0.55085682743
2014-07-01,-0.860415653448
2014-07-02,0.321959369919
2014-07-03,-0.588702608247
2014-07-06,-0.39318602619
2014-07-07,0.498087520885
2014-07-08,-0.347253183451
2014-07-09,-0.0671949174533
2014-07-10,0.633734910246
2014-07-13,0.437976113526
2014-07-14,-0.0808736247323
2014-07-15,0.296933036119
2014-07-16,1.07937484764
2014-07-17,2.38707359475
2014-07-20,0.256847716552
2014-07-21,-0.216406305567
2014-07-22,-0.706059179147
2014-07-23,-0.360296508203
2014-07-24,-0.164088278537
2014-07-27,0.482540216001
2014-07-28,-0.0610618085458
2014-07-29,0.91861885734
2014-07-30,1.71666645072
2014-07-31,1.71145961659
2014-08-03,0.883545263786
2014-08-04,1.09250580956
2014-08-05,1.25321793147
2014-08-06,0.894883373287
2014-08-07,1.18116683501
2014-08-10,0.65567563317
2014-08-11,0.446037466468
2014-08-12,0.416883537532
2014-08-13,0.415101693133
2014-08-14,-0.101901132649
2014-08-17,-0.844463551868
2014-08-18,-0.89580731495
2014-08-19,-1.42666958338
2014-08-20,-0.703907732072
2014-08-21,-0.100292829435
2014-08-24,0.169330948073
2014-08-25,0.609293371007
2014-08-26,-0.728703001238
2014-08-27,-1.08314113659
2014-08-28,-1.48249089408
2014-08-31,-1.48348471001
2014-09-01,-0.763267645078
2014-09-02,-0.99322241276
2014-09-03,-0.966178191306
2014-09-04,-0.682831754433
2014-09-07,-0.52245413783
2014-09-08,0.705154334098
2014-09-09,1.11360915225
2014-09-10,0.99232952603
2014-09-11,1.41756391075
2014-09-14,1.37337951899
2014-09-15,1.38887917819
2014-09-16,1.07167082151
2014-09-17,1.18507026985
2014-09-18,1.04803833756
2014-09-21,0.942181924806
2014-09-22,1.1286699358
2014-09-23,1.09150498528
2014-09-24,0.742061804777
2014-09-25,1.11128405648
2014-09-28,1.05529750591
2014-09-29,1.06221633876
2014-09-30,0.904634233858
2014-10-01,1.25435224728
2014-10-02,1.181694666
2014-10-05,0.368185540646
2014-10-06,-0.207920033802
2014-10-07,-0.581979417759
2014-10-08,-1.09369302098
2014-10-09,-0.692482119491
2014-10-12,-0.729543157115
2014-10-13,-0.763161734196
2014-10-14,-0.532379977548
2014-10-15,0.632894688288
2014-10-16,0.391513177378
2014-10-19,0.0779303483337
2014-10-20,0.71360605628
2014-10-21,0.759473740381
2014-10-22,1.00773658819
2014-10-23,0.766164727502
2014-10-27,0.86284359044
2014-10-28,0.845006131239
2014-10-29,-0.164152280316
2014-10-30,-0.507544049727
2014-10-31,-0.996242282932
2014-11-03,-0.438152074128
2014-11-04,0.93001392985
2014-11-05,0.785681239808
2014-11-06,0.916428669442
2014-11-07,1.71858706936
2014-11-10,1.01971762053
2014-11-11,0.933150419558
2014-11-12,0.762035241242
2014-11-13,0.821981768758
2014-11-14,1.11617425853
2014-11-17,0.889156233429
2014-11-18,0.780671408067
2014-11-19,0.508087599453
2014-11-20,0.187751515732
2014-11-21,-0.213969840492
2014-11-24,-1.16863627267
2014-11-25,-0.842940657558
2014-11-26,-1.36923018717
2014-11-27,-1.49857995078
2014-11-28,-0.397411442558
2014-12-01,-0.243794593325
2014-12-02,-0.00757511632723
2014-12-03,0.121655591458
2014-12-04,0.104404490082
2014-12-05,0.886541090401
2014-12-08,0.929505158203
2014-12-09,1.12090678383
2014-12-10,0.836626669877
2014-12-11,1.29142518871
2014-12-12,1.51148959258
2014-12-15,1.32247547052
2014-12-16,1.78603337946
2014-12-17,1.46317683706
2014-12-18,0.847026816411
2014-12-19,0.239377755165
2014-12-22,0.15592542013
2014-12-23,0.35792362442
2014-12-24,0.556838440574
2014-12-25,0.476346979431
2014-12-26,0.426198815732
2014-12-29,0.156142273051
2014-12-30,0.0889163458116
2014-12-31,-1.0110707194
2015-01-01,-0.900889897287
2015-01-02,-0.396893019699
2015-01-05,0.537026493146
2015-01-06,0.987908563216
2015-01-07,0.279856719772
2015-01-08,-0.00720401373678
2015-01-09,-1.30810203986
2015-01-12,-1.52308121799
2015-01-13,-0.630354689067
2015-01-14,-1.42560461902
2015-01-15,-1.63891266164
2015-01-16,-0.937190585722
2015-01-19,-1.2115567708
2015-01-20,-0.574321637375
2015-01-21,-1.24187083479
2015-01-22,-1.45536703738
2015-01-23,-1.38042851291
2015-01-26,-1.06434996199
2015-01-27,-1.06518102172
2015-01-28,-1.18096296016
2015-01-29,-0.743185094685
2015-01-30,0.46754280607
2015-02-02,1.65721339762
2015-02-03,1.84515665294
2015-02-04,1.24439745858
2015-02-05,1.2951961245
2015-02-06,1.17138384556
2015-02-09,1.07166738845
2015-02-10,0.930931217762
2015-02-11,1.18368812568
2015-02-12,1.1050921434
2015-02-13,0.74910315991
2015-02-16,0.636621448284
2015-02-17,0.525054922725
2015-02-18,0.492777355887
2015-02-19,0.570631420241
2015-02-20,0.794870984915
2015-02-23,0.847079331635
2015-02-24,0.792617683039
2015-02-25,0.445407475906
2015-02-26,0.590573817424
2015-02-27,1.16242179478
2015-03-02,-0.116576080518
2015-03-03,1.29616492907
2015-03-04,1.99716439621
2015-03-05,1.91275479297
2015-03-06,1.70717552492
2015-03-09,1.72837352044
2015-03-10,1.60455218314
2015-03-11,1.09938069354
2015-03-12,0.906329695084
2015-03-13,1.19414766803
2015-03-16,1.13427953601
2015-03-17,0.991548955737
2015-03-18,0.85403679549
2015-03-19,0.745733480436
2015-03-20,0.79120770505
2015-03-23,0.307362770968
2015-03-24,-0.328004952178
2015-03-25,-0.3795141066
2015-03-26,0.0449708526318
2015-03-27,0.0346537634808
2015-03-29,0.623122925864
2015-03-30,0.0941705309119
2015-03-31,-0.842329953757
2015-04-01,-0.954326360649
2015-04-02,-1.32408043912
2015-04-05,-1.32198984446
2015-04-06,-0.911067264173
2015-04-07,-1.03119185149
2015-04-08,-1.66081781575
2015-04-09,-1.23412779948
2015-04-12,-0.876951668215
2015-04-13,-0.529436150367
2015-04-14,-0.881445410264
2015-04-15,-1.3061756926
2015-04-16,-1.15355211409
2015-04-19,-0.940117172501
2015-04-20,-0.989580441011
2015-04-21,-1.0323735014
2015-04-22,-1.1797852764
2015-04-23,-1.53027809926
2015-04-26,-1.91072220422
2015-04-27,-1.96207118941
2015-04-28,-1.19696676135
2015-04-29,-0.620964631251
2015-04-30,0.331577402463
2015-05-03,0.340284173444
2015-05-04,1.01288441604
2015-05-05,0.609592761825
2015-05-06,0.364312928233
2015-05-07,0.0920152491421
2015-05-10,-0.231052521872
2015-05-11,0.653277964656
2015-05-12,0.0242824002001
2015-05-13,0.197298528373
2015-05-14,-0.400508274525
2015-05-17,-0.413833843024
2015-05-18,-0.343911001793
2015-05-19,0.162785214273
2015-05-20,-0.465488088256
2015-05-21,0.511469761111
2015-05-24,2.00096723841
2015-05-25,1.73503222899
2015-05-26,1.88048244868
2015-05-27,1.23778109461
2015-05-28,1.08456325141
2015-05-31,1.00213430557
2015-06-01,0.642768160512
2015-06-02,0.249774703077
2015-06-03,0.313108132854
2015-06-04,0.318076985649
2015-06-07,0.112566811248
2015-06-08,-0.437103295422
2015-06-09,-1.00547740113
2015-06-10,-0.298157474605
2015-06-11,-1.07894811316
2015-06-14,-0.66595024689
2015-06-15,-0.495060154904
2015-06-16,-1.30142626398
2015-06-17,-1.94027383195
2015-06-18,-1.30192518067
2015-06-21,-0.604164687826
2015-06-22,-0.462643584041
2015-06-23,-0.772242729269
2015-06-24,-0.0154776642831
2015-06-25,0.885376011682
2015-06-28,1.19275297157
2015-06-29,0.343345886454
2015-06-30,0.285593757588
2015-07-01,0.868372147204
2015-07-02,0.0654301548775
2015-07-05,0.939037321739
2015-07-06,1.06856707355
2015-07-07,1.80557140292
2015-07-08,1.81730787905
2015-07-09,1.15219099777
2015-07-12,0.203794745484
2015-07-13,-0.4601294836
2015-07-14,-0.320774802634
2015-07-15,-0.38075222184
2015-07-16,0.113443739128
2015-07-19,0.662618928759
2015-07-20,0.428233738491
2015-07-21,0.26647116875
2015-07-22,1.21872512875
2015-07-23,1.8662726293
2015-07-26,2.04437783243
2015-07-27,1.49777301445
2015-07-28,1.01589677537
2015-07-29,0.702284029146
2015-07-30,0.796671250001
2015-08-02,0.983501716447
2015-08-03,0.997461634219
2015-08-04,0.986860702968
2015-08-05,1.13179376171
2015-08-06,1.12700631864
2015-08-09,0.796531557439
2015-08-10,0.320277329356
2015-08-11,0.390595765028
2015-08-12,0.421547172768
2015-08-13,0.535448619365
2015-08-16,0.24690021453
2015-08-17,0.156836967841
2015-08-18,-0.0388986402546
2015-08-19,0.111123648129
2015-08-20,-0.762936992545
2015-08-23,1.02917532535
2015-08-24,1.26367327721
2015-08-25,2.3443350503
2015-08-26,1.24631681752
2015-08-27,0.752039814866
2015-08-30,1.13516998471
2015-08-31,1.21518190378
2015-09-01,1.55266875702
2015-09-02,1.60118054058
2015-09-03,1.1753693608
2015-09-06,1.38156847623
2015-09-07,1.0142028111
2015-09-08,0.733635721858
2015-09-09,0.717403751419
2015-09-10,0.796359092332
2015-09-13,0.765596449689
2015-09-14,0.42595377549
2015-09-15,0.552061540425
2015-09-16,0.503347034248
2015-09-17,0.971722553698
2015-09-20,1.70723548598
2015-09-21,
2015-09-22,
2015-09-23,
2015-09-24,
2015-09-27,
2015-09-28,
2015-09-29,
2015-09-30,
2015-10-01,
2015-10-04,
2015-10-05,
2015-10-06,
2015-10-07,
2015-10-08,
2015-10-11,-1.37250845311
2015-10-12,-1.04445353425
2015-10-13,-0.382453124675
2015-10-14,-0.689072704186
2015-10-15,-0.655073189557
2015-10-18,0.19009210246
2015-10-19,0.0329318879749
2015-10-20,0.522637708871
2015-10-21,0.886218124038
2015-10-22,0.471756079966
2015-10-26,0.102048210813
2015-10-27,0.548054012068
2015-10-28,0.232620464918
2015-10-29,0.600158537169
2015-10-30,-0.509714790501
2015-11-02,-0.78557972225
2015-11-03,-0.836996438761
2015-11-04,-1.88208518925
2015-11-05,-1.47724108093
2015-11-06,-1.21541111561
2015-11-09,-1.20815615248
2015-11-10,-0.82343431946
2015-11-11,-1.38707147832
2015-11-12,-0.768471184056
2015-11-13,-0.597426876643
2015-11-16,0.280200768953
2015-11-17,-0.0653203142423
2015-11-18,-0.228895278879
2015-11-19,-1.23318367548
2015-11-20,-1.29911876168
2015-11-23,-1.85973213274
2015-11-24,-1.22553614851
2015-11-25,-0.874358315127
2015-11-26,-0.51129113392
2015-11-27,-0.560602808441
2015-11-30,0.994846726924
2015-12-01,1.31528725516
2015-12-02,0.849242671828
2015-12-03,0.286703772984
2015-12-04,-0.416085747752
2015-12-07,-0.421571875258
2015-12-08,-0.0541636814106
2015-12-09,0.068176761841
2015-12-10,-0.411521133337
2015-12-11,0.666138089208
2015-12-14,0.942575649883
2015-12-15,0.906512546057
2015-12-16,1.3020718019
2015-12-17,0.737208203502
2015-12-18,0.690064680685
2015-12-21,1.50907743883
2015-12-22,1.19879494423
2015-12-23,0.871139957828
2015-12-24,0.470678220741
2015-12-25,0.166649048319
2015-12-28,0.103009191383
2015-12-29,-0.719877793401
2015-12-30,-0.22132336224
2015-12-31,0.520455017172
2016-01-01,0.303936205436
2016-01-04,0.812087753218
2016-01-05,1.1928142614
2016-01-06,0.999274299806
2016-01-07,0.940178922975
2016-01-08,0.751501527213
2016-01-11,0.473213096995
2016-01-12,0.684400400734
2016-01-13,0.260365168812
2016-01-14,0.282299696357
2016-01-15,0.345670288131
2016-01-18,0.302892753061
2016-01-19,0.605813702209
2016-01-20,1.71411099907
2016-01-21,2.63151998092
2016-01-22,1.88442071659
2016-01-25,0.69160662184
2016-01-26,0.504562431875
2016-01-27,-0.086979581939
2016-01-28,0.380988148275
2016-01-29,-0.237590146408
2016-02-01,-1.22034482118
2016-02-02,-1.40535619588
2016-02-03,-1.34046420471
2016-02-04,-2.06379829992
2016-02-05,-1.47520705556
2016-02-08,-1.17980734193
2016-02-09,-1.01172198748
2016-02-10,-0.883845855709
2016-02-11,-0.44267028934
2016-02-12,0.0253635160491
2016-02-15,0.110217822888
2016-02-16,0.448830943295
2016-02-17,0.878012650239
2016-02-18,0.425719116159
2016-02-19,0.916179802827
2016-02-22,0.390186404022
2016-02-23,-0.164814206745
2016-02-24,-0.0099438494184
2016-02-25,-0.477837052384
2016-02-26,-0.389620929498
2016-02-29,-0.248438827221
2016-03-01,0.299986071612
2016-03-02,-1.65051169095
2016-03-03,-2.00304457642
2016-03-04,-2.69093752375
2016-03-07,-1.81533902238
2016-03-08,-1.29716829172
2016-03-09,-1.33311382574
2016-03-10,-1.39581306305
2016-03-11,-1.39442156814
2016-03-14,-1.29112784585
2016-03-15,-0.727995962503
2016-03-16,-0.129834767161
2016-03-17,-0.589278970988
2016-03-18,-0.970172047099
2016-03-21,-0.949437123115
2016-03-22,-0.92433696385
2016-03-23,-0.903378946776
2016-03-24,0.0190630562161
2016-03-25,-0.136129389068
2016-03-27,-0.205073996077
2016-03-28,-0.249800903501
2016-03-29,-0.594701088881
2016-03-30,-1.14558707817
2016-03-31,-1.1744540986
2016-04-03,-1.26247439573
2016-04-04,-0.128262960206
2016-04-05,0.92364148516
2016-04-06,0.326486078612
2016-04-07,0.41370867894
2016-04-10,-1.30733332749
2016-04-11,-1.7394155059
2016-04-12,-1.37159594081
2016-04-13,-1.22010612441
2016-04-14,-1.21790722753
2016-04-17,-0.580254021502
2016-04-18,0.0461582633085
2016-04-19,-0.572370476925
2016-04-20,-0.623394098499
2016-04-21,-0.302628166863
2016-04-24,-0.173568426076
2016-04-25,-0.244256881966
2016-04-26,-0.460854009635
2016-04-27,-0.733324798639
2016-04-28,-1.6408655892
2016-05-01,-1.67550179775
2016-05-02,-0.137407030205
2016-05-03,0.516957276526
2016-05-04,0.0451274058115
2016-05-05,0.19740186309
2016-05-08,0.525945674998
2016-05-09,-0.72035297752
2016-05-10,-1.29346158156
2016-05-11,-1.18141257571
2016-05-12,-0.53457194796
2016-05-15,0.180677563146
2016-05-16,-0.20734099903
2016-05-17,-0.0450735625182
2016-05-18,1.13323672682
2016-05-19,0.7006238811
2016-05-22,0.499017293635
2016-05-23,0.713183092609
2016-05-24,0.930489394229
2016-05-25,0.808856890671
2016-05-26,0.84766072678
2016-05-29,0.894621023291
2016-05-30,0.450272385731
2016-05-31,0.75225150762
2016-06-01,0.511161036844
2016-06-02,-0.0737676506335
2016-06-05,-1.52482320591
2016-06-06,-2.3468460352
2016-06-07,-2.52954955634
2016-06-08,-2.15724842921
2016-06-09,-1.26396058212
2016-06-12,-0.941979129233
2016-06-13,-0.40450663419
2016-06-14,-0.393752737524
2016-06-15,-0.278269753929
2016-06-16,-0.497206225641
2016-06-19,-0.969135947859
2016-06-20,-1.0186676524
2016-06-21,-0.724711056182
2016-06-22,-1.13228385624
2016-06-23,-1.01964715871
2016-06-26,-0.72129432466
2016-06-27,-0.896792421116
2016-06-28,-1.97813149259
2016-06-29,-2.04413652035
2016-06-30,-1.7059345321
2016-07-03,-1.26246016531
2016-07-04,-0.685874163347
2016-07-05,-0.361817474641
2016-07-06,-0.0166495159534
2016-07-07,0.0842542430491
2016-07-10,-0.313715124264
2016-07-11,-0.277988530856
2016-07-12,-0.237251206016
2016-07-13,-0.832481629652
2016-07-14,-0.65758162993
2016-07-17,-0.26126658243
2016-07-18,-0.490255951099
2016-07-19,-0.714339817943
2016-07-20,-0.679365059963
2016-07-21,-0.386195089928
2016-07-24,-0.598328831909
2016-07-25,-0.0262324590923
2016-07-26,-0.153802723243
2016-07-27,-0.491268840407
2016-07-28,-0.0385527653821
2016-07-31,-0.748279341551
2016-08-01,-0.485381788401
2016-08-02,0.217313164841
2016-08-03,-2.34754744813
2016-08-04,-2.9661656044
2016-08-07,-2.28618462916
2016-08-08,-1.70860062797
2016-08-09,-1.55669282754
2016-08-10,-1.32824384125
2016-08-11,-0.945729335076
2016-08-14,-0.423504059988
2016-08-15,-0.398889210922
2016-08-16,0.0946408604168
2016-08-17,0.139865421113
2016-08-18,0.648958552125
2016-08-21,0.346187469392
2016-08-22,0.30512374265
2016-08-23,1.0696685952
2016-08-24,0.684447048765
2016-08-25,0.414021255917
2016-08-28,1.17227776516
2016-08-29,0.514973727592
2016-08-30,0.490759310997
2016-08-31,0.273667860437
2016-09-01,0.801018827499
2016-09-04,1.1936457999
2016-09-05,0.879072022035
2016-09-06,-1.54048410596
2016-09-07,-1.3834218634
2016-09-08,0.0510481424712
2016-09-11,1.39682711646
2016-09-12,0.795002602977
2016-09-13,1.66434021402
2016-09-14,1.67006009295
2016-09-15,0.732468523112
2016-09-18,-0.00163963718166
2016-09-19,-0.0733344290708
2016-09-20,-0.416601742126
2016-09-21,-1.21605875267
2016-09-22,-0.809461224577
2016-09-25,-0.330124399731
2016-09-26,-0.533980165604
2016-09-27,-0.578378673658
2016-09-28,-0.899619097089
2016-09-29,-0.285697798001
2016-10-02,-0.281343574292
2016-10-03,-0.966775128488
2016-10-04,0.0391677423609
2016-10-05,-0.602070494492
2016-10-06,-0.755201667589
2016-10-09,-0.867078671866
2016-10-10,-0.97777412797
2016-10-11,-1.44596226371
2016-10-12,-1.03815741737
2016-10-13,-1.78718180236
2016-10-16,-0.898035516693
2016-10-17,-0.879088325286
2016-10-18,-1.20186379442
2016-10-19,-1.59134570613
2016-10-20,-1.78496032441
2016-10-23,-1.583127475
2016-10-24,-1.68064578659
2016-10-25,-1.4223356067
2016-10-26,-0.74895449475
2016-10-27,-0.0436638241216
2016-10-31,0.476946022114
2016-11-01,0.715911466516
2016-11-02,1.33970281794
2016-11-03,1.22789491225
2016-11-04,1.15609082034
2016-11-07,0.567873479016
2016-11-08,0.207028838496
2016-11-09,0.0379596014456
2016-11-10,1.21809696864
2016-11-11,2.42298346125
2016-11-14,1.72132697447
2016-11-15,1.4004927316
2016-11-16,0.994354256967
2016-11-17,0.755026018068
2016-11-18,0.543209505179
2016-11-21,0.184274736165
2016-11-22,0.131216940529
2016-11-23,0.135161720793
2016-11-24,0.406054246004
2016-11-25,0.340747098674
2016-11-28,0.233700275132
2016-11-29,-0.113082563936
2016-11-30,0.57287267432
2016-12-01,0.33485918341
2016-12-02,2.77862757869
2016-12-05,1.11946125794
2016-12-06,0.178845548738
2016-12-07,-0.651011337529
2016-12-08,-0.673265712756
2016-12-09,-0.939220200175
2016-12-12,-1.04833924272
2016-12-13,-1.59848060221
2016-12-14,-1.47925706612
2016-12-15,-0.618750725119
2016-12-16,-0.604853625921
2016-12-19,-0.352335732296
2016-12-20,-0.653316097922
2016-12-21,-0.877121202099
2016-12-22,-1.21800421524
2016-12-23,-2.02451458191
2016-12-26,-1.74736963523
2016-12-27,-1.38803562714
2016-12-28,-1.18710906951
2016-12-29,-1.04754883724
2016-12-30,-1.10546304005
2017-01-02,-0.875552566952
2017-01-03,-0.593927202942
2017-01-04,-0.863161989779
2017-01-05,-1.32401146887
2017-01-06,-1.64717362767
2017-01-09,-1.20850641186
2017-01-10,-1.49499289849
2017-01-11,-1.04629801246
2017-01-12,-1.19256251607
2017-01-13,-0.832877154267
2017-01-16,-0.485638334319
2017-01-17,-0.0543464019563
2017-01-18,-0.485280408068
2017-01-19,-0.0149597359904
2017-01-20,-0.840936670548
2017-01-23,-2.01730704378
2017-01-24,-1.53768436575
2017-01-25,-1.19077085755
2017-01-26,-0.953783425123
2017-01-27,-0.869293927904
2017-01-30,-1.69950300548
2017-01-31,-1.47853566519
2017-02-01,-0.752708959411
2017-02-02,-1.19304766299
2017-02-03,-1.10720111897
2017-02-06,-1.06790202829
2017-02-07,-0.877997141534
2017-02-08,-0.779912064705
2017-02-09,-0.750144695725
2017-02-10,-0.57045724358
2017-02-13,-0.820755877768
2017-02-14,-1.09005891956
2017-02-15,-2.56935636849
2017-02-16,-2.65756206932
2017-02-17,-0.836470409679
2017-02-20,-0.629850027367
2017-02-21,-0.641543388956
2017-02-22,-0.633826164226
2017-02-23,-1.3280458151
2017-02-24,-0.831139965062
2017-02-27,0.261224145592
2017-02-28,0.199093825085
2017-03-01,0.648545694069
2017-03-02,0.219650125991
2017-03-03,2.01307593583
2017-03-06,0.616952571199
2017-03-07,1.02966515083
2017-03-08,0.853388037382
2017-03-09,1.63967159841
2017-03-10,1.46072494175
2017-03-13,0.535846007332
2017-03-14,0.572649855472
2017-03-15,0.6909367487
2017-03-16,-0.893650528678
2017-03-17,-0.6844327136
2017-03-20,-1.11240331618
2017-03-21,-1.46383669215
2017-03-22,-0.976632630676
2017-03-23,-0.746340611201
2017-03-24,0.0602760594223
2017-03-26,-0.401582275372
2017-03-27,-0.0537840265764
2017-03-28,0.122703887336
2017-03-29,-0.114630159708
2017-03-30,0.824108721081
2017-04-02,-0.0141194539823
2017-04-03,0.188013012253
2017-04-04,-0.977961437579
2017-04-05,-0.0132465418119
2017-04-06,0.689337769309
2017-04-09,0.878540537722
2017-04-10,0.512260183575
2017-04-11,0.574366071624
2017-04-12,-0.105051270792
2017-04-13,0.666981621646
2017-04-16,-0.0409084233708
2017-04-17,-0.597965662332
2017-04-18,-0.76532089451
2017-04-19,0.676916841871
2017-04-20,0.877090487652
2017-04-23,-0.318618127628
2017-04-24,-0.0102474658773
2017-04-25,1.31813718938
2017-04-26,1.7600556741
2017-04-27,1.71829788944
2017-04-30,1.00827511964
2017-05-01,0.833800839479
2017-05-02,-0.0610513956828
2017-05-03,0.318132662314
2017-05-04,0.827320243356
2017-05-07,0.683922049499
2017-05-08,0.937033038797
2017-05-09,0.349825335566
2017-05-10,-0.341683103266
2017-05-11,-1.40631306619
2017-05-14,-1.55227433751
2017-05-15,-2.09310539427
2017-05-16,-1.61766653794
2017-05-17,1.42040470005
2017-05-18,2.66349287043
2017-05-21,1.09286859452
2017-05-22,0.888509427766
2017-05-23,0.693477717707
2017-05-24,0.663974004187
2017-05-25,0.507193196757
2017-05-28,0.130346358148
2017-05-29,0.298991597337
2017-05-30,0.17777624814
2017-05-31,-0.140669637112
2017-06-01,-0.0337512583193
2017-06-04,0.147772085769
2017-06-05,0.773633423531
2017-06-06,0.236349117914
2017-06-07,0.472008058987
2017-06-08,0.0542543843691
2017-06-11,-0.41447586767
2017-06-12,1.80696658492
2017-06-13,1.04599747274
2017-06-14,0.195672468737
2017-06-15,0.259391957165
2017-06-18,0.644452181038
2017-06-19,0.538642977582
2017-06-20,1.32064596586
2017-06-21,1.39527523472
2017-06-22,1.20646291242
2017-06-25,0.82447721553
2017-06-26,-0.126815084929
2017-06-27,0.107130472125
2017-06-28,-0.623406529897
2017-06-29,-0.240908881416
2017-07-02,-1.58998625821
2017-07-03,-0.0882130099599
2017-07-04,-0.0392552521256
2017-07-05,-0.490646223733
2017-07-06,-0.688673826214
2017-07-09,-1.97232458171
2017-07-10,
2017-07-11,
2017-07-12,
2017-07-13,
2017-07-16,
2017-07-17,
2017-07-18,
2017-07-19,
2017-07-20,
2017-07-23,
2017-07-24,
2017-07-25,
2017-07-26,
2017-07-27,
2017-07-30,-0.568278665861
2017-07-31,-1.21725862813
2017-08-01,-1.0225392506
2017-08-02,-1.40503924453
2017-08-03,-1.06830216703
2017-08-06,-0.64853688664
2017-08-07,-0.440580901487
2017-08-08,-0.150977465484
2017-08-09,0.615693257725
2017-08-10,1.19495014366
2017-08-13,1.38409989547
2017-08-14,1.38010916726
2017-08-15,0.576680466349
2017-08-16,0.00146921900809
2017-08-17,0.457820788409
2017-08-20,0.0590362653893
2017-08-21,0.12214044439
2017-08-22,0.102983902514
2017-08-23,-0.756870071783
2017-08-24,-0.673529947131
2017-08-27,-0.281129303638
2017-08-28,0.157343217093
2017-08-29,0.0298339218137
2017-08-30,-0.475210317993
2017-08-31,-1.3119085328
2017-09-03,-0.354983985218
2017-09-04,-1.62851853429
2017-09-05,-2.01994580061
2017-09-06,-2.01781964328
2017-09-07,-1.71804869406
2017-09-10,-0.761537792431
2017-09-11,-1.10750580917
2017-09-12,-0.29404229441
2017-09-13,-0.165600849158
2017-09-14,-0.399899715466
2017-09-17,-0.516952039
2017-09-18,0.251938636501
2017-09-19,0.299523728858
2017-09-20,0.440642800201
2017-09-21,0.55240765428
2017-09-24,0.488604313754
2017-09-25,1.72578780775
2017-09-26,1.9575249151
2017-09-27,1.87844780175
2017-09-28,1.03259820636
2017-10-01,0.51702010763
2017-10-02,0.082616806909
2017-10-03,-0.449050335588
2017-10-04,-0.642725996839
2017-10-05,0.179210252997
2017-10-08,0.0487727231196
2017-10-09,0.808525171568
2017-10-10,0.35348370814
2017-10-11,0.0519553533271
2017-10-12,0.0921662983424
2017-10-15,-0.788666417519
2017-10-16,0.324335362589
2017-10-17,-0.0768387112252
2017-10-18,0.507248521314
2017-10-19,0.739002184525
2017-10-22,1.67641763896
2017-10-23,2.68587495457
2017-10-24,1.67310663288
2017-10-25,1.25537494822
2017-10-26,1.54704523438
2017-10-30,0.67773455376
2017-10-31,1.01777506507
2017-11-01,0.727194370053
2017-11-02,0.461067859707
2017-11-03,0.732871507253
2017-11-06,0.845697709755
2017-11-07,0.195846266518
2017-11-08,0.135001567885
2017-11-09,-0.311943654074
2017-11-10,-0.355233419141
2017-11-13,0.428758927769
2017-11-14,0.544544534092
2017-11-15,1.5701948055
2017-11-16,
2017-11-17,
2017-11-20,
2017-11-21,
2017-11-22,
2017-11-23,
2017-11-24,
2017-11-27,
2017-11-28,
2017-11-29,
2017-11-30,
2017-12-01,
2017-12-04,
2017-12-05,
2017-12-06,
2017-12-07,0.642968862539
2017-12-08,1.38580776786
2017-12-11,1.16343957272
2017-12-12,1.42294543737
2017-12-13,1.02930333712
2017-12-14,1.20237094888
2017-12-15,1.13983193213
2017-12-18,0.254120963444
2017-12-19,0.199130736931
2017-12-20,-0.128509964218
2017-12-21,0.332828147145
2017-12-22,0.406247120396
2017-12-25,1.25206667606
2017-12-26,0.855104697958
2017-12-27,-0.108830139676
2017-12-28,-0.258445877897
2017-12-29,-0.390746732953
2018-01-01,-0.000556219808867
2018-01-02,-0.743783969885
2018-01-03,-2.20200370469
2018-01-04,-2.29666136537
2018-01-05,-1.63104467997
2018-01-08,-1.33989013843
2018-01-09,-0.964947536056
2018-01-10,-0.745307546264
2018-01-11,-0.921211338593
2018-01-12,-1.05089060448
2018-01-15,-1.29145418537
2018-01-16,-0.77794138985
2018-01-17,-0.56197588009
2018-01-18,-0.776061808072
2018-01-19,-1.05040174869
2018-01-22,-1.38298462649
2018-01-23,-0.542512976074
2018-01-24,-0.27916543744
2018-01-25,-2.86877235868
2018-01-26,-1.87937079331
2018-01-29,-1.23991072793
2018-01-30,-0.86784373092
2018-01-31,-0.640039754723
2018-02-01,-0.315773262811
2018-02-02,-0.243427036217
2018-02-05,0.784398217103
2018-02-06,1.28599353925
2018-02-07,0.965826929549
2018-02-08,1.27245391103
2018-02-09,1.17965273236
2018-02-12,0.905849119049
2018-02-13,0.85702057973
2018-02-14,0.612375793399
2018-02-15,-0.3191570056
2018-02-16,-0.184099712927
2018-02-19,-0.296045747617
2018-02-20,-0.193934904257
2018-02-21,-0.121855664864
2018-02-22,0.113449488427
2018-02-23,-0.491664171039
2018-02-26,-0.659638117381
2018-02-27,-0.716334371993
2018-02-28,-0.40290334902
2018-03-01,-0.0703297937436
2018-03-02,0.191382519579
2018-03-05,0.384868206799
2018-03-06,-0.560417905857
2018-03-07,-1.58589223345
2018-03-08,-0.284856225669
2018-03-09,0.821595926299
2018-03-12,0.629504321235
2018-03-13,0.444635975318
2018-03-14,0.444964892694
2018-03-15,1.17160496118
2018-03-16,1.76216882764
2018-03-19,1.38998781288
2018-03-20,1.28055379208
2018-03-21,1.28583440329
2018-03-22,0.51135891744
2018-03-23,0.899984831015
2018-03-25,0.895397445343
2018-03-26,1.08626091259
2018-03-27,1.30445874129
2018-03-28,0.864297181295
2018-03-29,0.250340589364
2018-04-01,0.229442276339
2018-04-02,0.382356229918
2018-04-03,1.66288216159
2018-04-04,0.461433775838
2018-04-05,1.39976777793
2018-04-08,1.910678296
2018-04-09,2.08742490312
2018-04-10,1.39198829715
2018-04-11,0.606548647372
2018-04-12,0.983068866633
2018-04-15,0.896109753506
2018-04-16,0.661946292572
2018-04-17,0.391818992865
2018-04-18,0.0447055759524
2018-04-19,0.166771542893
2018-04-22,0.776782658539
2018-04-23,1.35642178382
2018-04-24,1.70550882234
2018-04-25,1.61720900347
2018-04-26,1.01705561679
2018-04-29,0.719626213741
2018-04-30,1.13919209245
2018-05-01,1.07155543065
2018-05-02,1.22917622952
2018-05-03,0.859467786701
2018-05-06,0.805565604889
2018-05-07,1.07183581429
2018-05-08,1.03080610997
2018-05-09,0.99999854618
2018-05-10,0.687085885659
2018-05-13,1.12444028237
2018-05-14,1.51804224
2018-05-15,1.35672642277
2018-05-16,1.40742489283
2018-05-17,1.41610079091
2018-05-20,1.19357450697
2018-05-21,0.43135108744
2018-05-22,0.273304171815
2018-05-23,-0.11036751142
2018-05-24,0.185559874437
2018-05-27,0.121699391702
2018-05-28,1.30848888439
2018-05-29,0.886205910709
2018-05-30,0.605543905916
2018-05-31,0.709891870492
2018-06-03,0.987060045329
2018-06-04,0.978922197108
2018-06-05,1.39368776027
2018-06-06,1.84399012989
2018-06-07,1.16198072945
2018-06-10,-0.442335557838
2018-06-11,-0.496998467854
2018-06-12,-0.51451640293
2018-06-13,-0.607329103702
2018-06-14,0.342510183446
2018-06-17,-0.32245874944
2018-06-18,-0.231109879229
2018-06-19,-0.451557087423
2018-06-20,0.0939517110329
2018-06-21,-0.130154847455
2018-06-24,0.112509394082
2018-06-25,0.0202028848943
2018-06-26,0.887198814166
2018-06-27,1.65852283443
2018-06-28,1.36628526569
2018-07-01,1.4660693916
2018-07-02,1.27696777591
2018-07-03,0.999621074243
2018-07-04,0.895186172415
2018-07-05,0.894501724492
2018-07-08,0.124725987393
2018-07-09,0.0680689337539
2018-07-10,-0.387503936216
2018-07-11,0.00324999783447
2018-07-12,0.186022474306
2018-07-15,-0.700259216968
2018-07-16,-0.604876475504
2018-07-17,-0.84675695133
2018-07-18,-0.398978771744
2018-07-19,-1.60702077
2018-07-22,-1.96407721119
2018-07-23,-1.75333062674
2018-07-24,-1.84543945813
2018-07-25,-1.81547194082
2018-07-26,-1.08915212905
2018-07-29,-1.14453934743
2018-07-30,-0.75217902045
2018-07-31,-0.493659406242
2018-08-01,-0.419057328415
2018-08-02,-0.589009347144
2018-08-05,-0.917632885773
2018-08-06,-0.583709402515
2018-08-07,0.180350480362
2018-08-08,1.0620951162
2018-08-09,1.81569160107
2018-08-12,2.34711837101
2018-08-13,1.56137175264
2018-08-14,1.22929176714
2018-08-15,1.03189087526
2018-08-16,0.945585343457
2018-08-19,0.878678627616
2018-08-20,1.00691334308
2018-08-21,1.42740766843
2018-08-22,1.20487430871
2018-08-23,1.34355652128
2018-08-26,1.02014534893
2018-08-27,0.841929348879
2018-08-28,0.936580051164
2018-08-29,0.800097676833
2018-08-30,0.737480786133
2018-09-02,0.19728182893
2018-09-03,0.797309341957
2018-09-04,0.694584201231
2018-09-05,0.461568915884
