Date,cci_20
2010-01-04,
2010-01-05,0.503338444743
2010-01-06,0.445684802498
2010-01-07,1.11313658387
2010-01-08,0.867995015689
2010-01-11,-0.60352840084
2010-01-12,0.557396133108
2010-01-13,1.01452528218
2010-01-14,1.7880468339
2010-01-15,1.26929451488
2010-01-18,1.14679943761
2010-01-19,0.970116179998
2010-01-20,1.18445514643
2010-01-21,1.33376328921
2010-01-22,1.53081446339
2010-01-25,1.07319485859
2010-01-26,1.6987006057
2010-01-27,1.45071506505
2010-01-28,1.41486368259
2010-01-29,1.29179677598
2010-02-01,1.1334672512
2010-02-02,0.646752970238
2010-02-03,0.514440134615
2010-02-04,0.810262775509
2010-02-05,0.833676876481
2010-02-08,0.729911297655
2010-02-09,0.425121757572
2010-02-10,0.238724907639
2010-02-11,0.215627966257
2010-02-12,0.307891464032
2010-02-15,0.19933517907
2010-02-16,-0.035620880917
2010-02-17,-0.394037177717
2010-02-18,-1.17703148471
2010-02-19,-1.61008689274
2010-02-22,-2.13501728549
2010-02-23,-1.41630255863
2010-02-24,-1.05488240375
2010-02-25,-0.661656736213
2010-02-26,-0.975507832724
2010-03-01,-1.34767854558
2010-03-02,-1.88171956845
2010-03-03,-1.20417621359
2010-03-04,-1.10112977758
2010-03-05,-1.13535442976
2010-03-08,-1.09144050633
2010-03-09,-0.882926799175
2010-03-10,-1.13177955198
2010-03-11,-1.11484629082
2010-03-12,-1.17824466358
2010-03-15,-1.09474106414
2010-03-16,-0.980041046572
2010-03-17,-0.937570085215
2010-03-18,-0.629013419689
2010-03-19,0.106705962224
2010-03-22,0.350373187777
2010-03-23,-0.135360080123
2010-03-24,-0.00636308280586
2010-03-25,0.582121296667
2010-03-26,1.76278385168
2010-03-28,1.41535355117
2010-03-29,0.420367480398
2010-03-30,-0.081473837493
2010-03-31,-0.595631606139
2010-04-01,-0.888750822239
2010-04-04,-0.916063458575
2010-04-05,-0.922207614321
2010-04-06,-0.5588216317
2010-04-07,-0.386228516608
2010-04-08,-0.34067617322
2010-04-11,-0.890410710168
2010-04-12,-1.48985613094
2010-04-13,-1.27196869656
2010-04-14,-1.12760125545
2010-04-15,-0.833126082376
2010-04-18,-0.567047873549
2010-04-19,-0.799877595604
2010-04-20,-0.826498213707
2010-04-21,-0.435707397424
2010-04-22,-0.248089003428
2010-04-25,-0.862785917
2010-04-26,-0.304754117329
2010-04-27,0.353152413198
2010-04-28,-1.27593191756
2010-04-29,-2.00457646952
2010-05-02,-1.59845780174
2010-05-03,-0.68603810295
2010-05-04,1.18377923445
2010-05-05,2.92346497908
2010-05-06,3.1164920273
2010-05-09,1.23963914756
2010-05-10,0.24220721221
2010-05-11,0.310729800196
2010-05-12,-0.0170464775018
2010-05-13,0.574600418111
2010-05-16,0.718373894315
2010-05-17,0.702820788367
2010-05-18,1.07447831618
2010-05-19,1.44560236621
2010-05-20,1.30627239151
2010-05-23,0.891477036261
2010-05-24,1.09800761912
2010-05-25,0.633040274072
2010-05-26,0.483680806553
2010-05-27,-0.088896778088
2010-05-30,-0.420278913861
2010-05-31,0.258791254402
2010-06-01,0.167397003995
2010-06-02,-0.315270225515
2010-06-03,0.359894825539
2010-06-06,0.586405249035
2010-06-07,0.712037085122
2010-06-08,0.150136498079
2010-06-09,-0.258080130882
2010-06-10,-1.11376176081
2010-06-13,-1.23564889464
2010-06-14,-1.2878670966
2010-06-15,-1.41748684186
2010-06-16,-1.31348711228
2010-06-17,-1.30824609188
2010-06-20,-1.34561614281
2010-06-21,-1.21585333521
2010-06-22,-0.55440955421
2010-06-23,-0.714244787339
2010-06-24,-0.733027021014
2010-06-27,-0.766687866549
2010-06-28,-0.352365198291
2010-06-29,-0.205552459473
2010-06-30,0.12354161825
2010-07-01,-0.609498138911
2010-07-04,-0.938643579408
2010-07-05,-0.931432387474
2010-07-06,-0.783548292052
2010-07-07,-1.06160565198
2010-07-08,-1.35413264311
2010-07-11,-1.23394497265
2010-07-12,-1.19262129306
2010-07-13,-0.977645547982
2010-07-14,-0.553759566278
2010-07-15,-0.241682534414
2010-07-18,0.118923603882
2010-07-19,0.244694657778
2010-07-20,-0.369031859001
2010-07-21,-0.357043697336
2010-07-22,-0.945497162193
2010-07-25,-0.632615234022
2010-07-26,-0.727272718789
2010-07-27,-0.512396190256
2010-07-28,-0.310343570685
2010-07-29,-0.980428122295
2010-08-01,-1.64487704131
2010-08-02,-1.10969258846
2010-08-03,-0.875068169602
2010-08-04,-1.0539316721
2010-08-05,-0.892032858195
2010-08-08,-1.69056896714
2010-08-09,-0.794851254014
2010-08-10,-0.277633847955
2010-08-11,0.499974222007
2010-08-12,0.250412099831
2010-08-15,-0.654069910258
2010-08-16,-0.607912970246
2010-08-17,-0.84657819698
2010-08-18,-0.477449415271
2010-08-19,0.0408835230145
2010-08-22,-1.37644374336
2010-08-23,1.01131111226
2010-08-24,0.832095266303
2010-08-25,0.469540596851
2010-08-26,0.096670618553
2010-08-29,-1.94452246778
2010-08-30,0.121630577763
2010-08-31,-0.316648458845
2010-09-01,-1.14831928285
2010-09-02,-1.84049205018
2010-09-05,-2.46939865779
2010-09-06,-1.37204112889
2010-09-07,-1.06989894816
2010-09-08,-1.19917402686
2010-09-09,-1.05525454476
2010-09-12,-1.59987333962
2010-09-13,-1.08621705112
2010-09-14,-1.06255075786
2010-09-15,-0.616328783151
2010-09-16,-0.814778606123
2010-09-19,-1.10077099953
2010-09-20,-0.137723819233
2010-09-21,-0.485996330691
2010-09-22,-1.02652709237
2010-09-23,-0.281465759112
2010-09-26,-1.42544158253
2010-09-27,-0.631768070041
2010-09-28,-0.607433627431
2010-09-29,-1.01214610062
2010-09-30,-1.66501196354
2010-10-03,-2.28965381007
2010-10-04,-0.767557224609
2010-10-05,-1.91676800683
2010-10-06,-1.23954399253
2010-10-07,-1.07074059918
2010-10-10,-1.92108083518
2010-10-11,-1.19280431142
2010-10-12,-1.11200132544
2010-10-13,-1.25116334942
2010-10-14,-0.981294061629
2010-10-17,-1.20402025083
2010-10-18,-0.223833151066
2010-10-19,-0.0463419790851
2010-10-20,-0.068663333769
2010-10-21,0.566540140344
2010-10-24,0.143552254346
2010-10-25,0.81642473802
2010-10-26,1.0997581392
2010-10-27,1.51106547619
2010-10-28,0.995952381625
2010-11-01,0.00659194477956
2010-11-02,0.743595379236
2010-11-03,0.620521117703
2010-11-04,0.0889366625128
2010-11-05,-0.411473758038
2010-11-08,-0.0989381376136
2010-11-09,0.395105874595
2010-11-10,0.530947136902
2010-11-11,0.811683115716
2010-11-12,1.02992145033
2010-11-15,0.270202941526
2010-11-16,1.23323191592
2010-11-17,1.73440690028
2010-11-18,0.959975255048
2010-11-19,0.313752047288
2010-11-22,-0.290293247663
2010-11-23,0.826646374645
2010-11-24,1.02848996145
2010-11-25,0.486094606126
2010-11-26,0.503198566743
2010-11-29,0.660787125193
2010-11-30,0.21383994352
2010-12-01,-0.0775015223169
2010-12-02,-0.525311769247
2010-12-03,-0.993973348581
2010-12-06,-2.36134190575
2010-12-07,-1.73684321558
2010-12-08,-1.33697882846
2010-12-09,-0.760163616248
2010-12-10,-0.13392322767
2010-12-13,-0.297407546017
2010-12-14,-0.702020520821
2010-12-15,-0.560826012422
2010-12-16,-0.136996726388
2010-12-17,-0.0842936715315
2010-12-20,-0.48016274769
2010-12-21,-0.0393997817219
2010-12-22,-0.382882796734
2010-12-23,-0.23948261458
2010-12-24,-1.23862062042
2010-12-27,-0.551902818854
2010-12-28,-0.824587462882
2010-12-29,-0.464862518939
2010-12-30,-1.15608538498
2010-12-31,-2.20879842015
2011-01-03,-2.24159303635
2011-01-04,-1.58228234207
2011-01-05,-0.954733599201
2011-01-06,-0.391250548596
2011-01-07,-0.0743694047409
2011-01-10,-0.664248789931
2011-01-11,0.0996720059627
2011-01-12,-0.671994419535
2011-01-13,-1.0528494329
2011-01-14,-0.193714531987
2011-01-17,-0.299492521238
2011-01-18,0.117578186936
2011-01-19,-0.221624085799
2011-01-20,-0.204443505852
2011-01-21,-0.808779593075
2011-01-24,-0.87397343258
2011-01-25,-0.0191790358359
2011-01-26,-0.0600266683041
2011-01-27,-1.04947447458
2011-01-28,0.395900174432
2011-01-31,-0.316463358308
2011-02-01,-0.46911243749
2011-02-02,-0.63730536554
2011-02-03,-0.409739309688
2011-02-04,0.0178470297789
2011-02-07,-1.0020213004
2011-02-08,-0.725139790417
2011-02-09,-0.244123153884
2011-02-10,-0.323957049156
2011-02-11,0.212085752974
2011-02-14,-1.83782078626
2011-02-15,0.0856027116411
2011-02-16,0.351008042184
2011-02-17,0.645335321073
2011-02-18,0.0107766219263
2011-02-21,-1.75879855204
2011-02-22,0.33246502998
2011-02-23,0.381889766051
2011-02-24,0.855196085654
2011-02-25,1.77350036964
2011-02-28,0.96442940346
2011-03-01,0.893536941942
2011-03-02,0.751253928228
2011-03-03,0.151023471078
2011-03-04,-0.607964429281
2011-03-07,-0.451208794313
2011-03-08,-0.0352770322278
2011-03-09,-0.41442663384
2011-03-10,0.262119197733
2011-03-11,0.789923094382
2011-03-14,0.820407629056
2011-03-15,1.23832432321
2011-03-16,0.729380272216
2011-03-17,1.4051779704
2011-03-18,1.44778558741
2011-03-21,0.334511494416
2011-03-22,0.364794166408
2011-03-23,-0.105101310035
2011-03-24,-0.285858120297
2011-03-25,-0.442392148963
2011-03-27,-0.558280899734
2011-03-28,-0.059968160514
2011-03-29,-1.59970039384
2011-03-30,-2.52495948897
2011-03-31,-2.53854603426
2011-04-03,-2.24018978643
2011-04-04,-1.85993677041
2011-04-05,-1.57327567635
2011-04-06,-1.29016380238
2011-04-07,-1.62060394956
2011-04-10,-1.5725784679
2011-04-11,-1.21506709399
2011-04-12,-0.958157890021
2011-04-13,-0.898126857781
2011-04-14,
2011-04-17,
2011-04-18,
2011-04-19,
2011-04-20,
2011-04-21,
2011-04-24,
2011-04-25,
2011-04-26,
2011-04-27,
2011-04-28,
2011-05-01,
2011-05-02,
2011-05-03,
2011-05-04,
2011-05-05,
2011-05-08,
2011-05-09,
2011-05-10,
2011-05-11,
2011-05-12,1.0057763962
2011-05-15,1.09835395048
2011-05-16,0.931296381061
2011-05-17,0.541995956329
2011-05-18,0.27455004047
2011-05-19,0.355799479079
2011-05-22,0.516647478863
2011-05-23,0.713100808421
2011-05-24,0.581408366258
2011-05-25,0.479618082675
2011-05-26,-0.22885426326
2011-05-29,-1.39498994165
2011-05-30,-1.77532805757
2011-05-31,-2.18791181593
2011-06-01,-1.42278608321
2011-06-02,-1.96741501514
2011-06-05,-1.40279695583
2011-06-06,-1.32411548532
2011-06-07,-0.872565778838
2011-06-08,-0.734865617682
2011-06-09,-0.511886196734
2011-06-12,-0.368836899354
2011-06-13,-0.494113906959
2011-06-14,-0.526307618367
2011-06-15,0.154959644019
2011-06-16,0.0958214624649
2011-06-19,0.0190356277353
2011-06-20,-0.0740388802236
2011-06-21,-0.281674693407
2011-06-22,0.00659328004929
2011-06-23,0.361715460416
2011-06-26,0.637727819134
2011-06-27,0.0795764805635
2011-06-28,-1.15476748485
2011-06-29,-1.58603283287
2011-06-30,-1.85765536279
2011-07-03,-1.87408153672
2011-07-04,-1.60422689163
2011-07-05,-0.943180140603
2011-07-06,-0.904488445859
2011-07-07,-1.06536712917
2011-07-10,-0.69284455187
2011-07-11,-0.0623357733299
2011-07-12,-0.249600533776
2011-07-13,-0.3861753378
2011-07-14,-0.0990978115636
2011-07-17,-0.0499474751319
2011-07-18,-0.173022866949
2011-07-19,-0.499680332777
2011-07-20,-0.780899325624
2011-07-21,-1.1445112698
2011-07-24,-1.36643710148
2011-07-25,-1.9300133255
2011-07-26,-1.2029061819
2011-07-27,-0.118978250732
2011-07-28,-0.162540108299
2011-07-31,-0.878902750473
2011-08-01,-0.276204962445
2011-08-02,0.00714242098992
2011-08-03,0.0697818213842
2011-08-04,1.18883774383
2011-08-07,1.47669139108
2011-08-08,2.55827508249
2011-08-09,1.78331733142
2011-08-10,1.7246872533
2011-08-11,1.18282562547
2011-08-14,0.679823942372
2011-08-15,0.197854644204
2011-08-16,0.0566170508296
2011-08-17,0.227040375391
2011-08-18,0.36853801776
2011-08-21,0.243288831224
2011-08-22,0.340140862221
2011-08-23,0.204956954691
2011-08-24,0.45433059684
2011-08-25,0.434791213616
2011-08-28,0.0167712755761
2011-08-29,-0.389727210158
2011-08-30,-0.599995589756
2011-08-31,-0.543431478839
2011-09-01,0.497604612025
2011-09-04,1.80227597429
2011-09-05,1.94849202724
2011-09-06,1.74580860261
2011-09-07,1.42101094836
2011-09-08,1.39922194398
2011-09-11,1.48662641956
2011-09-12,1.6072999612
2011-09-13,1.46437821347
2011-09-14,1.1510902233
2011-09-15,0.999031225168
2011-09-18,1.2235240955
2011-09-19,1.54587480143
2011-09-20,1.45562631957
2011-09-21,1.67763283966
2011-09-22,1.60819431499
2011-09-25,1.08714125621
2011-09-26,0.784211409934
2011-09-27,0.566126300688
2011-09-28,0.636855283037
2011-09-29,0.651642998736
2011-10-02,0.794610343325
2011-10-03,0.875023623803
2011-10-04,0.479243003918
2011-10-05,0.218651706723
2011-10-06,-0.294531238756
2011-10-09,-0.638441728413
2011-10-10,-0.671312159915
2011-10-11,-0.760015884635
2011-10-12,-0.756325600039
2011-10-13,-1.16281925799
2011-10-16,-1.17144716754
2011-10-17,-0.699099977433
2011-10-18,-0.816720664364
2011-10-19,-0.495084293076
2011-10-20,-0.374955540056
2011-10-23,-0.541862179841
2011-10-24,-0.755273660851
2011-10-25,-0.570601771999
2011-10-26,-0.790583594487
2011-10-27,-1.49358170786
2011-10-31,-1.84918634732
2011-11-01,-1.22173782485
2011-11-02,-0.575863639587
2011-11-03,-0.686582404833
2011-11-04,-0.339213677671
2011-11-07,0.011853996398
2011-11-08,-0.121229495349
2011-11-09,-0.150651399433
2011-11-10,0.587456703685
2011-11-11,0.262374516842
2011-11-14,0.0112900569878
2011-11-15,0.446375157508
2011-11-16,0.814337103874
2011-11-17,0.838346795588
2011-11-18,0.818618149804
2011-11-21,1.37814902894
2011-11-22,1.5298003884
2011-11-23,1.77325647131
2011-11-24,2.03705703865
2011-11-25,1.96898801046
2011-11-28,1.40471165362
2011-11-29,0.825321838448
2011-11-30,0.465057462873
2011-12-01,0.00681868998609
2011-12-02,-0.213109067665
2011-12-05,-0.270858029888
2011-12-06,-0.363106158003
2011-12-07,-0.269095401316
2011-12-08,-0.177753622614
2011-12-09,0.0166292644844
2011-12-12,-0.0864134466872
2011-12-13,0.311092160139
2011-12-14,0.921410975343
2011-12-15,0.876423872924
2011-12-16,0.454315801367
2011-12-19,0.419556487578
2011-12-20,0.435500417063
2011-12-21,0.205208754329
2011-12-22,0.382449626959
2011-12-23,0.299982044517
2011-12-26,0.582528753319
2011-12-27,0.414939832352
2011-12-28,0.631113835493
2011-12-29,0.778547514904
2011-12-30,0.383349628566
2012-01-02,0.440474131802
2012-01-03,0.268245678771
2012-01-04,-0.838257892172
2012-01-05,-0.983967952122
2012-01-06,-0.436595736066
2012-01-09,-0.491017079416
2012-01-10,-1.93430002907
2012-01-11,-2.38468238989
2012-01-12,-2.10266288969
2012-01-13,-1.93966441884
2012-01-16,-1.5473942856
2012-01-17,-1.49449290472
2012-01-18,-1.26051794205
2012-01-19,-1.35100092369
2012-01-20,-1.22605035679
2012-01-23,-1.12847915821
2012-01-24,-1.03125401789
2012-01-25,-1.00677437673
2012-01-26,-1.01465068675
2012-01-27,-0.455897044701
2012-01-30,-1.098507284
2012-01-31,-1.05973842
2012-02-01,-0.990944906006
2012-02-02,-1.20705925106
2012-02-03,-1.24508057489
2012-02-06,-1.34530440535
2012-02-07,-1.17345239656
2012-02-08,-1.16255103699
2012-02-09,-1.17710935355
2012-02-10,-1.01947591581
2012-02-13,-0.964497051514
2012-02-14,-0.988774058535
2012-02-15,-0.839910039051
2012-02-16,-0.384842675583
2012-02-17,-0.905279939641
2012-02-20,-0.826508895228
2012-02-21,-0.584591832755
2012-02-22,-0.814879703426
2012-02-23,-1.29503413503
2012-02-24,-0.996764244442
2012-02-27,-0.999358086491
2012-02-28,-1.43283594408
2012-02-29,-1.43710345819
2012-03-01,0.0779613423771
2012-03-02,0.115295778223
2012-03-05,1.59345081351
2012-03-06,2.48124345821
2012-03-07,2.10693969833
2012-03-08,2.24580623795
2012-03-09,1.68850786257
2012-03-12,2.01158591643
2012-03-13,1.78244169423
2012-03-14,1.33916373938
2012-03-15,1.07359513846
2012-03-16,0.854204101037
2012-03-19,0.837612939668
2012-03-20,0.969446813883
2012-03-21,0.777047752403
2012-03-22,0.805556672264
2012-03-23,0.657417087862
2012-03-25,0.474444539386
2012-03-26,0.558486484291
2012-03-27,0.545225774111
2012-03-28,0.633129921238
2012-03-29,0.530765064739
2012-04-01,0.793886514792
2012-04-02,0.790454684307
2012-04-03,0.74185121187
2012-04-04,0.515630086784
2012-04-05,0.63016162711
2012-04-08,0.633841400607
2012-04-09,0.0643968167513
2012-04-10,0.900311409204
2012-04-11,0.94855953607
2012-04-12,0.395759924672
2012-04-15,1.41864300348
2012-04-16,1.79317667312
2012-04-17,2.55723579796
2012-04-18,2.74401707689
2012-04-19,1.99980771646
2012-04-22,1.38729225407
2012-04-23,1.26963853465
2012-04-24,1.11173600381
2012-04-25,0.85268412607
2012-04-26,0.793196347308
2012-04-29,0.761234015539
2012-04-30,1.11091030457
2012-05-01,0.978417754902
2012-05-02,1.21973579343
2012-05-03,0.876301105875
2012-05-06,1.12797723975
2012-05-07,1.02240229453
2012-05-08,1.41856065911
2012-05-09,1.5539166385
2012-05-10,1.06267210577
2012-05-13,1.27317678605
2012-05-14,1.48743813702
2012-05-15,1.36115800271
2012-05-16,1.15198641596
2012-05-17,1.13138642816
2012-05-20,1.1816281127
2012-05-21,1.2017903395
2012-05-22,1.54215409229
2012-05-23,0.760024358141
2012-05-24,0.537259623676
2012-05-27,-0.0131423517564
2012-05-28,-0.0499643889893
2012-05-29,0.154696973389
2012-05-30,0.38722320164
2012-05-31,0.484515375528
2012-06-03,0.653475369367
2012-06-04,0.747450498491
2012-06-05,0.193402922951
2012-06-06,0.4189583393
2012-06-07,0.27209743474
2012-06-10,0.00217123404953
2012-06-11,1.12695987379
2012-06-12,1.08833777576
2012-06-13,1.09738282807
2012-06-14,0.637266940102
2012-06-17,0.40541812332
2012-06-18,0.449464302898
2012-06-19,-0.264644737386
2012-06-20,-0.230588865335
2012-06-21,0.72249601135
2012-06-24,0.811571603662
2012-06-25,0.618222805063
2012-06-26,0.92610027491
2012-06-27,0.99535411058
2012-06-28,0.18052146605
2012-07-01,-1.69638859756
2012-07-02,-1.75105114407
2012-07-03,-1.02641628392
2012-07-04,-0.636667603885
2012-07-05,-0.714845023984
2012-07-08,-0.567644888496
2012-07-09,-0.48730759669
2012-07-10,-0.423785750322
2012-07-11,-0.191266692907
2012-07-12,-0.0919832391721
2012-07-15,-0.0695581428468
2012-07-16,-0.168026405919
2012-07-17,-0.503742688788
2012-07-18,-0.710551646971
2012-07-19,-0.856037085014
2012-07-22,-0.344017322319
2012-07-23,0.271289555337
2012-07-24,0.594092893599
2012-07-25,0.0783502023583
2012-07-26,-0.285768936158
2012-07-29,-0.370510481689
2012-07-30,0.847070641106
2012-07-31,1.51696594193
2012-08-01,0.616151833352
2012-08-02,0.55479511635
2012-08-05,-0.696182174606
2012-08-06,-0.525909409164
2012-08-07,-0.542721174868
2012-08-08,-0.746027931193
2012-08-09,-0.876525293149
2012-08-12,-1.05874538625
2012-08-13,-0.757529006876
2012-08-14,-0.449736596137
2012-08-15,-0.708318697235
2012-08-16,-1.05240234643
2012-08-19,-1.04895660177
2012-08-20,-0.967241958485
2012-08-21,-1.01439287914
2012-08-22,-0.427210241079
2012-08-23,-0.269201337654
2012-08-26,-0.306715123098
2012-08-27,0.67426424455
2012-08-28,1.41842966318
2012-08-29,1.76192690027
2012-08-30,1.32965911153
2012-09-02,0.0922295725691
2012-09-03,0.396394811948
2012-09-04,0.755018613906
2012-09-05,0.536116918279
2012-09-06,-0.312494465551
2012-09-09,-0.650554099181
2012-09-10,-0.672441397274
2012-09-11,-0.922003636821
2012-09-12,-0.330254265309
2012-09-13,-0.738223389163
2012-09-16,-0.868027599257
2012-09-17,0.0807796663425
2012-09-18,-0.610701304804
2012-09-19,-0.472974180481
2012-09-20,-0.406183500195
2012-09-23,-0.610673042238
2012-09-24,-0.441040974686
2012-09-25,0.12136565566
2012-09-26,0.535037456276
2012-09-27,0.572506689964
2012-09-30,-0.259481917123
2012-10-01,-0.180199742752
2012-10-02,-0.0173737565751
2012-10-03,-0.507650079137
2012-10-04,-0.686974508018
2012-10-07,-0.87020164602
2012-10-08,1.42775200364
2012-10-09,1.15814724026
2012-10-10,1.4660475119
2012-10-11,1.26060275528
2012-10-14,1.19741137699
2012-10-15,0.533285647266
2012-10-16,0.275385512609
2012-10-17,0.0155198756064
2012-10-18,-0.433089065051
2012-10-21,-0.44312552688
2012-10-22,-0.708892004319
2012-10-23,-0.549372925526
2012-10-24,-0.646336573636
2012-10-25,-0.416283109618
2012-10-29,0.114549330007
2012-10-30,0.521668029776
2012-10-31,-0.233034766838
2012-11-01,0.322769372478
2012-11-02,0.293748126628
2012-11-05,-0.130688584426
2012-11-06,0.120837051752
2012-11-07,-0.171391903641
2012-11-08,0.901933557938
2012-11-09,2.22616129335
2012-11-12,1.61724961019
2012-11-13,2.23321582454
2012-11-14,1.82119816642
2012-11-15,1.65750340082
2012-11-16,1.45208891421
2012-11-19,1.6426511763
2012-11-20,1.21375443824
2012-11-21,1.33475384892
2012-11-22,1.29385405433
2012-11-23,1.37323274238
2012-11-26,0.584897307391
2012-11-27,0.586302211478
2012-11-28,0.58529687948
2012-11-29,0.774130826176
2012-11-30,0.941904288769
2012-12-03,1.40816512899
2012-12-04,0.958054326589
2012-12-05,0.924871070521
2012-12-06,0.0173250022099
2012-12-07,-0.462196671964
2012-12-10,-0.537533365628
2012-12-11,-0.736174746988
2012-12-12,-0.696706487609
2012-12-13,-0.855143540311
2012-12-14,-0.357582200877
2012-12-17,-0.233816003816
2012-12-18,0.232223438981
2012-12-19,-0.445116219482
2012-12-20,-1.1656131625
2012-12-21,-0.920172168803
2012-12-24,-0.828593321959
2012-12-25,-0.334702208206
2012-12-26,-0.876973862608
2012-12-27,-1.73100454802
2012-12-28,-1.73383678624
2012-12-31,-1.55002439104
2013-01-01,-1.08250829884
2013-01-02,-1.22884033789
2013-01-03,-1.18019572507
2013-01-04,-1.00189056197
2013-01-07,-1.34160467108
2013-01-08,-1.35323207629
2013-01-09,-0.754191876844
2013-01-10,-0.690918549797
2013-01-11,-0.989746141039
2013-01-14,-0.959550460887
2013-01-15,-0.799451206613
2013-01-16,
2013-01-17,
2013-01-18,
2013-01-21,
2013-01-22,
2013-01-23,
2013-01-24,
2013-01-25,
2013-01-28,
2013-01-29,
2013-01-30,
2013-01-31,
2013-02-01,
2013-02-04,
2013-02-05,
2013-02-06,
2013-02-07,
2013-02-08,
2013-02-11,
2013-02-12,
2013-02-13,-0.914843610255
2013-02-14,-0.941150231654
2013-02-15,-1.00171408805
2013-02-18,-0.80666716394
2013-02-19,-0.962945696218
2013-02-20,-1.13653722299
2013-02-21,-0.540215296363
2013-02-22,-0.293525453469
2013-02-25,-0.2649177462
2013-02-26,0.412143733239
2013-02-27,0.64564132812
2013-02-28,0.0969391477545
2013-03-01,0.646633820994
2013-03-04,0.454762104193
2013-03-05,-0.367446401456
2013-03-06,-0.397265954467
2013-03-07,-0.0586698715672
2013-03-08,-1.10426307307
2013-03-11,-1.8752509278
2013-03-12,-0.951131621607
2013-03-13,-0.173645191628
2013-03-14,0.264256836125
2013-03-15,0.273363378622
2013-03-18,1.41109685265
2013-03-19,0.557338357294
2013-03-20,0.740873934115
2013-03-21,0.947662442362
2013-03-22,1.89757582116
2013-03-25,1.41889019118
2013-03-26,1.35293970208
2013-03-27,1.44525517526
2013-03-28,0.943788187359
2013-03-29,1.15594942706
2013-03-31,0.914909019335
2013-04-01,0.705386369408
2013-04-02,0.664080213633
2013-04-03,0.622886625617
2013-04-04,0.238484829771
2013-04-07,-0.545872815891
2013-04-08,-0.522211750597
2013-04-09,-0.891856026
2013-04-10,-1.20348935305
2013-04-11,-1.09998359769
2013-04-14,-1.18021182648
2013-04-15,-0.256331080781
2013-04-16,-0.555888248294
2013-04-17,-0.0594280191369
2013-04-18,-0.237227547082
2013-04-21,0.0957663830665
2013-04-22,0.48790460291
2013-04-23,0.602043288022
2013-04-24,0.205698243759
2013-04-25,0.0181623126844
2013-04-28,-0.22992685778
2013-04-29,0.310688042158
2013-04-30,0.113504882361
2013-05-01,0.291622292598
2013-05-02,0.52354722434
2013-05-05,0.468876498227
2013-05-06,0.369605285778
2013-05-07,0.215069318655
2013-05-08,-0.00946926343281
2013-05-09,0.891616336023
2013-05-12,0.95781923162
2013-05-13,0.275168306386
2013-05-14,1.44795098817
2013-05-15,1.24483024758
2013-05-16,1.49759719584
2013-05-19,1.6427915146
2013-05-20,1.62813648996
2013-05-21,1.23224070544
2013-05-22,1.59349111268
2013-05-23,1.17304881285
2013-05-26,0.958012968696
2013-05-27,1.34434466372
2013-05-28,1.93134674522
2013-05-29,2.14872735357
2013-05-30,1.92773731965
2013-06-02,1.61528205331
2013-06-03,1.37471576665
2013-06-04,1.0809266313
2013-06-05,0.986265334711
2013-06-06,0.883319980705
2013-06-09,0.808068095443
2013-06-10,0.733286532657
2013-06-11,0.656659119722
2013-06-12,0.753988678262
2013-06-13,0.311235548763
2013-06-16,0.241733988613
2013-06-17,1.06496462071
2013-06-18,1.15079139162
2013-06-19,2.22538453445
2013-06-20,2.19082329035
2013-06-23,1.54562534783
2013-06-24,0.960603914561
2013-06-25,0.607543194095
2013-06-26,0.223206676203
2013-06-27,0.437283692552
2013-06-30,0.56236085719
2013-07-01,0.654256468869
2013-07-02,0.883667521088
2013-07-03,0.914827292498
2013-07-04,0.677489686745
2013-07-07,0.62634934741
2013-07-08,0.682118854253
2013-07-09,0.600107758391
2013-07-10,0.690814055022
2013-07-11,0.542663458199
2013-07-14,0.532507587876
2013-07-15,-0.348065984435
2013-07-16,0.18560382827
2013-07-17,-0.50919935974
2013-07-18,-0.497392899755
2013-07-21,0.0599182709859
2013-07-22,-0.289546254574
2013-07-23,-0.707945501331
2013-07-24,0.057798535062
2013-07-25,-0.0124881129947
2013-07-28,0.307840527528
2013-07-29,0.900617459578
2013-07-30,1.45678234205
2013-07-31,1.1759943939
2013-08-01,1.69135282083
2013-08-04,0.841161999065
2013-08-05,1.30834168564
2013-08-06,0.998961205201
2013-08-07,0.883919776564
2013-08-08,0.345330238018
2013-08-11,0.0664542166007
2013-08-12,0.559696130045
2013-08-13,0.959844417717
2013-08-14,1.2797729981
2013-08-15,1.51447920693
2013-08-18,2.18727642526
2013-08-19,1.94745664251
2013-08-20,1.54626397177
2013-08-21,1.74343688842
2013-08-22,1.05585477389
2013-08-25,0.514259628768
2013-08-26,0.545732906231
2013-08-27,0.214759393963
2013-08-28,-0.0186913378533
2013-08-29,0.137118515874
2013-09-01,0.523467124999
2013-09-02,0.270755748469
2013-09-03,-0.140165447009
2013-09-04,-0.255463245697
2013-09-05,-0.978763741093
2013-09-08,-0.537859666897
2013-09-09,-1.86589352345
2013-09-10,-1.50617253137
2013-09-11,-1.54848488999
2013-09-12,-1.38152362455
2013-09-15,-1.2675933015
2013-09-16,-1.0580726076
2013-09-17,-1.20666300522
2013-09-18,-1.69868063365
2013-09-19,-1.40307093357
2013-09-22,-0.642287136136
2013-09-23,-1.26012137566
2013-09-24,-1.10546537925
2013-09-25,-0.797014497319
2013-09-26,-0.542101743016
2013-09-29,-0.620212145576
2013-09-30,-0.845403145917
2013-10-01,-0.791123160802
2013-10-02,-1.02703215117
2013-10-03,-0.797535903951
2013-10-06,-0.67074226281
2013-10-07,
2013-10-08,
2013-10-09,
2013-10-10,
2013-10-13,
2013-10-14,
2013-10-15,
2013-10-16,
2013-10-17,
2013-10-20,
2013-10-21,
2013-10-22,
2013-10-23,
2013-10-24,
2013-10-28,
2013-10-29,
2013-10-30,
2013-10-31,
2013-11-01,
2013-11-04,
2013-11-05,1.970436021
2013-11-06,2.00734727204
2013-11-07,1.56126029203
2013-11-08,1.58034176622
2013-11-11,1.22663552972
2013-11-12,1.25388115424
2013-11-13,0.974772468073
2013-11-14,0.869751289433
2013-11-15,0.617098860792
2013-11-18,0.460189513301
2013-11-19,-0.00987003556126
2013-11-20,0.0348214385618
2013-11-21,0.190555578629
2013-11-22,0.341925701152
2013-11-25,-0.0345202276356
2013-11-26,0.0967388441725
2013-11-27,0.254609515907
2013-11-28,0.848108054317
2013-11-29,0.59037928794
2013-12-02,1.11773332539
2013-12-03,1.29504349888
2013-12-04,1.58590668805
2013-12-05,1.56920870951
2013-12-06,0.759333995227
2013-12-09,-0.0724942539907
2013-12-10,-0.19189933291
2013-12-11,-0.173281733851
2013-12-12,0.428339299814
2013-12-13,0.214692825902
2013-12-16,-0.000495931677096
2013-12-17,-0.047368635768
2013-12-18,-0.228435371639
2013-12-19,0.232035673543
2013-12-20,0.869656491136
2013-12-23,1.15723966091
2013-12-24,0.38033549071
2013-12-25,0.415132136713
2013-12-26,0.398574888817
2013-12-27,0.144043559328
2013-12-30,-0.329200332027
2013-12-31,0.338759364181
2014-01-01,0.393231132675
2014-01-02,0.95525421471
2014-01-03,1.08320510012
2014-01-06,0.811918067871
2014-01-07,0.51774218164
2014-01-08,0.567938943341
2014-01-09,1.26759742605
2014-01-10,0.893700792802
2014-01-13,-0.383413754733
2014-01-14,-0.292266427389
2014-01-15,-0.916717049877
2014-01-16,-0.286047085894
2014-01-17,-0.361229581182
2014-01-20,-1.15579491242
2014-01-21,-0.662435257388
2014-01-22,-0.354850729017
2014-01-23,0.581415988061
2014-01-24,1.77182149364
2014-01-27,1.35562857813
2014-01-28,1.54088904556
2014-01-29,1.78540656192
2014-01-30,1.32527230975
2014-01-31,0.741557215044
2014-02-03,0.752356899456
2014-02-04,0.89186669119
2014-02-05,0.324039211234
2014-02-06,0.108767391367
2014-02-07,-0.213243964092
2014-02-10,-0.15281284977
2014-02-11,0.202598560583
2014-02-12,0.131595885531
2014-02-13,0.541247225708
2014-02-14,-0.392054831693
2014-02-17,-0.64542953479
2014-02-18,-0.685162404193
2014-02-19,-0.462158709139
2014-02-20,-1.03799479368
2014-02-21,-1.53771503614
2014-02-24,-2.07442663082
2014-02-25,-1.89449795354
2014-02-26,-1.57922893678
2014-02-27,-1.28533207547
2014-02-28,-1.51222755998
2014-03-03,-1.15732250589
2014-03-04,-0.88929575375
2014-03-05,-0.897362418276
2014-03-06,-1.2350954632
2014-03-07,-0.894987526283
2014-03-10,-0.65832896129
2014-03-11,-0.394992952322
2014-03-12,0.116066983611
2014-03-13,-0.115845003935
2014-03-14,0.362412028576
2014-03-17,-0.289856746468
2014-03-18,0.0254309219711
2014-03-19,-0.544995808385
2014-03-20,0.022629283053
2014-03-21,-1.19114293699
2014-03-24,-1.08162981911
2014-03-25,-1.24263142526
2014-03-26,-1.55688065408
2014-03-27,-2.06031444371
2014-03-28,-2.48719750405
2014-03-30,-1.9328387539
2014-03-31,-1.49806157709
2014-04-01,-1.38044852889
2014-04-02,-1.02812901438
2014-04-03,-0.991992057188
2014-04-06,-1.3629169339
2014-04-07,-1.50040285579
2014-04-08,-1.43612062392
2014-04-09,-1.46869031866
2014-04-10,-1.12089234976
2014-04-13,-0.955789884818
2014-04-14,-0.834066734503
2014-04-15,-0.539949559464
2014-04-16,-0.376537413597
2014-04-17,-0.365854971296
2014-04-20,-0.342803022837
2014-04-21,-0.275509425074
2014-04-22,-0.116257284668
2014-04-23,-0.571571894858
2014-04-24,-0.630104228785
2014-04-27,0.145702122146
2014-04-28,-0.458196435339
2014-04-29,0.31137463307
2014-04-30,-0.014970084468
2014-05-01,0.218225671351
2014-05-04,-0.274989142273
2014-05-05,0.643971839523
2014-05-06,-0.123757170159
2014-05-07,-1.05436601541
2014-05-08,-1.01649759217
2014-05-11,-1.27135477652
2014-05-12,-1.15616760138
2014-05-13,-1.02157116811
2014-05-14,-1.20152114976
2014-05-15,-0.599215432757
2014-05-18,-0.817561107137
2014-05-19,-1.05928617606
2014-05-20,-0.637721442258
2014-05-21,-0.87616663844
2014-05-22,-0.507051384289
2014-05-25,-0.0672198007568
2014-05-26,0.481099891641
2014-05-27,1.23275848636
2014-05-28,0.686149007016
2014-05-29,0.696131885519
2014-06-01,1.65347483712
2014-06-02,2.49015339042
2014-06-03,2.10639005875
2014-06-04,1.57382041758
2014-06-05,0.70599551492
2014-06-08,0.231825465954
2014-06-09,-0.0894443906745
2014-06-10,-0.411092515303
2014-06-11,-0.240996995472
2014-06-12,-0.270440225901
2014-06-15,-0.532070177905
2014-06-16,-0.0284371275331
2014-06-17,0.642662020568
2014-06-18,-0.872968250301
2014-06-19,-0.665507403203
2014-06-22,-0.576886015366
2014-06-23,-1.03788621669
2014-06-24,-0.893628264561
2014-06-25,-1.23651147639
2014-06-26,-1.39598899516
2014-06-29,-1.37416543223
2014-06-30,-0.733379492505
2014-07-01,-0.987271052573
2014-07-02,0.0761661230978
2014-07-03,-0.775292572214
2014-07-06,-0.585009595612
2014-07-07,0.0377926300746
2014-07-08,-0.605649190966
2014-07-09,-0.413603202558
2014-07-10,0.0180407590222
2014-07-13,-0.0795023074598
2014-07-14,-0.408022695807
2014-07-15,0.0838178033201
2014-07-16,0.895187459469
2014-07-17,2.31951670473
2014-07-20,0.490939812002
2014-07-21,0.113640789577
2014-07-22,-0.33007225851
2014-07-23,-0.0386771072597
2014-07-24,0.0978513290079
2014-07-27,0.603756418289
2014-07-28,0.127595794247
2014-07-29,1.08087090388
2014-07-30,2.10126281823
2014-07-31,2.18705699362
2014-08-03,1.24646918255
2014-08-04,1.41878238936
2014-08-05,1.5845944937
2014-08-06,1.12953666931
2014-08-07,1.42161796002
2014-08-10,0.848603931693
2014-08-11,0.631378716934
2014-08-12,0.605776882104
2014-08-13,0.590814329249
2014-08-14,0.24995818802
2014-08-17,-0.0913474772917
2014-08-18,-0.0685172206051
2014-08-19,-0.449732788718
2014-08-20,-0.146108624772
2014-08-21,0.237395073575
2014-08-24,0.395981720445
2014-08-25,0.693376518394
2014-08-26,-0.66108198435
2014-08-27,-1.14513723083
2014-08-28,-1.5596010343
2014-08-31,-1.62104424746
2014-09-01,-0.916059440422
2014-09-02,-1.08044378907
2014-09-03,-1.05593634075
2014-09-04,-0.855002751858
2014-09-07,-0.699664686864
2014-09-08,0.593888162158
2014-09-09,1.23961540868
2014-09-10,1.19729152658
2014-09-11,1.69027447848
2014-09-14,1.5622677791
2014-09-15,1.71826737442
2014-09-16,1.40959374218
2014-09-17,1.53714857378
2014-09-18,1.33505577782
2014-09-21,1.19621721441
2014-09-22,1.29463842175
2014-09-23,1.20325716601
2014-09-24,0.869341588544
2014-09-25,1.11978028499
2014-09-28,1.04410646212
2014-09-29,1.04754654789
2014-09-30,0.936938543332
2014-10-01,1.17731690834
2014-10-02,1.14847169727
2014-10-05,0.581947460226
2014-10-06,0.213596046745
2014-10-07,-0.0159102119545
2014-10-08,-0.396198036729
2014-10-09,-0.131879718709
2014-10-12,-0.232845669107
2014-10-13,-0.363941079895
2014-10-14,-0.200879178228
2014-10-15,0.855501630552
2014-10-16,0.590736200698
2014-10-19,0.193670046219
2014-10-20,0.882498475665
2014-10-21,0.808728982991
2014-10-22,0.954624637119
2014-10-23,0.738739893643
2014-10-27,0.915962221506
2014-10-28,0.91487651687
2014-10-29,-0.0574095961829
2014-10-30,-0.24965116025
2014-10-31,-0.546149690713
2014-11-03,0.0153018968014
2014-11-04,0.951892197724
2014-11-05,0.868340091392
2014-11-06,0.970149224681
2014-11-07,1.62954247313
2014-11-10,1.14610439497
2014-11-11,1.12151938662
2014-11-12,0.977833605307
2014-11-13,1.02161360433
2014-11-14,1.39263898563
2014-11-17,1.17988738541
2014-11-18,1.01557279912
2014-11-19,0.691236935184
2014-11-20,0.417744575848
2014-11-21,0.226635123445
2014-11-24,-0.241743871912
2014-11-25,-0.0356491798826
2014-11-26,-0.347707102441
2014-11-27,-0.688489791043
2014-11-28,-0.0803714921692
2014-12-01,-0.0563846520789
2014-12-02,0.142589966276
2014-12-03,0.230231560291
2014-12-04,0.0511624674102
2014-12-05,0.777325063051
2014-12-08,0.672496645643
2014-12-09,0.816325745957
2014-12-10,0.5920124352
2014-12-11,1.16779873834
2014-12-12,1.59006215037
2014-12-15,1.51869375909
2014-12-16,2.02519301773
2014-12-17,1.74405739947
2014-12-18,1.1168249592
2014-12-19,0.534675952497
2014-12-22,0.444640485519
2014-12-23,0.582708889133
2014-12-24,0.69178564275
2014-12-25,0.621357464514
2014-12-26,0.585888437888
2014-12-29,0.420183752285
2014-12-30,0.404259336952
2014-12-31,-0.134689951028
2015-01-01,-0.143121406656
2015-01-02,0.113655887413
2015-01-05,0.564689939033
2015-01-06,0.719749001313
2015-01-07,0.181044954359
2015-01-08,-0.055390991664
2015-01-09,-1.01714047775
2015-01-12,-1.37095718916
2015-01-13,-0.626906235269
2015-01-14,-1.48910056545
2015-01-15,-1.7768591563
2015-01-16,-1.09245744106
2015-01-19,-1.38704721801
2015-01-20,-0.735050672786
2015-01-21,-1.4298775672
2015-01-22,-1.69315581721
2015-01-23,-1.5396832766
2015-01-26,-1.21132396997
2015-01-27,-1.2085643107
2015-01-28,-1.23733839667
2015-01-29,-0.90127196905
2015-01-30,-0.0792303463044
2015-02-02,0.865745340081
2015-02-03,1.44040620081
2015-02-04,1.23610035376
2015-02-05,1.57181991958
2015-02-06,1.54787639331
2015-02-09,1.45034939705
2015-02-10,1.26577207153
2015-02-11,1.46402821982
2015-02-12,1.31301579645
2015-02-13,0.923467066332
2015-02-16,0.792968332975
2015-02-17,0.68066859715
2015-02-18,0.638902208935
2015-02-19,0.65415468323
2015-02-20,0.754844517985
2015-02-23,0.757190002624
2015-02-24,0.680120189387
2015-02-25,0.525696438392
2015-02-26,0.57597522181
2015-02-27,0.832760204358
2015-03-02,0.328395124429
2015-03-03,0.979777386278
2015-03-04,1.67126797116
2015-03-05,1.93982072576
2015-03-06,2.03650268702
2015-03-09,2.12457639107
2015-03-10,2.02965823822
2015-03-11,1.40821775952
2015-03-12,1.16516932639
2015-03-13,1.425024647
2015-03-16,1.34349077072
2015-03-17,1.18573504116
2015-03-18,1.01162583973
2015-03-19,0.877873673417
2015-03-20,0.867635132016
2015-03-23,0.525343757051
2015-03-24,0.149460422079
2015-03-25,0.148691234463
2015-03-26,0.397196157976
2015-03-27,0.388337732602
2015-03-29,0.652640939773
2015-03-30,0.376212477886
2015-03-31,-0.0728106615042
2015-04-01,-0.300655107204
2015-04-02,-0.840447748199
2015-04-05,-1.11545234244
2015-04-06,-0.862026337807
2015-04-07,-1.08500666773
2015-04-08,-1.69899738102
2015-04-09,-1.30050041623
2015-04-12,-0.989352983019
2015-04-13,-0.685864009116
2015-04-14,-0.988954304455
2015-04-15,-1.36235360962
2015-04-16,-1.22236522962
2015-04-19,-1.05242196903
2015-04-20,-1.04286865006
2015-04-21,-1.02890707962
2015-04-22,-1.09466984438
2015-04-23,-1.30793406229
2015-04-26,-1.57878668982
2015-04-27,-1.74644946808
2015-04-28,-1.31568443263
2015-04-29,-0.85551343973
2015-04-30,-0.0209645713572
2015-05-03,-0.0707656295751
2015-05-04,0.595100190728
2015-05-05,0.333309904856
2015-05-06,0.102718712371
2015-05-07,-0.170301338848
2015-05-10,-0.473123498244
2015-05-11,0.574986530172
2015-05-12,-0.0673154877538
2015-05-13,0.195009486298
2015-05-14,-0.34727564855
2015-05-17,-0.138783691176
2015-05-18,0.0766110814308
2015-05-19,0.448130150643
2015-05-20,0.0570650220663
2015-05-21,0.580294763195
2015-05-24,1.53063673595
2015-05-25,1.60503516699
2015-05-26,2.20785048183
2015-05-27,1.59477850652
2015-05-28,1.43887474537
2015-05-31,1.34149075691
2015-06-01,0.907345188189
2015-06-02,0.469706274321
2015-06-03,0.518593235301
2015-06-04,0.507854990054
2015-06-07,0.357441329125
2015-06-08,0.0519538259745
2015-06-09,-0.172043482747
2015-06-10,0.242958693803
2015-06-11,-0.15192798492
2015-06-14,-0.00708339073039
2015-06-15,-0.0246589994735
2015-06-16,-0.746009020514
2015-06-17,-1.66502016488
2015-06-18,-1.38377041345
2015-06-21,-0.817305075581
2015-06-22,-0.710634067594
2015-06-23,-0.926407985922
2015-06-24,-0.406259633497
2015-06-25,0.202970949028
2015-06-28,0.705097147091
2015-06-29,0.134489024406
2015-06-30,0.0508346604066
2015-07-01,0.767914099565
2015-07-02,-0.0203358027481
2015-07-05,1.01613909051
2015-07-06,1.2030123346
2015-07-07,2.03148878504
2015-07-08,2.09927698176
2015-07-09,1.38479591344
2015-07-12,0.474241292756
2015-07-13,-0.0361524531304
2015-07-14,0.100017265844
2015-07-15,0.0103344650495
2015-07-16,0.406639394964
2015-07-19,0.916053245702
2015-07-20,0.683971382681
2015-07-21,0.525898618857
2015-07-22,1.38898930015
2015-07-23,1.90271640802
2015-07-26,2.17551816172
2015-07-27,1.82960459031
2015-07-28,1.34395448365
2015-07-29,0.98803451112
2015-07-30,1.0983878645
2015-08-02,1.26960693207
2015-08-03,1.2040557848
2015-08-04,1.11218326461
2015-08-05,1.13697264152
2015-08-06,1.08224060561
2015-08-09,0.859712562576
2015-08-10,0.552068432355
2015-08-11,0.59491146201
2015-08-12,0.600250040274
2015-08-13,0.628756420942
2015-08-16,0.445909129292
2015-08-17,0.390858353784
2015-08-18,0.320551962405
2015-08-19,0.390155779287
2015-08-20,0.115535960706
2015-08-23,0.772361645908
2015-08-24,0.999357775759
2015-08-25,2.07876044271
2015-08-26,1.32589885886
2015-08-27,0.954621265221
2015-08-30,1.4319613832
2015-08-31,1.55192309647
2015-09-01,1.93758432647
2015-09-02,1.93710211178
2015-09-03,1.43733013599
2015-09-06,1.60923855167
2015-09-07,1.24762345784
2015-09-08,0.979971918498
2015-09-09,0.930517802627
2015-09-10,0.941909814705
2015-09-13,0.866929789814
2015-09-14,0.590183057392
2015-09-15,0.640703513003
2015-09-16,0.583372192638
2015-09-17,0.762872746454
2015-09-20,1.03029031619
2015-09-21,
2015-09-22,
2015-09-23,
2015-09-24,
2015-09-27,
2015-09-28,
2015-09-29,
2015-09-30,
2015-10-01,
2015-10-04,
2015-10-05,
2015-10-06,
2015-10-07,
2015-10-08,
2015-10-11,
2015-10-12,
2015-10-13,
2015-10-14,
2015-10-15,
2015-10-18,
2015-10-19,-0.396178363124
2015-10-20,-0.0907205460872
2015-10-21,0.19786727823
2015-10-22,-0.0948678075352
2015-10-26,-0.32891530161
2015-10-27,0.188576591541
2015-10-28,0.0280251035848
2015-10-29,0.481028863273
2015-10-30,-0.259548992854
2015-11-02,-0.287166928312
2015-11-03,-0.357790800539
2015-11-04,-1.20411674218
2015-11-05,-0.870217029573
2015-11-06,-0.905372216515
2015-11-09,-1.16480746233
2015-11-10,-0.908311273729
2015-11-11,-1.50397730096
2015-11-12,-0.940085609256
2015-11-13,-0.805913318262
2015-11-16,-0.0945971320362
2015-11-17,-0.408269820131
2015-11-18,-0.552869221336
2015-11-19,-1.06467644128
2015-11-20,-1.10934418535
2015-11-23,-1.44751994073
2015-11-24,-1.23234089162
2015-11-25,-1.02556971099
2015-11-26,-0.732222986217
2015-11-27,-0.767563683143
2015-11-30,0.908817378614
2015-12-01,1.57140001479
2015-12-02,1.07015853021
2015-12-03,0.410732142724
2015-12-04,-0.496615218654
2015-12-07,-0.523201445933
2015-12-08,-0.148697924055
2015-12-09,-0.0201057093529
2015-12-10,-0.482347944988
2015-12-11,0.677805671784
2015-12-14,1.11358415463
2015-12-15,1.11850697797
2015-12-16,1.42323378115
2015-12-17,0.876347658162
2015-12-18,0.829843715091
2015-12-21,1.5851847182
2015-12-22,1.4029348755
2015-12-23,1.09173066388
2015-12-24,0.66786616198
2015-12-25,0.381367245612
2015-12-28,0.348419865135
2015-12-29,-0.236454011733
2015-12-30,0.227246687589
2015-12-31,0.652163549893
2016-01-01,0.534638957281
2016-01-04,0.855846191479
2016-01-05,1.19024265372
2016-01-06,1.06652367741
2016-01-07,1.05748579076
2016-01-08,0.878595760329
2016-01-11,0.589297199595
2016-01-12,0.810443491751
2016-01-13,0.383357827343
2016-01-14,0.417626947981
2016-01-15,0.490230421532
2016-01-18,0.461839215198
2016-01-19,0.590793041139
2016-01-20,0.985389870998
2016-01-21,1.41393938972
2016-01-22,1.49569787334
2016-01-25,0.873700743652
2016-01-26,0.810452868235
2016-01-27,0.210000307444
2016-01-28,0.637944218201
2016-01-29,-0.00548943081513
2016-02-01,-1.17616056618
2016-02-02,-1.36330811607
2016-02-03,-1.32678984575
2016-02-04,-2.37891038788
2016-02-05,-1.77843571591
2016-02-08,-1.51873839565
2016-02-09,-1.3063273959
2016-02-10,-1.11525886307
2016-02-11,-0.645805568577
2016-02-12,-0.264742730563
2016-02-15,-0.259036178058
2016-02-16,-0.0400879826384
2016-02-17,0.229111683509
2016-02-18,-0.101928564552
2016-02-19,0.424055758426
2016-02-22,0.0714949330597
2016-02-23,-0.401623020958
2016-02-24,-0.126764176553
2016-02-25,-0.407258562341
2016-02-26,-0.169160980808
2016-02-29,0.0782910237577
2016-03-01,0.513907396918
2016-03-02,-0.687828786531
2016-03-03,-1.360958264
2016-03-04,-2.58432761344
2016-03-07,-2.03544667708
2016-03-08,-1.58947244136
2016-03-09,-1.69009626342
2016-03-10,-1.69205564591
2016-03-11,-1.64109833929
2016-03-14,-1.49926071065
2016-03-15,-0.926034817171
2016-03-16,-0.393533371334
2016-03-17,-0.75230406204
2016-03-18,-1.01038906547
2016-03-21,-0.982236118764
2016-03-22,-0.949690843351
2016-03-23,-0.924130003551
2016-03-24,-0.438654167854
2016-03-25,-0.507090025096
2016-03-27,-0.543360233073
2016-03-28,-0.557808759239
2016-03-29,-0.749731740067
2016-03-30,-1.14316186051
2016-03-31,-1.09752802384
2016-04-03,-1.23741363662
2016-04-04,-0.335211892734
2016-04-05,0.397669173284
2016-04-06,0.0418517551328
2016-04-07,0.141587648433
2016-04-10,-1.33855244584
2016-04-11,-1.86903686739
2016-04-12,-1.68136688411
2016-04-13,-1.50933296349
2016-04-14,-1.43180348147
2016-04-17,-0.778556815124
2016-04-18,-0.216015656533
2016-04-19,-0.753408718343
2016-04-20,-0.799189200435
2016-04-21,-0.456586286181
2016-04-24,-0.335496248246
2016-04-25,-0.45350672083
2016-04-26,-0.650317557764
2016-04-27,-0.811820791113
2016-04-28,-1.26388734733
2016-05-01,-1.31612580025
2016-05-02,-0.422391296067
2016-05-03,0.134228072112
2016-05-04,-0.0449758054363
2016-05-05,0.272844140911
2016-05-08,0.488191469948
2016-05-09,-0.706379799007
2016-05-10,-1.39363794368
2016-05-11,-1.36203250715
2016-05-12,-0.776694694763
2016-05-15,-0.0916878257491
2016-05-16,-0.430126464546
2016-05-17,-0.246570818187
2016-05-18,1.03766388499
2016-05-19,0.693327429263
2016-05-22,0.606192742582
2016-05-23,0.804651030625
2016-05-24,1.04419905264
2016-05-25,0.912939595103
2016-05-26,0.976994287504
2016-05-29,1.1348530199
2016-05-30,0.603778968447
2016-05-31,0.863665946193
2016-06-01,0.63563902063
2016-06-02,0.253730282522
2016-06-05,-0.471868019413
2016-06-06,-1.00814291839
2016-06-07,-1.85315899702
2016-06-08,-2.24682608802
2016-06-09,-1.49174493675
2016-06-12,-1.15445872805
2016-06-13,-0.562142507037
2016-06-14,-0.585986237247
2016-06-15,-0.475487392072
2016-06-16,-0.691418252332
2016-06-19,-1.0582654251
2016-06-20,-1.08824292101
2016-06-21,-0.873422660778
2016-06-22,-1.11376691113
2016-06-23,-0.996355378793
2016-06-26,-0.810556355824
2016-06-27,-0.899101535431
2016-06-28,-1.63154100021
2016-06-29,-2.02148248098
2016-06-30,-1.90570689704
2016-07-03,-1.53413994156
2016-07-04,-0.956326911198
2016-07-05,-0.648335234349
2016-07-06,-0.381370872009
2016-07-07,-0.317343358543
2016-07-10,-0.615298037303
2016-07-11,-0.584701424406
2016-07-12,-0.543292387263
2016-07-13,-0.928796433003
2016-07-14,-0.819277163773
2016-07-17,-0.579398076777
2016-07-18,-0.701137913565
2016-07-19,-0.768303333048
2016-07-20,-0.613530276973
2016-07-21,-0.300962876779
2016-07-24,-0.429376281859
2016-07-25,0.12294099062
2016-07-26,-0.0802750409223
2016-07-27,-0.450618414126
2016-07-28,-0.333541864654
2016-07-31,-0.814039101003
2016-08-01,-0.671336769025
2016-08-02,-0.333241551796
2016-08-03,-1.64876774743
2016-08-04,-2.82802585895
2016-08-07,-2.8135472591
2016-08-08,-2.2546229884
2016-08-09,-2.02917783939
2016-08-10,-1.694226618
2016-08-11,-1.22823831863
2016-08-14,-0.64441425448
2016-08-15,-0.619293316254
2016-08-16,-0.193948728437
2016-08-17,-0.208217582887
2016-08-18,0.193831155541
2016-08-21,-0.0931963605677
2016-08-22,-0.187900016094
2016-08-23,0.437553071256
2016-08-24,0.303766959851
2016-08-25,0.19643596134
2016-08-28,1.02835597903
2016-08-29,0.502277332314
2016-08-30,0.584659216749
2016-08-31,0.491950035152
2016-09-01,0.754121335008
2016-09-04,0.910148713154
2016-09-05,0.770782708594
2016-09-06,-0.518037398212
2016-09-07,-0.779980939431
2016-09-08,0.263548944576
2016-09-11,1.43222994409
2016-09-12,1.02425928467
2016-09-13,1.99372450266
2016-09-14,1.9447237636
2016-09-15,0.943034471418
2016-09-18,0.185293766624
2016-09-19,0.101615578088
2016-09-20,-0.221151441901
2016-09-21,-1.15052889869
2016-09-22,-0.849792285543
2016-09-25,-0.295164241996
2016-09-26,-0.4462540183
2016-09-27,-0.375942613731
2016-09-28,-0.729168366368
2016-09-29,-0.140444234756
2016-10-02,-0.151698726548
2016-10-03,-0.789913034879
2016-10-04,-0.206902874664
2016-10-05,-0.747954410589
2016-10-06,-0.863073625966
2016-10-09,-0.9314088051
2016-10-10,-0.967201187687
2016-10-11,-1.17611566236
2016-10-12,-0.958155605167
2016-10-13,-1.65319998833
2016-10-16,-0.952070274946
2016-10-17,-0.968762750764
2016-10-18,-1.34970636463
2016-10-19,-1.72849202415
2016-10-20,-1.79663035578
2016-10-23,-1.69985089555
2016-10-24,-1.81536093518
2016-10-25,-1.58277604736
2016-10-26,-0.972904472205
2016-10-27,-0.390733722161
2016-10-31,0.0473576794617
2016-11-01,0.282955850299
2016-11-02,0.985928337759
2016-11-03,1.13229971282
2016-11-04,1.1977293698
2016-11-07,0.594140508263
2016-11-08,0.224794647648
2016-11-09,0.0611116591877
2016-11-10,1.50381390057
2016-11-11,2.9705611906
2016-11-14,2.04718769574
2016-11-15,1.73023392169
2016-11-16,1.31956431083
2016-11-17,1.06862906342
2016-11-18,0.825536333693
2016-11-21,0.466566799356
2016-11-22,0.394215921651
2016-11-23,0.374821854434
2016-11-24,0.56650827421
2016-11-25,0.486034347945
2016-11-28,0.415257266812
2016-11-29,0.291857291328
2016-11-30,0.490738607856
2016-12-01,0.406537791629
2016-12-02,1.32792789052
2016-12-05,0.78162257641
2016-12-06,0.312070842852
2016-12-07,-0.506663986009
2016-12-08,-0.855157071528
2016-12-09,-1.02608231795
2016-12-12,-1.00852313232
2016-12-13,-1.51113971027
2016-12-14,-1.50785971804
2016-12-15,-0.602865465571
2016-12-16,-0.610446566048
2016-12-19,-0.363687972659
2016-12-20,-0.780908804587
2016-12-21,-1.05349603151
2016-12-22,-1.21246612319
2016-12-23,-1.792062291
2016-12-26,-1.65185545276
2016-12-27,-1.40992767391
2016-12-28,-1.26249175863
2016-12-29,-1.14797770355
2016-12-30,-1.25961122863
2017-01-02,-1.07912917582
2017-01-03,-0.801375712643
2017-01-04,-1.01273214863
2017-01-05,-1.309467794
2017-01-06,-1.34405259023
2017-01-09,-1.07603782457
2017-01-10,-1.2740275945
2017-01-11,-1.06820661557
2017-01-12,-1.24112854964
2017-01-13,-0.995228655632
2017-01-16,-0.736148723535
2017-01-17,-0.411630141722
2017-01-18,-0.683853961589
2017-01-19,-0.3582463977
2017-01-20,-0.871178840729
2017-01-23,-1.50061640229
2017-01-24,-1.27701646325
2017-01-25,-1.1461920398
2017-01-26,-1.03628244438
2017-01-27,-0.997680707198
2017-01-30,-1.78616910205
2017-01-31,-1.686532303
2017-02-01,-0.962635295284
2017-02-02,-1.38749169642
2017-02-03,-1.24320676432
2017-02-06,-1.21363980125
2017-02-07,-1.04826237864
2017-02-08,-0.946888712493
2017-02-09,-0.888047922166
2017-02-10,-0.749860766938
2017-02-13,-0.856231379773
2017-02-14,-0.940287921232
2017-02-15,-1.46876921609
2017-02-16,-1.98118467206
2017-02-17,-1.02164520889
2017-02-20,-0.903713423887
2017-02-21,-0.93225383968
2017-02-22,-0.898458150331
2017-02-23,-1.46800721123
2017-02-24,-1.01564042563
2017-02-27,-0.0772468786621
2017-02-28,-0.163802100829
2017-03-01,0.258676539126
2017-03-02,-0.162233914424
2017-03-03,1.51534941064
2017-03-06,0.321271349212
2017-03-07,0.872812458065
2017-03-08,0.811483502931
2017-03-09,1.77948340947
2017-03-10,1.77114404817
2017-03-13,0.79725337563
2017-03-14,0.814616991251
2017-03-15,0.873568110405
2017-03-16,-0.440229097594
2017-03-17,-0.272972503319
2017-03-20,-0.659653857802
2017-03-21,-1.0951172033
2017-03-22,-0.675894171374
2017-03-23,-0.622756805339
2017-03-24,0.181837997644
2017-03-26,-0.359462463775
2017-03-27,-0.00678239230092
2017-03-28,0.0804579621542
2017-03-29,-0.320840958173
2017-03-30,0.550994295013
2017-04-02,-0.311724714807
2017-04-03,-0.253287645384
2017-04-04,-1.00870874952
2017-04-05,-0.285098484554
2017-04-06,0.447570250239
2017-04-09,0.680271773484
2017-04-10,0.536468586549
2017-04-11,0.7271591483
2017-04-12,0.191997172302
2017-04-13,0.723448716356
2017-04-16,0.205743501373
2017-04-17,-0.377916965047
2017-04-18,-0.652843700616
2017-04-19,0.676526768046
2017-04-20,0.951285334306
2017-04-23,-0.30021827735
2017-04-24,0.147565025535
2017-04-25,1.13668762657
2017-04-26,1.60949246162
2017-04-27,1.79012082021
2017-04-30,1.21681400481
2017-05-01,1.09389426843
2017-05-02,0.122833337579
2017-05-03,0.522060317435
2017-05-04,1.09637656842
2017-05-07,0.89691677989
2017-05-08,1.0537896989
2017-05-09,0.557123014517
2017-05-10,0.0262436535933
2017-05-11,-0.676502107983
2017-05-14,-0.796248252406
2017-05-15,-1.63004580767
2017-05-16,-1.61296907404
2017-05-17,1.56164753402
2017-05-18,3.14556367673
2017-05-21,1.47000750789
2017-05-22,1.26455621289
2017-05-23,1.01211943193
2017-05-24,0.967352732231
2017-05-25,0.758163150418
2017-05-28,0.303623418226
2017-05-29,0.489106204397
2017-05-30,0.351398925576
2017-05-31,0.0654341164411
2017-06-01,0.207556584476
2017-06-04,0.37798022824
2017-06-05,0.638187697705
2017-06-06,0.442114250598
2017-06-07,0.381758047747
2017-06-08,0.238151637202
2017-06-11,0.0177310085265
2017-06-12,1.20759616367
2017-06-13,0.896383205337
2017-06-14,0.0680954327937
2017-06-15,0.398468701071
2017-06-18,0.841620624111
2017-06-19,0.715726073943
2017-06-20,1.47253031084
2017-06-21,1.48376730865
2017-06-22,1.27051427215
2017-06-25,0.99052980384
2017-06-26,0.172685939299
2017-06-27,0.365430186239
2017-06-28,-0.258340387616
2017-06-29,0.126905221644
2017-07-02,-1.20293063022
2017-07-03,0.112229396682
2017-07-04,0.179151388757
2017-07-05,-0.184020484971
2017-07-06,-0.433950720038
2017-07-09,-2.02735381287
2017-07-10,
2017-07-11,
2017-07-12,
2017-07-13,
2017-07-16,
2017-07-17,
2017-07-18,
2017-07-19,
2017-07-20,
2017-07-23,
2017-07-24,
2017-07-25,
2017-07-26,
2017-07-27,
2017-07-30,
2017-07-31,
2017-08-01,
2017-08-02,
2017-08-03,
2017-08-06,
2017-08-07,-0.698901932602
2017-08-08,-0.488717028566
2017-08-09,0.205305147622
2017-08-10,0.884294757922
2017-08-13,1.34683661623
2017-08-14,1.46140632322
2017-08-15,0.670160150269
2017-08-16,0.0144952688297
2017-08-17,0.551380229686
2017-08-20,0.122520863133
2017-08-21,0.23530874513
2017-08-22,0.309020192343
2017-08-23,-0.373120596805
2017-08-24,-0.199499530659
2017-08-27,0.162600324247
2017-08-28,0.451427764597
2017-08-29,0.355116692167
2017-08-30,-0.0596365863135
2017-08-31,-0.84009284736
2017-09-03,-0.325031869036
2017-09-04,-1.39513176671
2017-09-05,-2.08492990894
2017-09-06,-2.1559660034
2017-09-07,-1.92583117442
2017-09-10,-0.99405931636
2017-09-11,-1.36215915391
2017-09-12,-0.499158346738
2017-09-13,-0.363654622215
2017-09-14,-0.59698281086
2017-09-17,-0.71978669604
2017-09-18,-0.139216926855
2017-09-19,-0.155331975154
2017-09-20,-0.0672633768662
2017-09-21,-0.067392951811
2017-09-24,-0.0630061452763
2017-09-25,1.25574624007
2017-09-26,1.70624342621
2017-09-27,2.04917980618
2017-09-28,1.30951743888
2017-10-01,0.860846561713
2017-10-02,0.40417648332
2017-10-03,-0.116043826563
2017-10-04,-0.324221597609
2017-10-05,0.459577409764
2017-10-08,0.324642023063
2017-10-09,0.950066823834
2017-10-10,0.549105309977
2017-10-11,0.3237050037
2017-10-12,0.364477610605
2017-10-15,-0.337822184072
2017-10-16,0.448264357451
2017-10-17,0.00325391564408
2017-10-18,0.350549624727
2017-10-19,0.555032897735
2017-10-22,1.66788106696
2017-10-23,2.84949046614
2017-10-24,1.96835230639
2017-10-25,1.68219889254
2017-10-26,1.96702934366
2017-10-30,1.12752193551
2017-10-31,1.27302436414
2017-11-01,0.955577631935
2017-11-02,0.662750841169
2017-11-03,0.855469058922
2017-11-06,0.859800224938
2017-11-07,0.402995830311
2017-11-08,0.379129009054
2017-11-09,0.202259688281
2017-11-10,0.230428649013
2017-11-13,0.539750324904
2017-11-14,0.601249900165
2017-11-15,1.20630228974
2017-11-16,
2017-11-17,
2017-11-20,
2017-11-21,
2017-11-22,
2017-11-23,
2017-11-24,
2017-11-27,
2017-11-28,
2017-11-29,
2017-11-30,
2017-12-01,
2017-12-04,
2017-12-05,
2017-12-06,
2017-12-07,
2017-12-08,
2017-12-11,
2017-12-12,
2017-12-13,
2017-12-14,
2017-12-15,1.46023768185
2017-12-18,0.742367991164
2017-12-19,0.437918071171
2017-12-20,0.190484914762
2017-12-21,0.489104745914
2017-12-22,0.527632633887
2017-12-25,1.08112812313
2017-12-26,0.835456331362
2017-12-27,0.279530547244
2017-12-28,0.193557027582
2017-12-29,0.126389775388
2018-01-01,0.286270033693
2018-01-02,-0.300537074433
2018-01-03,-1.98794845211
2018-01-04,-2.52734564984
2018-01-05,-1.97309236115
2018-01-08,-1.70073144024
2018-01-09,-1.25824258489
2018-01-10,-0.989213026776
2018-01-11,-1.17992994803
2018-01-12,-1.26749335684
2018-01-15,-1.38979275628
2018-01-16,-0.897093610586
2018-01-17,-0.70833797668
2018-01-18,-0.805673045105
2018-01-19,-0.892184748431
2018-01-22,-1.04473272582
2018-01-23,-0.717330224504
2018-01-24,-0.593924220112
2018-01-25,-2.17116705589
2018-01-26,-1.86179892978
2018-01-29,-1.58307928605
2018-01-30,-1.11796809
2018-01-31,-0.89287380279
2018-02-01,-0.577684844867
2018-02-02,-0.479077890678
2018-02-05,0.506217408569
2018-02-06,1.08000095995
2018-02-07,0.887786222117
2018-02-08,1.40719184915
2018-02-09,1.4585106482
2018-02-12,1.17820068176
2018-02-13,1.16742034817
2018-02-14,0.861549443068
2018-02-15,-0.124623404023
2018-02-16,0.084399795153
2018-02-19,0.0457803131864
2018-02-20,0.188222401571
2018-02-21,0.277775260632
2018-02-22,0.436753383054
2018-02-23,0.0774482358852
2018-02-26,-0.133452473367
2018-02-27,-0.292456940035
2018-02-28,-0.162762580017
2018-03-01,-0.0223837141301
2018-03-02,0.0128569925236
2018-03-05,-0.0537162079551
2018-03-06,-0.724478263649
2018-03-07,-1.15533545425
2018-03-08,-0.431692963055
2018-03-09,0.289326982861
2018-03-12,0.25372183556
2018-03-13,0.428227096955
2018-03-14,0.34973737193
