Date,rsi_6
2010-01-04,
2010-01-05,2.87312383524
2010-01-06,1.2731899564
2010-01-07,1.75676425334
2010-01-08,0.531815292097
2010-01-11,0.379321465826
2010-01-12,0.98142150296
2010-01-13,1.51755004795
2010-01-14,2.08487634221
2010-01-15,2.09134811174
2010-01-18,1.9106865091
2010-01-19,2.19275760851
2010-01-20,2.41762260852
2010-01-21,2.52081926964
2010-01-22,2.62728364086
2010-01-25,0.251056750528
2010-01-26,1.33779306084
2010-01-27,1.5482312482
2010-01-28,1.75897099559
2010-01-29,1.81286461438
2010-02-01,1.27045725517
2010-02-02,0.0144010518778
2010-02-03,0.513873848328
2010-02-04,1.0928144783
2010-02-05,1.13161357407
2010-02-08,0.654694382475
2010-02-09,-0.305790356375
2010-02-10,-0.0646799287102
2010-02-11,-0.0333532570086
2010-02-12,0.229728298954
2010-02-15,-0.099739325026
2010-02-16,-0.488168527844
2010-02-17,-0.859332391939
2010-02-18,-1.30872310438
2010-02-19,-1.68484512724
2010-02-22,-1.37256611418
2010-02-23,-0.63011494445
2010-02-24,-0.673828729882
2010-02-25,0.286017079335
2010-02-26,-0.925823361063
2010-03-01,-1.14881243428
2010-03-02,-2.12542893613
2010-03-03,-0.433931292942
2010-03-04,-0.421877022942
2010-03-05,-0.646360529754
2010-03-08,-0.433365640819
2010-03-09,-0.535811972807
2010-03-10,-0.89302105808
2010-03-11,-0.845026801754
2010-03-12,-1.08976525421
2010-03-15,-1.06401558681
2010-03-16,-0.727149230223
2010-03-17,-0.921949203753
2010-03-18,-0.258197310139
2010-03-19,0.865447935427
2010-03-22,0.999886656467
2010-03-23,-0.10395149273
2010-03-24,0.439935572644
2010-03-25,0.657901499907
2010-03-26,1.34813626818
2010-03-28,0.530257557859
2010-03-29,-0.132751805994
2010-03-30,-0.623248487439
2010-03-31,-1.07793768085
2010-04-01,-1.08965878498
2010-04-04,-1.23550383169
2010-04-05,-1.47151848495
2010-04-06,-0.0454229844716
2010-04-07,-0.232998233035
2010-04-08,-0.334845586293
2010-04-11,-0.997320798608
2010-04-12,-1.94807459947
2010-04-13,-0.534316309555
2010-04-14,-0.392869446259
2010-04-15,-0.158774186744
2010-04-18,0.00439574485964
2010-04-19,-0.334217819585
2010-04-20,-0.5282908708
2010-04-21,0.238528076176
2010-04-22,0.198349554375
2010-04-25,-0.72264989351
2010-04-26,0.258767459531
2010-04-27,-0.0666217339899
2010-04-28,-1.01631533614
2010-04-29,-1.08060130841
2010-05-02,-0.93881164647
2010-05-03,0.0334965265088
2010-05-04,0.992748843919
2010-05-05,1.78095785317
2010-05-06,1.91731285696
2010-05-09,-0.188568596402
2010-05-10,-0.176191972607
2010-05-11,-0.222561748049
2010-05-12,-0.315290179014
2010-05-13,0.529234299609
2010-05-16,0.547430381194
2010-05-17,0.8470624631
2010-05-18,1.13666275051
2010-05-19,1.84554472822
2010-05-20,0.599098178362
2010-05-23,0.847825009387
2010-05-24,0.951030504754
2010-05-25,0.746220673149
2010-05-26,-0.565751003847
2010-05-27,-0.602674443695
2010-05-30,-0.599089660201
2010-05-31,0.0787540386256
2010-06-01,-0.0309430026905
2010-06-02,-0.454317616305
2010-06-03,0.271858541483
2010-06-06,1.10523374718
2010-06-07,0.547426571951
2010-06-08,-0.0717560128673
2010-06-09,-0.832628847532
2010-06-10,-0.848610115999
2010-06-13,-1.08903169509
2010-06-14,-1.45300160773
2010-06-15,-1.33484768703
2010-06-16,-1.37071110632
2010-06-17,-1.69157290325
2010-06-20,-1.8726420154
2010-06-21,-1.60855986222
2010-06-22,0.224424650399
2010-06-23,-0.587338673481
2010-06-24,-0.521133004234
2010-06-27,-0.420316684707
2010-06-28,0.617014175674
2010-06-29,-0.118689118574
2010-06-30,0.184404806628
2010-07-01,-0.701366745398
2010-07-04,-0.735819739601
2010-07-05,-0.951207190979
2010-07-06,-1.02215464322
2010-07-07,-0.782108754883
2010-07-08,-1.26803775639
2010-07-11,-0.974014299875
2010-07-12,-1.15702810657
2010-07-13,-0.326830382806
2010-07-14,-0.0388946987823
2010-07-15,0.70018468783
2010-07-18,0.878568510781
2010-07-19,-0.118409906783
2010-07-20,-0.273407968107
2010-07-21,-0.931370947469
2010-07-22,-0.903019875818
2010-07-25,-0.404719866509
2010-07-26,-0.759350377665
2010-07-27,-0.580643332626
2010-07-28,-0.288958664081
2010-07-29,-0.858840421101
2010-08-01,-1.69952799225
2010-08-02,-0.609497084745
2010-08-03,-0.609497084745
2010-08-04,-0.693300906263
2010-08-05,-0.578809990196
2010-08-08,-2.24435871093
2010-08-09,-0.0468708499437
2010-08-10,0.234443211635
2010-08-11,0.49418957901
2010-08-12,0.392547281968
2010-08-15,-1.06471823033
2010-08-16,0.0148625694732
2010-08-17,-0.201395960264
2010-08-18,-0.167954220012
2010-08-19,0.237918036901
2010-08-22,-1.07167669423
2010-08-23,0.206093233362
2010-08-24,0.195559758728
2010-08-25,0.29444152079
2010-08-26,4.42429130777e-06
2010-08-29,-1.2650419979
2010-08-30,0.0771662057448
2010-08-31,-0.0275145595765
2010-09-01,-0.258962109452
2010-09-02,-0.271615645848
2010-09-05,-1.43472087099
2010-09-06,-0.237681664098
2010-09-07,-0.137108527118
2010-09-08,-0.361310977067
2010-09-09,-0.255736862697
2010-09-12,-1.25029529415
2010-09-13,-0.136799264163
2010-09-14,-0.405837390186
2010-09-15,0.00579989726926
2010-09-16,-0.0793899918019
2010-09-19,-1.03372086461
2010-09-20,0.171638302092
2010-09-21,0.132517933866
2010-09-22,-0.722717338177
2010-09-23,0.0535413391059
2010-09-26,-0.705241567636
2010-09-27,-0.00718637184983
2010-09-28,-0.00718637184983
2010-09-29,-0.110412657834
2010-09-30,-0.263234852117
2010-10-03,-1.23112744264
2010-10-04,-0.0171267302958
2010-10-05,-0.436577575768
2010-10-06,-0.173911516171
2010-10-07,-0.284362493748
2010-10-10,-1.05872943128
2010-10-11,-0.333700299023
2010-10-12,-0.168743374046
2010-10-13,-0.491425619153
2010-10-14,-0.29695074447
2010-10-17,-1.18242270781
2010-10-18,0.0961238066768
2010-10-19,0.357280220501
2010-10-20,0.0609331282534
2010-10-21,0.38590657328
2010-10-24,-0.54483610746
2010-10-25,0.357134545739
2010-10-26,0.392269241406
2010-10-27,0.642019008738
2010-10-28,0.499207879609
2010-11-01,-0.792047597537
2010-11-02,0.20301874868
2010-11-03,0.143185421989
2010-11-04,-0.0943315901474
2010-11-05,-0.379117041973
2010-11-08,-0.271263313223
2010-11-09,0.156193866638
2010-11-10,0.156193866638
2010-11-11,0.533388080293
2010-11-12,0.815033139871
2010-11-15,-0.711682270642
2010-11-16,0.409932900501
2010-11-17,0.676033400142
2010-11-18,0.398978187974
2010-11-19,-0.021219546114
2010-11-22,-0.835735668162
2010-11-23,0.22509221215
2010-11-24,0.446393122383
2010-11-25,0.151964954467
2010-11-26,-0.0213242707715
2010-11-29,0.332190721837
2010-11-30,-0.0641432499263
2010-12-01,-0.145341780384
2010-12-02,-0.439007585097
2010-12-03,-0.591961334525
2010-12-06,-1.85896609397
2010-12-07,-0.457913889749
2010-12-08,-0.543977625869
2010-12-09,-0.132609449331
2010-12-10,0.16943915537
2010-12-13,0.208223693653
2010-12-14,-0.215888584364
2010-12-15,-0.215888584364
2010-12-16,0.041850760584
2010-12-17,0.279527381249
2010-12-20,-1.12049112704
2010-12-21,0.260612598597
2010-12-22,0.0478602583298
2010-12-23,0.012047428731
2010-12-24,-0.248679095987
2010-12-27,-0.315506008149
2010-12-28,-0.56898810368
2010-12-29,-0.256048145864
2010-12-30,-0.833653030988
2010-12-31,-1.38165510792
2011-01-03,-2.16514939926
2011-01-04,-0.812936503326
2011-01-05,-0.15276699766
2011-01-06,0.0629338796324
2011-01-07,0.373669056279
2011-01-10,-0.943468482615
2011-01-11,0.301915229446
2011-01-12,-0.571799126065
2011-01-13,-0.821784852877
2011-01-14,0.0573800753081
2011-01-17,-0.316293671778
2011-01-18,0.283786405919
2011-01-19,0.0619074342824
2011-01-20,0.0270962947976
2011-01-21,-0.705962625174
2011-01-24,-0.978261349157
2011-01-25,0.200971134192
2011-01-26,0.136141872765
2011-01-27,-0.813377501951
2011-01-28,0.213387735466
2011-01-31,-0.415664769628
2011-02-01,0.124735818491
2011-02-02,0.09021518997
2011-02-03,0.0342992259874
2011-02-04,0.164584180573
2011-02-07,-0.80945067969
2011-02-08,-0.70197931476
2011-02-09,0.217856132339
2011-02-10,0.149531144528
2011-02-11,0.2050770425
2011-02-14,-0.986470876718
2011-02-15,0.22108245504
2011-02-16,0.261457468371
2011-02-17,0.270514030833
2011-02-18,0.0423867360015
2011-02-21,-1.07275471192
2011-02-22,0.200904618797
2011-02-23,0.261970317244
2011-02-24,0.26866600355
2011-02-25,0.00514283435849
2011-02-28,-0.0868389025575
2011-03-01,-0.133695479577
2011-03-02,-0.196890990113
2011-03-03,-0.357127965929
2011-03-04,-0.600181135921
2011-03-07,-1.04580899275
2011-03-08,-0.205582640362
2011-03-09,-0.0869757769155
2011-03-10,-0.0374034959002
2011-03-11,0.282414520375
2011-03-14,0.00698036490756
2011-03-15,0.663941948133
2011-03-16,0.474523016013
2011-03-17,1.22559358214
2011-03-18,1.3790977802
2011-03-21,-0.120051711484
2011-03-22,-0.127599264995
2011-03-23,-0.471032511843
2011-03-24,-0.396981316798
2011-03-25,-0.630421875482
2011-03-27,-1.22135414519
2011-03-28,-0.0872259225931
2011-03-29,-0.444251680509
2011-03-30,-1.73571450187
2011-03-31,-1.77233764122
2011-04-03,-2.13479628824
2011-04-04,-2.25771650296
2011-04-05,-2.05627669591
2011-04-06,-1.22945288693
2011-04-07,-1.90492677517
2011-04-10,-2.27368299765
2011-04-11,-1.75394512458
2011-04-12,-0.835342010811
2011-04-13,-0.772853192102
2011-04-14,-0.772853192102
2011-04-17,-0.772853192102
2011-04-18,0.585801921175
2011-04-19,-0.101989131128
2011-04-20,-0.606527714032
2011-04-21,-0.606527714032
2011-04-24,-1.01540436232
2011-04-25,-0.00411840256743
2011-04-26,-0.599805700451
2011-04-27,-0.453058562578
2011-04-28,0.658598381058
2011-05-01,-0.532840222079
2011-05-02,0.0787768544216
2011-05-03,0.504174693123
2011-05-04,1.03762661799
2011-05-05,1.47072326547
2011-05-08,0.257424784295
2011-05-09,0.69475305783
2011-05-10,0.332228942537
2011-05-11,0.709610319874
2011-05-12,0.539120877036
2011-05-15,1.08112389864
2011-05-16,0.808116815905
2011-05-17,0.133050984778
2011-05-18,-0.183154509736
2011-05-19,0.045389218923
2011-05-22,-0.212816235501
2011-05-23,0.893070663166
2011-05-24,0.386958742729
2011-05-25,0.270501476889
2011-05-26,0.0089338719573
2011-05-29,-1.18028962227
2011-05-30,-1.22026767953
2011-05-31,-1.62508486743
2011-06-01,-0.749760485024
2011-06-02,-1.22469944517
2011-06-05,-1.46251898695
2011-06-06,-0.738560861828
2011-06-07,-0.863789717146
2011-06-08,-0.555678337264
2011-06-09,-0.191784522895
2011-06-12,0.289569328007
2011-06-13,-0.121242344203
2011-06-14,-0.71307591352
2011-06-15,0.369666592923
2011-06-16,0.759052293119
2011-06-19,-0.205420280134
2011-06-20,0.0159340729994
2011-06-21,-0.349983560014
2011-06-22,-0.379461021613
2011-06-23,-0.109914994548
2011-06-26,-0.151662308361
2011-06-27,0.283609616573
2011-06-28,-0.964479877561
2011-06-29,-1.34314124826
2011-06-30,-1.65082616435
2011-07-03,-2.00045496529
2011-07-04,-1.71395515164
2011-07-05,-0.605223180566
2011-07-06,-0.202990845934
2011-07-07,-0.984127355349
2011-07-10,-0.448592157024
2011-07-11,0.526242567913
2011-07-12,0.189852078152
2011-07-13,-0.231577035636
2011-07-14,0.272482063637
2011-07-17,-0.260104727126
2011-07-18,0.163925832246
2011-07-19,-0.448876885029
2011-07-20,-0.64247501435
2011-07-21,-1.10211617724
2011-07-24,-0.952207414525
2011-07-25,-1.41621050598
2011-07-26,-1.77868987606
2011-07-27,0.191234395936
2011-07-28,0.174306277622
2011-07-31,-0.647353086678
2011-08-01,-0.0378500135603
2011-08-02,0.229477268679
2011-08-03,0.209641612049
2011-08-04,0.870239316405
2011-08-07,1.38882965047
2011-08-08,1.49212763107
2011-08-09,2.04630071949
2011-08-10,1.59243551591
2011-08-11,1.62191716225
2011-08-14,0.725867595414
2011-08-15,-0.431460668383
2011-08-16,-0.614073236719
2011-08-17,-0.839868489078
2011-08-18,0.488244122751
2011-08-21,-0.0478611858784
2011-08-22,0.243100214364
2011-08-23,-0.0217984042823
2011-08-24,0.426826866884
2011-08-25,0.501793675581
2011-08-28,-0.083568242725
2011-08-29,-0.414909950213
2011-08-30,-0.824861943843
2011-08-31,-1.02007483914
2011-09-01,0.14401945337
2011-09-04,1.23871041311
2011-09-05,1.62045494012
2011-09-06,1.7874290255
2011-09-07,1.35544758171
2011-09-08,1.22150231934
2011-09-11,1.72884492094
2011-09-12,2.08530365426
2011-09-13,2.15988303031
2011-09-14,2.26739801613
2011-09-15,1.31708267649
2011-09-18,1.34759227333
2011-09-19,2.19370166964
2011-09-20,2.23389228023
2011-09-21,2.42578084755
2011-09-22,2.54547999828
2011-09-25,1.77998092182
2011-09-26,1.43571501491
2011-09-27,0.187417927384
2011-09-28,0.471087653179
2011-09-29,0.650519025171
2011-10-02,0.978327337148
2011-10-03,1.49331340613
2011-10-04,0.432026104183
2011-10-05,0.0513007864014
2011-10-06,-0.501512270145
2011-10-09,-1.16874528198
2011-10-10,-1.35490883688
2011-10-11,-1.45491052003
2011-10-12,-0.454830648792
2011-10-13,-0.970746126927
2011-10-16,-1.15333902977
2011-10-17,-0.217900929247
2011-10-18,-0.413220326885
2011-10-19,-0.309345296213
2011-10-20,0.340368553489
2011-10-23,-0.195045154282
2011-10-24,-0.629730733083
2011-10-25,-0.254114392758
2011-10-26,-0.355085660341
2011-10-27,-1.37875154035
2011-10-31,-1.66486517791
2011-11-01,-1.45475547491
2011-11-02,0.0257594062076
2011-11-03,-0.183536659099
2011-11-04,-0.231214496935
2011-11-07,0.267421413902
2011-11-08,0.292997913907
2011-11-09,-0.112327724895
2011-11-10,0.458453897742
2011-11-11,0.563797766442
2011-11-14,-0.299822947852
2011-11-15,0.387577788094
2011-11-16,0.673499404083
2011-11-17,0.704052427743
2011-11-18,0.369572024395
2011-11-21,0.858310567535
2011-11-22,1.49782526487
2011-11-23,1.63211119604
2011-11-24,2.16138550514
2011-11-25,2.26696516088
2011-11-28,2.29733420979
2011-11-29,0.989255048896
2011-11-30,0.456437239623
2011-12-01,-0.55284762684
2011-12-02,-0.766073525641
2011-12-05,-0.860988417523
2011-12-06,-1.23435945138
2011-12-07,-0.708343460032
2011-12-08,-0.371551644523
2011-12-09,0.314614337703
2011-12-12,-0.415961317599
2011-12-13,0.0267470255769
2011-12-14,1.15667298235
2011-12-15,1.42181052298
2011-12-16,0.751761367653
2011-12-19,0.537501493597
2011-12-20,0.852276918943
2011-12-21,-0.0479419488238
2011-12-22,0.332531776248
2011-12-23,0.17020875477
2011-12-26,0.39938207571
2011-12-27,0.374204049116
2011-12-28,0.477894416786
2011-12-29,1.07573546893
2011-12-30,0.363404069639
2012-01-02,0.193495351878
2012-01-03,0.56067951473
2012-01-04,-1.00459767941
2012-01-05,-1.39827550965
2012-01-06,-0.300071580702
2012-01-09,-0.126988617923
2012-01-10,-0.381387067564
2012-01-11,-1.45405913944
2012-01-12,-1.24442565053
2012-01-13,-1.66155963729
2012-01-16,-1.18007014547
2012-01-17,-1.42634321131
2012-01-18,-1.41480602051
2012-01-19,-1.67077502656
2012-01-20,-1.91666789094
2012-01-23,-1.58372461947
2012-01-24,-1.77666593409
2012-01-25,-1.27318606983
2012-01-26,-1.14273475661
2012-01-27,1.6113378623
2012-01-30,-0.761228776988
2012-01-31,-0.608403214326
2012-02-01,-0.630831630513
2012-02-02,-0.8436060735
2012-02-03,-1.06218958597
2012-02-06,-1.10979420504
2012-02-07,-0.799453848193
2012-02-08,-0.75902397683
2012-02-09,-0.938134835563
2012-02-10,-1.02575236532
2012-02-13,-0.820417631325
2012-02-14,-0.966815558208
2012-02-15,-0.893926762603
2012-02-16,-0.0389786086359
2012-02-17,-0.718366388397
2012-02-20,-1.00192862172
2012-02-21,-0.40305367795
2012-02-22,-0.563226393265
2012-02-23,-1.06704594442
2012-02-24,-0.421393413199
2012-02-27,-0.78619883335
2012-02-28,-0.828092365336
2012-02-29,-1.28858847444
2012-03-01,0.210525975357
2012-03-02,-0.00800513571206
2012-03-05,0.822384894368
2012-03-06,1.14409502775
2012-03-07,1.70182401713
2012-03-08,1.82453472855
2012-03-09,1.43102350374
2012-03-12,1.96816876606
2012-03-13,2.09026150913
2012-03-14,1.51391224272
2012-03-15,1.75478629117
2012-03-16,1.43654866196
2012-03-19,1.27318407121
2012-03-20,1.82658191862
2012-03-21,1.30732117075
2012-03-22,1.44698033118
2012-03-23,1.34459996916
2012-03-25,0.554973638512
2012-03-26,0.924083121465
2012-03-27,1.10196869775
2012-03-28,1.2002782565
2012-03-29,0.887183536685
2012-04-01,1.16850040906
2012-04-02,1.5053819739
2012-04-03,1.01208645573
2012-04-04,0.776864982583
2012-04-05,0.169887944944
2012-04-08,0.0416499002302
2012-04-09,-0.335445573748
2012-04-10,0.954813817856
2012-04-11,1.08875582177
2012-04-12,0.0397356995818
2012-04-15,0.851632778561
2012-04-16,1.26214497536
2012-04-17,1.69968777808
2012-04-18,2.08837257798
2012-04-19,2.11642420727
2012-04-22,1.30915078929
2012-04-23,1.56249898392
2012-04-24,1.5066498587
2012-04-25,1.44137558349
2012-04-26,1.64982033354
2012-04-29,1.73714341792
2012-04-30,2.2316663793
2012-05-01,2.24166245909
2012-05-02,2.45001571767
2012-05-03,1.13656394031
2012-05-06,1.62587987478
2012-05-07,0.974796014405
2012-05-08,1.50805116531
2012-05-09,1.99678388748
2012-05-10,1.01905593373
2012-05-13,1.29380648039
2012-05-14,1.71959880625
2012-05-15,1.81113675936
2012-05-16,1.77937536576
2012-05-17,1.90441858335
2012-05-20,2.08961265191
2012-05-21,2.20072115306
2012-05-22,2.52083624325
2012-05-23,0.362072427803
2012-05-24,0.367836381914
2012-05-27,-0.606104534109
2012-05-28,-0.659964530525
2012-05-29,-0.356835118034
2012-05-30,0.254457438975
2012-05-31,0.499296310351
2012-06-03,0.801070928573
2012-06-04,1.08584047878
2012-06-05,-0.0359249102183
2012-06-06,0.23735673827
2012-06-07,0.164696742177
2012-06-10,-0.130050320302
2012-06-11,0.991696119152
2012-06-12,1.05236601517
2012-06-13,1.14101316158
2012-06-14,0.475399962061
2012-06-17,0.042086604728
2012-06-18,0.475497552568
2012-06-19,-0.70848680424
2012-06-20,-0.857670901152
2012-06-21,0.470166842284
2012-06-24,0.564543163591
2012-06-25,0.32322587591
2012-06-26,0.748504645943
2012-06-27,0.737863551763
2012-06-28,0.816535615581
2012-07-01,-1.39834504728
2012-07-02,-1.7266468437
2012-07-03,-0.866677670967
2012-07-04,-0.326748624846
2012-07-05,-0.516099206384
2012-07-08,-0.218426876372
2012-07-09,-0.0852977109627
2012-07-10,-0.0416964595825
2012-07-11,0.0795720255503
2012-07-12,0.154963118678
2012-07-15,0.189723933413
2012-07-16,-0.0584190895647
2012-07-17,-0.898035355268
2012-07-18,-1.00579029543
2012-07-19,-1.36046614491
2012-07-22,-0.31662303009
2012-07-23,0.495189077234
2012-07-24,0.901153947159
2012-07-25,0.00827018495844
2012-07-26,-0.639370499323
2012-07-29,-0.584311003316
2012-07-30,0.498759877129
2012-07-31,1.07133265529
2012-08-01,0.218849829767
2012-08-02,0.473390593562
2012-08-05,-0.528143872362
2012-08-06,-0.449598107354
2012-08-07,-0.516175055065
2012-08-08,-0.811628946015
2012-08-09,-1.00326550698
2012-08-12,-1.15917653777
2012-08-13,-0.59556611201
2012-08-14,-0.0754286925311
2012-08-15,-0.259159874966
2012-08-16,-0.882863215583
2012-08-19,-0.923301003597
2012-08-20,-0.939064295948
2012-08-21,-1.21704476102
2012-08-22,-0.533440541772
2012-08-23,0.334443014015
2012-08-26,0.365113134463
2012-08-27,1.05804433177
2012-08-28,1.59081708592
2012-08-29,1.8194887987
2012-08-30,1.5740457356
2012-09-02,-0.365578633224
2012-09-03,-0.285874076964
2012-09-04,0.377447485335
2012-09-05,0.324336883822
2012-09-06,-0.671456029833
2012-09-09,-0.63853858946
2012-09-10,-1.08538741998
2012-09-11,-1.51130191282
2012-09-12,-0.23650840337
2012-09-13,-0.638986525554
2012-09-16,-1.15856234412
2012-09-17,0.353571004665
2012-09-18,-0.274129379149
2012-09-19,-0.171673684358
2012-09-20,-0.395383216573
2012-09-23,-0.334637801803
2012-09-24,0.0831412265958
2012-09-25,0.460245321643
2012-09-26,0.815318197445
2012-09-27,0.113737058501
2012-09-30,-0.31137688886
2012-10-01,-0.26594076904
2012-10-02,-0.00704859498652
2012-10-03,-0.72151273263
2012-10-04,-0.961942656402
2012-10-07,-1.95578249061
2012-10-08,0.381316791088
2012-10-09,0.470479800391
2012-10-10,0.848624817455
2012-10-11,0.823138508284
2012-10-14,0.9616599835
2012-10-15,0.32809953809
2012-10-16,0.129847224868
2012-10-17,-0.204840389916
2012-10-18,-0.556919960784
2012-10-21,-0.556919960784
2012-10-22,-0.858558825075
2012-10-23,-0.475765150937
2012-10-24,-0.639194269705
2012-10-25,-0.653255906442
2012-10-29,-0.384165239868
2012-10-30,0.603164928733
2012-10-31,0.203776642528
2012-11-01,-0.0263971358447
2012-11-02,0.288799892588
2012-11-05,0.10636508917
2012-11-06,1.02836034054
2012-11-07,-0.100711434473
2012-11-08,0.497024559932
2012-11-09,0.986959093934
2012-11-12,1.55418215504
2012-11-13,1.80712886544
2012-11-14,2.09997214049
2012-11-15,2.26493496367
2012-11-16,2.29019296589
2012-11-19,2.5333856605
2012-11-20,1.98646912014
2012-11-21,2.06924724868
2012-11-22,2.36275772883
2012-11-23,2.45447227088
2012-11-26,0.270725405873
2012-11-27,0.332823854384
2012-11-28,0.431854931388
2012-11-29,0.912125571102
2012-11-30,1.08738497552
2012-12-03,2.0268630355
2012-12-04,1.02332470275
2012-12-05,0.971653516623
2012-12-06,-0.532155123028
2012-12-07,-0.881296012936
2012-12-10,-0.95988067512
2012-12-11,-0.790946779621
2012-12-12,-0.817656602711
2012-12-13,-1.06261799803
2012-12-14,-0.0514416766799
2012-12-17,-0.000452331573086
2012-12-18,0.595260552413
2012-12-19,0.0420186049453
2012-12-20,-0.969523949871
2012-12-21,-0.961619300568
2012-12-24,-1.47875986941
2012-12-25,-0.197822131847
2012-12-26,-0.0746708454132
2012-12-27,-1.24758876344
2012-12-28,-1.41669779971
2012-12-31,-1.17603866786
2013-01-01,-0.771880369648
2013-01-02,-0.999899905549
2013-01-03,-0.999899905549
2013-01-04,-0.692908866998
2013-01-07,-1.49216618046
2013-01-08,-1.69730083785
2013-01-09,-0.508091096439
2013-01-10,-0.00889322879282
2013-01-11,-0.988700316799
2013-01-14,-0.84675962876
2013-01-15,-0.637714406323
2013-01-16,-0.637714406323
2013-01-17,-0.637714406323
2013-01-18,-0.925754253855
2013-01-21,-1.39667289755
2013-01-22,-0.365746110299
2013-01-23,-0.140127433782
2013-01-24,-0.745245317319
2013-01-25,-1.1150187477
2013-01-28,-1.1150187477
2013-01-29,-2.28288680575
2013-01-30,-2.39353646806
2013-01-31,-2.18814789663
2013-02-01,-1.91680083014
2013-02-04,-2.04016760294
2013-02-05,-1.05968325681
2013-02-06,-1.57541444781
2013-02-07,-1.25550366057
2013-02-08,-1.97446580566
2013-02-11,-1.38456704988
2013-02-12,-1.32878596992
2013-02-13,-1.41232200681
2013-02-14,-1.61938362118
2013-02-15,-1.9125278594
2013-02-18,-0.887825860339
2013-02-19,-1.18672232953
2013-02-20,-1.4657170739
2013-02-21,-0.779072199405
2013-02-22,0.18446677437
2013-02-25,-0.0384930358226
2013-02-26,0.708294047695
2013-02-27,0.797937000077
2013-02-28,0.0475687301177
2013-03-01,0.302684519097
2013-03-04,0.560807689691
2013-03-05,-0.394598904641
2013-03-06,-0.967780328582
2013-03-07,-0.216185363691
2013-03-08,-0.914131073432
2013-03-11,-1.59764583663
2013-03-12,-0.488861315232
2013-03-13,-0.0241409877868
2013-03-14,0.281444238158
2013-03-15,0.308947943813
2013-03-18,0.687485040556
2013-03-19,0.893747990653
2013-03-20,0.871316260526
2013-03-21,0.986065792326
2013-03-22,1.81952351421
2013-03-25,1.85598363244
2013-03-26,1.78369870002
2013-03-27,2.04286862346
2013-03-28,1.37039462505
2013-03-29,1.71809893892
2013-03-31,1.68861238172
2013-04-01,1.08891314899
2013-04-02,1.30132948558
2013-04-03,1.44157012072
2013-04-04,0.227778326591
2013-04-07,-1.5542694814
2013-04-08,-1.00535855823
2013-04-09,-1.36475981364
2013-04-10,-1.6132207858
2013-04-11,-1.45164579935
2013-04-14,-1.7605363307
2013-04-15,0.349952155482
2013-04-16,-0.294051373649
2013-04-17,0.254650946367
2013-04-18,-0.42738646022
2013-04-21,0.469921575089
2013-04-22,0.780735156751
2013-04-23,0.853953532659
2013-04-24,0.301367801704
2013-04-25,-0.17378670492
2013-04-28,-0.456418589505
2013-04-29,0.188730487282
2013-04-30,-0.0506573397508
2013-05-01,-0.0385105951896
2013-05-02,0.29558778857
2013-05-05,0.166240121835
2013-05-06,0.2069813148
2013-05-07,0.195113767462
2013-05-08,-0.397933789233
2013-05-09,0.477217725436
2013-05-12,0.821821504588
2013-05-13,-0.0611528229564
2013-05-14,0.828014541905
2013-05-15,0.915536355554
2013-05-16,1.08118110113
2013-05-19,1.51910384008
2013-05-20,1.69923744696
2013-05-21,1.25245291829
2013-05-22,1.78839844663
2013-05-23,1.19109929816
2013-05-26,1.45889694517
2013-05-27,1.71145152837
2013-05-28,2.17295328088
2013-05-29,2.4812488469
2013-05-30,2.48370568229
2013-06-02,1.08565708124
2013-06-03,1.70556498843
2013-06-04,1.74590291809
2013-06-05,1.76462610618
2013-06-06,1.80897566076
2013-06-09,1.80897566076
2013-06-10,1.80897566076
2013-06-11,1.80897566076
2013-06-12,2.31673048283
2013-06-13,-0.107045542507
2013-06-16,-0.805447044558
2013-06-17,1.01831516573
2013-06-18,1.15834074744
2013-06-19,1.67462341563
2013-06-20,1.90987072172
2013-06-23,1.34007083138
2013-06-24,0.927957139994
2013-06-25,0.455461398575
2013-06-26,-0.18370635669
2013-06-27,0.0620597502099
2013-06-30,-0.134886730314
2013-07-01,0.692355640022
2013-07-02,1.10676606846
2013-07-03,1.34153591749
2013-07-04,0.693367075521
2013-07-07,0.725854669315
2013-07-08,1.03301858807
2013-07-09,0.690019293052
2013-07-10,1.08351882957
2013-07-11,0.264424945764
2013-07-14,0.557794481937
2013-07-15,-0.840580765113
2013-07-16,0.0763217878318
2013-07-17,-0.528528750761
2013-07-18,-0.553226531596
2013-07-21,0.114170273932
2013-07-22,-0.299854961051
2013-07-23,-0.792711720514
2013-07-24,0.162811132574
2013-07-25,0.0772978737063
2013-07-28,0.439896088762
2013-07-29,0.736072815249
2013-07-30,1.02005500556
2013-07-31,0.74753124017
2013-08-01,1.33713061582
2013-08-04,0.574229591083
2013-08-05,0.994339113153
2013-08-06,0.666571545465
2013-08-07,0.895594191891
2013-08-08,-0.155726800674
2013-08-11,-0.475749734844
2013-08-12,0.105863599212
2013-08-13,0.813255977923
2013-08-14,1.04448484896
2013-08-15,1.35344330868
2013-08-18,1.93400031004
2013-08-19,2.09302340967
2013-08-20,1.43918333858
2013-08-21,1.92954359594
2013-08-22,1.40581943626
2013-08-25,-0.463908155531
2013-08-26,0.0357379896669
2013-08-27,-0.100733801253
2013-08-28,-0.54372095776
2013-08-29,-0.251933716101
2013-09-01,0.236747737484
2013-09-02,0.0934623182607
2013-09-03,-0.35669547521
2013-09-04,-0.305065205917
2013-09-05,-1.09880522865
2013-09-08,-1.4040866513
2013-09-09,-1.739225216
2013-09-10,-1.4172895941
2013-09-11,-1.57584622875
2013-09-12,-1.5376263785
2013-09-15,-1.31628754272
2013-09-16,-1.04576506517
2013-09-17,-1.73874108509
2013-09-18,-2.37243362499
2013-09-19,-1.80679586887
2013-09-22,-1.41634724064
2013-09-23,-1.5887778514
2013-09-24,-1.60602716636
2013-09-25,-0.424175662928
2013-09-26,0.0640735839384
2013-09-29,-0.427210422727
2013-09-30,-0.590582455077
2013-10-01,-0.724994312699
2013-10-02,-1.32156651412
2013-10-03,-0.618556807631
2013-10-06,-0.503167776323
2013-10-07,-0.503167776323
2013-10-08,-0.503167776323
2013-10-09,-0.637827744259
2013-10-10,-1.58993736087
2013-10-13,-1.7431305206
2013-10-14,-1.11974756577
2013-10-15,-1.18236498813
2013-10-16,-1.10648859191
2013-10-17,-1.81045996307
2013-10-20,-2.09232209443
2013-10-21,-0.414652505314
2013-10-22,-0.45718491087
2013-10-23,0.347411595129
2013-10-24,0.849726097434
2013-10-28,0.0111961659088
2013-10-29,-0.293074916598
2013-10-30,-0.0673129896326
2013-10-31,-0.118174120702
2013-11-01,1.47360027806
2013-11-04,1.75407681655
2013-11-05,1.19022545247
2013-11-06,1.72650938282
2013-11-07,1.78574843736
2013-11-08,1.99847924589
2013-11-11,2.05847910018
2013-11-12,2.21506606432
2013-11-13,2.23572838852
2013-11-14,2.12982038537
2013-11-15,0.919985370022
2013-11-18,1.05164097518
2013-11-19,-0.994094665761
2013-11-20,-0.67574347847
2013-11-21,-0.678579637405
2013-11-22,0.45829638492
2013-11-25,-0.413035184637
2013-11-26,-0.189801246858
2013-11-27,0.212926906516
2013-11-28,0.976979164701
2013-11-29,0.523091156612
2013-12-02,0.874747617912
2013-12-03,1.27965441957
2013-12-04,1.55933820079
2013-12-05,1.7409135633
2013-12-06,0.484147769198
2013-12-09,-0.41817977506
2013-12-10,-0.52654601958
2013-12-11,-0.783779326138
2013-12-12,0.180117071133
2013-12-13,-0.0189285979976
2013-12-16,-0.236674688098
2013-12-17,-0.307693248852
2013-12-18,-0.543146515456
2013-12-19,0.0149665689009
2013-12-20,0.833762064245
2013-12-23,1.39391742105
2013-12-24,0.26754013867
2013-12-25,0.299970129898
2013-12-26,0.270688016134
2013-12-27,0.164660272631
2013-12-30,-0.630932448383
2013-12-31,0.374732317327
2014-01-01,0.370113110669
2014-01-02,0.257642642214
2014-01-03,1.14400416837
2014-01-06,0.45455837912
2014-01-07,0.530835093487
2014-01-08,0.244042159731
2014-01-09,1.05102832397
2014-01-10,0.804733789723
2014-01-13,-0.67931338688
2014-01-14,-0.530461943221
2014-01-15,-0.718389062028
2014-01-16,-0.495793941313
2014-01-17,-0.197182318184
2014-01-20,-0.817993004598
2014-01-21,-1.09283215
2014-01-22,-0.0457820387482
2014-01-23,0.472887490727
2014-01-24,1.13997781435
2014-01-27,1.20022406626
2014-01-28,1.72496985794
2014-01-29,1.8047599475
2014-01-30,1.94419864273
2014-01-31,0.478528118626
2014-02-03,0.877364091146
2014-02-04,1.23805276239
2014-02-05,-0.101717336312
2014-02-06,-0.448927293795
2014-02-07,-0.897642372714
2014-02-10,-1.01152977207
2014-02-11,0.192853385388
2014-02-12,0.0140253327919
2014-02-13,0.514966141266
2014-02-14,-0.420551725288
2014-02-17,-0.624329898095
2014-02-18,-0.69738882354
2014-02-19,-0.47485500603
2014-02-20,-0.314091441226
2014-02-21,-1.08648696237
2014-02-24,-1.75359382812
2014-02-25,-1.82834686174
2014-02-26,-1.6517968853
2014-02-27,-1.00816321107
2014-02-28,-1.73653334509
2014-03-03,-0.941405977749
2014-03-04,-0.561278926046
2014-03-05,-0.684570364236
2014-03-06,-1.32580778658
2014-03-07,-1.15606664683
2014-03-10,-0.273995520889
2014-03-11,0.0830850986148
2014-03-12,0.710681303202
2014-03-13,0.308587722609
2014-03-14,0.657236763969
2014-03-17,-0.378410751
2014-03-18,-0.109521373531
2014-03-19,-0.790191723823
2014-03-20,-0.0589037017487
2014-03-21,-0.820746444715
2014-03-24,-0.927904654783
2014-03-25,-0.969110467504
2014-03-26,-1.29424635376
2014-03-27,-1.72308286104
2014-03-28,-2.26121898368
2014-03-30,-2.2622846009
2014-03-31,-1.39358401773
2014-04-01,-1.6390673508
2014-04-02,-1.20753335091
2014-04-03,-0.535990956716
2014-04-06,-1.65911599424
2014-04-07,-1.88813044895
2014-04-08,-2.07083651283
2014-04-09,-2.24667189233
2014-04-10,-1.17164415155
2014-04-13,-0.76592313435
2014-04-14,-0.809841962551
2014-04-15,0.0440994809979
2014-04-16,0.204455227098
2014-04-17,-0.219967243808
2014-04-20,-0.219967243808
2014-04-21,-0.219967243808
2014-04-22,0.286683378525
2014-04-23,-0.723178762515
2014-04-24,-1.06228736563
2014-04-27,0.37542520303
2014-04-28,-0.366001127434
2014-04-29,0.125797784698
2014-04-30,-0.0942414467665
2014-05-01,0.0270856605112
2014-05-04,-0.664880376468
2014-05-05,0.455088326062
2014-05-06,-0.16720537497
2014-05-07,-0.610922015427
2014-05-08,-0.645182965463
2014-05-11,-0.849542464452
2014-05-12,-0.693449902421
2014-05-13,-0.570709060732
2014-05-14,-1.13572629012
2014-05-15,-0.0755184726732
2014-05-18,-0.363928768572
2014-05-19,-0.740555595789
2014-05-20,-0.0846005367204
2014-05-21,-0.520044096854
2014-05-22,-0.133155501189
2014-05-25,0.361264595906
2014-05-26,0.482111436405
2014-05-27,1.06401651328
2014-05-28,0.586746487681
2014-05-29,0.234191536535
2014-06-01,0.960421639151
2014-06-02,1.87985674645
2014-06-03,1.92140199074
2014-06-04,1.81586638629
2014-06-05,0.408597514845
2014-06-08,-0.27606250545
2014-06-09,-0.906576155011
2014-06-10,-1.13178705849
2014-06-11,-0.472750623169
2014-06-12,-0.61954901619
2014-06-15,-0.935212387234
2014-06-16,-0.270818730025
2014-06-17,0.90225784355
2014-06-18,-0.60067544772
2014-06-19,-0.606414659821
2014-06-22,-0.287301990388
2014-06-23,-0.77002038513
2014-06-24,-0.354357993608
2014-06-25,-0.931688079978
2014-06-26,-1.23628556605
2014-06-29,-1.29485832846
2014-06-30,-0.193243543377
2014-07-01,-0.709326343164
2014-07-02,0.277872501322
2014-07-03,-0.310810834558
2014-07-06,-0.186604028394
2014-07-07,0.319463128291
2014-07-08,-0.259973012086
2014-07-09,-0.345428944326
2014-07-10,0.197460658092
2014-07-13,0.133376066349
2014-07-14,-0.441191194677
2014-07-15,0.0601758196916
2014-07-16,0.326652474576
2014-07-17,1.46235987977
2014-07-20,-0.0763074035203
2014-07-21,-0.220475784224
2014-07-22,-0.569812345365
2014-07-23,-0.222657091352
2014-07-24,-0.249790523383
2014-07-27,0.106259901302
2014-07-28,-0.0642141099643
2014-07-29,0.375371317851
2014-07-30,1.07552008571
2014-07-31,1.52595792849
2014-08-03,0.941680841352
2014-08-04,1.00206992798
2014-08-05,1.61920781118
2014-08-06,1.19343361885
2014-08-07,1.71737232774
2014-08-10,0.782044576869
2014-08-11,0.423492548922
2014-08-12,0.522428833115
2014-08-13,0.675783151509
2014-08-14,-0.231765017048
2014-08-17,-0.992226019697
2014-08-18,-0.437750171572
2014-08-19,-0.897727952796
2014-08-20,-0.154591770105
2014-08-21,0.269309504279
2014-08-24,0.522854347042
2014-08-25,0.900686851023
2014-08-26,-0.373077227742
2014-08-27,-0.892634579273
2014-08-28,-1.08859828059
2014-08-31,-1.25996720606
2014-09-01,-0.539903532731
2014-09-02,-0.684245497661
2014-09-03,-0.940819498887
2014-09-04,-0.541528990871
2014-09-07,-0.62904003919
2014-09-08,0.868601029307
2014-09-09,1.38095751686
2014-09-10,1.42961184582
2014-09-11,1.65985391053
2014-09-14,0.17702874476
2014-09-15,1.58987724199
2014-09-16,1.35029177819
2014-09-17,1.63381458903
2014-09-18,1.72743235337
2014-09-21,1.75061667304
2014-09-22,2.07936436284
2014-09-23,2.18900597741
2014-09-24,0.795145344015
2014-09-25,1.46804478102
2014-09-28,1.26834975974
2014-09-29,1.56920055844
2014-09-30,1.25567860577
2014-10-01,1.78510147847
2014-10-02,1.87419700566
2014-10-05,0.583068617897
2014-10-06,-0.147664276819
2014-10-07,-0.752783674227
2014-10-08,-1.05342227805
2014-10-09,-0.488630158109
2014-10-12,-0.666763944508
2014-10-13,-0.525570154457
2014-10-14,-0.334511028697
2014-10-15,0.961768690615
2014-10-16,1.16087593557
2014-10-19,0.115871800132
2014-10-20,0.691709080994
2014-10-21,0.935302138198
2014-10-22,1.03358984133
2014-10-23,1.21608964039
2014-10-27,0.274400104493
2014-10-28,1.13650055709
2014-10-29,-0.23839414297
2014-10-30,-0.245627852657
2014-10-31,-1.09773434273
2014-11-03,-0.816877357307
2014-11-04,0.510816125242
2014-11-05,0.531346268009
2014-11-06,0.639100938965
2014-11-07,1.37100874639
2014-11-10,0.941380751872
2014-11-11,0.947666334155
2014-11-12,1.02002266349
2014-11-13,1.15484640339
2014-11-14,1.47479091334
2014-11-17,1.6097455138
2014-11-18,1.70757908424
2014-11-19,0.597189459355
2014-11-20,0.229807117707
2014-11-21,0.25436315916
2014-11-24,-1.23629713173
2014-11-25,-0.330586906962
2014-11-26,-0.655698594728
2014-11-27,-1.17033733372
2014-11-28,-0.349953041101
2014-12-01,-0.238761999929
2014-12-02,0.374621243604
2014-12-03,0.545207404177
2014-12-04,0.0333663121115
2014-12-05,0.872117105102
2014-12-08,0.794836234669
2014-12-09,1.00366023507
2014-12-10,0.69503890627
2014-12-11,1.19856432723
2014-12-12,1.67268989641
2014-12-15,1.70688930946
2014-12-16,2.09616099385
2014-12-17,2.32059602615
2014-12-18,1.46975370145
2014-12-19,0.101608231083
2014-12-22,0.0416966477273
2014-12-23,0.169991026011
2014-12-24,0.736959190401
2014-12-25,0.736959190401
2014-12-26,0.82296139009
2014-12-29,0.708264478456
2014-12-30,0.892201539861
2014-12-31,-0.745233727941
2015-01-01,-0.741288315842
2015-01-02,-0.771626899803
2015-01-05,0.579318511233
2015-01-06,0.859756927125
2015-01-07,0.566701542835
2015-01-08,-0.0839022537731
2015-01-09,-0.750871216014
2015-01-12,-1.44298199556
2015-01-13,-0.0690795517846
2015-01-14,-0.705493098066
2015-01-15,-1.14695788732
2015-01-16,-0.43593483081
2015-01-19,-0.829225205763
2015-01-20,-0.078200141605
2015-01-21,-0.754340228897
2015-01-22,-0.968479376854
2015-01-23,-1.33517592371
2015-01-26,-1.11285722285
2015-01-27,-1.0394939089
2015-01-28,-1.24518990032
2015-01-29,-1.07484049903
2015-01-30,-0.0426814185817
2015-02-02,1.34646816542
2015-02-03,1.72167572798
2015-02-04,0.873597714982
2015-02-05,1.34344405436
2015-02-06,1.37301763827
2015-02-09,1.68928071371
2015-02-10,1.30049065551
2015-02-11,1.80735841627
2015-02-12,1.98890624794
2015-02-13,0.852578439257
2015-02-16,0.996936548091
2015-02-17,0.877033534871
2015-02-18,0.868501152379
2015-02-19,1.00209713107
2015-02-20,1.41402134257
2015-02-23,1.42447107676
2015-02-24,1.57256785745
2015-02-25,0.779796494043
2015-02-26,1.03043103957
2015-02-27,1.59415956024
2015-03-02,-0.321088226278
2015-03-03,0.595026065111
2015-03-04,1.00079603312
2015-03-05,1.39201674733
2015-03-06,1.60225617665
2015-03-09,1.92308903387
2015-03-10,2.16928716438
2015-03-11,1.69170258674
2015-03-12,1.82822250851
2015-03-13,2.00121645367
2015-03-16,2.27159346305
2015-03-17,2.21852759444
2015-03-18,2.23032569086
2015-03-19,1.42348989298
2015-03-20,1.88577439091
2015-03-23,0.600411122024
2015-03-24,-0.551367426773
2015-03-25,-0.449297071773
2015-03-26,0.270630171954
2015-03-27,0.0339635853516
2015-03-29,0.677171246089
2015-03-30,0.440691744151
2015-03-31,-0.112641036955
2015-04-01,-0.434885847284
2015-04-02,-0.924243954563
2015-04-05,-0.931049245987
2015-04-06,-0.931049245987
2015-04-07,-0.833233139577
2015-04-08,-1.75982193223
2015-04-09,-1.50844754802
2015-04-12,-1.05029903106
2015-04-13,-0.0107793541568
2015-04-14,-0.836275762624
2015-04-15,-1.25477031302
2015-04-16,-1.32879988114
2015-04-19,-0.878586786145
2015-04-20,-0.98762068121
2015-04-21,-1.04400239526
2015-04-22,-1.38055996712
2015-04-23,-1.82216620816
2015-04-26,-2.00697602803
2015-04-27,-2.25999988883
2015-04-28,-1.50372959108
2015-04-29,-0.94666090753
2015-04-30,0.323705319489
2015-05-03,0.323705319489
2015-05-04,1.26932770734
2015-05-05,0.588413871247
2015-05-06,0.100404671487
2015-05-07,-0.046543507392
2015-05-10,-0.875313338535
2015-05-11,0.463581653901
2015-05-12,-0.118072265914
2015-05-13,0.143754145432
2015-05-14,-0.518729103976
2015-05-17,-0.492101450138
2015-05-18,-0.213000222147
2015-05-19,0.254022823865
2015-05-20,-0.327428113857
2015-05-21,0.300794959139
2015-05-24,0.970469498941
2015-05-25,1.01703506489
2015-05-26,1.53123673472
2015-05-27,1.26441965927
2015-05-28,1.46274568237
2015-05-31,1.62008738712
2015-06-01,1.40232746383
2015-06-02,0.212737068612
2015-06-03,0.304530466725
2015-06-04,0.456776994162
2015-06-07,0.435283190218
2015-06-08,-0.49784105001
2015-06-09,-0.84378292717
2015-06-10,-0.209590930247
2015-06-11,-0.870460583278
2015-06-14,0.00217418933941
2015-06-15,0.172584176092
2015-06-16,-0.741364511199
2015-06-17,-1.33106671909
2015-06-18,-1.08906250205
2015-06-21,-0.104977179165
2015-06-22,-0.310899906578
2015-06-23,-0.562894620889
2015-06-24,0.0487807009348
2015-06-25,0.698321077766
2015-06-28,0.72445239414
2015-06-29,0.31976354658
2015-06-30,0.0576010051554
2015-07-01,0.988857406409
2015-07-02,-0.4502087989
2015-07-05,0.295607711356
2015-07-06,0.406928493311
2015-07-07,1.08989301398
2015-07-08,1.60298269422
2015-07-09,1.29982376289
2015-07-12,-0.121934775108
2015-07-13,-0.497318882469
2015-07-14,-0.389763325297
2015-07-15,-0.407210434091
2015-07-16,-0.0318480304953
2015-07-19,0.666933886492
2015-07-20,0.825780683831
2015-07-21,0.14623578173
2015-07-22,0.981219200449
2015-07-23,1.60680338665
2015-07-26,1.99519240443
2015-07-27,2.02011584965
2015-07-28,1.80928104595
2015-07-29,0.95758659328
2015-07-30,1.42164387036
2015-08-02,1.75767250409
2015-08-03,1.91816103517
2015-08-04,2.00715630954
2015-08-05,2.09425760465
2015-08-06,2.28736969586
2015-08-09,2.28736969586
2015-08-10,0.0429919435471
2015-08-11,0.483515074294
2015-08-12,0.534255969628
2015-08-13,1.03827895049
2015-08-16,0.23326454225
2015-08-17,0.209023498244
2015-08-18,-0.0318926457692
2015-08-19,0.401294187161
2015-08-20,-0.259043257501
2015-08-23,0.462143201953
2015-08-24,1.07970168295
2015-08-25,1.5819361566
2015-08-26,1.18741222947
2015-08-27,0.316474194468
2015-08-30,0.666478410533
2015-08-31,1.08412077936
2015-09-01,1.60527790036
2015-09-02,1.89244262536
2015-09-03,1.50775334173
2015-09-06,1.97083409609
2015-09-07,1.88002682516
2015-09-08,1.48013141573
2015-09-09,0.756733303551
2015-09-10,1.31045178518
2015-09-13,1.44070296957
2015-09-14,0.432675601325
2015-09-15,0.884986532392
2015-09-16,0.393251603948
2015-09-17,0.965150368252
2015-09-20,1.2959707494
2015-09-21,1.2959707494
2015-09-22,1.2959707494
2015-09-23,1.99785689063
2015-09-24,-0.564947906961
2015-09-27,-0.291576505669
2015-09-28,0.572058686914
2015-09-29,0.183692862329
2015-09-30,-0.533632919301
2015-10-01,-0.145881563851
2015-10-04,-0.602184327717
2015-10-05,-0.711387495033
2015-10-06,-1.078096117
2015-10-07,-0.735055712068
2015-10-08,-1.31613135627
2015-10-11,-1.43002392768
2015-10-12,-1.40976483351
2015-10-13,0.0512424593367
2015-10-14,-0.598331825846
2015-10-15,-0.704134585998
2015-10-18,0.401583716059
2015-10-19,0.098089734189
2015-10-20,0.220044323008
2015-10-21,0.515067227875
2015-10-22,0.0906104039945
2015-10-26,-0.223716543559
2015-10-27,0.122057432159
2015-10-28,-0.162135094934
2015-10-29,0.0403146226816
2015-10-30,-0.690428506932
2015-11-02,-0.567439542421
2015-11-03,-0.20923544139
2015-11-04,-1.38060363064
2015-11-05,-0.875085405888
2015-11-06,-1.03452754631
2015-11-09,-1.18132393211
2015-11-10,-0.495285621782
2015-11-11,-1.14270918301
2015-11-12,-0.785728811136
2015-11-13,-0.698641516352
2015-11-16,0.53291294039
2015-11-17,0.251495398384
2015-11-18,-0.0728668065435
2015-11-19,-0.728101999553
2015-11-20,-0.81307858306
2015-11-23,-1.52056275651
2015-11-24,-0.858778588524
2015-11-25,-1.2333545399
2015-11-26,-0.370255834123
2015-11-27,-0.386043967393
2015-11-30,0.975421822622
2015-12-01,1.18273682063
2015-12-02,0.854404153794
2015-12-03,0.478081462549
2015-12-04,-0.675859560121
2015-12-07,-0.73449148705
2015-12-08,-0.560898955106
2015-12-09,0.373152582025
2015-12-10,-0.661670098453
2015-12-11,0.205528678931
2015-12-14,0.263358565538
2015-12-15,0.982893003759
2015-12-16,1.15349546392
2015-12-17,0.892664400974
2015-12-18,0.549842428225
2015-12-21,1.45239946191
2015-12-22,1.63843644752
2015-12-23,1.11394053157
2015-12-24,0.343016055623
2015-12-25,-0.0770139053306
2015-12-28,-0.150987376161
2015-12-29,-0.873436608185
2015-12-30,-0.695057997026
2015-12-31,0.625932722744
2016-01-01,0.510199895711
2016-01-04,0.492215718714
2016-01-05,1.3732514069
2016-01-06,1.15117117035
2016-01-07,0.987308317642
2016-01-08,1.22332153597
2016-01-11,0.13889253179
2016-01-12,0.858611045501
2016-01-13,0.376216680866
2016-01-14,0.165961348194
2016-01-15,-0.000188328859721
2016-01-18,-0.0366707481712
2016-01-19,0.831201700742
2016-01-20,0.920036882068
2016-01-21,1.44544449194
2016-01-22,1.84685347004
2016-01-25,0.400202799666
2016-01-26,0.369787360599
2016-01-27,-0.0477740256174
2016-01-28,0.558715226065
2016-01-29,-0.167596848888
2016-02-01,-1.06137476617
2016-02-02,-1.39436156819
2016-02-03,-0.887409097591
2016-02-04,-1.63898285022
2016-02-05,-1.67693678405
2016-02-08,-1.40614779714
2016-02-09,-1.4710190303
2016-02-10,-1.57363457736
2016-02-11,-0.452010868094
2016-02-12,0.520684317253
2016-02-15,0.160786920848
2016-02-16,0.547092877044
2016-02-17,1.24705768286
2016-02-18,-0.0709901045975
2016-02-19,0.410029599922
2016-02-22,0.285825444408
2016-02-23,-0.647694967872
2016-02-24,-0.485670633447
2016-02-25,-0.470141493867
2016-02-26,-0.509908473519
2016-02-29,-0.221347049141
2016-03-01,0.63954933693
2016-03-02,-0.801469728571
2016-03-03,-1.1286334756
2016-03-04,-1.7727489141
2016-03-07,-1.90907928065
2016-03-08,-1.65571416595
2016-03-09,-1.83934410678
2016-03-10,-2.20307281031
2016-03-11,-2.40227455105
2016-03-14,-2.50781219697
2016-03-15,-1.07618173248
2016-03-16,0.0746847212379
2016-03-17,-0.169913933401
2016-03-18,-1.03164203159
2016-03-21,-1.02569142895
2016-03-22,-1.08794021354
2016-03-23,-1.34627666733
2016-03-24,-0.0265630941096
2016-03-25,-0.0588170371963
2016-03-27,0.0195000751186
2016-03-28,-0.0770845504088
2016-03-29,-0.68018870173
2016-03-30,-1.11529910165
2016-03-31,-1.21577735202
2016-04-03,-1.57982973323
2016-04-04,-0.258702024836
2016-04-05,0.451407684551
2016-04-06,-0.0878963269965
2016-04-07,0.458583311682
2016-04-10,-0.663061421449
2016-04-11,-1.33699332051
2016-04-12,-1.37214938136
2016-04-13,-1.19278704234
2016-04-14,-1.360237643
2016-04-17,-0.395871693373
2016-04-18,0.484708256232
2016-04-19,-0.435451547583
2016-04-20,-0.444146220196
2016-04-21,-0.444146220196
2016-04-24,0.105502172051
2016-04-25,-0.0822859397396
2016-04-26,-0.538862137341
2016-04-27,-0.512317836311
2016-04-28,-1.10749979388
2016-05-01,-1.57768753842
2016-05-02,-0.33698561448
2016-05-03,0.416429132618
2016-05-04,0.262808518793
2016-05-05,0.0491302418742
2016-05-08,-0.500017409153
2016-05-09,-0.232389564898
2016-05-10,-0.874355299804
2016-05-11,-1.16014148853
2016-05-12,-0.490518106052
2016-05-15,0.384239613666
2016-05-16,-0.218330582263
2016-05-17,-0.352396884381
2016-05-18,0.697863063158
2016-05-19,0.725677685734
2016-05-22,0.639825019593
2016-05-23,0.783966674965
2016-05-24,0.797942649374
2016-05-25,0.980284833707
2016-05-26,1.09364536586
2016-05-29,1.52975676777
2016-05-30,0.0615352399516
2016-05-31,0.417996059005
2016-06-01,0.589510745254
2016-06-02,0.203632275401
2016-06-05,-1.0840998364
2016-06-06,-1.59033567404
2016-06-07,-1.99978971106
2016-06-08,-2.36866061007
2016-06-09,-1.48998984799
2016-06-12,-1.07809943238
2016-06-13,-0.053497838034
2016-06-14,-0.086929371047
2016-06-15,-0.188009774108
2016-06-16,-0.342965419262
2016-06-19,-1.10355192221
2016-06-20,-1.35488801878
2016-06-21,-0.813751448201
2016-06-22,-1.31808843582
2016-06-23,-1.6863724413
2016-06-26,-0.90990085138
2016-06-27,-0.43434542371
2016-06-28,-1.43671345582
2016-06-29,-1.85500356148
2016-06-30,-2.01450711276
2016-07-03,-1.48797381348
2016-07-04,-0.473757472255
2016-07-05,-0.311074017897
2016-07-06,0.112720387941
2016-07-07,0.563555222336
2016-07-10,-0.412268231503
2016-07-11,-0.261726682882
2016-07-12,-0.469538066344
2016-07-13,-0.915903391684
2016-07-14,-1.08545663188
2016-07-17,-0.425945698617
2016-07-18,-0.856660710222
2016-07-19,-0.880303142443
2016-07-20,-0.733700459289
2016-07-21,-0.248973167059
2016-07-24,-0.668932587451
2016-07-25,0.18443840446
2016-07-26,-0.151522876362
2016-07-27,-0.456958337144
2016-07-28,0.219485653144
2016-07-31,-0.680514686281
2016-08-01,-0.323998412583
2016-08-02,-0.4688589297
2016-08-03,-0.913434221531
2016-08-04,-1.67063900945
2016-08-07,-1.93541500384
2016-08-08,-1.63142278417
2016-08-09,-1.92019151064
2016-08-10,-2.08867304857
2016-08-11,-1.49556263159
2016-08-14,-0.00746758697736
2016-08-15,-0.140898826201
2016-08-16,0.250954356375
2016-08-17,0.337781085947
2016-08-18,1.01619492879
2016-08-21,0.0112683252608
2016-08-22,-0.139220855418
2016-08-23,0.673413585601
2016-08-24,0.308640303965
2016-08-25,0.425315668671
2016-08-28,1.11325919292
2016-08-29,0.037710671676
2016-08-30,0.241384586608
2016-08-31,-0.064764915953
2016-09-01,0.573794916578
2016-09-04,0.636005677431
2016-09-05,0.883285374119
2016-09-06,-0.939185775885
2016-09-07,-1.0288008113
2016-09-08,-0.335591966028
2016-09-11,0.73452091023
2016-09-12,0.165602715814
2016-09-13,1.04823227916
2016-09-14,1.31491327263
2016-09-15,0.404084353367
2016-09-18,-0.165500254602
2016-09-19,-0.0698384718267
2016-09-20,-0.344621064778
2016-09-21,-1.03542675483
2016-09-22,-0.856239848915
2016-09-25,-0.24826077064
2016-09-26,-0.302383743036
2016-09-27,-0.485538005733
2016-09-28,-0.817074675006
2016-09-29,0.289473888439
2016-10-02,0.300626557799
2016-10-03,-0.873115181182
2016-10-04,0.143211001042
2016-10-05,-0.515619288242
2016-10-06,-0.326555553594
2016-10-09,-0.484942827119
2016-10-10,-0.813895180669
2016-10-11,-0.946923771246
2016-10-12,-0.766745929324
2016-10-13,-1.26921614679
2016-10-16,-0.378520610811
2016-10-17,-0.3054697215
2016-10-18,-0.907339642378
2016-10-19,-1.24004263218
2016-10-20,-1.68490520805
2016-10-23,-1.25282075389
2016-10-24,-1.65837323871
2016-10-25,-1.84843915559
2016-10-26,-0.701571639179
2016-10-27,0.0627834594186
2016-10-31,0.815776429428
2016-11-01,0.65949025104
2016-11-02,1.24733165228
2016-11-03,1.4607778672
2016-11-04,1.53086386432
2016-11-07,0.554248391848
2016-11-08,-0.297754079259
2016-11-09,-0.930617173701
2016-11-10,0.400118651051
2016-11-11,1.66784501963
2016-11-14,1.56913097443
2016-11-15,1.80743706835
2016-11-16,1.81390235834
2016-11-17,1.86125855864
2016-11-18,1.37423210873
2016-11-21,0.283920607692
2016-11-22,0.358925765198
2016-11-23,-0.12251273491
2016-11-24,0.842240893699
2016-11-25,0.103504008363
2016-11-28,0.504041321004
2016-11-29,0.240760838081
2016-11-30,0.843262122904
2016-12-01,-0.0171091117809
2016-12-02,1.36868944164
2016-12-05,0.23908573334
2016-12-06,-0.242631593224
2016-12-07,-0.361302642325
2016-12-08,-0.586999384972
2016-12-09,-0.664014297346
2016-12-12,-0.610293639081
2016-12-13,-1.05625769498
2016-12-14,-1.0899632272
2016-12-15,-0.366737767844
2016-12-16,-0.422144389162
2016-12-19,0.0869538974485
2016-12-20,-0.440159820715
2016-12-21,-0.639043400313
2016-12-22,-1.09898738793
2016-12-23,-1.57924221404
2016-12-26,-1.74635989963
2016-12-27,-1.7427134221
2016-12-28,-1.74526151407
2016-12-29,-1.1476708567
2016-12-30,-1.6597380013
2017-01-02,-1.61740694692
2017-01-03,-0.372629793808
2017-01-04,-0.865249306322
2017-01-05,-1.63044699328
2017-01-06,-1.80635066938
2017-01-09,-0.975087913851
2017-01-10,-1.37383239728
2017-01-11,-1.38825290775
2017-01-12,-1.31229958841
2017-01-13,-1.49264420047
2017-01-16,-1.49264420047
2017-01-17,0.481765887465
2017-01-18,-0.364059626532
2017-01-19,0.137311977357
2017-01-20,-0.655672137234
2017-01-23,-1.40765625557
2017-01-24,-0.892836603015
2017-01-25,-0.706439235675
2017-01-26,-0.710477693601
2017-01-27,-0.45349232766
2017-01-30,-1.58609147485
2017-01-31,-1.09682546114
2017-02-01,-0.424979007222
2017-02-02,-0.836211889824
2017-02-03,-0.935499647845
2017-02-06,-0.995884360111
2017-02-07,-1.12373850869
2017-02-08,-0.977823141416
2017-02-09,-1.00221655696
2017-02-10,-0.294442931102
2017-02-13,-1.04753362156
2017-02-14,-0.879825885593
2017-02-15,-1.61120002381
2017-02-16,-1.99045808906
2017-02-17,-0.638659155589
2017-02-20,-0.363613431987
2017-02-21,-0.650267469654
2017-02-22,-0.312664893931
2017-02-23,-1.1513419075
2017-02-24,-1.19480923223
2017-02-27,0.0894765261789
2017-02-28,0.383688062454
2017-03-01,0.460889642788
2017-03-02,-0.300456976041
2017-03-03,1.16943808884
2017-03-06,0.212807465972
2017-03-07,0.527097951555
2017-03-08,-0.0131300008963
2017-03-09,0.758890879184
2017-03-10,1.1635006883
2017-03-13,0.146180986537
2017-03-14,0.231008884567
2017-03-15,0.440427009851
2017-03-16,-0.793155016703
2017-03-17,-0.378598440181
2017-03-20,-0.883344072059
2017-03-21,-1.09586721091
2017-03-22,-0.680009741915
2017-03-23,-0.71776906634
2017-03-24,0.480793278462
2017-03-26,-0.147290064875
2017-03-27,0.164693992613
2017-03-28,0.423292280398
2017-03-29,-0.0122003965679
2017-03-30,0.534171817325
2017-04-02,-0.143324010164
2017-04-03,-0.352014859247
2017-04-04,-0.745927536037
2017-04-05,-0.0499312693901
2017-04-06,0.458542080929
2017-04-09,0.530010088518
2017-04-10,0.0765732799181
2017-04-11,0.230519407596
2017-04-12,-0.265784528047
2017-04-13,0.371718647666
2017-04-16,0.412959779762
2017-04-17,-0.180450072554
2017-04-18,-0.952310396968
2017-04-19,0.419434464059
2017-04-20,0.37660754595
2017-04-23,0.363962538408
2017-04-24,-0.410227126658
2017-04-25,0.296708147099
2017-04-26,0.899911709466
2017-04-27,1.10746862502
2017-04-30,0.858267219484
2017-05-01,0.802799732916
2017-05-02,-0.34817380751
2017-05-03,0.118822923757
2017-05-04,0.807366488422
2017-05-07,0.470085530488
2017-05-08,0.980520930228
2017-05-09,0.509475985128
2017-05-10,-0.332253705048
2017-05-11,-1.05493446622
2017-05-14,0.174827148687
2017-05-15,-1.14058467737
2017-05-16,-1.29540078435
2017-05-17,-0.360961021215
2017-05-18,1.66886265524
2017-05-21,0.38388641137
2017-05-22,0.465468572698
2017-05-23,0.490252794011
2017-05-24,0.540673926489
2017-05-25,0.529185881384
2017-05-28,-0.70843331882
2017-05-29,0.185877457114
2017-05-30,0.194142336241
2017-05-31,-0.217965235295
2017-06-01,0.102611686672
2017-06-04,0.105494005898
2017-06-05,0.732248538976
2017-06-06,0.333500886944
2017-06-07,0.157529479097
2017-06-08,-0.0105817902126
2017-06-11,-1.23577964358
2017-06-12,0.603308864748
2017-06-13,0.570772035881
2017-06-14,-0.0192179293062
2017-06-15,-0.00589835480203
2017-06-18,0.214482095719
2017-06-19,0.0693659254025
2017-06-20,0.736026407328
2017-06-21,0.83928045231
2017-06-22,0.929160941532
2017-06-25,0.958175645957
2017-06-26,-0.326224553584
2017-06-27,0.0672156536599
2017-06-28,-0.621243807682
2017-06-29,-0.0712942331049
2017-07-02,-1.59391378542
2017-07-03,0.0717155192963
2017-07-04,0.157791862469
2017-07-05,-0.121523547619
2017-07-06,0.0153033771976
2017-07-09,-1.19275070661
2017-07-10,-1.19275070661
2017-07-11,-1.19275070661
2017-07-12,-1.58456297179
2017-07-13,-1.50950825812
2017-07-16,-1.7772787645
2017-07-17,-1.67705456552
2017-07-18,-1.92289299729
2017-07-19,-1.96413483491
2017-07-20,-2.18822942837
2017-07-23,-0.539116738842
2017-07-24,-0.998406702008
2017-07-25,-0.424969548441
2017-07-26,-0.911848155752
2017-07-27,-0.573334293285
2017-07-30,-0.0515721787007
2017-07-31,-0.881338626189
2017-08-01,-0.922400281399
2017-08-02,-1.08078212652
2017-08-03,-1.09234920919
2017-08-06,-0.49988747758
2017-08-07,-0.626449967911
2017-08-08,-0.559367170083
2017-08-09,0.344058323087
2017-08-10,0.857649098723
2017-08-13,0.947954071712
2017-08-14,1.16122575986
2017-08-15,0.24614827917
2017-08-16,-0.34080583553
2017-08-17,0.372764699952
2017-08-20,0.499806366853
2017-08-21,-0.107733627461
2017-08-22,-0.207300538005
2017-08-23,-0.938331807699
2017-08-24,-0.581342395158
2017-08-27,-0.0287001153827
2017-08-28,0.262919919067
2017-08-29,0.174203937944
2017-08-30,-0.1417361794
2017-08-31,-0.778218464316
2017-09-03,0.648759459528
2017-09-04,-0.703570147389
2017-09-05,-1.20717501764
2017-09-06,-1.51055842511
2017-09-07,-1.51566044062
2017-09-10,0.716263989238
2017-09-11,-0.702623376033
2017-09-12,-0.298808602851
2017-09-13,-0.121489257426
2017-09-14,-0.374995460849
2017-09-17,-0.537740552087
2017-09-18,0.0676131540122
2017-09-19,0.0125450538485
2017-09-20,-0.0540169835781
2017-09-21,0.073732190376
2017-09-24,-0.333484987491
2017-09-25,0.698509472821
2017-09-26,0.851001549804
2017-09-27,1.38297505339
2017-09-28,0.88940817173
2017-10-01,0.196969730661
2017-10-02,-0.168994076996
2017-10-03,-0.558728661622
2017-10-04,-0.790030330613
2017-10-05,0.00453785219666
2017-10-08,0.120230834578
2017-10-09,1.02387631308
2017-10-10,0.6053047704
2017-10-11,0.239440423742
2017-10-12,0.2056025769
2017-10-15,-0.73136497739
2017-10-16,0.223920848442
2017-10-17,-0.299109003627
2017-10-18,0.199994275444
2017-10-19,-0.0156197868001
2017-10-22,0.79964363944
2017-10-23,1.54958003734
2017-10-24,1.64967584626
2017-10-25,1.11864519238
2017-10-26,1.81118775896
2017-10-30,0.306825814326
2017-10-31,1.00537372631
2017-11-01,0.59908539476
2017-11-02,0.5166088285
2017-11-03,0.471642684879
2017-11-06,0.969909130938
2017-11-07,-0.184907325829
2017-11-08,0.258326520657
2017-11-09,-0.171571790586
2017-11-10,-0.232459962082
2017-11-13,0.421422340422
2017-11-14,0.40547942947
2017-11-15,1.10071190704
2017-11-16,1.10071190704
2017-11-17,1.10071190704
2017-11-20,1.10071190704
2017-11-21,1.06697963017
2017-11-22,1.17521514555
2017-11-23,-0.652323545169
2017-11-24,-0.743516531826
2017-11-27,-0.0973528228296
2017-11-28,-0.395408323402
2017-11-29,-1.02845556593
2017-11-30,0.423118492278
2017-12-01,1.03900880665
2017-12-04,0.47656930531
2017-12-05,-0.0554196482127
2017-12-06,-0.137547225544
2017-12-07,-0.368149542366
2017-12-08,1.09832840962
2017-12-11,1.10919063562
2017-12-12,1.39048857565
2017-12-13,1.37945175289
2017-12-14,1.49173687028
2017-12-15,1.96525435983
2017-12-18,0.0187837768999
2017-12-19,-0.0251058908796
2017-12-20,-0.0928088398843
2017-12-21,0.191501859503
2017-12-22,0.537423354351
2017-12-25,1.28302017293
2017-12-26,1.15278397427
2017-12-27,0.00957778062471
2017-12-28,0.133187038686
2017-12-29,0.0342782366396
2018-01-01,-0.138625231715
2018-01-02,0.0438816561432
2018-01-03,-1.62421917869
2018-01-04,-1.93382033502
2018-01-05,-1.9645233817
2018-01-08,-2.05394336582
2018-01-09,-1.29586255613
2018-01-10,-0.862059055424
2018-01-11,-1.41059360819
2018-01-12,-1.66278473432
2018-01-15,-1.90007370091
2018-01-16,-1.1559142994
2018-01-17,-0.654361538792
2018-01-18,-0.673363656713
2018-01-19,-1.25948292988
2018-01-22,-1.53478533165
2018-01-23,-1.11916723531
2018-01-24,0.46268776027
2018-01-25,-1.5006745397
2018-01-26,-1.44367672725
2018-01-29,-1.29520162013
2018-01-30,-1.18888449854
2018-01-31,-0.239778451882
2018-02-01,-0.0738810402543
2018-02-02,-0.693015243807
2018-02-05,0.653149992302
2018-02-06,1.28789465258
2018-02-07,0.534135893936
2018-02-08,1.03462838977
2018-02-09,1.20693413169
2018-02-12,1.28238955052
2018-02-13,1.32578954483
2018-02-14,1.32894927275
2018-02-15,-0.830581031981
2018-02-16,-0.566796493163
2018-02-19,-0.515685574367
2018-02-20,-0.358817834594
2018-02-21,0.267412177861
2018-02-22,0.599121912736
2018-02-23,-0.0589265177594
2018-02-26,-0.408217554243
2018-02-27,-0.811061548439
2018-02-28,0.0795178965826
2018-03-01,-0.0461437967903
2018-03-02,0.136802334936
2018-03-05,0.118241807066
2018-03-06,-0.29634542669
2018-03-07,-1.33858052841
2018-03-08,0.0146643717692
2018-03-09,0.597838439316
2018-03-12,0.245797078755
2018-03-13,0.366391964403
2018-03-14,0.00147625582762
