Date,close
2010-01-04,-1.12932942899
2010-01-05,-1.105416531
2010-01-06,-1.11272324983
2010-01-07,-1.10289239177
2010-01-08,-1.11205900267
2010-01-11,-1.113387497
2010-01-12,-1.1050179827
2010-01-13,-1.09359293144
2010-01-14,-1.06941433459
2010-01-15,-1.06901578629
2010-01-18,-1.07047713005
2010-01-19,-1.05599654183
2010-01-20,-1.03567057853
2010-01-21,-1.02065859257
2010-01-22,-0.996745694584
2010-01-25,-1.04364154453
2010-01-26,-0.977083978459
2010-01-27,-0.955828069135
2010-01-28,-0.931383773412
2010-01-29,-0.924874151182
2010-02-01,-0.938823341676
2010-02-02,-0.981335160324
2010-02-03,-0.955296671402
2010-02-04,-0.914910443686
2010-02-05,-0.911854906721
2010-02-08,-0.926734043248
2010-02-09,-0.964596131731
2010-02-10,-0.954499574802
2010-02-11,-0.953303929903
2010-02-12,-0.944004469574
2010-02-15,-0.953436779336
2010-02-16,-0.965260378898
2010-02-17,-0.977881075059
2010-02-18,-0.996479995718
2010-02-19,-1.01707165788
2010-02-22,-1.01109343338
2010-02-23,-0.995682899118
2010-02-24,-0.997011393451
2010-02-25,-0.973895592061
2010-02-26,-1.01375042204
2010-03-01,-1.02437837671
2010-03-02,-1.1113947555
2010-03-03,-1.03766332003
2010-03-04,-1.03699907287
2010-03-05,-1.05094826336
2010-03-08,-1.04204735133
2010-03-09,-1.04696278036
2010-03-10,-1.06423320669
2010-03-11,-1.06290471236
2010-03-12,-1.07353266702
2010-03-15,-1.07300126928
2010-03-16,-1.06662449649
2010-03-17,-1.07220417269
2010-03-18,-1.06024772369
2010-03-19,-1.0283638597
2010-03-22,-1.02304988237
2010-03-23,-1.0474941781
2010-03-24,-1.03062230007
2010-03-25,-1.02304988237
2010-03-26,-0.991166018387
2010-03-28,-1.01042918621
2010-03-29,-1.0299580529
2010-03-30,-1.04762702753
2010-03-31,-1.06768729195
2010-04-01,-1.06821868969
2010-04-04,-1.07419691418
2010-04-05,-1.08416062168
2010-04-06,-1.05227675769
2010-04-07,-1.05759073502
2010-04-08,-1.06024772369
2010-04-11,-1.07990943982
2010-04-12,-1.13663614782
2010-04-13,-1.09346008201
2010-04-14,-1.08814610468
2010-04-15,-1.07990943982
2010-04-18,-1.07446261305
2010-04-19,-1.08482486885
2010-04-20,-1.09080309334
2010-04-21,-1.07021143119
2010-04-22,-1.07114137722
2010-04-25,-1.09611707068
2010-04-26,-1.06821868969
2010-04-27,-1.07738530058
2010-04-28,-1.113387497
2010-04-29,-1.11644303397
2010-05-02,-1.113387497
2010-05-03,-1.08907605071
2010-05-04,-1.04855697356
2010-05-05,-0.976419731293
2010-05-06,-0.955960918568
2010-05-09,-1.05506659579
2010-05-10,-1.05426949919
2010-05-11,-1.05692648786
2010-05-12,-1.06157621802
2010-05-13,-1.01840015221
2010-05-16,-1.01733735674
2010-05-17,-1.00046547872
2010-05-18,-0.982265106357
2010-05-19,-0.909065068622
2010-05-20,-0.959547853267
2010-05-23,-0.939089040542
2010-05-24,-0.930719526246
2010-05-25,-0.938026245076
2010-05-26,-1.00046547872
2010-05-27,-1.00272391908
2010-05-30,-1.00259106965
2010-05-31,-0.976552580726
2010-06-01,-0.980538063725
2010-06-02,-0.995948597985
2010-06-03,-0.970042958496
2010-06-06,-0.923412807416
2010-06-07,-0.942011728074
2010-06-08,-0.965924626064
2010-06-09,-1.00538090775
2010-06-10,-1.00631085378
2010-06-13,-1.01946294767
2010-06-14,-1.04218020076
2010-06-15,-1.03925751323
2010-06-16,-1.0411174053
2010-06-17,-1.05852068106
2010-06-20,-1.07007858175
2010-06-21,-1.06569455045
2010-06-22,-1.02026004427
2010-06-23,-1.05028401619
2010-06-24,-1.0482912747
2010-06-27,-1.04563428603
2010-06-28,-1.01135913224
2010-06-29,-1.03381068647
2010-06-30,-1.02318273181
2010-07-01,-1.05559799353
2010-07-04,-1.05705933729
2010-07-05,-1.06556170102
2010-07-06,-1.06821868969
2010-07-07,-1.06383465839
2010-07-08,-1.07964374095
2010-07-11,-1.07486116135
2010-07-12,-1.08017513868
2010-07-13,-1.06689019535
2010-07-14,-1.06157621802
2010-07-15,-1.04483718943
2010-07-18,-1.0399217604
2010-07-19,-1.05666078899
2010-07-20,-1.05971632596
2010-07-21,-1.07459546248
2010-07-22,-1.07419691418
2010-07-25,-1.06742159309
2010-07-26,-1.07393121532
2010-07-27,-1.07180562439
2010-07-28,-1.06848438855
2010-07-29,-1.07685390285
2010-08-01,-1.09757841444
2010-08-02,-1.08323067565
2010-08-03,-1.08323067565
2010-08-04,-1.08469201941
2010-08-05,-1.08349637451
2010-08-08,-1.14460711382
2010-08-09,-1.08681761035
2010-08-10,-1.07486116135
2010-08-11,-1.06356895952
2010-08-12,-1.06635879762
2010-08-15,-1.125343946
2010-08-16,-1.08097223528
2010-08-17,-1.09106879221
2010-08-18,-1.08974029788
2010-08-19,-1.07406406475
2010-08-22,-1.13756609386
2010-08-23,-1.07313411872
2010-08-24,-1.07366551645
2010-08-25,-1.06835153912
2010-08-26,-1.07977659038
2010-08-29,-1.15563361678
2010-08-30,-1.08150363301
2010-08-31,-1.08801325525
2010-09-01,-1.10143104801
2010-09-02,-1.10209529517
2010-09-05,-1.18911167397
2010-09-06,-1.12149131243
2010-09-07,-1.11471599133
2010-09-08,-1.12906373013
2010-09-09,-1.1237497528
2010-09-12,-1.19708263997
2010-09-13,-1.13265066483
2010-09-14,-1.15257807982
2010-09-15,-1.12640674146
2010-09-16,-1.13132217049
2010-09-19,-1.2004038758
2010-09-20,-1.1193657215
2010-09-21,-1.12202271016
2010-09-22,-1.18871312567
2010-09-23,-1.13105647163
2010-09-26,-1.20186521956
2010-09-27,-1.14261437232
2010-09-28,-1.14261437232
2010-09-29,-1.14992109115
2010-09-30,-1.15975194921
2010-10-03,-1.24291569445
2010-10-04,-1.15789205715
2010-10-05,-1.19575414563
2010-10-06,-1.17582673064
2010-10-07,-1.1840633955
2010-10-10,-1.25314510081
2010-10-11,-1.20598355199
2010-10-12,-1.1944256513
2010-10-13,-1.21767430212
2010-10-14,-1.20691349803
2010-10-17,-1.27891789086
2010-10-18,-1.19176866263
2010-10-19,-1.16785576464
2010-10-20,-1.18778317964
2010-10-21,-1.16254178731
2010-10-24,-1.22909935338
2010-10-25,-1.15483652018
2010-10-26,-1.15151528435
2010-10-27,-1.12932942899
2010-10-28,-1.13663614782
2010-11-01,-1.22604381642
2010-11-02,-1.14885829569
2010-11-03,-1.15324232698
2010-11-04,-1.16918425898
2010-11-05,-1.18818172794
2010-11-08,-1.1824692023
2010-11-09,-1.15988479865
2010-11-10,-1.15988479865
2010-11-11,-1.14128587799
2010-11-12,-1.12600819316
2010-11-15,-1.19389425357
2010-11-16,-1.12800093466
2010-11-17,-1.10674502534
2010-11-18,-1.1197642698
2010-11-19,-1.13995738366
2010-11-22,-1.1904401683
2010-11-23,-1.1269381392
2010-11-24,-1.11006626117
2010-11-25,-1.125343946
2010-11-26,-1.13397915916
2010-11-29,-1.11524738907
2010-11-30,-1.13198641766
2010-12-01,-1.13530765349
2010-12-02,-1.14673270475
2010-12-03,-1.15257807982
2010-12-06,-1.23946160918
2010-12-07,-1.17941366534
2010-12-08,-1.18512619097
2010-12-09,-1.16519877598
2010-12-10,-1.14978824172
2010-12-13,-1.14792834965
2010-12-14,-1.16387028165
2010-12-15,-1.16387028165
2010-12-16,-1.15603216508
2010-12-17,-1.14885829569
2010-12-20,-1.19947392976
2010-12-21,-1.14580275872
2010-12-22,-1.15457082132
2010-12-23,-1.15589931565
2010-12-24,-1.16480022768
2010-12-27,-1.16692581861
2010-12-28,-1.17449823631
2010-12-29,-1.16759006578
2010-12-30,-1.18379769664
2010-12-31,-1.20505360596
2011-01-03,-1.26682859244
2011-01-04,-1.22564526812
2011-01-05,-1.19774688713
2011-01-06,-1.18778317964
2011-01-07,-1.17330259141
2011-01-10,-1.24025870578
2011-01-11,-1.16918425898
2011-01-12,-1.23215489035
2011-01-13,-1.25460644457
2011-01-14,-1.19575414563
2011-01-17,-1.22351967719
2011-01-18,-1.17835086987
2011-01-19,-1.1924329098
2011-01-20,-1.1944256513
2011-01-21,-1.24065725408
2011-01-24,-1.26178031397
2011-01-25,-1.19376140413
2011-01-26,-1.19748118826
2011-01-27,-1.2631088083
2011-01-28,-1.19137011433
2011-01-31,-1.24185289898
2011-02-01,-1.1984111343
2011-02-02,-1.2008024241
2011-02-03,-1.20412365993
2011-02-04,-1.19655124223
2011-02-07,-1.25527069174
2011-02-08,-1.25035526271
2011-02-09,-1.20173237013
2011-02-10,-1.20505360596
2011-02-11,-1.20226376786
2011-02-14,-1.26682859244
2011-02-15,-1.19907538146
2011-02-16,-1.19628554337
2011-02-17,-1.19575414563
2011-02-18,-1.20505360596
2011-02-21,-1.26815708677
2011-02-22,-1.19774688713
2011-02-23,-1.19349570527
2011-02-24,-1.19309715697
2011-02-25,-1.20412365993
2011-02-28,-1.20771059463
2011-03-01,-1.20930478783
2011-03-02,-1.21116467989
2011-03-03,-1.21541586176
2011-03-04,-1.22165978512
2011-03-07,-1.23441333072
2011-03-08,-1.21820569986
2011-03-09,-1.21568156062
2011-03-10,-1.21475161459
2011-03-11,-1.20903908896
2011-03-14,-1.21289172253
2011-03-15,-1.2012009724
2011-03-16,-1.20345941276
2011-03-17,-1.1864546853
2011-03-18,-1.18180495514
2011-03-21,-1.2027951656
2011-03-22,-1.20292801503
2011-03-23,-1.20864054066
2011-03-24,-1.20771059463
2011-03-25,-1.21103183046
2011-03-27,-1.22112838739
2011-03-28,-1.20771059463
2011-03-29,-1.21315742139
2011-03-30,-1.24955816611
2011-03-31,-1.25128520874
2011-04-03,-1.2714783226
2011-04-04,-1.28051208406
2011-04-05,-1.27812079426
2011-04-06,-1.2678913879
2011-04-07,-1.29685256436
2011-04-10,-1.32687653628
2011-04-11,-1.31784277481
2011-04-12,-1.29937670359
2011-04-13,-1.29804820926
2011-04-14,
2011-04-17,-1.32913497664
2011-04-18,-1.30203369225
2011-04-19,-1.31598288275
2011-04-20,-1.32860357891
2011-04-21,-1.32860357891
2011-04-24,-1.33883298527
2011-04-25,-1.32063261291
2011-04-26,-1.33458180341
2011-04-27,-1.33192481474
2011-04-28,-1.30562062695
2011-05-01,-1.33617599661
2011-05-02,-1.31863987141
2011-05-03,-1.30402643375
2011-05-04,-1.28077778293
2011-05-05,-1.25420789627
2011-05-08,-1.28821735119
2011-05-09,-1.26682859244
2011-05-10,-1.27812079426
2011-05-11,-1.26098321737
2011-05-12,-1.2655000981
2011-05-15,-1.24012585635
2011-05-16,-1.24650262914
2011-05-17,-1.2635073566
2011-05-18,-1.27240826863
2011-05-19,-1.2662971947
2011-05-22,-1.27240826863
2011-05-23,-1.23786741598
2011-05-24,-1.24955816611
2011-05-25,-1.25221515477
2011-05-26,-1.25779483097
2011-05-29,-1.29499267229
2011-05-30,-1.29671971492
2011-05-31,-1.31571718388
2011-06-01,-1.29804820926
2011-06-02,-1.31731137708
2011-06-05,-1.32886927778
2011-06-06,-1.31372444238
2011-06-07,-1.31797562425
2011-06-08,-1.31199739975
2011-06-09,-1.30482353035
2011-06-12,-1.29432842512
2011-06-13,-1.30203369225
2011-06-14,-1.31518578615
2011-06-15,-1.29140573759
2011-06-16,-1.27931643916
2011-06-19,-1.30097089679
2011-06-20,-1.29539122059
2011-06-21,-1.30402643375
2011-06-22,-1.30469068092
2011-06-23,-1.30004095075
2011-06-26,-1.30070519792
2011-06-27,-1.29406272626
2011-06-28,-1.31664712991
2011-06-29,-1.32767363288
2011-06-30,-1.33870013584
2011-07-03,-1.35543916443
2011-07-04,-1.35185222973
2011-07-05,-1.33564459887
2011-07-06,-1.32833788004
2011-07-07,-1.34786674673
2011-07-10,-1.3381687381
2011-07-11,-1.31399014125
2011-07-12,-1.32103116121
2011-07-13,-1.33033062154
2011-07-14,-1.31863987141
2011-07-17,-1.32993207324
2011-07-18,-1.32063261291
2011-07-19,-1.33391755624
2011-07-20,-1.3385672864
2011-07-21,-1.35078943427
2011-07-24,-1.34866384333
2011-07-25,-1.36168308779
2011-07-26,-1.37549942886
2011-07-27,-1.33644169547
2011-07-28,-1.33684024377
2011-07-31,-1.3584947014
2011-08-01,-1.34348271544
2011-08-02,-1.33617599661
2011-08-03,-1.33657454491
2011-08-04,-1.31824132311
2011-08-07,-1.29671971492
2011-08-08,-1.29153858702
2011-08-09,-1.24995671441
2011-08-10,-1.25832622871
2011-08-11,-1.25646633664
2011-08-14,-1.2722754192
2011-08-15,-1.30243224055
2011-08-16,-1.30854331448
2011-08-17,-1.31598288275
2011-08-18,-1.27812079426
2011-08-21,-1.29366417796
2011-08-22,-1.28409901876
2011-08-23,-1.29100718929
2011-08-24,-1.27772224596
2011-08-25,-1.2754638056
2011-08-28,-1.28742025459
2011-08-29,-1.29499267229
2011-08-30,-1.30535492809
2011-08-31,-1.31066890542
2011-09-01,-1.28874874893
2011-09-04,-1.24783112348
2011-09-05,-1.22192548399
2011-09-06,-1.20771059463
2011-09-07,-1.21634580779
2011-09-08,-1.21886994702
2011-09-11,-1.18791602907
2011-09-12,-1.14992109115
2011-09-13,-1.13929313649
2011-09-14,-1.12268695733
2011-09-15,-1.14248152289
2011-09-18,-1.14062163082
2011-09-19,-1.04218020076
2011-09-20,-1.03288074044
2011-09-21,-0.97668543016
2011-09-22,-0.919693023284
2011-09-25,-0.947591404272
2011-09-26,-0.960610648733
2011-09-27,-1.01906439937
2011-09-28,-0.99820703835
2011-09-29,-0.984922095023
2011-10-02,-0.9592821544
2011-10-03,-0.905212435057
2011-10-04,-0.955163821969
2011-10-05,-0.976951129026
2011-10-06,-1.01282047601
2011-10-09,-1.07180562439
2011-10-10,-1.09226443711
2011-10-11,-1.10302524121
2011-10-12,-1.05626224069
2011-10-13,-1.09731271557
2011-10-16,-1.1137860453
2011-10-17,-1.06556170102
2011-10-18,-1.07818239718
2011-10-19,-1.07313411872
2011-10-20,-1.03899181437
2011-10-23,-1.06476460442
2011-10-24,-1.08907605071
2011-10-25,-1.07286841985
2011-10-26,-1.07751815002
2011-10-27,-1.14261437232
2011-10-31,-1.17170839821
2011-11-01,-1.16466737825
2011-11-02,-1.09877405934
2011-11-03,-1.11033196004
2011-11-04,-1.11272324983
2011-11-07,-1.08947459901
2011-11-08,-1.08827895411
2011-11-09,-1.10209529517
2011-11-10,-1.07937804208
2011-11-11,-1.07486116135
2011-11-14,-1.10156389744
2011-11-15,-1.07552540852
2011-11-16,-1.06250616406
2011-11-17,-1.06117766972
2011-11-18,-1.06888293685
2011-11-21,-1.05121396223
2011-11-22,-1.01614171184
2011-11-23,-1.00617800435
2011-11-24,-0.942941674107
2011-11-25,-0.921420065917
2011-11-28,-0.915043293119
2011-11-29,-0.949052748038
2011-11-30,-0.966588873231
2011-12-01,-1.01109343338
2011-12-02,-1.02304988237
2011-12-05,-1.02809816084
2011-12-06,-1.04882267243
2011-12-07,-1.03367783704
2011-12-08,-1.02344843067
2011-12-09,-0.999136984383
2011-12-12,-1.02530832274
2011-12-13,-1.00949924018
2011-12-14,-0.94506726504
2011-12-15,-0.92035727045
2011-12-16,-0.943605921274
2011-12-19,-0.951311188404
2011-12-20,-0.933376514911
2011-12-21,-0.966190324931
2011-12-22,-0.948255651438
2011-12-23,-0.953968177069
2011-12-26,-0.94466871674
2011-12-27,-0.945332963906
2011-12-28,-0.942011728074
2011-12-29,-0.919825872717
2011-12-30,-0.935103557544
2012-01-02,-0.938956191109
2012-01-03,-0.928593935313
2012-01-04,-0.97588833356
2012-01-05,-0.997277092317
2012-01-06,-0.964596131731
2012-01-09,-0.958485057801
2012-01-10,-0.967253120397
2012-01-11,-1.02304988237
2012-01-12,-1.01707165788
2012-01-13,-1.0470956298
2012-01-16,-1.0339435359
2012-01-17,-1.04922122073
2012-01-18,-1.04895552186
2012-01-19,-1.06383465839
2012-01-20,-1.08083938585
2012-01-23,-1.07472831192
2012-01-24,-1.08548911601
2012-01-25,-1.07698675228
2012-01-26,-1.07486116135
2012-01-27,-0.95197543557
2012-01-30,-1.10408803667
2012-01-31,-1.09306153371
2012-02-01,-1.09505427521
2012-02-02,-1.11245755097
2012-02-03,-1.13052507389
2012-02-06,-1.13424485803
2012-02-07,-1.12308550563
2012-02-08,-1.1217570113
2012-02-09,-1.13012652559
2012-02-10,-1.13397915916
2012-02-13,-1.12959512786
2012-02-14,-1.13437770746
2012-02-15,-1.13318206256
2012-02-16,-1.1177715283
2012-02-17,-1.13397915916
2012-02-20,-1.14221582402
2012-02-21,-1.13172071879
2012-02-22,-1.13530765349
2012-02-23,-1.14779550022
2012-02-24,-1.13756609386
2012-02-27,-1.14580275872
2012-02-28,-1.14673270475
2012-02-29,-1.15762635828
2012-03-01,-1.13251781539
2012-03-02,-1.13663614782
2012-03-05,-1.11564593737
2012-03-06,-1.10435373554
2012-03-07,-1.07579110738
2012-03-08,-1.06715589422
2012-03-09,-1.07313411872
2012-03-12,-1.03620197627
2012-03-13,-1.02331558124
2012-03-14,-1.03327928874
2012-03-15,-1.01720450731
2012-03-16,-1.02251848464
2012-03-19,-1.02504262387
2012-03-20,-0.994221555352
2012-03-21,-1.00298961795
2012-03-22,-0.996214296851
2012-03-23,-0.997675640617
2012-03-25,-1.00936639075
2012-03-26,-0.99900413495
2012-03-27,-0.993557308186
2012-03-28,-0.990634620654
2012-03-29,-0.994088705919
2012-04-01,-0.987579083688
2012-04-02,-0.978146773926
2012-04-03,-0.982929353524
2012-04-04,-0.985187793889
2012-04-05,-0.99129886782
2012-04-08,-0.992627362153
2012-04-09,-0.996479995718
2012-04-10,-0.978545322225
2012-04-11,-0.975755484127
2012-04-12,-0.986914836522
2012-04-15,-0.972035699995
2012-04-16,-0.961009197033
2012-04-17,-0.944137319007
2012-04-18,-0.918497378384
2012-04-19,-0.916106088585
2012-04-22,-0.926335494948
2012-04-23,-0.915707540286
2012-04-24,-0.916371787452
2012-04-25,-0.917036034618
2012-04-26,-0.910393562955
2012-04-29,-0.907470875423
2012-04-30,-0.881166687634
2012-05-01,-0.880369591034
2012-05-02,-0.859379380576
2012-05-03,-0.875852710303
2012-05-06,-0.853135457212
2012-05-07,-0.863896261308
2012-05-08,-0.838522019552
2012-05-09,-0.796541598637
2012-05-10,-0.81979024946
2012-05-13,-0.802254124268
2012-05-14,-0.76585337955
2012-05-15,-0.756155370921
2012-05-16,-0.756819618087
2012-05-17,-0.745793115125
2012-05-20,-0.726795646167
2012-05-21,-0.713112154539
2012-05-22,-0.640044966237
2012-05-23,-0.720020325069
2012-05-24,-0.71962177677
2012-05-27,-0.776348484779
2012-05-28,-0.78006826891
2012-05-29,-0.766650476149
2012-05-30,-0.736227955929
2012-05-31,-0.722411614868
2012-06-03,-0.704476941376
2012-06-04,-0.685745171284
2012-06-05,-0.727459893333
2012-06-06,-0.714042100572
2012-06-07,-0.716699089238
2012-06-10,-0.726795646167
2012-06-11,-0.67139743249
2012-06-12,-0.667279100059
2012-06-13,-0.661832273294
2012-06-14,-0.679235549054
2012-06-17,-0.691989094648
2012-06-18,-0.676180012088
2012-06-19,-0.718957529603
2012-06-20,-0.726131399
2012-06-21,-0.673390173989
2012-06-24,-0.668341895525
2012-06-25,-0.675914313222
2012-06-26,-0.65678399483
2012-06-27,-0.657049693696
2012-06-28,-0.653994156731
2012-07-01,-0.744464620792
2012-07-02,-0.776481334212
2012-07-03,-0.744863169092
2012-07-04,-0.721083120536
2012-07-05,-0.731179677465
2012-07-08,-0.719356077903
2012-07-09,-0.714307799439
2012-07-10,-0.712846455673
2012-07-11,-0.709259520974
2012-07-12,-0.707266779475
2012-07-15,-0.706469682875
2012-07-16,-0.71072086474
2012-07-17,-0.728655538232
2012-07-18,-0.731445376331
2012-07-19,-0.74114338496
2012-07-22,-0.725600001267
2012-07-23,-0.707665327775
2012-07-24,-0.695576029347
2012-07-25,-0.712580756806
2012-07-26,-0.729319785399
2012-07-29,-0.728256989933
2012-07-30,-0.702484199877
2012-07-31,-0.68069689282
2012-08-01,-0.700092910078
2012-08-02,-0.691723395782
2012-08-05,-0.720153174503
2012-08-06,-0.718160433004
2012-08-07,-0.720020325069
2012-08-08,-0.727991291066
2012-08-09,-0.733305268397
2012-08-12,-0.737556450262
2012-08-13,-0.729851183132
2012-08-14,-0.721747367702
2012-08-15,-0.724670055234
2012-08-16,-0.735962257063
2012-08-19,-0.736759353662
2012-08-20,-0.737025052529
2012-08-21,-0.74154193326
2012-08-22,-0.735696558196
2012-08-23,-0.7257328507
2012-08-26,-0.725334302401
2012-08-27,-0.714839197172
2012-08-28,-0.701687103277
2012-08-29,-0.693583287847
2012-08-30,-0.695576029347
2012-09-02,-0.71922322847
2012-09-03,-0.71802758357
2012-09-04,-0.707266779475
2012-09-05,-0.707931026641
2012-09-06,-0.722810163168
2012-09-09,-0.722411614868
2012-09-10,-0.730382580865
2012-09-11,-0.740213438927
2012-09-12,-0.724404356368
2012-09-13,-0.731843924631
2012-09-16,-0.743667524193
2012-09-17,-0.715769143205
2012-09-18,-0.729585484265
2012-09-19,-0.727459893333
2012-09-20,-0.731976774064
2012-09-23,-0.731046828031
2012-09-24,-0.724802904667
2012-09-25,-0.718558981303
2012-09-26,-0.71191650964
2012-09-27,-0.720153174503
2012-09-30,-0.725998549567
2012-10-01,-0.725467151834
2012-10-02,-0.722677313735
2012-10-03,-0.731179677465
2012-10-04,-0.73463376273
2012-10-07,-0.759476606753
2012-10-08,-0.717894734137
2012-10-09,-0.715237745472
2012-10-10,-0.703679844776
2012-10-11,-0.704078393076
2012-10-14,-0.700358608945
2012-10-15,-0.708860972674
2012-10-16,-0.711650810773
2012-10-17,-0.716300540938
2012-10-18,-0.721481668836
2012-10-21,-0.721481668836
2012-10-22,-0.725467151834
2012-10-23,-0.722278765435
2012-10-24,-0.724005808068
2012-10-25,-0.724138657501
2012-10-29,-0.722544464302
2012-10-30,-0.714972046605
2012-10-31,-0.717496185837
2012-11-01,-0.718957529603
2012-11-02,-0.716831938671
2012-11-05,-0.717761884704
2012-11-06,-0.710588015307
2012-11-07,-0.717363336404
2012-11-08,-0.712182208506
2012-11-09,-0.706602532309
2012-11-12,-0.696904523679
2012-11-13,-0.690527750882
2012-11-14,-0.680032645653
2012-11-15,-0.67139743249
2012-11-16,-0.669936088724
2012-11-19,-0.648945878267
2012-11-20,-0.653462758998
2012-11-21,-0.649477276
2012-11-22,-0.629018463275
2012-11-23,-0.618789056913
2012-11-26,-0.649610125433
2012-11-27,-0.648015932234
2012-11-28,-0.645757491868
2012-11-29,-0.633933892306
2012-11-30,-0.629018463275
2012-12-03,-0.57813713033
2012-12-04,-0.597798846455
2012-12-05,-0.598861641921
2012-12-06,-0.640310665104
2012-12-07,-0.655056952197
2012-12-10,-0.658378188029
2012-12-11,-0.654791253331
2012-12-12,-0.65558834993
2012-12-13,-0.662496520461
2012-12-14,-0.644030449235
2012-12-17,-0.642967653769
2012-12-18,-0.629682710441
2012-12-19,-0.639115020204
2012-12-20,-0.66409071366
2012-12-21,-0.663957864227
2012-12-24,-0.681228290553
2012-12-25,-0.656518295963
2012-12-26,-0.653595608431
2012-12-27,-0.692254793515
2012-12-28,-0.700624307811
2012-12-31,-0.69610742708
2013-01-01,-0.688667858816
2013-01-02,-0.695443179913
2013-01-03,-0.695443179913
2013-01-04,-0.691324847482
2013-01-07,-0.712979305106
2013-01-08,-0.720950271102
2013-01-09,-0.702749898744
2013-01-10,-0.692653341815
2013-01-11,-0.71922322847
2013-01-14,-0.716566239804
2013-01-15,-0.712979305106
2013-01-16,
2013-01-17,-0.701819952711
2013-01-18,-0.706735381742
2013-01-21,-0.716433390371
2013-01-22,-0.704609790809
2013-01-23,-0.701554253844
2013-01-24,-0.710986563607
2013-01-25,-0.718160433004
2013-01-28,-0.718160433004
2013-01-29,-0.763860638051
2013-01-30,-0.774090044413
2013-01-31,-0.771565905181
2013-02-01,-0.768510368215
2013-02-04,-0.774090044413
2013-02-05,-0.763063541451
2013-02-06,-0.778739774578
2013-02-07,-0.774754291579
2013-02-08,-0.804512564633
2013-02-11,-0.795744502037
2013-02-12,-0.794947405437
2013-02-13,-0.79747154467
2013-02-14,-0.803715468034
2013-02-15,-0.814210573262
2013-02-18,-0.802254124268
2013-02-19,-0.809560843098
2013-02-20,-0.817266110228
2013-02-21,-0.809029445365
2013-02-22,-0.793486061671
2013-02-25,-0.79707299637
2013-02-26,-0.781928160976
2013-02-27,-0.779802570044
2013-02-28,-0.790031976406
2013-03-01,-0.785647945108
2013-03-04,-0.781131064377
2013-03-05,-0.794416007704
2013-03-06,-0.805841058966
2013-03-07,-0.794947405437
2013-03-08,-0.809826541964
2013-03-11,-0.833208042221
2013-03-12,-0.812749229496
2013-03-13,-0.801722726534
2013-03-14,-0.793884609971
2013-03-15,-0.793220362805
2013-03-18,-0.784186601342
2013-03-19,-0.778872624011
2013-03-20,-0.779138322877
2013-03-21,-0.776747033078
2013-03-22,-0.74924720039
2013-03-25,-0.747387308324
2013-03-26,-0.748051555491
2013-03-27,-0.736227955929
2013-03-28,-0.742471879293
2013-03-29,-0.730515430298
2013-03-31,-0.730781129165
2013-04-01,-0.735962257063
2013-04-02,-0.731312526898
2013-04-03,-0.728124140499
2013-04-04,-0.739017794028
2013-04-07,-0.778341226278
2013-04-08,-0.769706013115
2013-04-09,-0.781795311543
2013-04-10,-0.791626169605
2013-04-11,-0.789500578673
2013-04-14,-0.800925629935
2013-04-15,-0.758679510153
2013-04-16,-0.776481334212
2013-04-17,-0.759875155052
2013-04-18,-0.780333967777
2013-04-21,-0.749114350957
2013-04-22,-0.734899461596
2013-04-23,-0.731578225765
2013-04-24,-0.744464620792
2013-04-25,-0.75695246752
2013-04-28,-0.764923433517
2013-04-29,-0.748450103791
2013-04-30,-0.754029779988
2013-05-01,-0.753764081122
2013-05-02,-0.746855910591
2013-05-05,-0.74884865209
2013-05-06,-0.748184404924
2013-05-07,-0.748317254357
2013-05-08,-0.755092575454
2013-05-09,-0.743667524193
2013-05-12,-0.737689299695
2013-05-13,-0.747785856624
2013-05-14,-0.731578225765
2013-05-15,-0.729585484265
2013-05-16,-0.725998549567
2013-05-19,-0.714573498305
2013-05-20,-0.708595273808
2013-05-21,-0.712447907373
2013-05-22,-0.695443179913
2013-05-23,-0.701421404411
2013-05-26,-0.693716137281
2013-05-27,-0.684948074684
2013-05-28,-0.657979639729
2013-05-29,-0.613475079582
2013-05-30,-0.612943681849
2013-06-02,-0.636590880972
2013-06-03,-0.594876158923
2013-06-04,-0.591289224225
2013-06-05,-0.589827880459
2013-06-06,-0.586772343493
2013-06-09,-0.586772343493
2013-06-10,-0.586772343493
2013-06-11,-0.586772343493
2013-06-12,-0.553161436874
2013-06-13,-0.600854383421
2013-06-16,-0.627955667809
2013-06-17,-0.53310117245
2013-06-18,-0.520081927988
2013-06-19,-0.458174092082
2013-06-20,-0.4163265206
2013-06-23,-0.439176623123
2013-06-24,-0.456314200016
2013-06-25,-0.47677301274
2013-06-26,-0.508656876727
2013-06-27,-0.495770481699
2013-06-30,-0.504671393728
2013-07-01,-0.459635435848
2013-07-02,-0.427618722428
2013-07-03,-0.406097114237
2013-07-04,-0.429212915627
2013-07-07,-0.427220174128
2013-07-08,-0.40862125347
2013-07-09,-0.418452111532
2013-07-10,-0.396797653908
2013-07-11,-0.421241949631
2013-07-14,-0.408089855736
2013-07-15,-0.46866919731
2013-07-16,-0.425493131496
2013-07-17,-0.459901134714
2013-07-18,-0.46136247848
2013-07-21,-0.430807108827
2013-07-22,-0.450203126085
2013-07-23,-0.477038711607
2013-07-24,-0.432401302026
2013-07-25,-0.436253935591
2013-07-28,-0.418053563232
2013-07-29,-0.401845932372
2013-07-30,-0.384841204913
2013-07-31,-0.39241362261
2013-08-01,-0.355880028459
2013-08-04,-0.378730130982
2013-08-05,-0.354020136393
2013-08-06,-0.363850994455
2013-08-07,-0.352027394894
2013-08-08,-0.386036849813
2013-08-11,-0.399188943707
2013-08-12,-0.378065883816
2013-08-13,-0.343259332298
2013-08-14,-0.328911593504
2013-08-15,-0.30725713588
2013-08-18,-0.241230967541
2013-08-19,-0.211871242787
2013-08-20,-0.232728603812
2013-08-21,-0.161122759276
2013-08-22,-0.181448722567
2013-08-25,-0.297027729517
2013-08-26,-0.256242953501
2013-08-27,-0.266605209297
2013-08-28,-0.301013212516
2013-08-29,-0.28294568959
2013-09-01,-0.250264729004
2013-09-02,-0.258102845567
2013-09-03,-0.283078539023
2013-09-04,-0.280687249224
2013-09-05,-0.33037293727
2013-09-08,-0.356677125058
2013-09-09,-0.392147923743
2013-09-10,-0.380988571348
2013-09-11,-0.394937761842
2013-09-12,-0.393874966376
2013-09-15,-0.388428139612
2013-09-16,-0.382184216248
2013-09-17,-0.423500389996
2013-09-18,-0.513173757458
2013-09-19,-0.493910589633
2013-09-22,-0.480359947439
2013-09-23,-0.495903331132
2013-09-24,-0.497364674898
2013-09-25,-0.459369736981
2013-09-26,-0.438512375957
2013-09-29,-0.460166833581
2013-09-30,-0.467739251278
2013-10-01,-0.473584626342
2013-10-02,-0.504139995995
2013-10-03,-0.483814032704
2013-10-06,-0.480359947439
2013-10-07,
2013-10-08,-0.483548333837
2013-10-09,-0.486869569669
2013-10-10,-0.520613325722
2013-10-13,-0.528849990585
2013-10-14,-0.518354885356
2013-10-15,-0.520480476288
2013-10-16,-0.519417680822
2013-10-17,-0.545456169744
2013-10-20,-0.56272659607
2013-10-21,-0.529381388318
2013-10-22,-0.530709882651
2013-10-23,-0.508524027293
2013-10-24,-0.489526558335
2013-10-28,-0.511048166526
2013-10-29,-0.520214777422
2013-10-30,-0.514236552924
2013-10-31,-0.515432197824
2013-11-01,-0.448077535153
2013-11-04,-0.421640497931
2013-11-05,-0.436121086158
2013-11-06,-0.387631043012
2013-11-07,-0.380722872481
2013-11-08,-0.353621588093
2013-11-11,-0.345119224363
2013-11-12,-0.320542079207
2013-11-13,-0.317087993942
2013-11-14,-0.318947886008
2013-11-15,-0.342462235698
2013-11-18,-0.336351161767
2013-11-19,-0.410082597236
2013-11-20,-0.39892324484
2013-11-21,-0.399056094274
2013-11-22,-0.354684383559
2013-11-25,-0.392280773177
2013-11-26,-0.382981312847
2013-11-27,-0.365710886521
2013-11-28,-0.321604874673
2013-11-29,-0.3376796561
2013-12-02,-0.316556596209
2013-12-03,-0.286665473722
2013-12-04,-0.260494135366
2013-12-05,-0.240566720375
2013-12-06,-0.282812840157
2013-12-09,-0.328513045204
2013-12-10,-0.334889818001
2013-12-11,-0.349503255662
2013-12-12,-0.30606149098
2013-12-13,-0.31496240301
2013-12-16,-0.324261863339
2013-12-17,-0.327051701438
2013-12-18,-0.335686914601
2013-12-19,-0.319080735441
2013-12-20,-0.285071280522
2013-12-23,-0.247607740338
2013-12-24,-0.285735527689
2013-12-25,-0.28414133449
2013-12-26,-0.285071280522
2013-12-27,-0.287993968055
2013-12-30,-0.31296966151
2013-12-31,-0.278694507725
2014-01-01,-0.278827357158
2014-01-02,-0.281617195257
2014-01-03,-0.244950751673
2014-01-06,-0.262486876865
2014-01-07,-0.259564189333
2014-01-08,-0.266206660997
2014-01-09,-0.235252743044
2014-01-10,-0.240566720375
2014-01-13,-0.286399774855
2014-01-14,-0.282015743557
2014-01-15,-0.288923914087
2014-01-16,-0.28374278619
2014-01-17,-0.276967465093
2014-01-20,-0.294370740852
2014-01-21,-0.303670201181
2014-01-22,-0.280687249224
2014-01-23,-0.265011016098
2014-01-24,-0.23671408681
2014-01-27,-0.233658549844
2014-01-28,-0.200180492659
2014-01-29,-0.193538020995
2014-01-30,-0.181581572
2014-01-31,-0.212934038253
2014-02-03,-0.194999364761
2014-02-04,-0.175204799203
2014-02-05,-0.216122424652
2014-02-06,-0.230603012879
2014-02-07,-0.251858922203
2014-02-10,-0.257571447834
2014-02-11,-0.216388123519
2014-02-12,-0.222764896316
2014-02-13,-0.202040384725
2014-02-14,-0.236581237377
2014-02-17,-0.245747848273
2014-02-18,-0.248803385238
2014-02-19,-0.243090859607
2014-02-20,-0.239238226042
2014-02-21,-0.265011016098
2014-02-24,-0.303537351748
2014-02-25,-0.309249877379
2014-02-26,-0.305928641547
2014-02-27,-0.293706493685
2014-02-28,-0.332232829336
2014-03-03,-0.313102510944
2014-03-04,-0.302873104581
2014-03-05,-0.30725713588
2014-03-06,-0.334491269701
2014-03-07,-0.330904335003
2014-03-10,-0.310179823412
2014-03-11,-0.300083266483
2014-03-12,-0.278561658292
2014-03-13,-0.287993968055
2014-03-14,-0.276303217926
2014-03-17,-0.303670201181
2014-03-18,-0.296230632918
2014-03-19,-0.318416488275
2014-03-20,-0.298223374417
2014-03-21,-0.326520303705
2014-03-24,-0.331170033869
2014-03-25,-0.332764227069
2014-03-26,-0.34538492323
2014-03-27,-0.366906531421
2014-03-28,-0.415662273433
2014-03-30,-0.415795122866
2014-03-31,-0.398258997674
2014-04-01,-0.412872435334
2014-04-02,-0.403971523305
2014-04-03,-0.388693838478
2014-04-06,-0.449406029485
2014-04-07,-0.471326185976
2014-04-08,-0.491784998701
2014-04-09,-0.515166498957
2014-04-10,-0.485142527037
2014-04-13,-0.471857583709
2014-04-14,-0.473983174642
2014-04-15,-0.445686245354
2014-04-16,-0.439575171423
2014-04-17,-0.452860114751
2014-04-20,-0.452860114751
2014-04-21,-0.452860114751
2014-04-22,-0.441169364622
2014-04-23,-0.466543606378
2014-04-24,-0.47836720594
2014-04-27,-0.438778074823
2014-04-28,-0.463355219979
2014-04-29,-0.446217643087
2014-04-30,-0.453125813617
2014-05-01,-0.449538878919
2014-05-04,-0.470396239943
2014-05-05,-0.434128344659
2014-05-06,-0.45445430795
2014-05-07,-0.471724734276
2014-05-08,-0.473053228609
2014-05-11,-0.480359947439
2014-05-12,-0.47717156104
2014-05-13,-0.474913120674
2014-05-14,-0.490722203234
2014-05-15,-0.469599143343
2014-05-18,-0.476640163307
2014-05-19,-0.48647102137
2014-05-20,-0.473318927475
2014-05-21,-0.483548333837
2014-05-22,-0.475975916141
2014-05-25,-0.465082262612
2014-05-26,-0.462292424513
2014-05-27,-0.44674904082
2014-05-28,-0.45365721135
2014-05-29,-0.458971188681
2014-06-01,-0.441435063489
2014-06-02,-0.392280773177
2014-06-03,-0.388560989045
2014-06-04,-0.390155182244
2014-06-05,-0.415529424
2014-06-08,-0.433464097492
2014-06-09,-0.455517103416
2014-06-10,-0.464949413179
2014-06-11,-0.449937427218
2014-06-12,-0.45445430795
2014-06-15,-0.464285166012
2014-06-16,-0.450734523818
2014-06-17,-0.412208188168
2014-06-18,-0.464152316579
2014-06-19,-0.464418015446
2014-06-22,-0.454720006816
2014-06-23,-0.473053228609
2014-06-24,-0.461628177347
2014-06-25,-0.483946882137
2014-06-26,-0.498427470364
2014-06-29,-0.501217308463
2014-06-30,-0.474780271241
2014-07-01,-0.492847794167
2014-07-02,-0.460698231314
2014-07-03,-0.481289893472
2014-07-06,-0.477304410473
2014-07-07,-0.460432532447
2014-07-08,-0.477835808207
2014-07-09,-0.480492796872
2014-07-10,-0.465613660345
2014-07-13,-0.467075004111
2014-07-14,-0.480625646305
2014-07-15,-0.469333444477
2014-07-16,-0.462823822246
2014-07-17,-0.416725068899
2014-07-20,-0.460698231314
2014-07-21,-0.466145058078
2014-07-22,-0.479297151973
2014-07-23,-0.469200595044
2014-07-24,-0.469997691643
2014-07-27,-0.46096393018
2014-07-28,-0.464683714312
2014-07-29,-0.45445430795
2014-07-30,-0.432268452593
2014-07-31,-0.410215446669
2014-08-03,-0.420843401331
2014-08-04,-0.418584960965
2014-08-05,-0.388959537345
2014-08-06,-0.396399105608
2014-08-07,-0.365312338221
2014-08-10,-0.385372602646
2014-08-11,-0.394140665242
2014-08-12,-0.39081942941
2014-08-13,-0.386036849813
2014-08-14,-0.405432867071
2014-08-17,-0.42974431336
2014-08-18,-0.416990767766
2014-08-19,-0.432534151459
2014-08-20,-0.414200929667
2014-08-21,-0.401580233506
2014-08-24,-0.393476418076
2014-08-25,-0.380191474748
2014-08-26,-0.412473887035
2014-08-27,-0.432401302026
2014-08-28,-0.440903665756
2014-08-31,-0.448343234019
2014-09-01,-0.433065549192
2014-09-02,-0.437449580491
2014-09-03,-0.445154847621
2014-09-04,-0.438113827657
2014-09-07,-0.440106569156
2014-09-08,-0.403971523305
2014-09-09,-0.379792926449
2014-09-10,-0.377135937783
2014-09-11,-0.364249542755
2014-09-14,-0.394804912409
2014-09-15,-0.304998695514
2014-09-16,-0.312703962644
2014-09-17,-0.284008485056
2014-09-18,-0.273513379827
2014-09-21,-0.271122090028
2014-09-22,-0.230337314013
2014-09-23,-0.211738393354
2014-09-24,-0.251991771637
2014-09-25,-0.191146731196
2014-09-28,-0.198320600593
2014-09-29,-0.166835284906
2014-09-30,-0.176931841835
2014-10-01,-0.116086801395
2014-10-02,-0.102270460334
2014-10-05,-0.151690449513
2014-10-06,-0.191013881763
2014-10-07,-0.233658549844
2014-10-08,-0.259165641034
2014-10-09,-0.231400109479
2014-10-12,-0.24322370904
2014-10-13,-0.237245484543
2014-10-14,-0.229805916279
2014-10-15,-0.155011685345
2014-10-16,-0.137077011853
2014-10-19,-0.183840012366
2014-10-20,-0.141992440884
2014-10-21,-0.121002230426
2014-10-22,-0.11263271613
2014-10-23,-0.0974878807361
2014-10-27,-0.133091528854
2014-10-28,-0.0657368661831
2014-10-29,-0.147306418215
2014-10-30,-0.147837815948
2014-10-31,-0.222499197449
2014-11-03,-0.206690114889
2014-11-04,-0.102004761468
2014-11-05,-0.0998791705351
2014-11-06,-0.0900483124727
2014-11-07,-0.00329763254314
2014-11-10,-0.0268119822331
2014-11-11,-0.0261477350667
2014-11-12,-0.0195052634029
2014-11-13,-0.00794736270782
2014-11-14,0.0223423080792
2014-11-17,0.0368228963063
2014-11-18,0.0473180015352
2014-11-19,0.0133085466164
2014-11-20,-0.000242095577787
2014-11-21,0.000820699888424
2014-11-24,-0.0758334231121
2014-11-25,-0.0353143459628
2014-11-26,-0.0557731586873
2014-11-27,-0.094565193204
2014-11-28,-0.0556403092541
2014-12-01,-0.0499277836232
2014-12-02,-0.0160511781377
2014-12-03,-0.00555607290884
2014-12-04,-0.0265462833665
2014-12-05,0.0255306944778
2014-12-08,0.0226080069458
2014-12-09,0.0365571974398
2014-12-10,0.0271248876772
2014-12-11,0.0584773539304
2014-12-12,0.103114763511
2014-12-15,0.106967397076
2014-12-16,0.163428406219
2014-12-17,0.220686511961
2014-12-18,0.189865443441
2014-12-19,0.119853792104
2014-12-22,0.116134007972
2014-12-23,0.123972124536
2014-12-24,0.162232761319
2014-12-25,0.162232761319
2014-12-26,0.16754673865
2014-12-29,0.164225502818
2014-12-30,0.172993565415
2014-12-31,0.112945621574
2015-01-01,0.113078471007
2015-01-02,0.111749976674
2015-01-05,0.162232761319
2015-01-06,0.178041843879
2015-01-07,0.169406630716
2015-01-08,0.148416420259
2015-01-09,0.120385189837
2015-01-12,0.0761463285562
2015-01-13,0.134334380331
2015-01-14,0.0936824537486
2015-01-15,0.0571488595976
2015-01-16,0.0924868088492
2015-01-19,0.0635256323949
2015-01-20,0.104974655577
2015-01-21,0.0556875158316
2015-01-22,0.0372214446062
2015-01-23,0.00214919422119
2015-01-26,0.0115815039838
2015-01-27,0.0143713420826
2015-01-28,0.000289302155318
2015-01-29,0.00533758061982
2015-01-30,0.0413397770377
2015-02-02,0.145759431593
2015-02-03,0.205275977701
2015-02-04,0.162099911886
2015-02-05,0.224804844392
2015-02-06,0.229188875691
2015-02-09,0.279671660336
2015-02-10,0.26200268571
2015-02-11,0.348089118473
2015-02-12,0.39378932352
2015-02-13,0.329357348381
2015-02-16,0.347823419606
2015-02-17,0.341313797376
2015-02-18,0.340915249076
2015-02-19,0.351941752038
2015-02-20,0.390866635988
2015-02-23,0.391929431454
2015-02-24,0.406011471382
2015-02-25,0.382497121692
2015-02-26,0.398173354818
2015-02-27,0.446264849664
2015-03-02,0.35566153617
2015-03-03,0.429924369371
2015-03-04,0.476687369885
2015-03-05,0.53447687336
2015-03-06,0.57260466071
2015-03-09,0.648195988244
2015-03-10,0.735478065907
2015-03-11,0.707446835486
2015-03-12,0.741057742105
2015-03-13,0.789149236951
2015-03-16,0.897952922804
2015-03-17,0.895030235272
2015-03-18,0.899547116003
2015-03-19,0.862216425253
2015-03-20,0.958266565512
2015-03-23,0.870851638416
2015-03-24,0.742917634171
2015-03-25,0.753412739399
2015-03-26,0.834583743131
2015-03-27,0.810936544008
2015-03-29,0.89290464434
2015-03-30,0.872711530482
2015-03-31,0.822892993003
2015-04-01,0.79074343015
2015-04-02,0.734813818741
2015-04-05,0.734016722141
2015-04-06,0.734016722141
2015-04-07,0.738666452306
2015-04-08,0.633715400017
2015-04-09,0.645937547879
2015-04-12,0.667857704369
2015-04-13,0.730828335742
2015-04-14,0.658292545173
2015-04-15,0.606879814495
2015-04-16,0.597181805866
2015-04-19,0.621227553289
2015-04-20,0.61152954466
2015-04-21,0.607012663929
2015-04-22,0.579379981807
2015-04-23,0.530624239795
2015-04-26,0.503788654273
2015-04-27,0.45702565376
2015-04-28,0.485853980781
2015-04-29,0.509634029337
2015-04-30,0.587218098371
2015-05-03,0.587218098371
2015-05-04,0.682736840896
2015-05-05,0.643014860347
2015-05-06,0.610599598627
2015-05-07,0.600768740565
2015-05-10,0.534211174493
2015-05-11,0.647398891645
2015-05-12,0.5957204621
2015-05-13,0.620961854423
2015-05-14,0.559054018516
2015-05-17,0.561046760015
2015-05-18,0.580177078407
2015-05-19,0.614452232192
2015-05-20,0.574730251643
2015-05-21,0.621227553289
2015-05-24,0.690707806893
2015-05-25,0.696287483091
2015-05-26,0.769088972526
2015-05-27,0.755671179765
2015-05-28,0.782905313587
2015-05-31,0.806021114977
2015-06-01,0.79765160068
2015-06-02,0.74331618247
2015-06-03,0.749427256401
2015-06-04,0.75872671673
2015-06-07,0.757929620131
2015-06-08,0.718473338448
2015-06-09,0.699343020056
2015-06-10,0.723920165212
2015-06-11,0.688183667661
2015-06-14,0.727639949344
2015-06-15,0.736540861373
2015-06-16,0.687917968794
2015-06-17,0.639427925648
2015-06-18,0.649258783711
2015-06-21,0.696287483091
2015-06-22,0.684596732962
2015-06-23,0.670514693035
2015-06-24,0.698545923456
2015-06-25,0.737736506273
2015-06-28,0.739463548905
2015-06-29,0.725248659545
2015-06-30,0.715949199215
2015-07-01,0.765767736694
2015-07-02,0.697350278557
2015-07-05,0.74411327907
2015-07-06,0.751951395633
2015-07-07,0.809873748542
2015-07-08,0.880283948178
2015-07-09,0.866201908251
2015-07-12,0.779185529455
2015-07-13,0.746770267736
2015-07-14,0.753811287699
2015-07-15,0.7526156428
2015-07-16,0.772543057791
2015-07-19,0.818508961705
2015-07-20,0.830863959
2015-07-21,0.800839987079
2015-07-22,0.864474865618
2015-07-23,0.950029900648
2015-07-26,1.04541579374
2015-07-27,1.05298821144
2015-07-28,1.04342305224
2015-07-29,1.00277112566
2015-07-30,1.06507750987
2015-08-02,1.12964233444
2015-08-03,1.16870006782
2015-08-04,1.19194871864
2015-08-05,1.21519736947
2015-08-06,1.27869939857
2015-08-09,1.27869939857
2015-08-10,1.15129679206
2015-08-11,1.19819264201
2015-08-12,1.20363946877
2015-08-13,1.26235891828
2015-08-16,1.2073592529
2015-08-17,1.20563221027
2015-08-18,1.19008882658
2015-08-19,1.22117559397
2015-08-20,1.18065651682
2015-08-23,1.23406198899
2015-08-24,1.30061955506
2015-08-25,1.38484609576
2015-08-26,1.36173029437
2015-08-27,1.30340939316
2015-08-30,1.34127148165
2015-08-31,1.39507550212
2015-09-01,1.49245413672
2015-09-02,1.57402368875
2015-09-03,1.54891514586
2015-09-06,1.6880085025
2015-09-07,1.68176457914
2015-09-08,1.65639033738
2015-09-09,1.6069703482
2015-09-10,1.69916785489
2015-09-13,1.72587059098
2015-09-14,1.64948216685
2015-09-15,1.71457838915
2015-09-16,1.67326221541
2015-09-17,1.7566916595
2015-09-20,1.81992798974
2015-09-21,
2015-09-22,1.96433532371
2015-09-23,2.13358550171
2015-09-24,1.81195702375
2015-09-27,1.85792292766
2015-09-28,2.03873100635
2015-09-29,1.97323623574
2015-09-30,1.82882890177
2015-10-01,1.89937195084
2015-10-04,1.80465030492
2015-10-05,1.78126880466
2015-10-06,1.70036349979
2015-10-07,1.74194537241
2015-10-08,1.61122153007
2015-10-11,1.58093185928
2015-10-12,1.58279175134
2015-10-13,1.75323757424
2015-10-14,1.64469958725
2015-10-15,1.62530356999
2015-10-18,1.79561654345
2015-10-19,1.7519090799
2015-10-20,1.77117224773
2015-10-21,1.81687245278
2015-10-22,1.77117224773
2015-10-26,1.73570144905
2015-10-27,1.77329783866
2015-10-28,1.74606370484
2015-10-29,1.76439692663
2015-10-30,1.69465097416
2015-11-02,1.70355188619
2015-11-03,1.72852757965
2015-11-04,1.59155981394
2015-11-05,1.62942190242
2015-11-06,1.60883024027
2015-11-09,1.59049701847
2015-11-10,1.63407163259
2015-11-11,1.56273148692
2015-11-12,1.58598013774
2015-11-13,1.59129411507
2015-11-16,1.6892041474
2015-11-17,1.66927673241
2015-11-18,1.64629378045
2015-11-19,1.59155981394
2015-11-20,1.58372169738
2015-11-23,1.50188644648
2015-11-24,1.54081133043
2015-11-25,1.49736956575
2015-11-26,1.55476052092
2015-11-27,1.55343202659
2015-11-30,1.69026694286
2015-12-01,1.72374500005
2015-12-02,1.70248909073
2015-12-03,1.67817764444
2015-12-04,1.57668067741
2015-12-07,1.57017105518
2015-12-08,1.58146325701
2015-12-09,1.65453044531
2015-12-10,1.55914455222
2015-12-11,1.64562953328
2015-12-14,1.65213915551
2015-12-15,1.74739219917
2015-12-16,1.77595482733
2015-12-17,1.758684401
2015-12-18,1.73663139508
2015-12-21,1.87227066645
2015-12-22,1.91611097943
2015-12-23,1.88130442792
2015-12-24,1.82258497841
2015-12-25,1.78538713709
2015-12-28,1.77901036429
2015-12-29,1.70846731522
2015-12-30,1.72042376422
2015-12-31,1.84344233943
2016-01-01,1.8345414274
2016-01-04,1.8333457825
2016-01-05,1.95051898265
2016-01-06,1.93670264159
2016-01-07,1.92740318126
2016-01-08,1.95609865885
2016-01-11,1.89193238258
2016-01-12,1.96792225841
2016-01-13,1.93444420123
2016-01-14,1.91969791413
2016-01-15,1.9088042606
2016-01-18,1.90667866967
2016-01-19,1.97044639764
2016-01-20,1.97855021307
2016-01-21,2.03567546938
2016-01-22,2.10489002412
2016-01-25,2.01986638682
2016-01-26,2.01774079589
2016-01-27,1.9898424149
2016-01-28,2.04032519955
2016-01-29,1.98997526434
2016-02-01,1.89711351048
2016-02-02,1.84742782243
2016-02-03,1.88143727735
2016-02-04,1.7578873044
2016-02-05,1.74978348897
2016-02-08,1.76612396927
2016-02-09,1.75695735837
2016-02-10,1.74353956561
2016-02-11,1.80305611172
2016-02-12,1.88435996488
2016-02-15,1.85872002426
2016-02-16,1.89432367238
2016-02-17,1.98399703984
2016-02-18,1.87559190229
2016-02-19,1.93364710463
2016-02-22,1.9227534511
2016-02-23,1.82497626821
2016-02-24,1.83919115757
2016-02-25,1.84038680247
2016-02-26,1.83706556664
2016-02-29,1.85407029409
2016-03-01,1.91810372093
2016-03-02,1.79734358609
2016-03-03,1.7539018214
2016-03-04,1.63008614959
2016-03-07,1.59381825431
2016-03-08,1.6101587346
2016-03-09,1.57242949555
2016-03-10,1.47172962513
2016-03-11,1.38816733159
2016-03-14,1.33197202132
2016-03-15,1.44263559924
2016-03-16,1.58518304114
2016-03-17,1.55104073679
2016-03-18,1.39693539419
2016-03-21,1.39759964136
2016-03-22,1.38630743953
2016-03-23,1.34007583675
2016-03-24,1.47598080699
2016-03-25,1.47212817342
2016-03-27,1.48049768772
2016-03-28,1.47212817342
2016-03-29,1.41593286315
2016-03-30,1.36438728304
2016-03-31,1.35163373744
2016-04-03,1.30128380223
2016-04-04,1.39241851346
2016-04-05,1.46747844326
2016-04-06,1.41792560465
2016-04-07,1.47930204282
2016-04-10,1.35123518914
2016-04-11,1.22144129283
2016-04-12,1.21347032684
2016-04-13,1.2280837645
2016-04-14,1.20018538351
2016-04-17,1.27790230197
2016-04-18,1.38272050483
2016-04-19,1.27032988428
2016-04-20,1.26913423938
2016-04-21,1.26913423938
2016-04-24,1.31948417459
2016-04-25,1.30367509203
2016-04-26,1.26355456318
2016-04-27,1.26528160581
2016-04-28,1.2097505427
2016-05-01,1.1474441585
2016-05-02,1.23206924749
2016-05-03,1.30965331653
2016-05-04,1.29703262037
2016-05-05,1.28069214007
2016-05-08,1.23539048333
2016-05-09,1.25398940398
2016-05-10,1.19739554541
2016-05-11,1.16630877802
2016-05-12,1.20629645744
2016-05-15,1.27683950651
2016-05-16,1.22941225883
2016-05-17,1.21825290643
2016-05-18,1.31443589613
2016-05-19,1.31762428252
2016-05-22,1.31284170293
2016-05-23,1.32506385079
2016-05-24,1.32612664625
2016-05-25,1.33888019185
2016-05-26,1.34658545898
2016-05-29,1.3813920105
2016-05-30,1.32625949569
2016-05-31,1.34724970615
2016-06-01,1.35761196194
2016-06-02,1.34313137371
2016-06-05,1.26926708881
2016-06-06,1.2161273155
2016-06-07,1.1502339966
2016-06-08,1.04740853524
2016-06-09,1.09842271762
2016-06-12,1.12485975484
2016-06-13,1.20656215631
2016-06-14,1.20363946877
2016-06-15,1.19593420164
2016-06-16,1.18517339755
2016-06-19,1.12087427184
2016-06-20,1.09284304142
2016-06-21,1.11994432581
2016-06-22,1.06972724003
2016-06-23,1.02017440142
2016-06-26,1.06095917743
2016-06-27,1.08965465502
2016-06-28,0.974341346938
2016-06-29,0.888122064742
2016-06-30,0.846008794393
2016-07-03,0.878822604412
2016-07-04,0.955742426279
2016-07-05,0.969824466207
2016-07-06,1.00688945809
2016-07-07,1.05219111484
2016-07-10,0.967964574141
2016-07-11,0.980585270302
2016-07-12,0.962384897943
2016-07-13,0.920005928728
2016-07-14,0.902469803536
2016-07-17,0.939933343719
2016-07-18,0.903798297868
2016-07-19,0.901805556369
2016-07-20,0.908182329166
2016-07-21,0.929305389057
2016-07-24,0.906588135967
2016-07-25,0.94724006255
2016-07-26,0.931165281123
2016-07-27,0.91602044573
2016-07-28,0.946974363683
2016-07-31,0.899547116003
2016-08-01,0.915754746863
2016-08-02,0.9083151786
2016-08-03,0.884136581743
2016-08-04,0.820767402071
2016-08-07,0.785960850552
2016-08-08,0.796455955781
2016-08-09,0.762313651429
2016-08-10,0.738135054573
2016-08-11,0.757132523531
2016-08-14,0.825549981668
2016-08-15,0.817977563972
2016-08-16,0.839764871029
2016-08-17,0.844547450627
2016-08-18,0.888520613042
2016-08-21,0.844148902327
2016-08-22,0.836443635197
2016-08-23,0.885332226643
2016-08-24,0.869124595783
2016-08-25,0.875767067447
2016-08-28,0.92332716456
2016-08-29,0.874837121414
2016-08-30,0.887059269275
2016-08-31,0.872711530482
2016-09-01,0.908846576333
2016-09-04,0.912699209898
2016-09-05,0.927445496991
2016-09-06,0.833255248799
2016-09-07,0.825815680535
2016-09-08,0.857965243388
2016-09-11,0.933423721489
2016-09-12,0.900477062036
2016-09-13,0.989751881198
2016-09-14,1.02880961458
2016-09-15,0.97075441224
2016-09-18,0.925187056626
2016-09-19,0.932759474323
2016-09-20,0.912699209898
2016-09-21,0.850924223424
2016-09-22,0.860755081487
2016-09-25,0.895561633005
2016-09-26,0.89210754774
2016-09-27,0.881479593078
2016-09-28,0.861817876953
2016-09-29,0.916950391763
2016-10-02,0.917614638929
2016-10-03,0.849728578525
2016-10-04,0.910573618965
2016-10-05,0.862747822986
2016-10-06,0.874305723681
2016-10-09,0.863810618452
2016-10-10,0.841757612528
2016-10-11,0.832723851065
2016-10-12,0.839100623863
2016-10-13,0.808013856476
2016-10-16,0.840827666495
2016-10-17,0.843750354027
2016-10-18,0.81385923154
2016-10-19,0.793134719949
2016-10-20,0.757265372964
2016-10-23,0.770284617425
2016-10-24,0.737869355706
2016-10-25,0.719137585614
2016-10-26,0.756866824665
2016-10-27,0.792071924483
2016-10-31,0.842289010261
2016-11-01,0.835779388031
2016-11-02,0.88480082891
2016-11-03,0.908049479733
2016-11-04,0.915754746863
2016-11-07,0.881081044778
2016-11-08,0.839366322729
2016-11-09,0.795791708615
2016-11-10,0.882010990811
2016-11-11,1.09802416932
2016-11-14,1.09058460105
2016-11-15,1.15740786599
2016-11-16,1.15926775806
2016-11-17,1.17122420705
2016-11-18,1.14691276076
2016-11-21,1.08035519469
2016-11-22,1.08713051579
2016-11-23,1.05551235067
2016-11-24,1.14518571813
2016-11-25,1.09151454709
2016-11-28,1.13176792537
2016-11-29,1.11343470358
2016-11-30,1.17534253949
2016-12-01,1.11223905868
2016-12-02,1.33369906395
2016-12-05,1.20310807104
2016-12-06,1.13043943104
2016-12-07,1.11223905868
2016-12-08,1.07942524866
2016-12-09,1.06893014343
2016-12-12,1.07331417473
2016-12-13,1.02057294972
2016-12-14,1.01645461729
2016-12-15,1.06268622007
2016-12-16,1.05830218877
2016-12-19,1.09111599879
2016-12-20,1.05591089897
2016-12-21,1.04156316018
2016-12-22,1.00476386716
2016-12-23,0.952819738747
2016-12-26,0.930501033957
2016-12-27,0.93063388339
2016-12-28,0.930368184524
2016-12-29,0.947771460283
2016-12-30,0.907650931433
2017-01-02,0.908846576333
2017-01-03,0.949764201782
2017-01-04,0.92253006796
2017-01-05,0.856902447922
2017-01-06,0.835115140864
2017-01-09,0.867663252017
2017-01-10,0.832192453332
2017-01-11,0.830863959
2017-01-12,0.833255248799
2017-01-13,0.820634552637
2017-01-16,0.820634552637
2017-01-17,0.891974698307
2017-01-18,0.851189922291
2017-01-19,0.87749411008
2017-01-20,0.831395356733
2017-01-23,0.761516554829
2017-01-24,0.787289344885
2017-01-25,0.796588805214
2017-01-26,0.796323106348
2017-01-27,0.806419663277
2017-01-30,0.718074790148
2017-01-31,0.739197850039
2017-02-01,0.771878810625
2017-02-02,0.742519085871
2017-02-03,0.735212367041
2017-02-06,0.731226884042
2017-02-07,0.723521616912
2017-02-08,0.72750709991
2017-02-09,0.726444304444
2017-02-10,0.743581881337
2017-02-13,0.714753554316
2017-02-14,0.718739037314
2017-02-15,0.680345551097
2017-02-16,0.647000343345
2017-02-17,0.688715065394
2017-02-20,0.699343020056
2017-02-21,0.686058076728
2017-02-22,0.697217429123
2017-02-23,0.655237008208
2017-02-24,0.652580019543
2017-02-27,0.698147375156
2017-02-28,0.712362264517
2017-03-01,0.715949199215
2017-03-02,0.689645011427
2017-03-03,0.777857035122
2017-03-06,0.731891131209
2017-03-07,0.754741233732
2017-03-08,0.726444304444
2017-03-09,0.784100958486
2017-03-10,0.826612777135
2017-03-13,0.76842472536
2017-03-14,0.77493434759
2017-03-15,0.78994633355
2017-03-16,0.70518839512
2017-03-17,0.730961185176
2017-03-20,0.687519420494
2017-03-21,0.666794908903
2017-03-22,0.687785119361
2017-03-23,0.685128130695
2017-03-24,0.755936878632
2017-03-26,0.718207639581
2017-03-27,0.738799301739
2017-03-28,0.756335426931
2017-03-29,0.734680969307
2017-03-30,0.768690424226
2017-04-02,0.734282421008
2017-04-03,0.722591670879
2017-04-04,0.699475869489
2017-04-05,0.731359733475
2017-04-06,0.760453759363
2017-04-09,0.764704941228
2017-04-10,0.747567364335
2017-04-11,0.754209835999
2017-04-12,0.736540861373
2017-04-13,0.761649404263
2017-04-16,0.763376446895
2017-04-17,0.745574622836
2017-04-18,0.713956457716
2017-04-19,0.769487520826
2017-04-20,0.767893327627
2017-04-23,0.767494779327
2017-04-24,0.741190591538
2017-04-25,0.76802617706
2017-04-26,0.799777191613
2017-04-27,0.81306213494
2017-04-30,0.806419663277
2017-05-01,0.805091168944
2017-05-02,0.772011660058
2017-05-03,0.787820742618
2017-05-04,0.818110413405
2017-05-07,0.808545254209
2017-05-08,0.833388098232
2017-05-09,0.820634552637
2017-05-10,0.792603322216
2017-05-11,0.757132523531
2017-05-14,0.808545254209
2017-05-15,0.716214898082
2017-05-16,0.699741568356
2017-05-17,0.749692955268
2017-05-18,1.06268622007
2017-05-21,0.908979425766
2017-05-22,0.925054207193
2017-05-23,0.929305389057
2017-05-24,0.936744957321
2017-05-25,0.935815011288
2017-05-28,0.808545254209
2017-05-29,0.911769263865
2017-05-30,0.912832059331
2017-05-31,0.871515885582
2017-06-01,0.903266900135
2017-06-04,0.903532599002
2017-06-05,0.965838983208
2017-06-06,0.93913624712
2017-06-07,0.927578346425
2017-06-08,0.917348940062
2017-06-11,0.808545254209
2017-06-12,0.993205966463
2017-06-13,0.990150429498
2017-06-14,0.934619366388
2017-06-15,0.935947860721
2017-06-18,0.955875275713
2017-06-19,0.945911568217
2017-06-20,1.00489671659
2017-06-21,1.01539182182
2017-06-22,1.02376133612
2017-06-25,1.02615262592
2017-06-26,0.964111940576
2017-06-27,0.986962043099
2017-06-28,0.943785977284
2017-06-29,0.974607045805
2017-07-02,0.808545254209
2017-07-03,0.971684358273
2017-07-04,0.983242258968
2017-07-05,0.95374968478
2017-07-06,0.967433176408
2017-07-09,0.808545254209
2017-07-10,
2017-07-11,0.9087137269
2017-07-12,0.847204439293
2017-07-13,0.851455621157
2017-07-16,0.808545254209
2017-07-17,0.813194984374
2017-07-18,0.77533289589
2017-07-19,0.768690424226
2017-07-20,0.729765540276
2017-07-23,0.808545254209
2017-07-24,0.764306392928
2017-07-25,0.799910041046
2017-07-26,0.755139782032
2017-07-27,0.775200046457
2017-07-30,0.808545254209
2017-07-31,0.739596398339
2017-08-01,0.73561091534
2017-08-02,0.721528875413
2017-08-03,0.72059892938
2017-08-06,0.744246128503
2017-08-07,0.737470807406
2017-08-08,0.739729247772
2017-08-09,0.774801498157
2017-08-10,0.803098427445
2017-08-13,0.808545254209
2017-08-14,0.82116595037
2017-08-15,0.795127461448
2017-08-16,0.773605853257
2017-08-17,0.802699879145
2017-08-20,0.808545254209
2017-08-21,0.789016387517
2017-08-22,0.785695151686
2017-08-23,0.757531071831
2017-08-24,0.767096231027
2017-08-27,0.783303861887
2017-08-28,0.792736171649
2017-08-29,0.790610580717
2017-08-30,0.78343671132
2017-08-31,0.76643198386
2017-09-03,0.808545254209
2017-09-04,0.757663921264
2017-09-05,0.726311455011
2017-09-06,0.702531406455
2017-09-07,0.702132858155
2017-09-10,0.808545254209
2017-09-11,0.704922696253
2017-09-12,0.734415270441
2017-09-13,0.747301665469
2017-09-14,0.729366991976
2017-09-17,0.718207639581
2017-09-18,0.751685696767
2017-09-19,0.748895858668
2017-09-20,0.745973171136
2017-09-21,0.751154299034
2017-09-24,0.736540861373
2017-09-25,0.781443969821
2017-09-26,0.790212032417
2017-09-27,0.827409873734
2017-09-28,0.812796436074
2017-10-01,0.789547785251
2017-10-02,0.775598594757
2017-10-03,0.75952381333
2017-10-04,0.749427256401
2017-10-05,0.77493434759
2017-10-08,0.779052680022
2017-10-09,0.820634552637
2017-10-10,0.808678103642
2017-10-11,0.797917299547
2017-10-12,0.796987353514
2017-10-15,0.766697682727
2017-10-16,0.798714396147
2017-10-17,0.779849776621
2017-10-18,0.79844869728
2017-10-19,0.79154052675
2017-10-22,0.826081379402
2017-10-23,0.883870882877
2017-10-24,0.894764536405
2017-10-25,0.879619701012
2017-10-26,0.953085437614
2017-10-30,0.88440228061
2017-10-31,0.95414823308
2017-11-01,0.93063388339
2017-11-02,0.926117002659
2017-11-03,0.923991411726
2017-11-06,0.961189253044
2017-11-07,0.901805556369
2017-11-08,0.931298130557
2017-11-09,0.906322437101
2017-11-10,0.902868351835
2017-11-13,0.939667644853
2017-11-14,0.939003397687
2017-11-15,0.986829193666
2017-11-16,
2017-11-17,
2017-11-20,0.910573618965
2017-11-21,0.909909371799
2017-11-22,0.914293403097
2017-11-23,0.86859319805
2017-11-24,0.865139112785
2017-11-27,0.881878141378
2017-11-28,0.873242928215
2017-11-29,0.851057072858
2017-11-30,0.897687223938
2017-12-01,0.932759474323
2017-12-04,0.91442625253
2017-12-05,0.894764536405
2017-12-06,0.89170899944
2017-12-07,0.883738033444
2017-12-08,0.954015383647
2017-12-11,0.954812480246
2017-12-12,0.975404142404
2017-12-13,0.975138443538
2017-12-14,0.982445162368
2017-12-15,1.02469128215
2017-12-18,0.960392156444
2017-12-19,0.958399414945
2017-12-20,0.955742426279
2017-12-21,0.966370380941
2017-12-22,0.980053872569
2017-12-25,1.02150289575
2017-12-26,1.01818165992
2017-12-27,0.983906506134
2017-12-28,0.988689085732
2017-12-29,0.9857663982
2018-01-01,0.981116668035
2018-01-02,0.985633548767
2018-01-03,0.914957650264
2018-01-04,0.885332226643
2018-01-05,0.882143840244
2018-01-08,0.873508627081
2018-01-09,0.889981956808
2018-01-10,0.900344212603
2018-01-11,0.873242928215
2018-01-12,0.857035297355
2018-01-15,0.839100623863
2018-01-16,0.855706803022
2018-01-17,0.868327499183
2018-01-18,0.867663252017
2018-01-19,0.844945998927
2018-01-22,0.831129657866
2018-01-23,0.839100623863
2018-01-24,0.885332226643
2018-01-25,0.765236338961
2018-01-26,0.76762762876
2018-01-29,0.773074455524
2018-01-30,0.776528540789
2018-01-31,0.810936544008
2018-02-01,0.817844714538
2018-02-02,0.78994633355
2018-02-05,0.858629490554
2018-02-06,0.919341681562
2018-02-07,0.882542388544
2018-02-08,0.93103243169
2018-02-09,0.950561298382
2018-02-12,0.958797963245
2018-02-13,0.96304914511
2018-02-14,0.963314843976
2018-02-15,0.859692286021
2018-02-16,0.873242928215
2018-02-19,0.875634218014
2018-02-20,0.882143840244
2018-02-21,0.910307920099
2018-02-22,0.927976894725
2018-02-23,0.902868351835
2018-02-26,0.887590667009
2018-02-27,0.868061800317
2018-02-28,0.902602652969
2018-03-01,0.897687223938
2018-03-02,0.904595394468
2018-03-05,0.904063996735
2018-03-06,0.892638945473
2018-03-07,0.848798632492
2018-03-08,0.895163084705
2018-03-09,0.925984153225
2018-03-12,0.912699209898
2018-03-13,0.918278886095
2018-03-14,0.916153295163
2018-03-15,0.915887596296
2018-03-16,0.94724006255
2018-03-19,0.944583073884
2018-03-20,0.949897051215
2018-03-21,0.982578011801
2018-03-22,0.934752215822
2018-03-23,0.989751881198
2018-03-25,0.990283278931
2018-03-26,0.984703602734
2018-03-27,1.00144263133
2018-03-28,0.996660051729
2018-03-29,0.975669841271
2018-04-01,0.973677099772
2018-04-02,0.983507957834
2018-04-03,1.02336278782
2018-04-04,1.00781940412
2018-04-05,1.02628547535
2018-04-08,1.06069347857
2018-04-09,1.13176792537
2018-04-10,1.11356755301
2018-04-11,1.06813304683
2018-04-12,1.11848298204
2018-04-15,1.13615195667
2018-04-16,1.12525830314
2018-04-17,1.11157481151
2018-04-18,1.07344702416
2018-04-19,1.08088659243
2018-04-22,1.12206991674
2018-04-23,1.16883291725
2018-04-24,1.19885688918
2018-04-25,1.2113447359
2018-04-26,1.20244382387
2018-04-29,1.18105506512
2018-04-30,1.24442424479
2018-05-01,1.24482279309
2018-05-02,1.30261229656
2018-05-03,1.27205692691
2018-05-06,1.27059558314
2018-05-07,1.30208089883
2018-05-08,1.31895277686
2018-05-09,1.35668201591
2018-05-10,1.30247944713
2018-05-13,1.3734210445
2018-05-14,1.39826388852
2018-05-15,1.43426608494
2018-05-16,1.46840838929
2018-05-17,1.49590822198
2018-05-20,1.55343202659
2018-05-21,1.47013543193
2018-05-22,1.43067915024
2018-05-23,1.40357786585
2018-05-24,1.43346898834
2018-05-27,1.40437496245
2018-05-28,1.54785235039
2018-05-29,1.53443455763
2018-05-30,1.53177756897
2018-05-31,1.53164471953
2018-06-03,1.58425309511
2018-06-04,1.56153584202
2018-06-05,1.64097980312
2018-06-06,1.69292393153
2018-06-07,1.7690466568
2018-06-10,1.50892746644
2018-06-11,1.51410859434
2018-06-12,1.5223452592
2018-06-13,1.52739353767
2018-06-14,1.64058125482
2018-06-17,1.54054563156
2018-06-18,1.56379428239
2018-06-19,1.56220008919
2018-06-20,1.59421680261
2018-06-21,1.58890282527
2018-06-24,1.61706690513
2018-06-25,1.6021877686
2018-06-26,1.62968760129
2018-06-27,1.71510978689
2018-06-28,1.71431269029
2018-07-01,1.73570144905
2018-07-02,1.78485573936
2018-07-03,1.76320128173
2018-07-04,1.78273014843
2018-07-05,1.80969858338
2018-07-08,1.72281505402
2018-07-09,1.72998892341
2018-07-10,1.65532754191
2018-07-11,1.73636569621
2018-07-12,1.74247677014
2018-07-15,1.70089489753
2018-07-16,1.70966296012
2018-07-17,1.68296022403
2018-07-18,1.70062919866
2018-07-19,1.67312936597
2018-07-22,1.59647524297
2018-07-23,1.60922878857
2018-07-24,1.56366143295
2018-07-25,1.48435032129
2018-07-26,1.56127014315
2018-07-29,1.51716413131
2018-07-30,1.53974853496
2018-07-31,1.57282804385
2018-08-01,1.56485707785
2018-08-02,1.56671696992
2018-08-05,1.50547338118
2018-08-06,1.54825089869
2018-08-07,1.56950680802
2018-08-08,1.59554529694
2018-08-09,1.63473587976
2018-08-12,1.72215080685
2018-08-13,1.74420381277
2018-08-14,1.72082231252
2018-08-15,1.76891380736
2018-08-16,1.77329783866
2018-08-19,1.78113595523
2018-08-20,1.85579733673
2018-08-21,1.96539811918
2018-08-22,1.94998758492
2018-08-23,2.05015605761
2018-08-26,2.03753536145
2018-08-27,2.00392445483
2018-08-28,2.0788515352
2018-08-29,2.04112229615
2018-08-30,2.09838040189
2018-09-02,1.97230628971
2018-09-03,2.10661706675
2018-09-04,2.10515572299
2018-09-05,2.07380325673
