Date,mdm_14
2010-01-04,-1.32653531776
2010-01-05,-1.23325609415
2010-01-06,-1.2688890743
2010-01-07,-1.28652468631
2010-01-08,-1.29696339884
2010-01-11,-0.542352305526
2010-01-12,-0.707596292836
2010-01-13,-0.82865165213
2010-01-14,-0.920323608445
2010-01-15,-0.99150150743
2010-01-18,-1.04784702346
2010-01-19,-0.767717793685
2010-01-20,-0.855959315707
2010-01-21,-0.928484579068
2010-01-22,-0.988582978109
2010-01-25,-1.03872272796
2010-01-26,-1.08079128312
2010-01-27,-0.440306790143
2010-01-28,-0.566813211521
2010-01-29,-0.674249859133
2010-02-01,-0.765753706663
2010-02-02,-0.564917100498
2010-02-03,-4.08145058424e-05
2010-02-04,-0.182799641889
2010-02-05,-0.339681785513
2010-02-08,-0.474528085616
2010-02-09,-0.291769351118
2010-02-10,0.0855598355906
2010-02-11,-0.105735403809
2010-02-12,-0.27076359267
2010-02-15,-0.413220086325
2010-02-16,-0.372059894364
2010-02-17,-0.226398608028
2010-02-18,-0.0630493623796
2010-02-19,-0.0690410489634
2010-02-22,0.36244671589
2010-02-23,0.136113379106
2010-02-24,-0.0597582736127
2010-02-25,-0.229300893726
2010-02-26,-0.376078266396
2010-03-01,0.0905272137467
2010-03-02,0.285129680365
2010-03-03,0.0697831062165
2010-03-04,-0.0655665568827
2010-03-05,-0.189783408845
2010-03-08,-0.0951279881694
2010-03-09,-0.25951283359
2010-03-10,-0.11375053895
2010-03-11,-0.12455986086
2010-03-12,-0.18504098785
2010-03-15,-0.323404177877
2010-03-16,-0.457233494802
2010-03-17,-0.573199355519
2010-03-18,-0.67368842276
2010-03-19,-0.760767924616
2010-03-22,-0.836228548132
2010-03-23,-0.681004724848
2010-03-24,-0.530233139959
2010-03-25,-0.636429639856
2010-03-26,-0.728460911741
2010-03-28,-0.808217070398
2010-03-29,-0.241123801006
2010-03-30,-0.251192818795
2010-03-31,-0.187941311997
2010-04-01,-0.051861011611
2010-04-04,-0.221831032302
2010-04-05,-0.369135036644
2010-04-06,-0.496795993242
2010-04-07,-0.607433600847
2010-04-08,-0.703318109287
2010-04-11,-0.428874221555
2010-04-12,-0.307110197608
2010-04-13,-0.331596679246
2010-04-14,-0.359783143671
2010-04-15,-0.488686246553
2010-04-18,-0.600401568913
2010-04-19,-0.581138274739
2010-04-20,-0.620163079482
2010-04-21,-0.714347204145
2010-04-22,-0.795973156915
2010-04-25,-0.664732952538
2010-04-26,-0.752973975101
2010-04-27,-0.829449351973
2010-04-28,-0.45461814027
2010-04-29,-0.0345782229381
2010-05-02,-0.206839947791
2010-05-03,-0.356133248809
2010-05-04,-0.485520630752
2010-05-05,-0.597656252403
2010-05-06,-0.694840375687
2010-05-09,-0.0872233875081
2010-05-10,0.987280148464
2010-05-11,0.678770907348
2010-05-12,0.715528523303
2010-05-13,0.443253004903
2010-05-16,0.207280973477
2010-05-17,0.00277194305887
2010-05-18,-0.174469168953
2010-05-19,-0.328078096881
2010-05-20,-0.461205807516
2010-05-23,0.166334450388
2010-05-24,-0.0327149432057
2010-05-25,0.386787979237
2010-05-26,0.158344794376
2010-05-27,1.16063667027
2010-05-30,1.56032295493
2010-05-31,1.17540843237
2010-06-01,1.1645205865
2010-06-02,1.54047281329
2010-06-03,1.15820500676
2010-06-06,0.82690625496
2010-06-07,0.53978068049
2010-06-08,0.887593952047
2010-06-09,0.673633266598
2010-06-10,1.51667674105
2010-06-13,1.13758177646
2010-06-14,0.809032812971
2010-06-15,1.13719709604
2010-06-16,0.808699427656
2010-06-17,0.628474185764
2010-06-20,0.588359792798
2010-06-21,0.33304043804
2010-06-22,0.11176366558
2010-06-23,-0.0614366057477
2010-06-24,-0.114035623307
2010-06-27,-0.164264670836
2010-06-28,-0.319234092409
2010-06-29,-0.453540923945
2010-06-30,-0.569940177573
2010-07-01,0.536420920309
2010-07-04,0.731455456971
2010-07-05,0.45705668529
2010-07-06,0.219244416927
2010-07-07,0.326558644139
2010-07-08,0.152578439819
2010-07-11,0.0714440834606
2010-07-12,-0.114953170606
2010-07-13,-0.0675519958786
2010-07-14,-0.235416439182
2010-07-15,-0.380898956615
2010-07-18,-0.506983804985
2010-07-19,-0.616257340185
2010-07-20,-0.276818834687
2010-07-21,-0.416781032587
2010-07-22,-0.00410987015979
2010-07-25,-0.180433263322
2010-07-26,-0.333246870692
2010-07-27,-0.465685330384
2010-07-28,-0.580465328764
2010-07-29,-0.405990611827
2010-08-01,-0.435865256679
2010-08-02,-0.554621264866
2010-08-03,-0.657543138616
2010-08-04,-0.598158656965
2010-08-05,-0.695275545094
2010-08-08,-0.779443514799
2010-08-09,-0.62951393022
2010-08-10,-0.722450115239
2010-08-11,-0.802994808919
2010-08-12,-0.745111317326
2010-08-15,-0.822634517391
2010-08-16,-0.476573601431
2010-08-17,-0.564364051728
2010-08-18,-0.665986887205
2010-08-19,-0.754060011284
2010-08-22,-0.830390052151
2010-08-23,-0.896542754235
2010-08-24,-0.95387509604
2010-08-25,-0.824798675727
2010-08-26,-0.861515883648
2010-08-29,-0.630994829614
2010-08-30,-0.723733561368
2010-08-31,-0.715885712067
2010-09-01,-0.558179187585
2010-09-02,-0.21255473881
2010-09-05,-0.361085482671
2010-09-06,-0.362123234584
2010-09-07,-0.490711512342
2010-09-08,-0.502325188417
2010-09-09,-0.554179466527
2010-09-12,-0.624657619443
2010-09-13,-0.441968980931
2010-09-14,-0.559911159175
2010-09-15,-0.662127713653
2010-09-16,-0.462834981421
2010-09-19,-0.577995026266
2010-09-20,-0.677800398465
2010-09-21,-0.2721157465
2010-09-22,-0.412705022668
2010-09-23,-0.534549062013
2010-09-26,-0.35691004913
2010-09-27,-0.469942104656
2010-09-28,-0.54004382466
2010-09-29,-0.470788139666
2010-09-30,-0.285399269472
2010-10-03,-0.424217409243
2010-10-04,-0.544526463712
2010-10-05,0.149841672922
2010-10-06,-0.0470085925022
2010-10-07,-0.21761215587
2010-10-10,-0.0218693751051
2010-10-11,-0.195824834126
2010-10-12,-0.0238815756823
2010-10-13,-0.109347324473
2010-10-14,-0.271639056911
2010-10-17,-0.412291891691
2010-10-18,-0.534191015166
2010-10-19,-0.639836922178
2010-10-20,-0.731396708256
2010-10-21,-0.810748522856
2010-10-24,-0.87952009551
2010-10-25,-0.704638885701
2010-10-26,-0.787558409976
2010-10-27,-0.85942199768
2010-10-28,-0.55488840902
2010-11-01,-0.581161327859
2010-11-02,-0.680544526512
2010-11-03,-0.766676632012
2010-11-04,-0.513976568053
2010-11-05,-0.160316104494
2010-11-08,-0.315811999596
2010-11-09,-0.450575108684
2010-11-10,-0.567369803227
2010-11-11,-0.668591871831
2010-11-12,-0.756317664621
2010-11-15,-0.83234668504
2010-11-16,-0.898238502735
2010-11-17,-0.955344744738
2010-11-18,-0.644986305167
2010-11-19,-0.413154850585
2010-11-22,-0.534938912875
2010-11-23,-0.640485100192
2010-11-24,-0.731958462534
2010-11-25,-0.497817185232
2010-11-26,-0.608312936235
2010-11-29,-0.704075920438
2010-11-30,-0.587411510788
2010-12-01,-0.583810237505
2010-12-02,-0.483181252245
2010-12-03,-0.379718151396
2010-12-06,-0.243617806018
2010-12-07,-0.160488416838
2010-12-08,-0.315961336961
2010-12-09,-0.4507045344
2010-12-10,-0.567481972181
2010-12-13,-0.606005446658
2010-12-14,-0.395622753502
2010-12-15,-0.519744428736
2010-12-16,-0.627316547272
2010-12-17,-0.569640661585
2010-12-20,-0.670559949074
2010-12-21,-0.583902114159
2010-12-22,-0.385752996931
2010-12-23,-0.511190639708
2010-12-24,-0.508465684307
2010-12-27,-0.617541635434
2010-12-28,-0.586706849878
2010-12-29,-0.685350645595
2010-12-30,-0.457423743884
2010-12-31,-0.450259626766
2011-01-03,-0.567096385565
2011-01-04,-0.396725810703
2011-01-05,-0.520700411644
2011-01-06,-0.628145065792
2011-01-07,-0.721263766054
2011-01-10,-0.801966639615
2011-01-11,-0.871909130034
2011-01-12,-0.832696457084
2011-01-13,-0.659415166601
2011-01-14,-0.748364520089
2011-01-17,-0.825453959778
2011-01-18,-0.764575914744
2011-01-19,-0.68859878006
2011-01-20,-0.713294963052
2011-01-21,-0.795060343679
2011-01-24,-0.865923673556
2011-01-25,-0.799649666685
2011-01-26,-0.869901086828
2011-01-27,-0.823991304276
2011-01-28,-0.89099717274
2011-01-31,-0.949068925409
2011-02-01,-0.595436553338
2011-02-02,-0.586122041918
2011-02-03,-0.68484381203
2011-02-04,-0.77040267946
2011-02-07,-0.8445536979
2011-02-08,-0.908817913881
2011-02-09,-0.64180891147
2011-02-10,-0.733105765642
2011-02-11,-0.812229705924
2011-02-14,-0.757758127201
2011-02-15,-0.833595085942
2011-02-16,-0.899320450184
2011-02-17,-0.956282432527
2011-02-18,-0.801347255467
2011-02-21,-0.871372330439
2011-02-22,-0.932060728748
2011-02-23,-0.882506226404
2011-02-24,-0.941710105251
2011-02-25,-0.993020133586
2011-02-28,-1.01195104626
2011-03-01,-1.05389561579
2011-03-02,-1.09024757605
2011-03-03,-0.977812401889
2011-03-04,-0.787503934999
2011-03-07,-0.859374786033
2011-03-08,-0.92166285693
2011-03-09,-0.766700390819
2011-03-10,-0.841345047744
2011-03-11,-0.906037083746
2011-03-14,-0.962103514947
2011-03-15,-1.01069442199
2011-03-16,-1.05280654142
2011-03-17,-1.0893037116
2011-03-18,-1.12093459242
2011-03-21,-0.957975491436
2011-03-22,-1.00711680161
2011-03-23,-0.938268357958
2011-03-24,-0.927353647665
2011-03-25,-0.936467161934
2011-03-27,-0.988476249377
2011-03-28,-1.03355079183
2011-03-29,-0.369165676961
2011-03-30,-0.394663848189
2011-03-31,0.0173799721484
2011-04-03,-0.161808733172
2011-04-04,-0.317105611117
2011-04-05,-0.324007345904
2011-04-06,-0.253375513727
2011-04-07,0.142151478247
2011-04-10,-0.00724110324486
2011-04-11,-0.183146998513
2011-04-12,-0.335598774413
2011-04-13,-0.467723646859
2011-04-14,-0.582231869645
2011-04-17,-0.681472329393
2011-04-18,-0.767480727842
2011-04-19,-0.438060115447
2011-04-20,-0.544915394594
2011-04-21,-0.64913138435
2011-04-24,-0.739451908804
2011-04-25,-0.817729696665
2011-04-26,-0.732343774826
2011-04-27,-0.811569313883
2011-04-28,-0.880231447733
2011-05-01,-0.939738630403
2011-05-02,-0.99131152205
2011-05-03,-1.03600802814
2011-05-04,-1.07474500009
2011-05-05,-0.880798651703
2011-05-08,-0.940230207177
2011-05-09,-0.991737555255
2011-05-10,-1.03637725692
2011-05-11,-1.07506499837
2011-05-12,-1.10859437429
2011-05-15,-1.13765316675
2011-05-16,-1.16283745355
2011-05-17,-0.803918773381
2011-05-18,-0.722695924212
2011-05-19,-0.803207843351
2011-05-22,-0.872984839939
2011-05-23,-0.933458236981
2011-05-24,-0.985868514418
2011-05-25,-0.991823278918
2011-05-26,-0.502479817382
2011-05-29,-0.500916304958
2011-05-30,-0.306867113594
2011-05-31,-0.305847516456
2011-06-01,-0.441939223296
2011-06-02,0.275896474329
2011-06-05,0.0622389020504
2011-06-06,0.313532857709
2011-06-07,0.0948571009803
2011-06-08,-0.0946618881848
2011-06-09,-0.258911678795
2011-06-12,-0.401261497323
2011-06-13,-0.413193760907
2011-06-14,-0.534972635154
2011-06-15,-0.640514326168
2011-06-16,-0.60661651518
2011-06-19,-0.702605688857
2011-06-20,-0.600067007477
2011-06-21,-0.696929448847
2011-06-22,-0.780876898035
2011-06-23,-0.853631353998
2011-06-26,-0.916685215833
2011-06-27,-0.643984007365
2011-06-28,-0.463361749596
2011-06-29,-0.355576400403
2011-06-30,-0.350383847922
2011-07-03,-0.480537377234
2011-07-04,-0.593337102637
2011-07-05,-0.691096864653
2011-07-06,-0.597057541863
2011-07-07,-0.617707909656
2011-07-10,-0.712218230736
2011-07-11,-0.794127175673
2011-07-12,-0.693315326776
2011-07-13,-0.777744658907
2011-07-14,-0.850916746754
2011-07-17,-0.914332556221
2011-07-18,-0.834639182964
2011-07-19,-0.853793009628
2011-07-20,-0.663769148081
2011-07-21,-0.68016786751
2011-07-24,-0.494721095055
2011-07-25,-0.352573488784
2011-07-26,-0.48243506598
2011-07-27,-0.594981766217
2011-07-28,-0.59733597424
2011-07-31,-0.613305985253
2011-08-01,-0.708403229587
2011-08-02,-0.790820841343
2011-08-03,-0.862249438198
2011-08-04,-0.924154222139
2011-08-07,-0.977805034889
2011-08-08,-1.02430240594
2011-08-09,-0.530628394133
2011-08-10,-0.636749317283
2011-08-11,-0.40369451152
2011-08-14,-0.190105598698
2011-08-15,0.0716181280728
2011-08-16,-0.114802331371
2011-08-17,-0.276366729556
2011-08-18,-0.416389207983
2011-08-21,-0.53774202262
2011-08-22,-0.642914461971
2011-08-23,-0.724777444481
2011-08-24,-0.805011827585
2011-08-25,-0.874548292941
2011-08-28,-0.749083931016
2011-08-29,-0.593915826039
2011-08-30,-0.691598424935
2011-08-31,-0.776256677311
2011-09-01,-0.849627162704
2011-09-04,-0.913214916711
2011-09-05,-0.968324303517
2011-09-06,-1.01608577208
2011-09-07,-1.00640348773
2011-09-08,-1.04908773174
2011-09-11,-1.08608074321
2011-09-12,-1.11814135315
2011-09-13,-1.14592721509
2011-09-14,-0.963384450793
2011-09-15,-1.01180456639
2011-09-18,-1.05376866657
2011-09-19,-1.0901375534
2011-09-20,-1.12165725531
2011-09-21,-1.1489743303
2011-09-22,-1.17264912863
2011-09-25,-0.146118366508
2011-09-26,0.121348477132
2011-09-27,-0.0717026955204
2011-09-28,-0.239013711819
2011-09-29,-0.384016592611
2011-10-02,-0.509685755964
2011-10-03,-0.618599030869
2011-10-04,0.310842222565
2011-10-05,0.777402005655
2011-10-06,1.59732312321
2011-10-09,1.606793323
2011-10-10,1.21568283757
2011-10-11,0.876720416858
2011-10-12,0.95441158271
2011-10-13,1.05192493747
2011-10-16,0.734796903436
2011-10-17,0.459952607277
2011-10-18,0.474810386571
2011-10-19,0.234630959327
2011-10-20,0.0612996991969
2011-10-23,0.194316454066
2011-10-24,0.284059863067
2011-10-25,0.0693138389567
2011-10-26,0.561112557832
2011-10-27,1.04305690376
2011-10-31,1.13571573107
2011-11-01,0.807415591229
2011-11-02,0.522888803364
2011-11-03,0.510782159989
2011-11-04,0.26580649629
2011-11-07,0.0534942544167
2011-11-08,0.018073750314
2011-11-09,-0.161207458762
2011-11-10,-0.316584506628
2011-11-11,-0.23069107273
2011-11-14,-0.304833535539
2011-11-15,-0.441060439835
2011-11-16,-0.559123756891
2011-11-17,-0.66144529834
2011-11-18,-0.750123967596
2011-11-21,-0.826978814284
2011-11-22,-0.893586348081
2011-11-23,-0.951312877371
2011-11-24,-1.00134253609
2011-11-25,-1.04470157364
2011-11-28,-0.483302418314
2011-11-29,-0.201058712117
2011-11-30,0.482337967785
2011-12-01,0.508140729736
2011-12-02,0.665156864889
2011-12-05,0.399597907203
2011-12-06,0.169446810541
2011-12-07,-0.0300174732318
2011-12-08,-0.202886519169
2011-12-09,-0.35270635898
2011-12-12,-0.482550220151
2011-12-13,-0.595081566498
2011-12-14,-0.692608733333
2011-12-15,-0.579794898195
2011-12-16,-0.37987179353
2011-12-19,-0.506093596761
2011-12-20,-0.508691479551
2011-12-21,-0.617737324645
2011-12-22,-0.712243723727
2011-12-23,-0.425012288695
2011-12-26,-0.545215359237
2011-12-27,-0.161851944967
2011-12-28,-0.317143061339
2011-12-29,-0.451728695528
2011-12-30,-0.201554213822
2012-01-02,-0.351551694346
2012-01-03,0.0779600011329
2012-01-04,0.269117404445
2012-01-05,0.0563637081514
2012-01-06,-0.128022828637
2012-01-09,-0.287824493853
2012-01-10,0.574297325658
2012-01-11,0.320852973203
2012-01-12,0.458730100817
2012-01-13,0.545720984166
2012-01-16,0.296086810576
2012-01-17,0.404763465958
2012-01-18,0.173923628129
2012-01-19,0.226918604642
2012-01-20,0.019791414989
2012-01-23,0.1328048292
2012-01-24,-0.0617738570613
2012-01-25,0.0458636131314
2012-01-26,0.141471036864
2012-01-27,-0.0542631437523
2012-01-30,-0.22389943362
2012-01-31,-0.289660983382
2012-02-01,-0.427910894632
2012-02-02,-0.320209093637
2012-02-03,-0.31044571713
2012-02-06,-0.364667762424
2012-02-07,-0.492916769802
2012-02-08,-0.462447319372
2012-02-09,-0.475507938278
2012-02-10,-0.588978255542
2012-02-13,-0.61999232644
2012-02-14,-0.714198058616
2012-02-15,-0.795843026501
2012-02-16,-0.866601998669
2012-02-17,-0.558789460311
2012-02-20,-0.661155574638
2012-02-21,-0.74987287372
2012-02-22,-0.713002004219
2012-02-23,-0.432634313818
2012-02-24,-0.551821114343
2012-02-27,-0.655116341465
2012-02-28,-0.540336643214
2012-02-29,-0.645163133153
2012-03-01,-0.736012757767
2012-03-02,-0.814749099099
2012-03-05,-0.882987261587
2012-03-06,-0.94212700241
2012-03-07,-0.450123246147
2012-03-08,-0.566978189028
2012-03-09,-0.668252472859
2012-03-12,-0.756023518845
2012-03-13,-0.8320917587
2012-03-14,-0.830690695844
2012-03-15,-0.852692603689
2012-03-16,-0.785861123235
2012-03-19,-0.857951015838
2012-03-20,-0.92042892276
2012-03-21,-0.853852398025
2012-03-22,-0.916876787322
2012-03-23,-0.774160544986
2012-03-25,-0.555286869445
2012-03-26,-0.658119995887
2012-03-27,-0.712417795322
2012-03-28,-0.794300131646
2012-03-29,-0.784008255005
2012-04-01,-0.856345196705
2012-04-02,-0.77974023892
2012-04-03,-0.852646249432
2012-04-04,-0.915831458542
2012-04-05,-0.970591973104
2012-04-08,-1.01805108572
2012-04-09,-0.50199442096
2012-04-10,-0.6119332072
2012-04-11,-0.707213488608
2012-04-12,-0.599417201463
2012-04-15,-0.696366283635
2012-04-16,-0.780388821518
2012-04-17,-0.85320835435
2012-04-18,-0.916318616138
2012-04-19,-0.971014176354
2012-04-22,-0.807149918087
2012-04-23,-0.87640130471
2012-04-24,-0.936419173116
2012-04-25,-0.781810814412
2012-04-26,-0.854440748192
2012-04-29,-0.917386690801
2012-04-30,-0.971939841062
2012-05-01,-0.870635799101
2012-05-02,-0.931422401588
2012-05-03,-0.638183305162
2012-05-06,-0.729963573508
2012-05-07,-0.809506472742
2012-05-08,-0.878443652077
2012-05-09,-0.938189207501
2012-05-10,-0.616188475502
2012-05-13,-0.710901387803
2012-05-14,-0.792985911797
2012-05-15,-0.864125832592
2012-05-16,-0.897921035829
2012-05-17,-0.955069606753
2012-05-20,-1.00459836822
2012-05-21,-1.04752329482
2012-05-22,-1.08472489788
2012-05-23,0.0461634450786
2012-05-24,0.408716757909
2012-05-27,0.734537710189
2012-05-28,0.459727973129
2012-05-29,0.221559534344
2012-05-30,0.0151468873972
2012-05-31,-0.16374407329
2012-06-03,-0.318782905886
2012-06-04,-0.453149894135
2012-06-05,-0.349047741903
2012-06-06,-0.479379418684
2012-06-07,-0.209266860265
2012-06-10,-0.105179818633
2012-06-11,-0.268027218516
2012-06-12,-0.409161631748
2012-06-13,-0.531478123216
2012-06-14,-0.231202908539
2012-06-17,-0.282060964252
2012-06-18,-0.421324211386
2012-06-19,0.00820402143644
2012-06-20,-0.169761223789
2012-06-21,-0.323997769652
2012-06-24,-0.457669442733
2012-06-25,-0.443507717072
2012-06-26,-0.561244730497
2012-06-27,-0.663283475465
2012-06-28,0.425342375233
2012-07-01,0.790735670714
2012-07-02,0.633800148784
2012-07-03,0.372422086578
2012-07-04,0.145894432667
2012-07-05,0.109761985958
2012-07-08,-0.0817443212041
2012-07-09,-0.247716454078
2012-07-10,-0.391558969235
2012-07-11,-0.516222482372
2012-07-12,-0.624264193756
2012-07-15,-0.717900343623
2012-07-16,-0.671362780743
2012-07-17,-0.552095274355
2012-07-18,-0.346578987941
2012-07-19,-0.231148511315
2012-07-22,-0.377200085507
2012-07-23,-0.503778116474
2012-07-24,-0.613479076645
2012-07-25,-0.34638110992
2012-07-26,-0.356344293563
2012-07-29,-0.251219857348
2012-07-30,-0.394595252069
2012-07-31,-0.518853927494
2012-08-01,-0.387418307624
2012-08-02,-0.405839562299
2012-08-05,-0.280186059526
2012-08-06,-0.419699293957
2012-08-07,-0.484891974227
2012-08-08,-0.597111086698
2012-08-09,-0.692046034607
2012-08-12,-0.405186008559
2012-08-13,-0.528032583119
2012-08-14,-0.634499614404
2012-08-15,-0.622298311074
2012-08-16,-0.627975161812
2012-08-19,-0.6677193426
2012-08-20,-0.755561472621
2012-08-21,-0.820083237479
2012-08-22,-0.887610181516
2012-08-23,-0.799871710393
2012-08-26,-0.853842211084
2012-08-27,-0.91686795864
2012-08-28,-0.971490273189
2012-08-29,-1.01882961247
2012-08-30,-0.8184089517
2012-09-02,-0.66328397556
2012-09-03,-0.751717487853
2012-09-04,-0.828359865174
2012-09-05,-0.813526690728
2012-09-06,-0.607977125612
2012-09-09,-0.341612752359
2012-09-10,-0.472935761078
2012-09-11,-0.456738526305
2012-09-12,-0.572711431832
2012-09-13,-0.524637844435
2012-09-16,-0.631557507545
2012-09-17,-0.724221215573
2012-09-18,-0.560760058161
2012-09-19,-0.662863426108
2012-09-20,-0.751353011661
2012-09-23,-0.535520340564
2012-09-24,-0.64098900419
2012-09-25,-0.732395179332
2012-09-26,-0.811613864455
2012-09-27,-0.880270058229
2012-09-30,-0.605459355412
2012-10-01,-0.701602817058
2012-10-02,-0.766354220628
2012-10-03,-0.778361395312
2012-10-04,-0.767873067283
2012-10-07,-0.842361367346
2012-10-08,-0.906917894068
2012-10-09,-0.809640212575
2012-10-10,-0.878559559933
2012-10-11,-0.938289660976
2012-10-14,-0.990055748547
2012-10-15,-0.888657868487
2012-10-16,-0.868106576498
2012-10-17,-0.919943943738
2012-10-18,-0.839502385479
2012-10-21,-0.904440109783
2012-10-22,-0.849281891706
2012-10-23,-0.912915681846
2012-10-24,-0.916989409528
2012-10-25,-0.971595530626
2012-10-29,-1.01892083558
2012-10-30,-1.05993609987
2012-10-31,-0.649732345691
2012-11-01,-0.739972741967
2012-11-02,-0.804251388013
2012-11-05,-0.541898124123
2012-11-06,-0.646516416608
2012-11-07,-0.702361359946
2012-11-08,-0.785584554321
2012-11-09,-0.857711322779
2012-11-12,-0.708954111656
2012-11-13,-0.79129827247
2012-11-14,-0.741939167773
2012-11-15,-0.819885321104
2012-11-16,-0.887438653991
2012-11-19,-0.945984875827
2012-11-20,-0.996724934751
2012-11-21,-1.04069965249
2012-11-22,-1.07881107452
2012-11-23,-1.11184097362
2012-11-26,-0.50666565481
2012-11-27,-0.61598160987
2012-11-28,-0.710722104255
2012-11-29,-0.792830532722
2012-11-30,-0.863991170727
2012-12-03,-0.925663723664
2012-12-04,-0.802670435904
2012-12-05,-0.872519086818
2012-12-06,-0.329434363933
2012-12-07,-0.337013881243
2012-12-10,-0.468950072779
2012-12-11,-0.432389717023
2012-12-12,-0.551609130454
2012-12-13,-0.589927367596
2012-12-14,-0.688141760951
2012-12-17,-0.773260901859
2012-12-18,-0.847030823979
2012-12-19,-0.472179288617
2012-12-20,-0.219278061165
2012-12-21,-0.366912362044
2012-12-24,-0.494862089473
2012-12-25,-0.605751853244
2012-12-26,0.150176841998
2012-12-27,0.299202705946
2012-12-28,0.0917241010471
2012-12-31,-0.0973771547935
2013-01-01,-0.261264909855
2013-01-02,-0.205963584515
2013-01-03,-0.197503245165
2013-01-04,-0.327146308755
2013-01-07,-0.167874531378
2013-01-08,-0.0693064669311
2013-01-09,-0.236936980375
2013-01-10,-0.1802361465
2013-01-11,-0.314503106145
2013-01-14,-0.368184166236
2013-01-15,-0.495964319773
2013-01-16,-0.606707119504
2013-01-17,-0.702684212604
2013-01-18,-0.785864359958
2013-01-21,-0.816164728821
2013-01-22,-0.884214140679
2013-01-23,-0.61816402513
2013-01-24,-0.57563817312
2013-01-25,-0.675757792405
2013-01-28,-0.256415790523
2013-01-29,0.278813545617
2013-01-30,0.0647670305
2013-01-31,0.206607939457
2013-02-01,0.00218883849528
2013-02-04,-0.107647511608
2013-02-05,-0.270165885761
2013-02-06,-0.383155748576
2013-02-07,-0.332496857494
2013-02-08,0.0526851008938
2013-02-11,-0.131210954926
2013-02-12,-0.290587536637
2013-02-13,-0.428713907453
2013-02-14,-0.476453325632
2013-02-15,-0.587475975017
2013-02-18,-0.686017220716
2013-02-19,-0.594976800016
2013-02-20,-0.502145404683
2013-02-21,-0.61206405976
2013-02-22,-0.707326894159
2013-02-25,-0.743455692664
2013-02-26,-0.821199642677
2013-02-27,-0.888577732687
2013-02-28,-0.749634697636
2013-03-01,-0.826554780319
2013-03-04,-0.605338439198
2013-03-05,-0.353255588192
2013-03-06,-0.483026218801
2013-03-07,-0.595494098662
2013-03-08,-0.414372313357
2013-03-11,-0.164535450142
2013-03-12,-0.319468765824
2013-03-13,-0.453744306082
2013-03-14,-0.570116440972
2013-03-15,-0.67097229121
2013-03-18,-0.75838069475
2013-03-19,-0.467319279814
2013-03-20,-0.581881418206
2013-03-21,-0.681168604813
2013-03-22,-0.767217499872
2013-03-25,-0.526053401359
2013-03-26,-0.632784323546
2013-03-27,-0.725284456107
2013-03-28,-0.550073452131
2013-03-29,-0.653601700881
2013-03-31,-0.645818301383
2013-04-01,-0.432448843829
2013-04-02,-0.551660373686
2013-04-03,-0.654977032896
2013-04-04,-0.287159739822
2013-04-07,-0.0821439478639
2013-04-08,-0.248062797183
2013-04-09,-0.173627207443
2013-04-10,-0.120724444162
2013-04-11,-0.281499227308
2013-04-14,-0.228143225438
2013-04-15,-0.374595504414
2013-04-16,-0.267037573418
2013-04-17,-0.40830393933
2013-04-18,-0.530734789787
2013-04-21,-0.63684152685
2013-04-22,-0.728800698971
2013-04-23,-0.808498648143
2013-04-24,-0.633800499722
2013-04-25,-0.531149378631
2013-04-28,-0.572195582682
2013-04-29,-0.672774214026
2013-04-30,-0.618323771033
2013-05-01,-0.712751977263
2013-05-02,-0.794589755995
2013-05-05,-0.865515830897
2013-05-06,-0.873587922474
2013-05-07,-0.933980908511
2013-05-08,-0.97471341525
2013-05-09,-1.02162300225
2013-05-12,-1.06227797765
2013-05-13,-0.893210061242
2013-05-14,-0.950986762111
2013-05-15,-1.00105990286
2013-05-16,-1.04445662485
2013-05-19,-1.08206711724
2013-05-20,-1.11466287731
2013-05-21,-1.06165596791
2013-05-22,-1.09697321456
2013-05-23,-1.00917906715
2013-05-26,-0.870407167792
2013-05-27,-0.931224254454
2013-05-28,-0.983932396228
2013-05-29,-1.02961278577
2013-05-30,-1.0692024567
2013-06-02,-1.10351350484
2013-06-03,-0.826796403925
2013-06-04,-0.426783396452
2013-06-05,-0.546750319293
2013-06-06,-0.650721652422
2013-06-09,-0.740830141133
2013-06-10,-0.818924164683
2013-06-11,-0.88660565176
2013-06-12,-0.94526294056
2013-06-13,-0.283363074267
2013-06-16,-0.422452706733
2013-06-17,-0.542997054869
2013-06-18,-0.647468823254
2013-06-19,-0.738011022521
2013-06-20,-0.816480928553
2013-06-23,-0.56642675665
2013-06-24,-0.0943353554714
2013-06-25,0.0896137510376
2013-06-26,0.297790250886
2013-06-27,0.0812135084
2013-06-30,-0.106486335088
2013-07-01,-0.269159532777
2013-07-02,-0.410142970774
2013-07-03,-0.532328617039
2013-07-04,-0.301588490148
2013-07-07,-0.438248067163
2013-07-08,-0.556686367242
2013-07-09,-0.659332893977
2013-07-10,-0.748293217148
2013-07-11,-0.825392163896
2013-07-14,-0.690230638886
2013-07-15,0.153575230101
2013-07-16,-0.0437728429465
2013-07-17,0.256480255527
2013-07-18,0.103451918224
2013-07-21,-0.0872130465733
2013-07-22,0.0864999538209
2013-07-23,0.232407988365
2013-07-24,0.0245488808819
2013-07-25,-0.155595678937
2013-07-28,-0.311720964113
2013-07-29,-0.447029544599
2013-07-30,-0.56429698102
2013-07-31,-0.600923504753
2013-08-01,-0.697671746487
2013-08-04,-0.0780705043327
2013-08-05,-0.244532479456
2013-08-06,-0.247180934405
2013-08-07,-0.179827775065
2013-08-08,-0.116811804506
2013-08-11,0.0399531508566
2013-08-12,-0.142245311625
2013-08-13,-0.300150645776
2013-08-14,-0.437001935374
2013-08-15,-0.555606386358
2013-08-18,-0.658396910545
2013-08-19,-0.747482031507
2013-08-20,-0.82468913634
2013-08-21,-0.891601960529
2013-08-22,0.575708789658
2013-08-25,1.09517444729
2013-08-26,0.77227981195
2013-08-27,1.32357640574
2013-08-28,0.970228175944
2013-08-29,0.66399304345
2013-09-01,0.398589261956
2013-09-02,0.168572651327
2013-09-03,0.433548168534
2013-09-04,0.767666347225
2013-09-05,1.24760796645
2013-09-08,0.904388861893
2013-09-09,1.02250161015
2013-09-10,0.709296686429
2013-09-11,0.602687171683
2013-09-12,0.39653306353
2013-09-15,0.438419711846
2013-09-16,0.203092374566
2013-09-17,0.314881823154
2013-09-18,1.71651433437
2013-09-19,1.31077438075
2013-09-22,0.959133087615
2013-09-23,0.865644377352
2013-09-24,0.573353751338
2013-09-25,0.320035208792
2013-09-26,0.100492471918
2013-09-29,0.0866649336005
2013-09-30,0.434531583033
2013-10-01,0.199722662927
2013-10-02,0.560374343234
2013-10-03,0.308786388435
2013-10-06,0.0907434942762
2013-10-07,-0.098227013995
2013-10-08,-0.262001454497
2013-10-09,0.0116300026129
2013-10-10,0.0700128155702
2013-10-13,-0.116193602207
2013-10-14,-0.277572497614
2013-10-15,-0.224740059703
2013-10-16,-0.37164609411
2013-10-17,-0.241265255501
2013-10-20,-0.385967930468
2013-10-21,-0.51137691544
2013-10-22,-0.620064702416
2013-10-23,-0.714260784462
2013-10-24,-0.795897388901
2013-10-28,-0.608949710986
2013-10-29,-0.662838699712
2013-10-30,-0.751331582118
2013-10-31,-0.828025413536
2013-11-01,-0.894493400766
2013-11-04,-0.952098989698
2013-11-05,-1.00202383344
2013-11-06,-1.04529203135
2013-11-07,-1.0827911362
2013-11-08,-1.11529036041
2013-11-11,-1.05755655414
2013-11-12,-1.09342038929
2013-11-13,-0.720541155365
2013-11-14,-0.801340377017
2013-11-15,-0.604380502425
2013-11-18,0.0492142318294
2013-11-19,0.225631474525
2013-11-20,0.0186759022209
2013-11-21,-0.160685593776
2013-11-22,-0.31613222364
2013-11-25,-0.114218282536
2013-11-26,-0.275860553899
2013-11-27,-0.415950522413
2013-11-28,-0.537361828459
2013-11-29,-0.426674650781
2013-12-02,-0.546656073045
2013-12-03,-0.65063997234
2013-12-04,-0.740759351729
2013-12-05,-0.818862813866
2013-12-06,-0.238821552298
2013-12-09,0.317278047732
2013-12-10,0.251329603652
2013-12-11,0.0409476141305
2013-12-12,-0.141383443455
2013-12-13,-0.157785103204
2013-12-16,-0.0257380523652
2013-12-17,-0.199177687751
2013-12-18,-0.0453603120145
2013-12-19,-0.216183646114
2013-12-20,-0.364230535666
2013-12-23,-0.492537839945
2013-12-24,-0.278711231161
2013-12-25,-0.418421109373
2013-12-26,-0.539503003825
2013-12-27,-0.252087502459
2013-12-30,0.233810787731
2013-12-31,0.0257646403329
2014-01-01,-0.154542020746
2014-01-02,-0.310807793681
2014-01-03,-0.446238130224
2014-01-06,-0.563611088562
2014-01-07,-0.293875721987
2014-01-08,-0.43156366809
2014-01-09,-0.550893221379
2014-01-10,-0.326964278838
2014-01-13,0.0876610134133
2014-01-14,-0.10089849741
2014-01-15,0.100177008316
2014-01-16,-0.0900513018273
2014-01-17,-0.254915837285
2014-01-20,0.154746228557
2014-01-21,-0.0427579776186
2014-01-22,-0.176782429924
2014-01-23,-0.330082814968
2014-01-24,-0.462943148673
2014-01-27,-0.471294424542
2014-01-28,-0.585326543637
2014-01-29,-0.684154380187
2014-01-30,-0.435492434442
2014-01-31,-0.0806884408704
2014-02-03,-0.246801357789
2014-02-04,-0.390765885785
2014-02-05,-0.0558551294268
2014-02-06,0.0277770147604
2014-02-07,0.0909717414609
2014-02-10,-0.0980291997682
2014-02-11,-0.2618300155
2014-02-12,-0.403790722468
2014-02-13,-0.526823335173
2014-02-14,0.193043779107
2014-02-17,-0.00956676714172
2014-02-18,-0.185162573891
2014-02-19,-0.337345606406
2014-02-20,0.02990992198
2014-02-21,0.136930969461
2014-02-24,0.487381945707
2014-02-25,0.352320657254
2014-02-26,0.128473193919
2014-02-27,-0.0655279409709
2014-02-28,0.156369269116
2014-03-03,-0.0413513424675
2014-03-04,-0.21270920584
2014-03-05,-0.27764116974
2014-03-06,0.15826710275
2014-03-07,-0.0397065533179
2014-03-10,-0.21128372191
2014-03-11,-0.35998393469
2014-03-12,-0.488857452432
2014-03-13,-0.178013680235
2014-03-14,-0.331149898571
2014-03-17,0.100284789936
2014-03-18,-0.0899578910902
2014-03-19,0.0585833100199
2014-03-20,-0.126099173684
2014-03-21,0.094587735836
2014-03-24,-0.0948953379765
2014-03-25,-0.0153442975777
2014-03-26,0.062886402363
2014-03-27,0.546255647856
2014-03-28,0.621576458267
2014-03-30,0.361828221464
2014-03-31,0.136713082901
2014-04-01,0.0925183512323
2014-04-02,-0.096688804633
2014-04-03,0.175795511917
2014-04-06,0.404983737564
2014-04-07,0.766126669371
2014-04-08,0.628723661245
2014-04-09,0.711621666394
2014-04-10,0.439867401841
2014-04-13,0.204347039227
2014-04-14,0.000229391629394
2014-04-15,-0.176672569622
2014-04-16,-0.329987602707
2014-04-17,-0.46286063138
2014-04-20,-0.578017256231
2014-04-21,-0.677819664434
2014-04-22,-0.764315084877
2014-04-23,-0.518894742566
2014-04-24,-0.310840345027
2014-04-27,-0.446266341391
2014-04-28,-0.0134124912344
2014-04-29,-0.188495534771
2014-04-30,-0.191650733649
2014-05-01,-0.342968678196
2014-05-04,-0.251235738524
2014-05-05,-0.394609015755
2014-05-06,-0.17294503744
2014-05-07,-0.113168381464
2014-05-08,-0.274950639636
2014-05-11,-0.343191826857
2014-05-12,-0.469661059847
2014-05-13,-0.583910960901
2014-05-14,-0.415941675125
2014-05-15,-0.537354160809
2014-05-18,-0.575251444339
2014-05-19,-0.45254746918
2014-05-20,-0.569079182324
2014-05-21,-0.447198175434
2014-05-22,-0.564443127744
2014-05-25,-0.666055419746
2014-05-26,-0.754119406147
2014-05-27,-0.830441527696
2014-05-28,-0.78514978723
2014-05-29,-0.857334524634
2014-06-01,-0.919894630384
2014-06-02,-0.9741133887
2014-06-03,-1.02110297924
2014-06-04,-1.00146526901
2014-06-05,-0.524765906187
2014-06-08,-0.295034140743
2014-06-09,-0.17486822925
2014-06-10,-0.168232321036
2014-06-11,-0.322672720599
2014-06-12,-0.456521066887
2014-06-15,-0.458763771631
2014-06-16,-0.574466644448
2014-06-17,-0.674742467556
2014-06-18,0.160033463225
2014-06-19,-0.0381757075731
2014-06-22,-0.209956988931
2014-06-23,-0.0918482327507
2014-06-24,-0.179859841759
2014-06-25,-0.170236768979
2014-06-26,-0.0690321232864
2014-06-29,-0.097402241957
2014-06-30,-0.261286652064
2014-07-01,-0.150263638192
2014-07-02,-0.307099862134
2014-07-03,-0.0947821547366
2014-07-06,-0.259015909806
2014-07-07,-0.401351830866
2014-07-08,-0.264688611124
2014-07-09,-0.406268172009
2014-07-10,-0.528970458109
2014-07-13,-0.605131428378
2014-07-14,-0.434332746938
2014-07-15,-0.553293089714
2014-07-16,-0.656392053453
2014-07-17,-0.745744488694
2014-07-20,-0.375111333109
2014-07-21,-0.392851901487
2014-07-22,-0.333935341321
2014-07-23,-0.466282004846
2014-07-24,-0.580982446567
2014-07-27,-0.68038949606
2014-07-28,-0.573848125022
2014-07-29,-0.674206417387
2014-07-30,-0.761183604103
2014-07-31,-0.83656383259
2014-08-03,-0.767239622485
2014-08-04,-0.841812381854
2014-08-05,-0.906442106642
2014-08-06,-0.802263014776
2014-08-07,-0.872165988507
2014-08-10,-0.600757444551
2014-08-11,-0.55823085372
2014-08-12,-0.660671448925
2014-08-13,-0.749453298103
2014-08-14,-0.506014527361
2014-08-17,-0.459869011864
2014-08-18,-0.531313810907
2014-08-19,-0.361071013535
2014-08-20,-0.489799587431
2014-08-21,-0.601364351475
2014-08-24,-0.698053813646
2014-08-25,-0.781851347527
2014-08-26,-0.292644748725
2014-08-27,-0.349240256473
2014-08-28,-0.0709418077961
2014-08-31,-0.129238312883
2014-09-01,-0.288877913533
2014-09-02,-0.334367584812
2014-09-03,-0.424867523694
2014-09-04,-0.545089896236
2014-09-07,-0.649282619106
2014-09-08,-0.739582978926
2014-09-09,-0.81784329077
2014-09-10,-0.885668894368
2014-09-11,-0.944451084154
2014-09-14,-0.995395648634
2014-09-15,-1.03722598829
2014-09-16,-1.07580056555
2014-09-17,-1.10923186584
2014-09-18,-1.13820565943
2014-09-21,-1.16331628054
2014-09-22,-1.18507881884
2014-09-23,-1.20393968536
2014-09-24,-0.528444132516
2014-09-25,-0.634856290548
2014-09-28,-0.727080160843
2014-09-29,-0.807007515098
2014-09-30,-0.876277888786
2014-10-01,-0.936312212649
2014-10-02,-0.988341959997
2014-10-05,1.32997091657
2014-10-06,0.975770085327
2014-10-07,0.963641293058
2014-10-08,1.02509977629
2014-10-09,0.711548430414
2014-10-12,0.439803930658
2014-10-13,0.204292030869
2014-10-14,0.000181717718784
2014-10-15,-0.176713887011
2014-10-16,-0.158223809936
2014-10-19,-0.149163925167
2014-10-20,-0.306146777513
2014-10-21,-0.386479793308
2014-10-22,-0.511820529902
2014-10-23,-0.153804305632
2014-10-27,-0.310168440582
2014-10-28,-0.445684024206
2014-10-29,0.637144728646
2014-10-30,1.08805690571
2014-10-31,0.766111275915
2014-11-03,0.487091730092
2014-11-04,0.245274790379
2014-11-05,0.0357001092937
2014-11-06,-0.14593128098
2014-11-07,-0.30334515255
2014-11-10,-0.0567038296161
2014-11-11,-0.226014694702
2014-11-12,-0.310067139509
2014-11-13,-0.445596229942
2014-11-14,-0.563054774984
2014-11-17,-0.525555206762
2014-11-18,-0.632352554895
2014-11-19,-0.374346205564
2014-11-20,-0.134489389186
2014-11-21,0.542352997224
2014-11-24,0.671591334391
2014-11-25,0.405174447438
2014-11-26,0.654854372121
2014-11-27,0.469604032029
2014-11-28,0.23011878539
2014-12-01,0.0225649049706
2014-12-02,-0.157315124726
2014-12-03,-0.313211150464
2014-12-04,-0.448321039436
2014-12-05,-0.565416276546
2014-12-08,-0.666898815374
2014-12-09,-0.754850349025
2014-12-10,-0.752140059632
2014-12-11,-0.828726094049
2014-12-12,-0.89510065721
2014-12-15,-0.952625278616
2014-12-16,-1.0024799505
2014-12-17,-1.0456873328
2014-12-18,-0.277532898261
2014-12-19,0.0863908348369
2014-12-22,-0.101999318842
2014-12-23,-0.265270785364
2014-12-24,-0.406772723017
2014-12-25,-0.529407735649
2014-12-26,-0.635691413263
2014-12-29,0.0731536662089
2014-12-30,0.0652929182178
2014-12-31,0.0445505725662
2015-01-01,-0.138260879477
2015-01-02,-0.296697471248
2015-01-05,-0.434009184116
2015-01-06,-0.553012668601
2015-01-07,0.0124764530202
2015-01-08,-0.135877438733
2015-01-09,0.469179917755
2015-01-12,0.341188798827
2015-01-13,0.118825583283
2015-01-14,0.599379503784
2015-01-15,0.505103997158
2015-01-16,0.260885421836
2015-01-19,0.358004282092
2015-01-20,0.133399002112
2015-01-21,0.646834043584
2015-01-22,1.24735936708
2015-01-23,0.904173409098
2015-01-26,0.606745578851
2015-01-27,0.646141670344
2015-01-28,0.717430809352
2015-01-29,0.444901992404
2015-01-30,0.208710351049
2015-02-02,0.00401092854145
2015-02-03,-0.173395237632
2015-02-04,-0.327147248315
2015-02-05,-0.460398990908
2015-02-06,-0.575883834488
2015-02-09,-0.675970698924
2015-02-10,-0.762712648101
2015-02-11,-0.837889004056
2015-02-12,-0.903041845883
2015-02-13,-0.395354897734
2015-02-16,-0.519512287071
2015-02-17,-0.587647881883
2015-02-18,-0.686166206667
2015-02-19,-0.771548754812
2015-02-20,-0.845546963205
2015-02-23,-0.909678743812
2015-02-24,-0.818997797716
2015-02-25,-0.299300560336
2015-02-26,-0.436265194659
2015-02-27,-0.554967877739
2015-03-02,-0.202806754918
2015-03-03,-0.352637229963
2015-03-04,-0.482490308336
2015-03-05,-0.595029642925
2015-03-06,-0.692563732903
2015-03-09,-0.77709327755
2015-03-10,-0.850352216245
2015-03-11,-0.553992780472
2015-03-12,-0.517701478185
2015-03-13,-0.625545990128
2015-03-16,-0.719011233812
2015-03-17,-0.800014445005
2015-03-18,-0.807533589772
2015-03-19,-0.87673382017
2015-03-20,-0.936707353182
2015-03-23,0.134977841207
2015-03-24,1.49559229551
2015-03-25,1.11930861374
2015-03-26,0.793196089544
2015-03-27,0.510565235237
2015-03-29,0.265618494838
2015-03-30,1.39986873444
2015-03-31,1.77462215595
2015-04-01,1.39595873627
2015-04-02,1.33012640677
2015-04-05,1.75364628125
2015-04-06,1.34295540139
2015-04-07,1.93888596066
2015-04-08,2.49250497174
2015-04-09,1.98329959981
2015-04-12,1.54198827747
2015-04-13,1.15951846477
2015-04-14,1.33415696569
2015-04-15,2.01019560162
2015-04-16,1.5652981457
2015-04-19,1.17972035057
2015-04-20,0.961633739733
2015-04-21,1.05586252399
2015-04-22,1.25825151441
2015-04-23,1.32221772697
2015-04-26,2.26451251185
2015-04-27,2.19663220765
2015-04-28,1.72687653759
2015-04-29,1.31975495688
2015-04-30,0.966916253594
2015-05-03,1.13937565456
2015-05-04,0.810587524916
2015-05-05,0.985317826513
2015-05-06,0.955664688462
2015-05-07,1.4035750135
2015-05-10,1.56656718735
2015-05-11,1.18082018667
2015-05-12,1.62889078963
2015-05-13,1.23483397531
2015-05-14,1.42961141918
2015-05-17,1.06212518759
2015-05-18,0.743637120208
2015-05-19,0.467614128479
2015-05-20,0.943452001798
2015-05-21,0.640787025858
2015-05-24,0.378477380042
2015-05-25,0.151142353669
2015-05-26,-0.0458813358547
2015-05-27,0.340552695594
2015-05-28,0.118274293813
2015-05-31,-0.0743669877294
2015-06-01,0.399443314991
2015-06-02,0.884370630109
2015-06-03,0.589583170393
2015-06-04,0.334100705306
2015-06-07,0.112682568898
2015-06-08,0.471009897683
2015-06-09,0.723519843494
2015-06-10,0.450179155327
2015-06-11,0.498842688797
2015-06-14,0.255458954589
2015-06-15,0.044526384943
2015-06-16,0.537308481455
2015-06-17,1.1431507483
2015-06-18,0.813859272828
2015-06-21,0.528473327417
2015-06-22,0.281138841394
2015-06-23,0.380200478172
2015-06-24,0.152635705382
2015-06-25,-0.0445870977035
2015-06-28,-0.215513527044
2015-06-29,0.523207634853
2015-06-30,0.276575241172
2015-07-01,0.0628271666477
2015-07-02,0.225821270207
2015-07-05,0.0188403918121
2015-07-06,-0.160543036131
2015-07-07,-0.316008673681
2015-07-08,-0.450745559558
2015-07-09,0.268264316235
2015-07-12,0.733536304807
2015-07-13,1.25517445607
2015-07-14,0.910946486228
2015-07-15,0.61261557903
2015-07-16,0.354062126125
2015-07-19,0.129982466941
2015-07-20,0.0147150475388
2015-07-21,-0.164118334501
2015-07-22,-0.319107265602
2015-07-23,-0.453431005889
2015-07-26,-0.569844914138
2015-07-27,-0.670736967954
2015-07-28,-0.440115324131
2015-07-29,-0.124162421214
2015-07-30,-0.28447880742
2015-08-02,-0.423419675465
2015-08-03,-0.543835094437
2015-08-04,-0.648195124213
2015-08-05,-0.738640483352
2015-08-06,-0.817026461273
2015-08-09,-0.211692268165
2015-08-10,0.624027274297
2015-08-11,0.363952262023
2015-08-12,0.138553918052
2015-08-13,-0.0567913133893
2015-08-16,-0.226090513972
2015-08-17,-0.37281648781
2015-08-18,-0.49997899847
2015-08-19,-0.610186507708
2015-08-20,-0.352814015103
2015-08-23,-0.482643522124
2015-08-24,-0.595162428208
2015-08-25,-0.692678813482
2015-08-26,0.181634489802
2015-08-27,0.0687665989469
2015-08-30,-0.117273656614
2015-08-31,-0.278508544766
2015-09-01,-0.418245447832
2015-09-02,-0.539350763822
2015-09-03,-0.210166468946
2015-09-06,-0.359015648787
2015-09-07,0.408125594271
2015-09-08,0.536687988641
2015-09-09,0.288258214455
2015-09-10,0.0729524101597
2015-09-13,-0.113645953563
2015-09-14,0.904016510447
2015-09-15,0.60660960002
2015-09-16,0.348856944316
2015-09-17,0.125471309373
2015-09-20,-0.0681295742444
2015-09-21,-0.235917006713
2015-09-22,-0.381332781519
2015-09-23,-0.507359786351
2015-09-24,5.46140810508
2015-09-27,4.55634898203
2015-09-28,3.77196440873
2015-09-29,5.90364170226
2015-09-30,5.29946861556
2015-10-01,4.41600142445
2015-10-04,5.35671778941
2015-10-05,5.77965216249
2015-10-06,5.76545022376
2015-10-07,4.81985215155
2015-10-08,6.25926641614
2015-10-11,5.24782618495
2015-10-12,4.37124465126
2015-10-13,3.61154065539
2015-10-14,4.2091249072
2015-10-15,3.4710368772
2015-10-18,2.83136058454
2015-10-19,2.67164922369
2015-10-20,2.1385579515
2015-10-21,1.6765455156
2015-10-22,2.22103254428
2015-10-26,2.60702150188
2015-10-27,2.08254725926
2015-10-28,2.231623136
2015-10-29,1.75720200883
2015-10-30,2.91312798862
2015-11-02,2.34783954777
2015-11-03,3.19053061625
2015-11-04,3.31492103903
2015-11-05,2.69606019146
2015-11-06,2.15971412356
2015-11-09,1.69488086472
2015-11-10,1.29202537372
2015-11-11,2.50533167239
2015-11-12,1.9944160737
2015-11-13,1.55162255484
2015-11-16,1.16786817183
2015-11-17,1.6107008614
2015-11-18,1.54177402711
2015-11-19,2.40604069776
2015-11-20,2.23803340065
2015-11-23,2.07849737909
2015-11-24,1.62449301951
2015-11-25,1.23102257454
2015-11-26,0.890014855569
2015-11-27,1.01468737047
2015-11-30,0.702524345371
2015-12-01,0.431983056953
2015-12-02,0.197513940325
2015-12-03,1.52425246953
2015-12-04,2.28173938495
2015-12-07,1.80063609126
2015-12-08,1.38367990339
2015-12-09,1.60968678062
2015-12-10,1.21819050084
2015-12-11,0.878893725024
2015-12-14,0.58483651932
2015-12-15,0.592329575269
2015-12-16,0.336480922865
2015-12-17,1.12697010131
2015-12-18,0.799836045432
2015-12-21,0.516319863674
2015-12-22,0.324003012821
2015-12-23,0.196795884694
2015-12-24,0.444078606726
2015-12-25,0.674641612779
2015-12-28,0.407818022041
2015-12-29,1.08432285682
2015-12-30,0.762875100206
2015-12-31,0.484287044477
2016-01-01,0.370532955611
2016-01-04,0.144257185828
2016-01-05,-0.0518484813164
2016-01-06,-0.221806726175
2016-01-07,-0.36910387172
2016-01-08,-0.120659568259
2016-01-11,-0.0539246107806
2016-01-12,-0.223606038378
2016-01-13,0.574234530833
2016-01-14,0.320798551021
2016-01-15,0.101154035184
2016-01-18,-0.0892045452084
2016-01-19,0.103346918194
2016-01-20,-0.0873040465997
2016-01-21,-0.252534882754
2016-01-22,-0.395734940755
2016-01-25,-0.250534174766
2016-01-26,0.355881049134
2016-01-27,0.797862725492
2016-01-28,0.514609653059
2016-01-29,0.998111153827
2016-02-01,1.588945389
2016-02-02,1.43701948377
2016-02-03,1.44464733983
2016-02-04,3.4246319457
2016-02-05,2.79114297724
2016-02-08,2.24211920457
2016-02-09,1.76629860159
2016-02-10,1.35392074568
2016-02-11,0.996526603889
2016-02-12,0.686785014336
2016-02-15,0.41834230339
2016-02-16,0.185691953904
2016-02-17,-0.0159383489843
2016-02-18,-0.00727692915217
2016-02-19,-0.183178047633
2016-02-22,1.53791861565
2016-02-23,1.29993163092
2016-02-24,0.949736037761
2016-02-25,1.42165301188
2016-02-26,1.05522790126
2016-02-29,0.737659472057
2016-03-01,0.462433500081
2016-03-02,2.06958922888
2016-03-03,2.98188296713
2016-03-04,6.62580388953
2016-03-07,5.56549199522
2016-03-08,4.64655502016
2016-03-09,5.58206868424
2016-03-10,5.66618131247
2016-03-11,5.93177307087
2016-03-14,5.29366812401
2016-03-15,4.41097433177
2016-03-16,3.64597304517
2016-03-17,6.09393768111
2016-03-18,5.64083463088
2016-03-21,4.78614369049
2016-03-22,4.31007579261
2016-03-23,3.55852764456
2016-03-24,2.90718591625
2016-03-25,2.89755603118
2016-03-27,2.72437537832
2016-03-28,2.99449801717
2016-03-29,2.49497357484
2016-03-30,3.52002738524
2016-03-31,2.87381902484
2016-04-03,2.432174207
2016-04-04,1.93101293703
2016-04-05,1.49667316973
2016-04-06,1.99781630713
2016-04-07,1.55456942381
2016-04-10,3.73348644516
2016-04-11,3.96656882352
2016-04-12,3.26082160468
2016-04-13,2.64917401502
2016-04-14,3.14755542814
2016-04-17,2.55100999535
2016-04-18,2.0340039536
2016-04-19,2.32884924502
2016-04-20,1.86700241521
2016-04-21,1.44119738414
2016-04-24,1.07216635722
2016-04-25,1.06807927479
2016-04-26,0.999531882184
2016-04-27,1.44623648052
2016-04-28,2.3000253284
2016-05-01,2.0904346243
2016-05-02,1.63483863202
2016-05-03,1.23998877205
2016-05-04,1.38532496882
2016-05-05,1.02374359727
2016-05-08,0.710373075269
2016-05-09,0.626836204331
2016-05-10,0.893393552737
2016-05-11,0.597403036671
2016-05-12,0.340877922748
2016-05-15,0.118556157347
2016-05-16,0.283406193742
2016-05-17,0.0687473255417
2016-05-18,-0.117290360232
2016-05-19,-0.278523021235
2016-05-22,0.115713739276
2016-05-23,-0.0765861349948
2016-05-24,-0.24324602603
2016-05-25,-0.38768459826
2016-05-26,-0.512864694193
2016-05-29,-0.621354110669
2016-05-30,-0.01192855329
2016-05-31,-0.187209455219
2016-06-01,-0.146425422961
2016-06-02,0.585405607958
2016-06-05,0.931778755307
2016-06-06,1.79612156074
2016-06-07,3.21616574986
2016-06-08,3.42071633918
2016-06-09,2.78774945159
2016-06-12,2.23917814901
2016-06-13,1.76374968677
2016-06-14,1.35171168617
2016-06-15,0.994612085644
2016-06-16,1.82503933515
2016-06-19,2.53081325399
2016-06-20,2.43206941664
2016-06-21,1.93092211872
2016-06-22,2.37184378002
2016-06-23,1.87872656698
2016-06-26,1.45135831568
2016-06-27,2.39732890149
2016-06-28,3.78132282025
2016-06-29,3.89891105235
2016-06-30,3.20218486967
2016-07-03,2.59835551135
2016-07-04,2.07503673413
2016-07-05,1.62149379388
2016-07-06,1.22842324566
2016-07-07,1.78854920193
2016-07-10,1.51946642192
2016-07-11,1.45341771463
2016-07-12,1.08275731031
2016-07-13,2.22181490322
2016-07-14,1.74870154042
2016-07-17,1.33866995933
2016-07-18,1.28047613343
2016-07-19,0.967698850086
2016-07-20,0.66180096104
2016-07-21,0.3966894572
2016-07-24,0.445520101724
2016-07-25,0.209246045793
2016-07-26,0.299320458795
2016-07-27,0.488822529204
2016-07-28,0.246774816276
2016-07-31,0.037000131738
2016-08-01,-0.0496183293457
2016-08-02,-0.219873927801
2016-08-03,0.944284391337
2016-08-04,1.50282805223
2016-08-07,1.54579214091
2016-08-08,1.53427374355
2016-08-09,1.46625072671
2016-08-10,1.30514633124
2016-08-11,0.954255444703
2016-08-14,0.650150009708
2016-08-15,0.426059441992
2016-08-16,0.192380140692
2016-08-17,0.263808794952
2016-08-18,0.0517629132573
2016-08-21,0.241770029155
2016-08-22,0.418050944094
2016-08-23,0.185439442514
2016-08-24,0.255471906966
2016-08-25,0.70387662025
2016-08-28,0.433155028516
2016-08-29,0.953054924442
2016-08-30,0.649109558816
2016-08-31,0.731611060521
2016-09-01,0.457191543417
2016-09-04,0.21936129526
2016-09-05,0.61454035097
2016-09-06,1.41670887987
2016-09-07,1.30632077238
2016-09-08,0.955273293699
2016-09-11,0.651032145505
2016-09-12,0.930614682046
2016-09-13,0.629661348739
2016-09-14,0.368835126539
2016-09-15,0.767300500399
2016-09-18,1.28907999138
2016-09-19,1.10980926844
2016-09-20,1.14481383959
2016-09-21,1.95985742103
2016-09-22,1.52167172252
2016-09-25,1.14191078382
2016-09-26,1.13781090944
2016-09-27,0.809231412477
2016-09-28,0.96556959921
2016-09-29,0.659955610281
2016-10-02,0.525100662206
2016-10-03,0.758790424921
2016-10-04,0.480746992564
2016-10-05,0.506761884545
2016-10-06,0.842726315594
2016-10-09,0.553491431147
2016-10-10,0.30282119796
2016-10-11,0.192368009207
2016-10-12,-0.0101524343884
2016-10-13,0.684935934863
2016-10-16,0.416739767847
2016-10-17,0.416464712976
2016-10-18,0.462658656729
2016-10-19,0.549125732624
2016-10-20,0.635671946226
2016-10-23,0.810508162661
2016-10-24,0.938816721251
2016-10-25,0.636769782717
2016-10-26,0.37499576932
2016-10-27,0.14812495771
2016-10-31,-0.0484964123526
2016-11-01,-0.21890159974
2016-11-02,-0.366586095476
2016-11-03,-0.494579325113
2016-11-04,-0.605506790799
2016-11-07,0.296651052072
2016-11-08,0.0802262027617
2016-11-09,-0.107341999974
2016-11-10,-0.269901109012
2016-11-11,-0.410785670178
2016-11-14,-0.532885623189
2016-11-15,-0.638705582465
2016-11-16,0.0194658291286
2016-11-17,0.438975997423
2016-11-18,0.310368835409
2016-11-21,0.84664022375
2016-11-22,0.779758643163
2016-11-23,0.498919448373
2016-11-24,0.255525479556
2016-11-25,0.0445840399142
2016-11-28,-0.115015712121
2016-11-29,-0.039746803866
2016-11-30,-0.211318605718
2016-12-01,-0.360014167324
2016-12-02,-0.488883654048
2016-12-05,-0.563424682829
2016-12-06,-0.0801254769993
2016-12-07,0.977178298545
2016-12-08,0.670016483038
2016-12-09,0.858846357755
2016-12-12,0.883201941918
2016-12-13,1.02735577516
2016-12-14,1.07335414541
2016-12-15,0.753368883656
2016-12-16,0.564269740287
2016-12-19,0.312162399214
2016-12-20,0.509238675829
2016-12-21,0.823978321952
2016-12-22,0.764761560735
2016-12-23,1.77441898575
2016-12-26,1.36095841195
2016-12-27,1.00262591465
2016-12-28,0.982273112676
2016-12-29,0.939096239077
2016-12-30,0.637012031499
2017-01-02,0.375205718265
2017-01-03,0.148306913462
2017-01-04,0.617965141243
2017-01-05,0.799805497473
2017-01-06,0.757741476913
2017-01-09,0.479837904291
2017-01-10,0.62669805211
2017-01-11,0.366266936128
2017-01-12,0.876512314516
2017-01-13,0.582772630213
2017-01-16,0.32819823715
2017-01-17,0.409377206668
2017-01-18,0.595813125188
2017-01-19,0.339499999461
2017-01-20,0.463282775747
2017-01-23,0.895587454354
2017-01-24,0.599304418073
2017-01-25,0.342525786629
2017-01-26,0.119984306044
2017-01-27,0.0246229046182
2017-01-30,0.443445462848
2017-01-31,0.502293286909
2017-02-01,0.258449472954
2017-02-02,0.664668085262
2017-02-03,0.399174298193
2017-02-06,0.169079682733
2017-02-07,-0.0303356506661
2017-02-08,-0.203162272945
2017-02-09,-0.285618474856
2017-02-10,-0.296718494478
2017-02-13,-0.434027404249
2017-02-14,-0.125851072678
2017-02-15,0.482512667467
2017-02-16,0.631337796428
2017-02-17,0.37028804787
2017-02-20,0.144044932453
2017-02-21,-0.0520324342417
2017-02-22,0.0218035523258
2017-02-23,0.352780607375
2017-02-24,0.128871817357
2017-02-27,-0.0651824673248
2017-02-28,0.207744236715
2017-03-01,0.00317362945189
2017-03-02,0.478253264375
2017-03-03,0.237614786757
2017-03-06,0.795194796079
2017-03-07,0.512297447567
2017-03-08,0.267119745524
2017-03-09,0.0546324037531
2017-03-10,-0.129523292448
2017-03-13,0.163590269435
2017-03-14,-0.0350931421907
2017-03-15,-0.207285432266
2017-03-16,0.931978258479
2017-03-17,0.630843114981
2017-03-20,0.634523574407
2017-03-21,0.962739578403
2017-03-22,0.657502925582
2017-03-23,0.392964493137
2017-03-24,0.163697851684
2017-03-26,0.489685364211
2017-03-27,0.247522606615
2017-03-28,0.188553271785
2017-03-29,0.40211076539
2017-03-30,0.171624620971
2017-04-02,0.536022706872
2017-04-03,0.287681636921
2017-04-04,0.973239807682
2017-04-05,0.66660312429
2017-04-06,0.400851332017
2017-04-09,0.170533112047
2017-04-10,0.0753967185173
2017-04-11,-0.111527552986
2017-04-12,0.0468544517397
2017-04-13,-0.136264184193
2017-04-16,0.67314696678
2017-04-17,0.826735200184
2017-04-18,0.539632464458
2017-04-19,0.290810093496
2017-04-20,0.0751640386624
2017-04-23,1.42518073678
2017-04-24,1.05828526285
2017-04-25,0.740309185432
2017-04-26,0.46472991834
2017-04-27,0.225894553527
2017-04-30,0.0189039040222
2017-05-01,-0.160487992215
2017-05-02,0.257478240372
2017-05-03,0.0462764326218
2017-05-04,-0.136765134095
2017-05-07,-0.295401158584
2017-05-08,-0.43288571314
2017-05-09,0.0260434480349
2017-05-10,0.0174992137706
2017-05-11,0.483703922088
2017-05-14,0.790240120883
2017-05-15,0.647300369656
2017-05-16,0.384122278001
2017-05-17,0.156034598566
2017-05-18,-0.0416413902769
2017-05-21,0.822480258905
2017-05-22,0.535944848684
2017-05-23,0.417624668822
2017-05-24,0.185070003945
2017-05-25,0.361946073549
2017-05-28,0.136815221374
2017-05-29,0.0252800005121
2017-05-30,0.209531706514
2017-05-31,0.427256924186
2017-06-01,0.193417958593
2017-06-04,-0.00924247825366
2017-06-05,-0.184881523521
2017-06-06,-0.221021217815
2017-06-07,-0.368423097807
2017-06-08,-0.259366538127
2017-06-11,-0.401655708744
2017-06-12,-0.524972989946
2017-06-13,0.00659649683745
2017-06-14,-0.166511179311
2017-06-15,-0.321181064437
2017-06-18,-0.455228298213
2017-06-19,-0.571402567486
2017-06-20,-0.672086934189
2017-06-21,-0.759346718665
2017-06-22,-0.83497186521
2017-06-25,-0.473336272179
2017-06-26,0.216183071381
2017-06-27,0.0104872861628
2017-06-28,0.305827316987
2017-06-29,0.0881789656875
2017-07-02,0.150284947627
2017-07-03,-0.0466244210907
2017-07-04,-0.217279207313
2017-07-05,-0.365180022039
2017-07-06,-0.279772034782
2017-07-09,-0.0269873292889
2017-07-10,-0.200260394418
2017-07-11,-0.350430384197
2017-07-12,-0.0905461816801
2017-07-13,0.127721945138
2017-07-16,0.114907042855
2017-07-17,0.431148682935
2017-07-18,0.317514860245
2017-07-19,0.599777275976
2017-07-20,1.07424470992
2017-07-23,0.75414070623
2017-07-24,0.476717236365
2017-07-25,0.236283562482
2017-07-26,0.840473393015
2017-07-27,0.551538898246
2017-07-30,0.714376692091
2017-07-31,0.727813887325
2017-08-01,0.453900659981
2017-08-02,0.85727527634
2017-08-03,0.56610053046
2017-08-06,0.313749084031
2017-08-07,0.0950444971257
2017-08-08,-0.0944994781921
2017-08-09,-0.258770923467
2017-08-10,-0.401139509373
2017-08-13,-0.524525617158
2017-08-14,-0.631460243904
2017-08-15,-0.236597511679
2017-08-16,0.432964744975
2017-08-17,0.198364736611
2017-08-20,0.426865348531
2017-08-21,0.193078593025
2017-08-22,-0.009536595079
2017-08-23,0.251327426864
2017-08-24,0.0409457275809
2017-08-27,-0.141385078464
2017-08-28,-0.29940511037
2017-08-29,-0.436355804688
2017-08-30,-0.0767934626201
2017-08-31,0.151249049484
2017-09-03,-0.0457888661484
2017-09-04,0.275627581507
2017-09-05,0.17808667321
2017-09-06,0.29088859908
2017-09-07,0.307393700044
2017-09-10,0.235798320292
2017-09-11,0.0274871685522
2017-09-12,-0.153049162956
2017-09-13,-0.309513983596
2017-09-14,-0.43350874699
2017-09-17,-0.322738949449
2017-09-18,-0.456578465224
2017-09-19,-0.488994527873
2017-09-20,-0.600666633191
2017-09-21,-0.581368312862
2017-09-24,-0.680723913515
2017-09-25,-0.766832100747
2017-09-26,-0.841459196348
2017-09-27,-0.906136012536
2017-09-28,-0.551263180152
2017-10-01,-0.6546327985
2017-10-02,-0.351866657844
2017-10-03,-0.0523234762288
2017-10-04,-0.187394144951
2017-10-05,-0.339279634659
2017-10-08,0.125741645909
2017-10-09,-0.06789528258
2017-10-10,0.0521664588424
2017-10-11,-0.120052363544
2017-10-12,-0.280916757439
2017-10-15,0.0602419945615
2017-10-16,-0.124661647081
2017-10-17,0.0401148026549
2017-10-18,-0.1421052134
2017-10-19,-0.300029227314
2017-10-22,-0.43689670604
2017-10-23,-0.555515187603
2017-10-24,-0.393653621165
2017-10-25,-0.518037847377
2017-10-26,-0.625837510095
2017-10-30,-0.0227790148222
2017-10-31,-0.196613188547
2017-11-01,-0.161540173874
2017-11-02,0.0708370510338
2017-11-03,-0.115479264805
2017-11-06,-0.276953405199
2017-11-07,-0.312424929762
2017-11-08,-0.324593987861
2017-11-09,-0.372286364593
2017-11-10,-0.499519558348
2017-11-13,-0.60978832627
2017-11-14,-0.705354591801
2017-11-15,-0.788178688596
2017-11-16,-0.859959572484
2017-11-17,-0.922169671854
2017-11-20,-0.976085091308
2017-11-21,-0.813866327279
2017-11-22,-0.587376931201
2017-11-23,-0.453769759533
2017-11-24,-0.519062943523
2017-11-27,-0.485107336597
2017-11-28,-0.341919948555
2017-11-29,-0.456950684157
2017-11-30,-0.572895301971
2017-12-01,-0.673380637409
2017-12-04,-0.660638430142
2017-12-05,-0.18991516989
2017-12-06,-0.341464522939
2017-12-07,-0.472807295582
2017-12-08,-0.586637698538
2017-12-11,-0.685290714434
2017-12-12,-0.770789994877
2017-12-13,-0.64290875907
2017-12-14,-0.734058966895
2017-12-15,-0.813055813676
2017-12-18,-0.194321342855
2017-12-19,-0.345283206175
2017-12-20,0.0810710746492
2017-12-21,-0.106609777672
2017-12-22,-0.26926651635
2017-12-25,-0.410235689871
2017-12-26,0.052638316898
2017-12-27,0.263423258399
2017-12-28,0.369490205375
2017-12-29,0.143353468957
2018-01-01,-0.0526317026047
2018-01-02,0.915106435767
2018-01-03,1.02250370925
2018-01-04,1.16433528714
2018-01-05,0.832219206483
2018-01-08,0.593139210792
2018-01-09,0.337182606985
2018-01-10,0.115353550353
2018-01-11,0.278308984781
2018-01-12,0.600623094056
2018-01-15,0.833529664119
2018-01-16,0.545520999869
2018-01-17,0.295913490852
2018-01-18,0.464975277564
2018-01-19,0.230750430652
2018-01-22,0.447968101337
2018-01-23,0.211367645458
2018-01-24,0.537964034178
2018-01-25,1.54768011838
2018-01-26,1.16445139356
2018-01-29,0.832319832053
2018-01-30,0.544472478745
2018-01-31,0.336793864722
2018-02-01,0.115016640391
2018-02-02,-0.0771902873619
2018-02-05,-0.243769624748
2018-02-06,-0.388138383816
2018-02-07,-0.513257975008
2018-02-08,-0.621694954041
2018-02-09,-0.715673669204
2018-02-12,-0.627643904068
2018-02-13,-0.720829425893
2018-02-14,0.14795082745
2018-02-15,1.32807110039
2018-02-16,0.974123577967
2018-02-19,0.667369058537
2018-02-20,0.401515141698
2018-02-21,0.17110841377
2018-02-22,-0.0285774171001
2018-02-23,0.211609218791
2018-02-26,0.131890557118
2018-02-27,-0.0625662261991
2018-02-28,-0.231095438407
2018-03-01,-0.377154088987
2018-03-02,-0.503738252823
2018-03-05,-0.613444528148
2018-03-06,0.0599316727266
2018-03-07,0.111874263002
2018-03-08,-0.0799136810992
2018-03-09,-0.24612989932
2018-03-12,-0.390183955112
2018-03-13,-0.510387571001
2018-03-14,-0.551880399838
