Date,macds
2010-01-04,-0.237892930242
2010-01-05,-0.229773551343
2010-01-06,-0.227998699229
2010-01-07,-0.224294473454
2010-01-08,-0.223875372437
2010-01-11,-0.225051618702
2010-01-12,-0.224145420865
2010-01-13,-0.218922206657
2010-01-14,-0.20463505451
2010-01-15,-0.186911038236
2010-01-18,-0.169302891412
2010-01-19,-0.148524828519
2010-01-20,-0.120973370175
2010-01-21,-0.0866520614405
2010-01-22,-0.0428855021602
2010-01-25,-0.012614305785
2010-01-26,0.0302143481395
2010-01-27,0.0848999628437
2010-01-28,0.151540558973
2010-01-29,0.223121170959
2010-02-01,0.287564162324
2010-02-02,0.32715772992
2010-02-03,0.357604372562
2010-02-04,0.394524993848
2010-02-05,0.433131435263
2010-02-08,0.463419919477
2010-02-09,0.470611455997
2010-02-10,0.465323735096
2010-02-11,0.451372297865
2010-02-12,0.434841233832
2010-02-15,0.412255225613
2010-02-16,0.380833910657
2010-02-17,0.339029550979
2010-02-18,0.284063685369
2010-02-19,0.21416685025
2010-02-22,0.140027457348
2010-02-23,0.0726169175789
2010-02-24,0.0117076568031
2010-02-25,-0.0329083477769
2010-02-26,-0.0820344664368
2010-03-01,-0.136195157165
2010-03-02,-0.227337010603
2010-03-03,-0.305906943255
2010-03-04,-0.372036523468
2010-03-05,-0.432477802118
2010-03-08,-0.481969822624
2010-03-09,-0.523527119787
2010-03-10,-0.564610216307
2010-03-11,-0.601926561196
2010-03-12,-0.638618928273
2010-03-15,-0.671851333418
2010-03-16,-0.697455129042
2010-03-17,-0.718271699595
2010-03-18,-0.728777726368
2010-03-19,-0.717479708652
2010-03-22,-0.689734784581
2010-03-23,-0.662607973213
2010-03-24,-0.629067724151
2010-03-25,-0.589116288709
2010-03-26,-0.532711040493
2010-03-28,-0.476580738628
2010-03-29,-0.431442798266
2010-03-30,-0.402742891276
2010-03-31,-0.394133720718
2010-04-01,-0.398440489731
2010-04-04,-0.412833128495
2010-04-05,-0.436700244489
2010-04-06,-0.451011947961
2010-04-07,-0.460397207373
2010-04-08,-0.466845078757
2010-04-11,-0.479103252972
2010-04-12,-0.518374383913
2010-04-13,-0.553175728292
2010-04-14,-0.580329630744
2010-04-15,-0.596916482528
2010-04-18,-0.60283112897
2010-04-19,-0.605407034738
2010-04-20,-0.607509577
2010-04-21,-0.599432145236
2010-04-22,-0.584976843014
2010-04-25,-0.57732558939
2010-04-26,-0.561461700972
2010-04-27,-0.544522114698
2010-04-28,-0.542721674897
2010-04-29,-0.551135655728
2010-05-02,-0.563470212255
2010-05-03,-0.5663193467
2010-05-04,-0.544733934593
2010-05-05,-0.476945013831
2010-05-06,-0.374322355367
2010-05-09,-0.297971833364
2010-05-10,-0.241607534926
2010-05-11,-0.201870402445
2010-05-12,-0.176739525018
2010-05-13,-0.143467198227
2010-05-16,-0.106589863125
2010-05-17,-0.0623567253669
2010-05-18,-0.00832592443198
2010-05-19,0.0802891103196
2010-05-20,0.163278921045
2010-05-23,0.246366126936
2010-05-24,0.327691078938
2010-05-25,0.399184538959
2010-05-26,0.432187502429
2010-05-27,0.436826774514
2010-05-30,0.421964926535
2010-05-31,0.40546910146
2010-06-01,0.385615740176
2010-06-02,0.356581384617
2010-06-03,0.333216323407
2010-06-06,0.333590096196
2010-06-07,0.339438785073
2010-06-08,0.336705356425
2010-06-09,0.310280805147
2010-06-10,0.268738837241
2010-06-13,0.213029219505
2010-06-14,0.140460219032
2010-06-15,0.0615360519461
2010-06-16,-0.0187247631728
2010-06-17,-0.103678435615
2010-06-20,-0.192448733847
2010-06-21,-0.277156084906
2010-06-22,-0.33504194147
2010-06-23,-0.385908584367
2010-06-24,-0.428505824413
2010-06-27,-0.462097800935
2010-06-28,-0.472877924187
2010-06-29,-0.478016544205
2010-06-30,-0.474183696108
2010-07-01,-0.478477508883
2010-07-04,-0.487726610122
2010-07-05,-0.502722396186
2010-07-06,-0.52108510021
2010-07-07,-0.538044772734
2010-07-08,-0.559422489594
2010-07-11,-0.579637352748
2010-07-12,-0.599594211595
2010-07-13,-0.611745142153
2010-07-14,-0.615204945182
2010-07-15,-0.604901155141
2010-07-18,-0.583538007183
2010-07-19,-0.562850007332
2010-07-20,-0.544256981682
2010-07-21,-0.533719997683
2010-07-22,-0.527937287948
2010-07-25,-0.521831941084
2010-07-26,-0.518026388919
2010-07-27,-0.514299519694
2010-07-28,-0.508743917542
2010-07-29,-0.505353459091
2010-08-01,-0.511895229274
2010-08-02,-0.51745925441
2010-08-03,-0.521481583472
2010-08-04,-0.524315505212
2010-08-05,-0.525083544701
2010-08-08,-0.550421141185
2010-08-09,-0.564002090684
2010-08-10,-0.563562619478
2010-08-11,-0.548708499511
2010-08-12,-0.526102312007
2010-08-15,-0.524800931808
2010-08-16,-0.516982932111
2010-08-17,-0.509242230078
2010-08-18,-0.500759920658
2010-08-19,-0.484845273834
2010-08-22,-0.492142198246
2010-08-23,-0.485022915172
2010-08-24,-0.46890872871
2010-08-25,-0.4451654043
2010-08-26,-0.422377974249
2010-08-29,-0.433931984273
2010-08-30,-0.433740407888
2010-08-31,-0.428579740394
2010-09-01,-0.425971969827
2010-09-02,-0.424961027604
2010-09-05,-0.46239579217
2010-09-06,-0.492064990796
2010-09-07,-0.511787640027
2010-09-08,-0.529853506368
2010-09-09,-0.542958943218
2010-09-12,-0.5834442053
2010-09-13,-0.610177911235
2010-09-14,-0.634703134962
2010-09-15,-0.644279721002
2010-09-16,-0.645194829842
2010-09-19,-0.669728439533
2010-09-20,-0.671575291946
2010-09-21,-0.659272015091
2010-09-22,-0.666768626673
2010-09-23,-0.660246748156
2010-09-26,-0.675091848015
2010-09-27,-0.67580363429
2010-09-28,-0.666621533315
2010-09-29,-0.653917895507
2010-09-30,-0.642997363651
2010-10-03,-0.668987462215
2010-10-04,-0.678815246572
2010-10-05,-0.693447936527
2010-10-06,-0.700626207343
2010-10-07,-0.705280976331
2010-10-10,-0.737068434176
2010-10-11,-0.762561145069
2010-10-12,-0.776553047152
2010-10-13,-0.791479385603
2010-10-14,-0.80027045016
2010-10-17,-0.83476731642
2010-10-18,-0.844331304757
2010-10-19,-0.825991488526
2010-10-20,-0.798443786077
2010-10-21,-0.754321064153
2010-10-24,-0.729872021132
2010-10-25,-0.685638967438
2010-10-26,-0.628860500086
2010-10-27,-0.556661924525
2010-10-28,-0.481032132616
2010-11-01,-0.445519736954
2010-11-02,-0.402994879755
2010-11-03,-0.359833017558
2010-11-04,-0.325185119341
2010-11-05,-0.305747458172
2010-11-08,-0.294224853492
2010-11-09,-0.278323468417
2010-11-10,-0.260418976132
2010-11-11,-0.234062924186
2010-11-12,-0.197160108089
2010-11-15,-0.18517814734
2010-11-16,-0.160926406915
2010-11-17,-0.121192896207
2010-11-18,-0.0797628959182
2010-11-19,-0.0485779545091
2010-11-22,-0.0478210365157
2010-11-23,-0.0390100347131
2010-11-24,-0.0187333696498
2010-11-25,0.000527458216915
2010-11-26,0.0138455289813
2010-11-29,0.0303079070549
2010-11-30,0.0399918435988
2010-12-01,0.0428427356231
2010-12-02,0.0356560546538
2010-12-03,0.0193908181944
2010-12-06,-0.0400589565895
2010-12-07,-0.0978129236911
2010-12-08,-0.15427842929
2010-12-09,-0.198506240663
2010-12-10,-0.226137392257
2010-12-13,-0.241136072385
2010-12-14,-0.254351853381
2010-12-15,-0.265719841449
2010-12-16,-0.271863786318
2010-12-17,-0.271216058437
2010-12-20,-0.288267550283
2010-12-21,-0.292077815493
2010-12-22,-0.291076192812
2010-12-23,-0.287567241378
2010-12-24,-0.286425905044
2010-12-27,-0.287641563142
2010-12-28,-0.293448480589
2010-12-29,-0.298699714024
2010-12-30,-0.310232798449
2010-12-31,-0.334171813702
2011-01-03,-0.391260343779
2011-01-04,-0.447885397419
2011-01-05,-0.488648019677
2011-01-06,-0.512429676258
2011-01-07,-0.517402173225
2011-01-10,-0.538787582666
2011-01-11,-0.537763703488
2011-01-12,-0.549432043411
2011-01-13,-0.577491575183
2011-01-14,-0.588001999612
2011-01-17,-0.598231241677
2011-01-18,-0.587295872553
2011-01-19,-0.568992032679
2011-01-20,-0.547140720875
2011-01-21,-0.543599322297
2011-01-24,-0.560203412938
2011-01-25,-0.55826752488
2011-01-26,-0.54569907985
2011-01-27,-0.554946136183
2011-01-28,-0.545480936811
2011-01-31,-0.546022750269
2011-02-01,-0.533225810163
2011-02-02,-0.513105391609
2011-02-03,-0.4902656845
2011-02-04,-0.463052611724
2011-02-07,-0.459531877883
2011-02-08,-0.468404146977
2011-02-09,-0.462921592712
2011-02-10,-0.449659677116
2011-02-11,-0.430521866911
2011-02-14,-0.436325928593
2011-02-15,-0.427560264121
2011-02-16,-0.408477304039
2011-02-17,-0.383308275734
2011-02-18,-0.359354235224
2011-02-21,-0.36456605864
2011-02-22,-0.356895517535
2011-02-23,-0.339433821618
2011-02-24,-0.316345944856
2011-02-25,-0.295555419156
2011-02-28,-0.278722198579
2011-03-01,-0.265851560929
2011-03-02,-0.256883899487
2011-03-03,-0.252636973064
2011-03-04,-0.254251614999
2011-03-07,-0.264961076802
2011-03-08,-0.273703881765
2011-03-09,-0.279577073332
2011-03-10,-0.282844593176
2011-03-11,-0.281722460106
2011-03-14,-0.279482301695
2011-03-15,-0.271483101993
2011-03-16,-0.261198561944
2011-03-17,-0.24257719007
2011-03-18,-0.217675117036
2011-03-21,-0.199310483765
2011-03-22,-0.186151770512
2011-03-23,-0.179546482771
2011-03-24,-0.177123833995
2011-03-25,-0.179031731744
2011-03-27,-0.188076146801
2011-03-28,-0.195401493637
2011-03-29,-0.203729451636
2011-03-30,-0.228147285754
2011-03-31,-0.262142723064
2011-04-03,-0.309079995762
2011-04-04,-0.365432351813
2011-04-05,-0.423401847447
2011-04-06,-0.474477454721
2011-04-07,-0.530602256209
2011-04-10,-0.599331240255
2011-04-11,-0.667607433039
2011-04-12,-0.723015712945
2011-04-13,-0.765770969755
2011-04-14,-0.799975175202
2011-04-17,-0.841896918129
2011-04-18,-0.869741063432
2011-04-19,-0.892455529832
2011-04-20,-0.914871486572
2011-04-21,-0.933832621705
2011-04-24,-0.952426543665
2011-04-25,-0.959464648772
2011-04-26,-0.963473801224
2011-04-27,-0.962352846835
2011-04-28,-0.944605486457
2011-05-01,-0.929344196579
2011-05-02,-0.907054328973
2011-05-03,-0.873599775145
2011-05-04,-0.82334653545
2011-05-05,-0.752389202188
2011-05-08,-0.685918872391
2011-05-09,-0.615469948214
2011-05-10,-0.550309811702
2011-05-11,-0.483771861928
2011-05-12,-0.421290324609
2011-05-15,-0.353257973809
2011-05-16,-0.287845350089
2011-05-17,-0.234763106266
2011-05-18,-0.196052100374
2011-05-19,-0.165831972889
2011-05-22,-0.145326095606
2011-05-23,-0.117264019859
2011-05-24,-0.0912773143286
2011-05-25,-0.0694416762342
2011-05-26,-0.0541525570534
2011-05-29,-0.060278636112
2011-05-30,-0.0806523460538
2011-05-31,-0.117463284968
2011-06-01,-0.155267498369
2011-06-02,-0.20023849613
2011-06-05,-0.252431279755
2011-06-06,-0.299817836858
2011-06-07,-0.343406750206
2011-06-08,-0.379497895088
2011-06-09,-0.4055649243
2011-06-12,-0.419050771211
2011-06-13,-0.426871887061
2011-06-14,-0.43600451166
2011-06-15,-0.434715400656
2011-06-16,-0.421269727049
2011-06-19,-0.409885653924
2011-06-20,-0.397577628217
2011-06-21,-0.388718650898
2011-06-22,-0.382430228714
2011-06-23,-0.375735084787
2011-06-26,-0.369110095424
2011-06-27,-0.359693862947
2011-06-28,-0.358548579819
2011-06-29,-0.367159460967
2011-06-30,-0.385926649776
2011-07-03,-0.417006551855
2011-07-04,-0.452208369459
2011-07-05,-0.480621108029
2011-07-06,-0.499562497396
2011-07-07,-0.519459827888
2011-07-10,-0.534059129944
2011-07-11,-0.533395054387
2011-07-12,-0.525583992568
2011-07-13,-0.51708674998
2011-07-14,-0.50288988361
2011-07-17,-0.490166484137
2011-07-18,-0.474418538293
2011-07-19,-0.462832989171
2011-07-20,-0.455971112981
2011-07-21,-0.457242796385
2011-07-24,-0.462122244034
2011-07-25,-0.474152865769
2011-07-26,-0.495499744791
2011-07-27,-0.504008625062
2011-07-28,-0.503591487675
2011-07-31,-0.506405381838
2011-08-01,-0.503961715532
2011-08-02,-0.494569339245
2011-08-03,-0.480902178479
2011-08-04,-0.456751593385
2011-08-07,-0.417445138751
2011-08-08,-0.368039084394
2011-08-09,-0.29652629238
2011-08-10,-0.218409745807
2011-08-11,-0.13948528374
2011-08-14,-0.071286276924
2011-08-15,-0.0268700003269
2011-08-16,-0.00282535017257
2011-08-17,0.00342145037251
2011-08-18,0.0140895992431
2011-08-21,0.0196404903324
2011-08-22,0.0252629031146
2011-08-23,0.0270334112176
2011-08-24,0.0314664770666
2011-08-25,0.0377035605673
2011-08-28,0.0389200814387
2011-08-29,0.0330041980632
2011-08-30,0.0178071674702
2011-08-31,-0.00530267825527
2011-09-01,-0.0231643450684
2011-09-04,-0.0195068990781
2011-09-05,0.00820739769839
2011-09-06,0.0551641030765
2011-09-07,0.107299211909
2011-09-08,0.158063269881
2011-09-11,0.2178570171
2011-09-12,0.295649868104
2011-09-13,0.384049062813
2011-09-14,0.480261647741
2011-09-15,0.566088253864
2011-09-18,0.639881832912
2011-09-19,0.743047512755
2011-09-20,0.861020767995
2011-09-21,1.00400894671
2011-09-22,1.17711903551
2011-09-25,1.34468429744
2011-09-26,1.49072484104
2011-09-27,1.58627410866
2011-09-28,1.65007469194
2011-09-29,1.69210196017
2011-10-02,1.72502347173
2011-10-03,1.76953713509
2011-10-04,1.79269841107
2011-10-05,1.78716518686
2011-10-06,1.74373221092
2011-10-09,1.64866923023
2011-10-10,1.51303747756
2011-10-11,1.35042057584
2011-10-12,1.19611810446
2011-10-13,1.0340064196
2011-10-16,0.865439850709
2011-10-17,0.720108073251
2011-10-18,0.58928938871
2011-10-19,0.474733677109
2011-10-20,0.389590846037
2011-10-23,0.314715491429
2011-10-24,0.238375176299
2011-10-25,0.171077027028
2011-10-26,0.11002126704
2011-10-27,0.0269943087888
2011-10-31,-0.0786996541872
2011-11-01,-0.190362937547
2011-11-02,-0.271384512623
2011-11-03,-0.33390002335
2011-11-04,-0.382359584884
2011-11-07,-0.409035443854
2011-11-08,-0.419749599268
2011-11-09,-0.425487853379
2011-11-10,-0.417505775746
2011-11-11,-0.398970035646
2011-11-14,-0.386029302989
2011-11-15,-0.365619550992
2011-11-16,-0.335648858592
2011-11-17,-0.30045648396
2011-11-18,-0.267042298766
2011-11-21,-0.228748712892
2011-11-22,-0.174182293116
2011-11-23,-0.108091713901
2011-11-24,-0.0110552492817
2011-11-25,0.109127197402
2011-11-28,0.239497419377
2011-11-29,0.353549975413
2011-11-30,0.442426704517
2011-12-01,0.489971901437
2011-12-02,0.502263544315
2011-12-05,0.487933591751
2011-12-06,0.447007537203
2011-12-07,0.396578054632
2011-12-08,0.34583532692
2011-12-09,0.306791862973
2011-12-12,0.264512200779
2011-12-13,0.228146237064
2011-12-14,0.224333863848
2011-12-15,0.250811023678
2011-12-16,0.28366712935
2011-12-19,0.314261530017
2011-12-20,0.34837066013
2011-12-21,0.367297247406
2011-12-22,0.38213080033
2011-12-23,0.389725434272
2011-12-26,0.394995907695
2011-12-27,0.396802184698
2011-12-28,0.396339328972
2011-12-29,0.402675157901
2011-12-30,0.404840304443
2012-01-02,0.401138532154
2012-01-03,0.397000608505
2012-01-04,0.370804521596
2012-01-05,0.321472916461
2012-01-06,0.273155052779
2012-01-09,0.229496642105
2012-01-10,0.186171361894
2012-01-11,0.120109658163
2012-01-12,0.0450425091967
2012-01-13,-0.045427545251
2012-01-16,-0.135531877605
2012-01-17,-0.227556713496
2012-01-18,-0.315869272551
2012-01-19,-0.403514468385
2012-01-20,-0.493159821894
2012-01-23,-0.576121734018
2012-01-24,-0.654451464363
2012-01-25,-0.721127018335
2012-01-26,-0.774977524504
2012-01-27,-0.763335012646
2012-01-30,-0.776165263532
2012-01-31,-0.797642915686
2012-02-01,-0.823004981043
2012-02-02,-0.855702263711
2012-02-03,-0.89772730195
2012-02-06,-0.943508537261
2012-02-07,-0.982785939786
2012-02-08,-1.01365273968
2012-02-09,-1.03949921633
2012-02-10,-1.06069151009
2012-02-13,-1.07407504515
2012-02-14,-1.08203534732
2012-02-15,-1.08373556843
2012-02-16,-1.0727975317
2012-02-17,-1.05965256556
2012-02-20,-1.04752020715
2012-02-21,-1.03025193897
2012-02-22,-1.01042278749
2012-02-23,-0.993694602737
2012-02-24,-0.973618527038
2012-02-27,-0.954399355692
2012-02-28,-0.935495877671
2012-02-29,-0.920925743482
2012-03-01,-0.897366240597
2012-03-02,-0.869694202533
2012-03-05,-0.830332544896
2012-03-06,-0.779449460129
2012-03-07,-0.710364398382
2012-03-08,-0.628662427789
2012-03-09,-0.545042933981
2012-03-12,-0.447853878906
2012-03-13,-0.341175385978
2012-03-14,-0.238236293924
2012-03-15,-0.13605016614
2012-03-16,-0.0422343799268
2012-03-19,0.0398740960968
2012-03-20,0.123102478541
2012-03-21,0.198036350576
2012-03-22,0.265794283853
2012-03-23,0.323719374004
2012-03-25,0.366083944708
2012-03-26,0.399601625838
2012-03-27,0.426731466724
2012-03-28,0.44819076029
2012-03-29,0.46190602657
2012-04-01,0.471282678743
2012-04-02,0.479931461572
2012-04-03,0.483956018521
2012-04-04,0.482244443887
2012-04-05,0.472730018878
2012-04-08,0.4566266488
2012-04-09,0.433980273905
2012-04-10,0.414683299546
2012-04-11,0.398222384522
2012-04-12,0.378102153775
2012-04-15,0.361805727384
2012-04-16,0.352185676393
2012-04-17,0.353242339922
2012-04-18,0.370731648829
2012-04-19,0.397255905003
2012-04-22,0.422159202053
2012-04-23,0.447855673462
2012-04-24,0.470850590892
2012-04-25,0.48904273618
2012-04-26,0.504500991466
2012-04-29,0.517013515978
2012-04-30,0.536735287296
2012-05-01,0.558522719438
2012-05-02,0.587770115477
2012-05-03,0.611118734555
2012-05-06,0.637484236738
2012-05-07,0.657686615733
2012-05-08,0.681953740333
2012-05-09,0.723645075869
2012-05-10,0.76177638498
2012-05-13,0.801020374008
2012-05-14,0.852356799636
2012-05-15,0.910311350127
2012-05-16,0.966470260926
2012-05-17,1.02060700718
2012-05-20,1.07602649243
2012-05-21,1.13229709847
2012-05-22,1.21478422517
2012-05-23,1.27131014364
2012-05-24,1.30533433203
2012-05-27,1.2952998977
2012-05-28,1.2530652787
2012-05-29,1.1952955393
2012-05-30,1.14077250363
2012-05-31,1.09400510096
2012-06-03,1.05930934204
2012-06-04,1.03918310877
2012-06-05,1.00820343678
2012-06-06,0.975036457934
2012-06-07,0.938317917833
2012-06-10,0.894229278823
2012-06-11,0.869328733286
2012-06-12,0.857026530576
2012-06-13,0.85313733397
2012-06-14,0.84467479353
2012-06-17,0.825779169976
2012-06-18,0.805781306839
2012-06-19,0.765170584244
2012-06-20,0.708364975717
2012-06-21,0.665151765909
2012-06-24,0.632859131235
2012-06-25,0.603828459761
2012-06-26,0.584759950078
2012-06-27,0.570944665262
2012-06-28,0.560630685116
2012-07-01,0.511912488394
2012-07-02,0.426053391766
2012-07-03,0.333644304076
2012-07-04,0.251006464176
2012-07-05,0.173322691378
2012-07-08,0.107017764708
2012-07-09,0.0527286075327
2012-07-10,0.00878935980942
2012-07-11,-0.0253627152976
2012-07-12,-0.0512084042748
2012-07-15,-0.0705720025871
2012-07-16,-0.0870866482452
2012-07-17,-0.109088222323
2012-07-18,-0.134881603865
2012-07-19,-0.166149128637
2012-07-22,-0.192616840408
2012-07-23,-0.206997230817
2012-07-24,-0.207863955786
2012-07-25,-0.207674023117
2012-07-26,-0.21417559299
2012-07-29,-0.224122598151
2012-07-30,-0.224537948058
2012-07-31,-0.209518706386
2012-08-01,-0.194107085395
2012-08-02,-0.175719746338
2012-08-05,-0.168928775184
2012-08-06,-0.169053292879
2012-08-07,-0.174471006321
2012-08-08,-0.186531206545
2012-08-09,-0.204549149149
2012-08-12,-0.227280365932
2012-08-13,-0.248449559174
2012-08-14,-0.263983915403
2012-08-15,-0.276382893424
2012-08-16,-0.290986689265
2012-08-19,-0.306432282508
2012-08-20,-0.321555075098
2012-08-21,-0.337455183151
2012-08-22,-0.350241601583
2012-08-23,-0.35581973374
2012-08-26,-0.356145444346
2012-08-27,-0.348331156558
2012-08-28,-0.329856759551
2012-08-29,-0.301937660719
2012-08-30,-0.270282467239
2012-09-02,-0.248148486638
2012-09-03,-0.232599502913
2012-09-04,-0.217328273624
2012-09-05,-0.203367238547
2012-09-06,-0.1975045936
2012-09-09,-0.196944032003
2012-09-10,-0.203293698249
2012-09-11,-0.217993157692
2012-09-12,-0.230330092547
2012-09-13,-0.243790074594
2012-09-16,-0.262373590268
2012-09-17,-0.27101352343
2012-09-18,-0.278897335379
2012-09-19,-0.284876680529
2012-09-20,-0.291204895549
2012-09-23,-0.296894366565
2012-09-24,-0.299037080675
2012-09-25,-0.295991394908
2012-09-26,-0.286834072066
2012-09-27,-0.277794332683
2012-09-30,-0.271751690484
2012-10-01,-0.267596213841
2012-10-02,-0.263561219252
2012-10-03,-0.263449977894
2012-10-04,-0.267246833763
2012-10-07,-0.284024237948
2012-10-08,-0.289881023388
2012-10-09,-0.287312706705
2012-10-10,-0.27446250789
2012-10-11,-0.255931317157
2012-10-14,-0.233153054701
2012-10-15,-0.212612906813
2012-10-16,-0.195822426472
2012-10-17,-0.184379060213
2012-10-18,-0.179260784987
2012-10-21,-0.178508897246
2012-10-22,-0.182400674177
2012-10-23,-0.187739767529
2012-10-24,-0.194571027352
2012-10-25,-0.202135919468
2012-10-29,-0.209152717742
2012-10-30,-0.212232599098
2012-10-31,-0.213838948121
2012-11-01,-0.215127447906
2012-11-02,-0.215277262908
2012-11-05,-0.215161229119
2012-11-06,-0.211818617789
2012-11-07,-0.209632932086
2012-11-08,-0.206099598048
2012-11-09,-0.199554282954
2012-11-12,-0.18733675445
2012-11-13,-0.169548268588
2012-11-14,-0.144795001079
2012-11-15,-0.113433182204
2012-11-16,-0.0792218428113
2012-11-19,-0.0362569643387
2012-11-20,0.00751951837875
2012-11-21,0.0506826529052
2012-11-22,0.0994325697532
2012-11-23,0.152805600305
2012-11-26,0.191992754648
2012-11-27,0.219947278457
2012-11-28,0.239334016977
2012-11-29,0.256385316737
2012-11-30,0.272088690116
2012-12-03,0.307075240809
2012-12-04,0.342526772751
2012-12-05,0.374626521695
2012-12-06,0.383532465058
2012-12-07,0.369608865568
2012-12-10,0.339277984376
2012-12-11,0.300496763271
2012-12-12,0.256878482663
2012-12-13,0.208384919194
2012-12-14,0.166386133081
2012-12-17,0.130200262039
2012-12-18,0.104489558411
2012-12-19,0.0818125412093
2012-12-20,0.0506423657275
2012-12-21,0.0151829427818
2012-12-24,-0.0291887816551
2012-12-25,-0.0665569720383
2012-12-26,-0.0966968582552
2012-12-27,-0.137849716628
2012-12-28,-0.18761349222
2012-12-31,-0.23831723618
2013-01-01,-0.283717875873
2013-01-02,-0.326254839755
2013-01-03,-0.364565654518
2013-01-04,-0.396140699938
2013-01-07,-0.430889263191
2013-01-08,-0.468829739485
2013-01-09,-0.498345511517
2013-01-10,-0.516051879254
2013-01-11,-0.5363417247
2013-01-14,-0.555352235416
2013-01-15,-0.570281846802
2013-01-16,-0.582225535911
2013-01-17,-0.585356906754
2013-01-18,-0.584530768575
2013-01-21,-0.585167349715
2013-01-22,-0.579908560766
2013-01-23,-0.569013981555
2013-01-24,-0.558837094656
2013-01-25,-0.55212647513
2013-01-28,-0.547104371944
2013-01-29,-0.563123942413
2013-01-30,-0.594945714527
2013-01-31,-0.632762512988
2013-02-01,-0.669900907163
2013-02-04,-0.705991304936
2013-02-05,-0.733533662493
2013-02-06,-0.7599211072
2013-02-07,-0.781204427845
2013-02-08,-0.809802818573
2013-02-11,-0.836299962202
2013-02-12,-0.858334346057
2013-02-13,-0.876060867526
2013-02-14,-0.891376678611
2013-02-15,-0.907401116012
2013-02-18,-0.916309471839
2013-02-19,-0.921890515553
2013-02-20,-0.926851962735
2013-02-21,-0.926021827755
2013-02-22,-0.913311757718
2013-02-25,-0.893833594028
2013-02-26,-0.863090036975
2013-02-27,-0.824555981803
2013-02-28,-0.786249392653
2013-03-01,-0.746946824494
2013-03-04,-0.705965954153
2013-03-05,-0.670766085709
2013-03-06,-0.644993939066
2013-03-07,-0.620834832689
2013-03-08,-0.604524690459
2013-03-11,-0.603281511872
2013-03-12,-0.601846758015
2013-03-13,-0.594757973622
2013-03-14,-0.580285880931
2013-03-15,-0.560876579966
2013-03-18,-0.534737069419
2013-03-19,-0.502768752263
2013-03-20,-0.468334882645
2013-03-21,-0.432598505645
2013-03-22,-0.385544658946
2013-03-25,-0.332721102221
2013-03-26,-0.279123056272
2013-03-27,-0.222624312673
2013-03-28,-0.170014716953
2013-03-29,-0.11756559233
2013-03-31,-0.068356529021
2013-04-01,-0.0263940586172
2013-04-02,0.0103632365531
2013-04-03,0.042749565244
2013-04-04,0.0653281204538
2013-04-07,0.062807393437
2013-04-08,0.0477520980702
2013-04-09,0.0197279828937
2013-04-10,-0.019812689896
2013-04-11,-0.0640725808537
2013-04-14,-0.114329100124
2013-04-15,-0.147639598802
2013-04-16,-0.176521538946
2013-04-17,-0.194039391789
2013-04-18,-0.212504247307
2013-04-21,-0.217089096447
2013-04-22,-0.206605476559
2013-04-23,-0.185855179533
2013-04-24,-0.165475302562
2013-04-25,-0.151986926126
2013-04-28,-0.147184302446
2013-04-29,-0.141126398409
2013-04-30,-0.1372443113
2013-05-01,-0.135043442035
2013-05-02,-0.131244304724
2013-05-05,-0.127751567021
2013-05-06,-0.124596368728
2013-05-07,-0.122134097107
2013-05-08,-0.123443290843
2013-05-09,-0.122343758129
2013-05-12,-0.117457588202
2013-05-13,-0.115116279471
2013-05-14,-0.107729296903
2013-05-15,-0.0969977140569
2013-05-16,-0.0834947184131
2013-05-19,-0.0643493584269
2013-05-20,-0.0404686472953
2013-05-21,-0.0169960430014
2013-05-22,0.0118767938603
2013-05-23,0.0394534892543
2013-05-26,0.0674886468856
2013-05-27,0.0974559794768
2013-05-28,0.138019321812
2013-05-29,0.201582186987
2013-05-30,0.275457903583
2013-06-02,0.340477823626
2013-06-03,0.413349472739
2013-06-04,0.487396922365
2013-06-05,0.557281650751
2013-06-06,0.620409349696
2013-06-09,0.674036358552
2013-06-10,0.716818820794
2013-06-11,0.74838541384
2013-06-12,0.783626785952
2013-06-13,0.796268273488
2013-06-16,0.779946523448
2013-06-17,0.785231075441
2013-06-18,0.807107322097
2013-06-19,0.862759814102
2013-06-20,0.95234376846
2013-06-23,1.04585557662
2013-06-24,1.12655321483
2013-06-25,1.18298748607
2013-06-26,1.20416014563
2013-06-27,1.20443539073
2013-06-30,1.18444234894
2013-07-01,1.16912478822
2013-07-02,1.16824853668
2013-07-03,1.18261833411
2013-07-04,1.1925068142
2013-07-07,1.19667401023
2013-07-08,1.20185034714
2013-07-09,1.19983379505
2013-07-10,1.19954894098
2013-07-11,1.18646447664
2013-07-14,1.16851299579
2013-07-15,1.11891817363
2013-07-16,1.067762042
2013-07-17,1.00037909955
2013-07-18,0.92290044481
2013-07-21,0.853789531709
2013-07-22,0.782628399194
2013-07-23,0.699923626201
2013-07-24,0.63158143496
2013-07-25,0.572167940668
2013-07-28,0.527529107408
2013-07-29,0.499790236135
2013-07-30,0.48980714996
2013-07-31,0.486526749053
2013-08-01,0.501846203007
2013-08-04,0.516403707691
2013-08-05,0.538740534384
2013-08-06,0.55873965743
2013-08-07,0.579548138946
2013-08-08,0.583129116019
2013-08-11,0.568137192568
2013-08-12,0.549633234989
2013-08-13,0.543230373885
2013-08-14,0.549203235077
2013-08-15,0.5702371573
2013-08-18,0.626462209785
2013-08-19,0.712586978956
2013-08-20,0.801706340842
2013-08-21,0.916782077973
2013-08-22,1.03062868883
2013-08-25,1.08461378932
2013-08-26,1.11296010663
2013-08-27,1.11616815567
2013-08-28,1.08541158739
2013-08-29,1.03981522588
2013-09-01,0.998599147357
2013-09-02,0.956064414909
2013-09-03,0.90135694117
2013-09-04,0.840330384556
2013-09-05,0.754490837728
2013-09-08,0.643904913323
2013-09-09,0.506179748461
2013-09-10,0.361818097061
2013-09-11,0.213435169311
2013-09-12,0.0697434961176
2013-09-15,-0.0618091505046
2013-09-16,-0.176544737275
2013-09-17,-0.292821368361
2013-09-18,-0.442816305171
2013-09-19,-0.597243197339
2013-09-22,-0.739644352688
2013-09-23,-0.872654835039
2013-09-24,-0.991995161204
2013-09-25,-1.07827951829
2013-09-26,-1.12834161978
2013-09-29,-1.16045772424
2013-09-30,-1.18083038911
2013-10-01,-1.19316584291
2013-10-02,-1.21091951815
2013-10-03,-1.22008694429
2013-10-06,-1.21965230247
2013-10-07,-1.21930458901
2013-10-08,-1.21269330261
2013-10-09,-1.20143912379
2013-10-10,-1.2019483109
2013-10-13,-1.21060359647
2013-10-14,-1.21592172479
2013-10-15,-1.21721705593
2013-10-16,-1.21289379957
2013-10-17,-1.21464463257
2013-10-20,-1.22528467607
2013-10-21,-1.22348010845
2013-10-22,-1.21224001316
2013-10-23,-1.18363253691
2013-10-24,-1.13520272432
2013-10-28,-1.08433690407
2013-10-29,-1.03668163324
2013-10-30,-0.989100681874
2013-10-31,-0.942866788806
2013-11-01,-0.869099057584
2013-11-04,-0.769148966642
2013-11-05,-0.663182041541
2013-11-06,-0.537116169509
2013-11-07,-0.40147619132
2013-11-08,-0.254924591701
2013-11-11,-0.105567632164
2013-11-12,0.047986596004
2013-11-13,0.196914198403
2013-11-14,0.333302595183
2013-11-15,0.443187605323
2013-11-18,0.531777457229
2013-11-19,0.568723178008
2013-11-20,0.574358463189
2013-11-21,0.558167860994
2013-11-22,0.546536000634
2013-11-25,0.520305095134
2013-11-26,0.48859794813
2013-11-27,0.460943314985
2013-11-28,0.454787809124
2013-11-29,0.453882810277
2013-12-02,0.463889808628
2013-12-03,0.491563596455
2013-12-04,0.538537919706
2013-12-05,0.602012646939
2013-12-06,0.652265365699
2013-12-09,0.66974670084
2013-12-10,0.660936582799
2013-12-11,0.627721501193
2013-12-12,0.597826007744
2013-12-13,0.565810812225
2013-12-16,0.528277632661
2013-12-17,0.486296261941
2013-12-18,0.438328862839
2013-12-19,0.394791357016
2013-12-20,0.369634833889
2013-12-23,0.372197843239
2013-12-24,0.374054661275
2013-12-25,0.374668726858
2013-12-26,0.372671458784
2013-12-27,0.366481123803
2013-12-30,0.345762626674
2013-12-31,0.330580417838
2014-01-01,0.318310604757
2014-01-02,0.306029804041
2014-01-03,0.309073254555
2014-01-06,0.312697622939
2014-01-07,0.316510732594
2014-01-08,0.316092880851
2014-01-09,0.325229960362
2014-01-10,0.33628462962
2014-01-13,0.326740106463
2014-01-14,0.305402591183
2014-01-15,0.273552221435
2014-01-16,0.23786773679
2014-01-17,0.203510281697
2014-01-20,0.163217685873
2014-01-21,0.116362277124
2014-01-22,0.077028931317
2014-01-23,0.0505662250278
2014-01-24,0.045196396494
2014-01-27,0.0540111705662
2014-01-28,0.0851369589955
2014-01-29,0.130765386654
2014-01-30,0.187447323763
2014-01-31,0.233491986061
2014-02-03,0.277175034798
2014-02-04,0.324516036417
2014-02-05,0.352604582752
2014-02-06,0.359514851581
2014-02-07,0.342189797311
2014-02-10,0.306778052801
2014-02-11,0.278542366034
2014-02-12,0.252336342922
2014-02-13,0.236665475743
2014-02-14,0.212326681393
2014-02-17,0.178821024943
2014-02-18,0.139048496684
2014-02-19,0.0990564528355
2014-02-20,0.0619296252713
2014-02-21,0.0166608270529
2014-02-24,-0.0486617088792
2014-02-25,-0.126043157855
2014-02-26,-0.205737951725
2014-02-27,-0.277466516719
2014-02-28,-0.357095220747
2014-03-03,-0.428915562501
2014-03-04,-0.487195731829
2014-03-05,-0.535271135441
2014-03-06,-0.585588443054
2014-03-07,-0.632321847912
2014-03-10,-0.664453145133
2014-03-11,-0.680387519578
2014-03-12,-0.674972735437
2014-03-13,-0.65956370463
2014-03-14,-0.632656298791
2014-03-17,-0.610946581134
2014-03-18,-0.589549182004
2014-03-19,-0.578309854364
2014-03-20,-0.56447464052
2014-03-21,-0.561291350436
2014-03-24,-0.566235069842
2014-03-25,-0.575957972893
2014-03-26,-0.59288122262
2014-03-27,-0.621974744564
2014-03-28,-0.677485486658
2014-03-30,-0.745699880051
2014-03-31,-0.809522012022
2014-04-01,-0.872293769756
2014-04-02,-0.925802226578
2014-04-03,-0.962491914782
2014-04-06,-1.0114511706
2014-04-07,-1.07329783946
2014-04-08,-1.14696752244
2014-04-09,-1.23227561507
2014-04-10,-1.30509133318
2014-04-13,-1.35805382303
2014-04-14,-1.39416704155
2014-04-15,-1.40289283673
2014-04-16,-1.38868409982
2014-04-17,-1.36399617266
2014-04-20,-1.33146765655
2014-04-21,-1.29323753142
2014-04-22,-1.24595157032
2014-04-23,-1.20419873242
2014-04-24,-1.17103895385
2014-04-27,-1.12567075207
2014-04-28,-1.08368688151
2014-04-29,-1.03664920222
2014-04-30,-0.990091522575
2014-05-01,-0.943001995537
2014-05-04,-0.905505370357
2014-05-05,-0.85870299095
2014-05-06,-0.815940330232
2014-05-07,-0.784139799681
2014-05-08,-0.760209526851
2014-05-11,-0.744451756016
2014-05-12,-0.732102142666
2014-05-13,-0.720428138423
2014-05-14,-0.715560564254
2014-05-15,-0.704945285866
2014-05-18,-0.693279524108
2014-05-19,-0.684801556322
2014-05-20,-0.672031428803
2014-05-21,-0.660696810273
2014-05-22,-0.646601410694
2014-05-25,-0.625848482882
2014-05-26,-0.599913925274
2014-05-27,-0.564510713855
2014-05-28,-0.527286565871
2014-05-29,-0.49252236668
2014-06-01,-0.452920671362
2014-06-02,-0.390509836814
2014-06-03,-0.315109851662
2014-06-04,-0.236037971009
2014-06-05,-0.169841843497
2014-06-08,-0.123135804129
2014-06-09,-0.100940211675
2014-06-10,-0.0996823488956
2014-06-11,-0.105404427076
2014-06-12,-0.117466489564
2014-06-15,-0.137417091659
2014-06-16,-0.155605983007
2014-06-17,-0.155180762477
2014-06-18,-0.16587486644
2014-06-19,-0.183257364314
2014-06-22,-0.199830464557
2014-06-23,-0.223082029603
2014-06-24,-0.24436894751
2014-06-25,-0.272993758035
2014-06-26,-0.310930676307
2014-06-29,-0.353761553437
2014-06-30,-0.385660692832
2014-07-01,-0.416551373903
2014-07-02,-0.430810884987
2014-07-03,-0.442408454381
2014-07-06,-0.449531340166
2014-07-07,-0.445661119617
2014-07-08,-0.442193622991
2014-07-09,-0.439849431304
2014-07-10,-0.431405257965
2014-07-13,-0.419774453935
2014-07-14,-0.412230748784
2014-07-15,-0.402339146962
2014-07-16,-0.388290504477
2014-07-17,-0.351994957717
2014-07-20,-0.322509306711
2014-07-21,-0.301012045149
2014-07-22,-0.291220854764
2014-07-23,-0.28477045508
2014-07-24,-0.280991722364
2014-07-27,-0.275061224545
2014-07-28,-0.269624873025
2014-07-29,-0.260265090848
2014-07-30,-0.239243629449
2014-07-31,-0.202427279002
2014-08-03,-0.162340829836
2014-08-04,-0.121496799882
2014-08-05,-0.0697088042599
2014-08-06,-0.0173927980242
2014-08-07,0.0455197455751
2014-08-10,0.102411650591
2014-08-11,0.147961250183
2014-08-12,0.184577932599
2014-08-13,0.21479179303
2014-08-14,0.229947148557
2014-08-17,0.223237335604
2014-08-18,0.207666418293
2014-08-19,0.17958694254
2014-08-20,0.152155613273
2014-08-21,0.131164617259
2014-08-24,0.117991529382
2014-08-25,0.115371757772
2014-08-26,0.104668484701
2014-08-27,0.0800182752064
2014-08-28,0.04349879738
2014-08-31,-0.00242036228901
2014-09-01,-0.0457207441941
2014-09-02,-0.0874531962252
2014-09-03,-0.129706891393
2014-09-04,-0.167258757317
2014-09-07,-0.200922133545
2014-09-08,-0.214763170795
2014-09-09,-0.204998816757
2014-09-10,-0.179871140575
2014-09-11,-0.140962942281
2014-09-14,-0.108957630057
2014-09-15,-0.04421979757
2014-09-16,0.0338502673667
2014-09-17,0.128036163775
2014-09-18,0.231113031016
2014-09-21,0.334329447866
2014-09-22,0.448643852313
2014-09-23,0.570440246975
2014-09-24,0.671204530003
2014-09-25,0.777875960607
2014-09-28,0.877224999946
2014-09-29,0.977918746063
2014-09-30,1.06701764182
2014-10-01,1.16764815841
2014-10-02,1.2730324729
2014-10-05,1.35094978764
2014-10-06,1.38685508031
2014-10-07,1.37230887173
2014-10-08,1.31214754161
2014-10-09,1.23508363892
2014-10-12,1.14296947208
2014-10-13,1.04570180459
2014-10-14,0.950610699661
2014-10-15,0.891666199136
2014-10-16,0.863687768097
2014-10-19,0.833750512311
2014-10-20,0.819899780097
2014-10-21,0.823569497191
2014-10-22,0.839246514014
2014-10-23,0.86575474971
2014-10-27,0.87967300986
2014-10-28,0.911696407602
2014-10-29,0.915317876189
2014-10-30,0.898088370531
2014-10-31,0.83365529946
2014-11-03,0.747442159819
2014-11-04,0.69534874314
2014-11-05,0.666168489126
2014-11-06,0.655091497463
2014-11-07,0.691609448981
2014-11-10,0.743706541939
2014-11-11,0.800888748508
2014-11-12,0.858779916722
2014-11-13,0.916604347487
2014-11-14,0.98188858313
2014-11-17,1.05193946443
2014-11-18,1.12292730164
2014-11-19,1.17289864215
2014-11-20,1.19797293391
2014-11-21,1.20331707574
2014-11-24,1.15941507017
2014-11-25,1.10137323226
2014-11-26,1.02556738987
2014-11-27,0.922862160297
2014-11-28,0.822952475179
2014-12-01,0.730097258323
2014-12-02,0.659048164368
2014-12-03,0.60790821315
2014-12-04,0.560877442478
2014-12-05,0.539700317782
2014-12-08,0.532795373361
2014-12-09,0.539503838674
2014-12-10,0.548522027958
2014-12-11,0.57034888243
2014-12-12,0.616617516385
2014-12-15,0.67550710016
2014-12-16,0.76167690539
2014-12-17,0.883035033667
2014-12-18,1.00413673505
2014-12-19,1.08547070139
2014-12-22,1.13298248895
2014-12-23,1.15708657184
2014-12-24,1.17870463058
2014-12-25,1.1944025308
2014-12-26,1.20461190163
2014-12-29,1.20611477104
2014-12-30,1.20260130064
2014-12-31,1.16674720175
2015-01-01,1.10935843338
2015-01-02,1.03783252902
2015-01-05,0.980227977505
2015-01-06,0.938463240943
2015-01-07,0.902381859003
2015-01-08,0.860032649129
2015-01-09,0.801289830251
2015-01-12,0.713756013531
2015-01-13,0.635885382821
2015-01-14,0.548494271026
2015-01-15,0.442046860601
2015-01-16,0.343044016471
2015-01-19,0.239986260539
2015-01-20,0.156714434285
2015-01-21,0.0678891763203
2015-01-22,-0.028482992492
2015-01-23,-0.14025349874
2015-01-26,-0.251939345771
2015-01-27,-0.356472864855
2015-01-28,-0.456893563266
2015-01-29,-0.54677902306
2015-01-30,-0.60899829588
2015-02-02,-0.604387562274
2015-02-03,-0.531428925358
2015-02-04,-0.437551517954
2015-02-05,-0.307776532786
2015-02-06,-0.160240034045
2015-02-09,0.0124583096834
2015-02-10,0.183624748586
2015-02-11,0.381311565568
2015-02-12,0.603708284932
2015-02-13,0.8000132738
2015-02-16,0.975333796356
2015-02-17,1.12271672888
2015-02-18,1.2415885463
2015-02-19,1.33777889233
2015-02-20,1.42803637682
2015-02-23,1.50650872474
2015-02-24,1.57562509036
2015-02-25,1.62090114748
2015-02-26,1.65143760869
2015-02-27,1.68772972413
2015-03-02,1.68196081256
2015-03-03,1.67803097825
2015-03-04,1.69141677975
2015-03-05,1.73567263878
2015-03-06,1.8090298816
2015-03-09,1.92496926029
2015-03-10,2.09452470078
2015-03-11,2.27129854516
2015-03-12,2.45221867811
2015-03-13,2.64102326915
2015-03-16,2.86559786748
2015-03-17,3.09247612684
2015-03-18,3.30327744369
2015-03-19,3.46865612414
2015-03-20,3.6301918107
2015-03-23,3.73404319196
2015-03-24,3.73164075459
2015-03-25,3.65828033835
2015-03-26,3.57068814204
2015-03-27,3.45980961333
2015-03-29,3.36734451223
2015-03-30,3.27427455238
2015-03-31,3.15604774268
2015-04-01,3.00654272534
2015-04-02,2.8135680922
2015-04-05,2.59616227142
2015-04-06,2.36838084284
2015-04-07,2.14211746124
2015-04-08,1.87762927097
2015-04-09,1.60353759422
2015-04-12,1.34312472207
2015-04-13,1.12870099349
2015-04-14,0.919703229508
2015-04-15,0.700079436631
2015-04-16,0.478955808275
2015-04-19,0.277300477605
2015-04-20,0.0930295146214
2015-04-21,-0.0734027996914
2015-04-22,-0.232313907502
2015-04-23,-0.39938297627
2015-04-26,-0.574102228496
2015-04-27,-0.764014814133
2015-04-28,-0.939766513262
2015-04-29,-1.08549446953
2015-04-30,-1.16911409138
2015-05-03,-1.20729949232
2015-05-04,-1.17128290617
2015-05-05,-1.10578222029
2015-05-06,-1.03734505539
2015-05-07,-0.973105436106
2015-05-10,-0.942115246618
2015-05-11,-0.882792037125
2015-05-12,-0.829810211089
2015-05-13,-0.77126115396
2015-05-14,-0.737982065852
2015-05-17,-0.720280378176
2015-05-18,-0.703856552461
2015-05-19,-0.67313625078
2015-05-20,-0.651337200188
2015-05-21,-0.615122004148
2015-05-24,-0.540712854205
2015-05-25,-0.443149948798
2015-05-26,-0.304080987065
2015-05-27,-0.151967720493
2015-05-28,0.0119878440468
2015-05-31,0.184247959241
2015-06-01,0.348083419789
2015-06-02,0.473099623368
2015-06-03,0.568266555965
2015-06-04,0.641939981772
2015-06-07,0.695927867189
2015-06-08,0.715470608374
2015-06-09,0.701912185338
2015-06-10,0.676856836842
2015-06-11,0.628292511535
2015-06-14,0.58271295359
2015-06-15,0.543391651916
2015-06-16,0.487141449224
2015-06-17,0.400502468896
2015-06-18,0.302175715346
2015-06-21,0.220886000329
2015-06-22,0.14840953532
2015-06-23,0.0782557118882
2015-06-24,0.0246973648043
2015-06-25,0.000782514067213
2015-06-28,-0.00309210960174
2015-06-29,-0.000915896767366
2015-06-30,0.000357017510204
2015-07-01,0.0221056907225
2015-07-02,0.0252205122818
2015-07-05,0.0362167313091
2015-07-06,0.054358196769
2015-07-07,0.100534742435
2015-07-08,0.191692174211
2015-07-09,0.29916481204
2015-07-12,0.372187285844
2015-07-13,0.404310584745
2015-07-14,0.410711508733
2015-07-15,0.398656658473
2015-07-16,0.382875867184
2015-07-19,0.384149406444
2015-07-20,0.399997364263
2015-07-21,0.409646884088
2015-07-22,0.441086033904
2015-07-23,0.520170025821
2015-07-26,0.66469913373
2015-07-27,0.843905382827
2015-07-28,1.02882954533
2015-07-29,1.18708866978
2015-07-30,1.34416966961
2015-08-02,1.51673253098
2015-08-03,1.70292886136
2015-08-04,1.89359025718
2015-08-05,2.08230151872
2015-08-06,2.28220839628
2015-08-09,2.47290919951
2015-08-10,2.58629394061
2015-08-11,2.65921920854
2015-08-12,2.6987265449
2015-08-13,2.73404408954
2015-08-16,2.73420705274
2015-08-17,2.70480265403
2015-08-18,2.64494511113
2015-08-19,2.57607803419
2015-08-20,2.48115044211
2015-08-23,2.39187823321
2015-08-24,2.33376336577
2015-08-25,2.32896823752
2015-08-26,2.34194748337
2015-08-27,2.33416009429
2015-08-30,2.324357854
2015-08-31,2.33135051705
2015-09-01,2.3849693191
2015-09-02,2.49447467453
2015-09-03,2.61612812353
2015-09-06,2.79296507848
2015-09-07,2.98549828516
2015-09-08,3.15940200803
2015-09-09,3.28329122483
2015-09-10,3.40138238678
2015-09-13,3.51295956074
2015-09-14,3.57285664368
2015-09-15,3.6168277983
2015-09-16,3.62176970322
2015-09-17,3.62945215771
2015-09-20,3.6571183423
2015-09-21,3.67925128998
2015-09-22,3.79167599988
2015-09-23,4.02289735324
2015-09-24,4.13702658019
2015-09-27,4.18356351369
2015-09-28,4.25968336931
2015-09-29,4.30642732361
2015-09-30,4.25425844415
2015-10-01,4.16487098769
2015-10-04,4.00396317619
2015-10-05,3.78696814617
2015-10-06,3.50162430425
2015-10-07,3.19883100385
2015-10-08,2.83614877354
2015-10-11,2.43534775705
2015-10-12,2.02692448868
2015-10-13,1.70444603804
2015-10-14,1.4011469893
2015-10-15,1.1137622662
2015-10-18,0.922206202212
2015-10-19,0.779083536927
2015-10-20,0.679794429605
2015-10-21,0.630804459214
2015-10-22,0.594109408426
2015-10-26,0.549798187407
2015-10-27,0.517494067597
2015-10-28,0.480902675232
2015-10-29,0.449828933494
2015-10-30,0.392116621166
2015-11-02,0.323161450638
2015-11-03,0.260306001208
2015-11-04,0.144186634219
2015-11-05,0.0163061307963
2015-11-06,-0.12171980031
2015-11-09,-0.267057077786
2015-11-10,-0.390414561155
2015-11-11,-0.524070620933
2015-11-12,-0.646443718315
2015-11-13,-0.752091239369
2015-11-16,-0.798116181425
2015-11-17,-0.811720286666
2015-11-18,-0.812945990862
2015-11-19,-0.828767499489
2015-11-20,-0.854957698106
2015-11-23,-0.920355707476
2015-11-24,-0.988457399504
2015-11-25,-1.07181603698
2015-11-26,-1.13356493182
2015-11-27,-1.17706637844
2015-11-30,-1.14532841417
2015-12-01,-1.05149923105
2015-12-02,-0.931044368712
2015-12-03,-0.809189863192
2015-12-04,-0.735606434607
2015-12-07,-0.697826993236
2015-12-08,-0.678517509135
2015-12-09,-0.639065043289
2015-12-10,-0.629562527505
2015-12-11,-0.600878910668
2015-12-14,-0.558022306937
2015-12-15,-0.466429067437
2015-12-16,-0.336163834523
2015-12-17,-0.195766662198
2015-12-18,-0.0660546358445
2015-12-21,0.108689762639
2015-12-22,0.32075340147
2015-12-23,0.528696480574
2015-12-24,0.695898396826
2015-12-25,0.810510293549
2015-12-28,0.880991509509
2015-12-29,0.886918267206
2015-12-30,0.854704118666
2015-12-31,0.851233348175
2016-01-01,0.859610332419
2016-01-04,0.871953040013
2016-01-05,0.934518578814
2016-01-06,1.01660709005
2016-01-07,1.09972866223
2016-01-08,1.18856076814
2016-01-11,1.24518109212
2016-01-12,1.30828449238
2016-01-13,1.35407123583
2016-01-14,1.37656743336
2016-01-15,1.3748725874
2016-01-18,1.35350454302
2016-01-19,1.34501011811
2016-01-20,1.34494378506
2016-01-21,1.37138098057
2016-01-22,1.43945529069
2016-01-25,1.48928575922
2016-01-26,1.52020876794
2016-01-27,1.52152862206
2016-01-28,1.52215359927
2016-01-29,1.49641728478
2016-02-01,1.41119777773
2016-02-02,1.26781115451
2016-02-03,1.10683153757
2016-02-04,0.886504854592
2016-02-05,0.634445892693
2016-02-08,0.380824402368
2016-02-09,0.134124862508
2016-02-10,-0.101982969025
2016-02-11,-0.293518864049
2016-02-12,-0.41161585341
2016-02-15,-0.488239113658
2016-02-16,-0.51880673328
2016-02-17,-0.479292657365
2016-02-18,-0.444487128106
2016-02-19,-0.388755523328
2016-02-22,-0.327219987181
2016-02-23,-0.307563272219
2016-02-24,-0.308849169344
2016-02-25,-0.322512721209
2016-02-26,-0.34446864214
2016-02-29,-0.362837823678
2016-03-01,-0.349881840139
2016-03-02,-0.37019896731
2016-03-03,-0.4288845256
2016-03-04,-0.561918179837
2016-03-07,-0.749601715195
2016-03-08,-0.95343205724
2016-03-09,-1.17146435111
2016-03-10,-1.42860573979
2016-03-11,-1.73038317693
2016-03-14,-2.06533922692
2016-03-15,-2.35127153713
2016-03-16,-2.52471844616
2016-03-17,-2.62819572923
2016-03-18,-2.74392058172
2016-03-21,-2.85525504861
2016-03-22,-2.95694356653
2016-03-23,-3.06115093873
2016-03-24,-3.09597395977
2016-03-25,-3.08064297929
2016-03-27,-3.02456344046
2016-03-28,-2.94316936398
2016-03-29,-2.8684326084
2016-03-30,-2.81819305132
2016-03-31,-2.78560329671
2016-04-03,-2.78186035063
2016-04-04,-2.75098794111
2016-04-05,-2.66638002289
2016-04-06,-2.56852817709
2016-04-07,-2.43551802421
2016-04-10,-2.33809429101
2016-04-11,-2.31970554561
2016-04-12,-2.35053775972
2016-04-13,-2.3994381428
2016-04-14,-2.46429819534
2016-04-17,-2.49691036768
2016-04-18,-2.45689675315
2016-04-19,-2.41724887689
2016-04-20,-2.375461092
2016-04-21,-2.32965068802
2016-04-24,-2.2570702845
2016-04-25,-2.17378443056
2016-04-26,-2.10117911125
2016-04-27,-2.03407683746
2016-04-28,-1.99398190544
2016-05-01,-1.99599303412
2016-05-02,-1.98350396241
2016-05-03,-1.92488367424
2016-05-04,-1.84206230257
2016-05-05,-1.7518593156
2016-05-08,-1.67799621633
2016-05-09,-1.60688108998
2016-05-10,-1.56269241162
2016-05-11,-1.54818831071
2016-05-12,-1.5326847519
2016-05-15,-1.48375761189
2016-05-16,-1.43421887623
2016-05-17,-1.38901701281
2016-05-18,-1.30447716254
2016-05-19,-1.19589607449
2016-05-22,-1.07783348227
2016-05-23,-0.952790831104
2016-05-24,-0.827836857309
2016-05-25,-0.702601328165
2016-05-26,-0.579346422083
2016-05-29,-0.447888612495
2016-05-30,-0.341663182598
2016-05-31,-0.247462345925
2016-06-01,-0.161211095653
2016-06-02,-0.0909321190874
2016-06-05,-0.0667855660486
2016-06-06,-0.0963048339983
2016-06-07,-0.186874008285
2016-06-08,-0.355765637502
2016-06-09,-0.542454713517
2016-06-12,-0.718328353683
2016-06-13,-0.841599742524
2016-06-14,-0.925333231146
2016-06-15,-0.981677659175
2016-06-16,-1.02088301289
2016-06-19,-1.07345122189
2016-06-20,-1.14191756765
2016-06-21,-1.20292047143
2016-06-22,-1.27567295846
2016-06-23,-1.37114694153
2016-06-26,-1.45554899302
2016-06-27,-1.51334022699
2016-06-28,-1.59863221623
2016-06-29,-1.73106043429
2016-06-30,-1.90099027472
2016-07-03,-2.06746562942
2016-07-04,-2.18544871086
2016-07-05,-2.25629382588
2016-07-06,-2.27317076723
2016-07-07,-2.2310093843
2016-07-10,-2.18611714569
2016-07-11,-2.13194109643
2016-07-12,-2.07837929292
2016-07-13,-2.04223380415
2016-07-14,-2.02240826273
2016-07-17,-1.9935017033
2016-07-18,-1.97212196283
2016-07-19,-1.9534940563
2016-07-20,-1.93088583496
2016-07-21,-1.8939290054
2016-07-24,-1.85601480776
2016-07-25,-1.79813227976
2016-07-26,-1.73419846026
2016-07-27,-1.67299505178
2016-07-28,-1.59998759916
2016-07-31,-1.5409166789
2016-08-01,-1.48366363543
2016-08-02,-1.43094525473
2016-08-03,-1.39162177044
2016-08-04,-1.38766670151
2016-08-07,-1.4185939394
2016-08-08,-1.46251113145
2016-08-09,-1.52431542672
2016-08-10,-1.60166739199
2016-08-11,-1.67334459372
2016-08-14,-1.70470087175
2016-08-15,-1.70908893093
2016-08-16,-1.68352165033
2016-08-17,-1.6351457809
2016-08-18,-1.5527140374
2016-08-21,-1.46954562376
2016-08-22,-1.39081691233
2016-08-23,-1.29512274998
2016-08-24,-1.19844578945
2016-08-25,-1.10114461154
2016-08-28,-0.985915215238
2016-08-29,-0.88485867924
2016-08-30,-0.791196524198
2016-08-31,-0.712053541003
2016-09-01,-0.629374308358
2016-09-04,-0.546246143454
2016-09-05,-0.46008261652
2016-09-06,-0.416963106782
2016-09-07,-0.405908329026
2016-09-08,-0.401175123788
2016-09-11,-0.367485053508
2016-09-12,-0.331435079461
2016-09-13,-0.25678275589
2016-09-14,-0.144830657099
2016-09-15,-0.0408120245743
2016-09-18,0.032527981858
2016-09-19,0.0854693264273
2016-09-20,0.113394495543
2016-09-21,0.0965273923601
2016-09-22,0.0559799481378
2016-09-25,0.01717319825
2016-09-26,-0.0205907344418
2016-09-27,-0.0608357018641
2016-09-28,-0.109474770548
2016-09-29,-0.13715686061
2016-10-02,-0.150193290423
2016-10-03,-0.183070616764
2016-10-04,-0.200341385115
2016-10-05,-0.227796100599
2016-10-06,-0.255194518936
2016-10-09,-0.285643233763
2016-10-10,-0.325883286504
2016-10-11,-0.373876533054
2016-10-12,-0.421132097189
2016-10-13,-0.478541088881
2016-10-16,-0.52449485426
2016-10-17,-0.558936277916
2016-10-18,-0.59661579598
2016-10-19,-0.642539161973
2016-10-20,-0.705889170278
2016-10-23,-0.770115985223
2016-10-24,-0.844400470357
2016-10-25,-0.927853470064
2016-10-26,-0.994708276539
2016-10-27,-1.03062956391
2016-10-31,-1.02164756992
2016-11-01,-0.986034737177
2016-11-02,-0.912586677421
2016-11-03,-0.807632619535
2016-11-04,-0.683785732819
2016-11-07,-0.5686427328
2016-11-08,-0.482366971892
2016-11-09,-0.437088149569
2016-11-10,-0.381953162824
2016-11-11,-0.229320776119
2016-11-14,-0.0268330046607
2016-11-15,0.22484948043
2016-11-16,0.493926292933
2016-11-17,0.763328520186
2016-11-18,1.00596419656
2016-11-21,1.18734211176
2016-11-22,1.3205129481
2016-11-23,1.39919396611
2016-11-24,1.47483899918
2016-11-25,1.51738596214
2016-11-28,1.55045123328
2016-11-29,1.56379641228
2016-11-30,1.58688124613
2016-12-01,1.58327607475
2016-12-02,1.65522922343
2016-12-05,1.70969788922
2016-12-06,1.71433074936
2016-12-07,1.6751250378
2016-12-08,1.59187599411
2016-12-09,1.47665379539
2016-12-12,1.34542912935
2016-12-13,1.18452282061
2016-12-14,1.00841576266
2016-12-15,0.849265159273
2016-12-16,0.704702269939
2016-12-19,0.588973775532
2016-12-20,0.480199685221
2016-12-21,0.373614236902
2016-12-22,0.256600851654
2016-12-23,0.115482939264
2016-12-26,-0.0438509560131
2016-12-27,-0.20663425349
2016-12-28,-0.363232920456
2016-12-29,-0.499896692234
2016-12-30,-0.633741174858
2017-01-02,-0.757380374242
2017-01-03,-0.849174467603
2017-01-04,-0.926639683249
2017-01-05,-1.01801566408
2017-01-06,-1.12101150572
2017-01-09,-1.20973267056
2017-01-10,-1.29805680919
2017-01-11,-1.37966305232
2017-01-12,-1.449139109
2017-01-13,-1.51009456661
2017-01-16,-1.55961448711
2017-01-17,-1.56535324608
2017-01-18,-1.55804994169
2017-01-19,-1.52851398556
2017-01-20,-1.50368478972
2017-01-23,-1.51059237754
2017-01-24,-1.52292798559
2017-01-25,-1.53104861739
2017-01-26,-1.53326979901
2017-01-27,-1.52433638243
2017-01-30,-1.54434336005
2017-01-31,-1.56928284139
2017-02-01,-1.57876854461
2017-02-02,-1.58777479112
2017-02-03,-1.59610732661
2017-02-06,-1.60221727663
2017-02-07,-1.60685308101
2017-02-08,-1.60546963169
2017-02-09,-1.59773087196
2017-02-10,-1.57586688271
2017-02-13,-1.55577521022
2017-02-14,-1.53311177574
2017-02-15,-1.5237586254
2017-02-16,-1.53479985205
2017-02-17,-1.53695949561
2017-02-20,-1.52585926295
2017-02-21,-1.50986813405
2017-02-22,-1.4839007031
2017-02-23,-1.46844681771
2017-02-24,-1.4587428121
2017-02-27,-1.43056478862
2017-02-28,-1.3833884616
2017-03-01,-1.32260769021
2017-03-02,-1.26544594626
2017-03-03,-1.17286914765
2017-03-06,-1.08079418841
2017-03-07,-0.982008448864
2017-03-08,-0.89479719672
2017-03-09,-0.7928569417
2017-03-10,-0.667287736643
2017-03-13,-0.557801389882
2017-03-14,-0.460576633779
2017-03-15,-0.369101974299
2017-03-16,-0.322564284748
2017-03-17,-0.29523768255
2017-03-20,-0.300134285475
2017-03-21,-0.333836318108
2017-03-22,-0.374485072129
2017-03-23,-0.41820045667
2017-03-24,-0.430361105458
2017-03-26,-0.438065238748
2017-03-27,-0.433166658029
2017-03-28,-0.412559273368
2017-03-29,-0.392199350251
2017-03-30,-0.357929258297
2017-04-02,-0.331417541402
2017-04-03,-0.316026177074
2017-04-04,-0.318279971734
2017-04-05,-0.317434970914
2017-04-06,-0.301866129654
2017-04-09,-0.275891397202
2017-04-10,-0.25211766286
2017-04-11,-0.228050418613
2017-04-12,-0.212762413964
2017-04-13,-0.192923321368
2017-04-16,-0.170623596396
2017-04-17,-0.15584076951
2017-04-18,-0.160472940112
2017-04-19,-0.153073282087
2017-04-20,-0.139406384079
2017-04-23,-0.122925427018
2017-04-24,-0.117238750949
2017-04-25,-0.10722778461
2017-04-26,-0.0815297050859
2017-04-27,-0.0419289855884
2017-04-30,0.000976172407898
2017-05-01,0.0425815200997
2017-05-02,0.0661751792217
2017-05-03,0.0834204084214
2017-05-04,0.108214422886
2017-05-07,0.131494155836
2017-05-08,0.162559466143
2017-05-09,0.190420589262
2017-05-10,0.201653973703
2017-05-11,0.185458730726
2017-05-14,0.17430036352
2017-05-15,0.125816705794
2017-05-16,0.0484914168219
2017-05-17,-0.021801041426
2017-05-18,0.0515371418324
2017-05-21,0.143593409199
2017-05-22,0.248672857335
2017-05-23,0.357145172494
2017-05-24,0.463934877877
2017-05-25,0.562068091055
2017-05-28,0.592495186774
2017-05-29,0.621860013508
2017-05-30,0.647522029455
2017-05-31,0.64954345275
2017-06-01,0.648418132705
2017-06-04,0.64347487945
2017-06-05,0.661467968388
2017-06-06,0.679238760492
2017-06-07,0.688825129242
2017-06-08,0.686221137763
2017-06-11,0.626719464599
2017-06-12,0.612959525984
2017-06-13,0.625323704755
2017-06-14,0.627311975491
2017-06-15,0.62129800071
2017-06-18,0.61728603686
2017-06-19,0.608459747189
2017-06-20,0.620785196743
2017-06-21,0.648326211724
2017-06-22,0.685577911884
2017-06-25,0.725897789361
2017-06-26,0.736866877161
2017-06-27,0.736573668675
2017-06-28,0.708251048254
2017-06-29,0.675083571382
2017-07-02,0.566365011286
2017-07-03,0.485060661089
2017-07-04,0.428576546547
2017-07-05,0.376273453913
2017-07-06,0.333879943898
2017-07-09,0.229562304714
2017-07-10,0.146108193366
2017-07-11,0.0651293852253
2017-07-12,-0.0413957272057
2017-07-13,-0.154641691023
2017-07-16,-0.285790843766
2017-07-17,-0.417383011004
2017-07-18,-0.558519507304
2017-07-19,-0.699409509515
2017-07-20,-0.848483857353
2017-07-23,-0.957218303434
2017-07-24,-1.05290448614
2017-07-25,-1.11745599177
2017-07-26,-1.17673817058
2017-07-27,-1.21845291623
2017-07-30,-1.23007487672
2017-07-31,-1.25002406892
2017-08-01,-1.27342718506
2017-08-02,-1.30140677072
2017-08-03,-1.32866216147
2017-08-06,-1.34123241082
2017-08-07,-1.3443286682
2017-08-08,-1.3377987758
2017-08-09,-1.3078903763
2017-08-10,-1.25023980696
2017-08-13,-1.17358855657
2017-08-14,-1.0814813399
2017-08-15,-0.99386812923
2017-08-16,-0.921249778414
2017-08-17,-0.847698029175
2017-08-20,-0.773505453665
2017-08-21,-0.710031231863
2017-08-22,-0.656963057247
2017-08-23,-0.624428891089
2017-08-24,-0.601445248571
2017-08-27,-0.577805993574
2017-08-28,-0.550136651737
2017-08-29,-0.521601595392
2017-08-30,-0.496480946763
2017-08-31,-0.481594595554
2017-09-03,-0.455098487212
2017-09-04,-0.444272495914
2017-09-05,-0.456954289018
2017-09-06,-0.49351349125
2017-09-07,-0.542709574155
2017-09-10,-0.550401519807
2017-09-11,-0.575910846705
2017-09-12,-0.597684663909
2017-09-13,-0.60956427947
2017-09-14,-0.621554352448
2017-09-17,-0.636952890496
2017-09-18,-0.638240915559
2017-09-19,-0.630915677776
2017-09-20,-0.618948699944
2017-09-21,-0.601581886821
2017-09-24,-0.587256563828
2017-09-25,-0.555295671166
2017-09-26,-0.509426125352
2017-09-27,-0.440471735897
2017-09-28,-0.366547859031
2017-10-01,-0.303188300732
2017-10-02,-0.255681370287
2017-10-03,-0.227542381905
2017-10-04,-0.217427036052
2017-10-05,-0.208105626822
2017-10-08,-0.198049408953
2017-10-09,-0.170086956048
2017-10-10,-0.137715946062
2017-10-11,-0.109182017097
2017-10-12,-0.0852463157643
2017-10-15,-0.0789551776041
2017-10-16,-0.0705048616728
2017-10-17,-0.0697221369974
2017-10-18,-0.0660885103742
2017-10-19,-0.064251698624
2017-10-22,-0.0490247855498
2017-10-23,-0.00152336650234
2017-10-24,0.0679117045331
2017-10-25,0.140176459894
2017-10-26,0.241488395462
2017-10-30,0.324757103327
2017-10-31,0.421377079185
2017-11-01,0.509579468419
2017-11-02,0.584215613805
2017-11-03,0.643638646008
2017-11-06,0.70456696349
2017-11-07,0.735290442
2017-11-08,0.756070052567
2017-11-09,0.756408478123
2017-11-10,0.740149729138
2017-11-13,0.728103541422
2017-11-14,0.716838791651
2017-11-15,0.725262614042
2017-11-16,0.732001671955
2017-11-17,0.737392918286
2017-11-20,0.714433539601
2017-11-21,0.673558399651
2017-11-22,0.624745111357
2017-11-23,0.547619381569
2017-11-24,0.455056965633
2017-11-27,0.36562389161
2017-11-28,0.277804298227
2017-11-29,0.184514658323
2017-11-30,0.113852479963
2017-12-01,0.0760433633551
2017-12-04,0.0514147025147
2017-12-05,0.026792757044
2017-12-06,0.00154860505519
2017-12-07,-0.0267551067986
2017-12-08,-0.025298702449
2017-12-11,-0.00566252404649
2017-12-12,0.032530020016
2017-12-13,0.0794222382642
2017-12-14,0.131592983784
2017-12-15,0.201558931505
2017-12-18,0.250193566579
2017-12-19,0.280923815855
2017-12-20,0.296487716917
2017-12-21,0.305074381722
2017-12-22,0.313466268505
2017-12-25,0.33783151032
2017-12-26,0.368145293218
2017-12-27,0.384445614499
2017-12-28,0.391741844673
2017-12-29,0.390312747689
2018-01-01,0.380052111818
2018-01-02,0.365329944685
2018-01-03,0.316746153251
2018-01-04,0.23546308701
2018-01-05,0.135509213957
2018-01-08,0.024528679737
2018-01-09,-0.0810197642292
2018-01-10,-0.173505997067
2018-01-11,-0.264809851189
2018-01-12,-0.357524982847
2018-01-15,-0.453740844248
2018-01-16,-0.539426524531
2018-01-17,-0.607869046119
2018-01-18,-0.661358414944
2018-01-19,-0.711539700571
2018-01-22,-0.761918229629
2018-01-23,-0.805130120218
2018-01-24,-0.820260508558
2018-01-25,-0.867712801285
2018-01-26,-0.930461090839
2018-01-29,-0.995564907711
2018-01-30,-1.05550579561
2018-01-31,-1.09228183521
2018-02-01,-1.10766649823
2018-02-02,-1.11895644188
2018-02-05,-1.09528059568
2018-02-06,-1.02263245308
2018-02-07,-0.937279544249
2018-02-08,-0.825799104829
2018-02-09,-0.693970657388
2018-02-12,-0.551684930129
2018-02-13,-0.407743559395
2018-02-14,-0.269808221541
2018-02-15,-0.187788580125
2018-02-16,-0.139345364359
2018-02-19,-0.113672772876
2018-02-20,-0.101074224819
2018-02-21,-0.0854106616259
2018-02-22,-0.0613206160204
2018-02-23,-0.0445203228448
2018-02-26,-0.0402467251045
2018-02-27,-0.0529821820812
2018-02-28,-0.0611277132734
2018-03-01,-0.0685076361749
2018-03-02,-0.0724057720237
2018-03-05,-0.0745253172179
2018-03-06,-0.0807550402763
2018-03-07,-0.10863977612
2018-03-08,-0.128785808873
2018-03-09,-0.129882551092
2018-03-12,-0.125000587234
2018-03-13,-0.114460133016
2018-03-14,-0.102130552275
2018-03-15,-0.0897508234919
2018-03-16,-0.0647027713618
2018-03-19,-0.0345768540663
2018-03-20,-0.00100178120028
2018-03-21,0.0466364837877
2018-03-22,0.0791607589267
2018-03-23,0.123684603991
2018-03-25,0.172802300856
2018-03-26,0.218863687906
2018-03-27,0.266827965328
2018-03-28,0.310241811439
2018-03-29,0.338156605003
2018-04-01,0.352714608252
2018-04-02,0.361063826712
2018-04-03,0.381038786642
2018-04-04,0.399087835263
2018-04-05,0.421556845462
2018-04-08,0.45906855744
2018-04-09,0.533341905666
2018-04-10,0.617095661411
2018-04-11,0.680706864618
2018-04-12,0.748146541804
2018-04-15,0.819881962027
2018-04-16,0.883404140855
2018-04-17,0.929945999509
2018-04-18,0.944173115407
2018-04-19,0.937939220651
2018-04-22,0.934425843471
2018-04-23,0.950453070125
2018-04-24,0.988227754501
2018-04-25,1.04028576228
2018-04-26,1.09178571161
2018-04-29,1.12790992662
2018-04-30,1.17693077374
2018-05-01,1.22841375546
2018-05-02,1.30051470732
2018-05-03,1.36497307369
2018-05-06,1.41697382823
2018-05-07,1.46835235201
2018-05-08,1.52009126608
2018-05-09,1.58173439787
2018-05-10,1.61864974185
2018-05-13,1.66473131985
2018-05-14,1.72060285883
2018-05-15,1.79086469824
2018-05-16,1.87667742126
2018-05-17,1.97487080546
2018-05-20,2.09563367677
2018-05-21,2.18269207111
2018-05-22,2.22139635335
2018-05-23,2.21038059134
2018-05-24,2.17618957411
2018-05-27,2.11111838925
2018-05-28,2.08710599139
2018-05-29,2.07895656942
2018-05-30,2.07474163539
2018-05-31,2.06788501393
2018-06-03,2.07734084524
2018-06-04,2.08137528581
2018-06-05,2.1110412601
2018-06-06,2.17243918113
2018-06-07,2.27809755422
2018-06-10,2.28717385491
2018-06-11,2.23173522155
2018-06-12,2.13671701834
2018-06-13,2.01865393559
2018-06-14,1.93638525073
2018-06-17,1.83243232484
2018-06-18,1.72572293545
2018-06-19,1.61771139962
2018-06-20,1.52423134691
2018-06-21,1.43843397686
2018-06-24,1.37036931982
2018-06-25,1.30685506081
2018-06-26,1.25795334959
2018-06-27,1.25449005724
2018-06-28,1.27594036718
2018-07-01,1.31772702849
2018-07-02,1.38788699915
2018-07-03,1.45903616914
2018-07-04,1.5316954017
2018-07-05,1.60917971481
2018-07-08,1.64365607601
2018-07-09,1.64819798781
2018-07-10,1.59699205298
2018-07-11,1.54456672444
2018-07-12,1.492718678
2018-07-15,1.4219340785
2018-07-16,1.34301867279
2018-07-17,1.24793539749
2018-07-18,1.1519954604
2018-07-19,1.04542835403
2018-07-22,0.901547110853
2018-07-23,0.744766396299
2018-07-24,0.566075503444
2018-07-25,0.346717135427
2018-07-26,0.145466050601
2018-07-29,-0.0539285272739
2018-07-30,-0.232310755459
2018-07-31,-0.373807769517
2018-08-01,-0.487922829227
2018-08-02,-0.577515112485
2018-08-05,-0.67288347754
2018-08-06,-0.747289808006
2018-08-07,-0.79425797171
2018-08-08,-0.808981597666
2018-08-09,-0.78438885703
2018-08-12,-0.697205522908
2018-08-13,-0.564730570306
2018-08-14,-0.420229188835
2018-08-15,-0.254448210058
2018-08-16,-0.0820770244849
2018-08-19,0.0884401870604
2018-08-20,0.280561435972
2018-08-21,0.522604389244
2018-08-22,0.774818095588
2018-08-23,1.06141130451
2018-08-26,1.34608276142
2018-08-27,1.59640888774
2018-08-28,1.84046889371
2018-08-29,2.04667284459
2018-08-30,2.23801780783
2018-09-02,2.34958254845
2018-09-03,2.45776972347
2018-09-04,2.551389479
2018-09-05,2.61098749517
