Date,wr_10
2010-01-04,-0.4648511645471489
2010-01-05,-1.435699743932694
2010-01-06,-1.1442682886426458
2010-01-07,-1.2532173673647955
2010-01-08,-0.8404572033227726
2010-01-11,-0.7929112616148208
2010-01-12,-1.0924506943749481
2010-01-13,-1.501345793063375
2010-01-14,-1.4439141570794916
2010-01-15,-1.4339994374877383
2010-01-18,-1.2820772822023878
2010-01-19,-1.4986308778806434
2010-01-20,-1.628980974245339
2010-01-21,-1.5880880537247393
2010-01-22,-1.3857651994804723
2010-01-25,-0.4521088623926985
2010-01-26,-1.3522682011512102
2010-01-27,-1.2675086644637994
2010-01-28,-1.5854001213575404
2010-01-29,-1.6582474006996364
2010-02-01,-1.002277710759924
2010-02-02,-0.2765081372199009
2010-02-03,-0.5830189843280704
2010-02-04,-1.2741081777568373
2010-02-05,-1.3012862539138004
2010-02-08,-0.8982409594920032
2010-02-09,0.015690836896919785
2010-02-10,-0.22802430880679495
2010-02-11,-0.2568853129032841
2010-02-12,-0.48135978920933925
2010-02-15,-0.26769841267656225
2010-02-16,0.019445113852560505
2010-02-17,0.5532620636845004
2010-02-18,0.6921934848768654
2010-02-19,1.0321772692015276
2010-02-22,0.5023194337461073
2010-02-23,0.04964806587046453
2010-02-24,0.08353488068336709
2010-02-25,-0.5060956970610753
2010-02-26,0.3439237776711192
2010-03-01,0.5148613055020553
2010-03-02,2.0455814583502114
2010-03-03,0.09712172681213867
2010-03-04,0.07956803553702295
2010-03-05,0.44819555231449365
2010-03-08,0.1299235973742517
2010-03-09,0.25405554283153936
2010-03-10,0.6361598571188557
2010-03-11,0.345187300331874
2010-03-12,0.2585794933653376
2010-03-15,-0.05208464902636352
2010-03-16,-0.2792562264471838
2010-03-17,-0.09362279914397041
2010-03-18,-0.5051686049576969
2010-03-19,-1.4704957073837384
2010-03-22,-1.2501014811132938
2010-03-23,-0.5482430773386598
2010-03-24,-1.0326779538570194
2010-03-25,-1.2501014811132938
2010-03-26,-1.6582474006996364
2010-03-28,-1.1717843712048663
2010-03-29,-0.6786115068205142
2010-03-30,-0.23240748666323807
2010-03-31,0.5571268701339115
2010-04-01,0.3837875215902062
2010-04-04,0.5422212655609677
2010-04-05,0.6607867686517928
2010-04-06,-0.22168646042735088
2010-04-07,-0.09676811779497822
2010-04-08,-0.16675039826610707
2010-04-11,0.09183059380049394
2010-04-12,1.6437509689249874
2010-04-13,0.08621806875046505
2010-04-14,-0.1590785767985043
2010-04-15,-0.40760388985163193
2010-04-18,-0.5719512742899906
2010-04-19,-0.25929039657798936
2010-04-20,-0.0789091209749144
2010-04-21,-1.01488026474888
2010-04-22,-1.4421907172550625
2010-04-25,-0.4750798485031595
2010-04-26,-1.5553632657260292
2010-04-27,-1.121242403520325
2010-04-28,0.2728523354670339
2010-04-29,-0.004310460299868261
2010-05-02,-0.09917467383901495
2010-05-03,-0.8697685497010388
2010-05-04,-1.3443635990852476
2010-05-05,-1.4849820166493088
2010-05-06,-1.3149752157639991
2010-05-09,0.14003074992909587
2010-05-10,0.12832828907901409
2010-05-11,0.1673364919126092
2010-05-12,0.23560084687140181
2010-05-13,-0.39828244917451705
2010-05-16,-0.41388573030795334
2010-05-17,-0.4260491279297995
2010-05-18,-0.7068518009162306
2010-05-19,-1.470902568875605
2010-05-20,-0.5690087165170891
2010-05-23,-0.8903549949924016
2010-05-24,-0.8487219350141603
2010-05-25,-0.738786377945761
2010-05-26,0.2006629279114577
2010-05-27,0.5380744086430103
2010-05-30,0.3303008970649231
2010-05-31,-0.0817027671653674
2010-06-01,-0.01864098182399429
2010-06-02,0.22519792149597406
2010-06-03,-0.1847036832229376
2010-06-06,-0.9225265717169788
2010-06-07,-1.22613403381049
2010-06-08,-0.7631554264292588
2010-06-09,0.0007592757497730777
2010-06-10,0.018763999370152294
2010-06-13,0.5795446130947575
2010-06-14,1.0890818093115942
2010-06-15,0.6909040955264861
2010-06-16,0.7274464521344438
2010-06-17,0.9927807895106986
2010-06-20,1.038044733348227
2010-06-21,0.7383477433914414
2010-06-22,-0.29920468548922047
2010-06-23,-0.26381776552337527
2010-06-24,-0.4418143665836091
2010-06-27,-0.5257062999709218
2010-06-28,-1.6582474006996364
2010-06-29,-0.8990254035444584
2010-06-30,-1.2345931370937087
2010-07-01,-0.2111115497684972
2010-07-04,-0.16497098640548055
2010-07-05,0.10948910021052256
2010-07-06,0.19366702882529185
2010-07-07,-0.04080282383988609
2010-07-08,0.38819585545605695
2010-07-11,0.15300623296745497
2010-07-12,0.30086367245048345
2010-07-13,-0.17118259267775762
2010-07-14,-0.7201065383745142
2010-07-15,-1.58624100732807
2010-07-18,-1.6582474006996364
2010-07-19,-0.768544595404067
2010-07-20,-0.6783984961890985
2010-07-21,-0.23942618696837217
2010-07-22,-0.2511843738224973
2010-07-25,-0.45107355034265184
2010-07-26,-0.25902316505858075
2010-07-27,-0.2327331332775163
2010-07-28,-0.3372429769301622
2010-07-29,-0.07387817092549007
2010-08-01,0.48628554258139334
2010-08-02,-0.43782869618512554
2010-08-03,-0.43782869618512554
2010-08-04,-0.6936531222996025
2010-08-05,-0.7416163737117654
2010-08-08,1.7034389097869571
2010-08-09,-0.7037592913646534
2010-08-10,-1.1044513161503495
2010-08-11,-1.263923415705738
2010-08-12,-1.1653424194572632
2010-08-15,0.9189415012247808
2010-08-16,-0.6489657724414463
2010-08-17,-0.29219645268505773
2010-08-18,-0.3391397842319457
2010-08-19,-0.8930710964852833
2010-08-22,1.350820151456189
2010-08-23,-0.8291784243030511
2010-08-24,-0.801613185972862
2010-08-25,-0.9996789003605546
2010-08-26,-0.5738376144270189
2010-08-29,2.0691727249683605
2010-08-30,-0.5636126296173836
2010-08-31,-0.3324182167594996
2010-09-01,0.040267154110739806
2010-09-02,-0.26118914684750283
2010-09-05,2.1033409727213606
2010-09-06,0.15140342151247424
2010-09-07,-0.21579104369593724
2010-09-08,0.2331579089161622
2010-09-09,0.02163126214810497
2010-09-12,2.197083607590141
2010-09-13,-0.1045386793135941
2010-09-14,0.21348537587133082
2010-09-15,-1.138776312473852
2010-09-16,-0.94657200983031
2010-09-19,1.7432280821012411
2010-09-20,-1.3947951387588473
2010-09-21,-1.2914805262330498
2010-09-22,1.3017162481644704
2010-09-23,-0.9402108436453421
2010-09-26,1.813123580167158
2010-09-27,-0.4907922791581264
2010-09-28,-0.5209303869153122
2010-09-29,-0.374923221423424
2010-09-30,-0.25946096988825557
2010-10-03,2.207131440500257
2010-10-04,-0.5462333624101371
2010-10-05,0.17339059346552396
2010-10-06,-0.3822542183454028
2010-10-07,-0.38576632028987123
2010-10-10,1.5835496374871432
2010-10-11,0.2298297977471516
2010-10-12,-0.4145692948277027
2010-10-13,0.10566687113930565
2010-10-14,-0.2111336965302164
2010-10-17,1.9086923241720206
2010-10-18,-0.6771267773981295
2010-10-19,-1.3863706014715045
2010-10-20,-0.7953340814103631
2010-10-21,-1.4691978026856292
2010-10-24,0.5840128036722197
2010-10-25,-1.4087112889253406
2010-10-26,-1.2357072100058883
2010-10-27,-1.692478721023576
2010-10-28,-1.4972113633496449
2010-11-01,1.126411364533649
2010-11-02,-1.105497342213981
2010-11-03,-0.9723531675422603
2010-11-04,-0.28294603178228445
2010-11-05,-0.02175975175210353
2010-11-08,-0.1842746914859225
2010-11-09,-0.826775616014975
2010-11-10,-0.826775616014975
2010-11-11,-1.3215356862405547
2010-11-12,-1.6913830465559518
2010-11-15,0.1955024246920115
2010-11-16,-1.3245994871000586
2010-11-17,-1.5801075513525948
2010-11-18,-1.2737993419121842
2010-11-19,-0.7314476407008158
2010-11-22,1.0923284526763846
2010-11-23,-0.9115757514378854
2010-11-24,-1.429333379744768
2010-11-25,-0.870706470618162
2010-11-26,-0.560463073919401
2010-11-29,-1.2334525959890263
2010-11-30,-0.6320577039268106
2010-12-01,-0.6444622658377525
2010-12-02,-0.31479310421808127
2010-12-03,-0.27192137904851404
2010-12-06,1.993727854323511
2010-12-07,0.14306827392023302
2010-12-08,0.2881180379813827
2010-12-09,-0.21786951106914
2010-12-10,-0.7017449432258751
2010-12-13,-0.9633099372876485
2010-12-14,-0.6930802713055393
2010-12-15,-0.6930802713055393
2010-12-16,-0.9303505239482552
2010-12-17,-1.1475131280619209
2010-12-20,0.38468968985120783
2010-12-21,-1.2050730461805892
2010-12-22,-0.8426374187845103
2010-12-23,-0.7511872719527357
2010-12-24,-0.6007852813515797
2010-12-27,-0.5544226983556897
2010-12-28,-0.3555884318999566
2010-12-29,-0.608343157189441
2010-12-30,-0.18195712433306738
2010-12-31,0.3889299264999474
2011-01-03,1.8155541923671146
2011-01-04,0.26862111728582205
2011-01-05,-0.49920125230989837
2011-01-06,-1.0382760474029604
2011-01-07,-1.474255902301914
2011-01-10,0.585791467781303
2011-01-11,-1.4913033326292564
2011-01-12,0.3489638363326233
2011-01-13,1.0050928480510943
2011-01-14,-0.7148192950925997
2011-01-17,0.09660652413321176
2011-01-18,-1.1473744546237905
2011-01-19,-0.5161898458582382
2011-01-20,-0.45463216477408963
2011-01-21,1.3430420931747853
2011-01-24,2.171973244341525
2011-01-25,-0.7197206309856524
2011-01-26,-0.5632995026999801
2011-01-27,1.9822681445202948
2011-01-28,-0.9968493901550195
2011-01-31,1.0774073492976626
2011-02-01,-0.7659613573830816
2011-02-02,-0.7296670776800545
2011-02-03,-0.5985116648241845
2011-02-04,-0.8975460061355764
2011-02-07,1.4212816931562555
2011-02-08,1.2271716821295737
2011-02-09,-0.6929435620804142
2011-02-10,-0.5860864151852002
2011-02-11,-0.6938155094234918
2011-02-14,1.7814153584477002
2011-02-15,-1.025349453016535
2011-02-16,-1.1409221217238852
2011-02-17,-1.1629359633824257
2011-02-18,-0.7776937343579174
2011-02-21,1.8300447100440929
2011-02-22,-1.2313263172577498
2011-02-23,-1.4159408398272177
2011-02-24,-1.427128479894925
2011-02-25,-0.9985785352806322
2011-02-28,-0.8351743209107769
2011-03-01,-0.7625502256352976
2011-03-02,-0.6778221144805583
2011-03-03,-0.48415786041258674
2011-03-04,-0.18288890517811293
2011-03-07,0.41135373348836435
2011-03-08,-0.35843693227668016
2011-03-09,-0.2212847520641029
2011-03-10,0.3438222528408168
2011-03-11,-1.0046305432202556
2011-03-14,-0.30627945214911356
2011-03-15,-0.5634692572788323
2011-03-16,-0.38953254290355993
2011-03-17,-1.6991736864349893
2011-03-18,-1.9362828110304466
2011-03-21,-0.36736870987796544
2011-03-22,-0.3574388737947229
2011-03-23,0.651667371611029
2011-03-24,0.825846653361917
2011-03-25,0.9952419311569701
2011-03-27,2.0455814583502114
2011-03-28,0.6497355077381503
2011-03-29,-0.22894053115905558
2011-03-30,1.4039232855131023
2011-03-31,0.37203839030927216
2011-04-03,1.1465416044819983
2011-04-04,1.4908476352852555
2011-04-05,1.389986940182536
2011-04-06,0.7341289162799997
2011-04-07,0.998425655268058
2011-04-10,1.801958594034498
2011-04-11,1.4572476323639592
2011-04-12,0.4942095560279462
2011-04-13,0.41427125553985056
2011-04-14,
2011-04-17,1.681397449196779
2011-04-18,0.10068387755207096
2011-04-19,0.6795305103356223
2011-04-20,1.0398420292609614
2011-04-21,1.0398420292609614
2011-04-24,1.784476029644355
2011-04-25,0.45960774324792936
2011-04-26,1.145585660824082
2011-04-27,0.9725095459152099
2011-04-28,-0.740943991682622
2011-05-01,1.1417293229852756
2011-05-02,-0.05481769209831461
2011-05-03,-0.3565133745092981
2011-05-04,-0.7598484363765335
2011-05-05,-1.8621784539508952
2011-05-08,-0.2912353566213492
2011-05-09,-1.1217596550991022
2011-05-10,-0.5644604407614803
2011-05-11,-1.210725948731766
2011-05-12,-0.5610074188114382
2011-05-15,-1.520605112018731
2011-05-16,-1.220294663987667
2011-05-17,0.21734879902380286
2011-05-18,0.8520202403443804
2011-05-19,0.4162756686914621
2011-05-22,0.8520202403443804
2011-05-23,-1.6108838603025848
2011-05-24,-0.682451129051954
2011-05-25,-0.47260246848255666
2011-05-26,-0.38886004525063156
2011-05-29,1.670510181484394
2011-05-30,1.0293242838010002
2011-05-31,1.5881809064795984
2011-06-01,0.8462995235675007
2011-06-02,0.6334967058374594
2011-06-05,0.9100119510151465
2011-06-06,0.38771728795545907
2011-06-07,0.49264043846984573
2011-06-08,-0.003130417364004409
2011-06-09,-1.046544267898295
2011-06-12,-1.5775832513192347
2011-06-13,-1.1877065293139868
2011-06-14,-0.5222272969257206
2011-06-15,-0.8809650063356491
2011-06-16,-1.311200431677194
2011-06-19,-0.33587877735550775
2011-06-20,0.09105435594923693
2011-06-21,0.7262756642295698
2011-06-22,0.9469881526998407
2011-06-23,0.5807903841497094
2011-06-26,0.6331043510854356
2011-06-27,0.08049448035433239
2011-06-28,0.9740334865496255
2011-06-29,0.9380999579214364
2011-06-30,1.2166606124527357
2011-07-03,2.0455814583502114
2011-07-04,1.7854234238882973
2011-07-05,0.9501792079842625
2011-07-06,0.5736346844209793
2011-07-07,1.5800355019446892
2011-07-10,0.7182436483473553
2011-07-11,-1.4574978690438187
2011-07-12,-0.9255116101558942
2011-07-13,-0.2228882493605437
2011-07-14,-1.1061861886461324
2011-07-17,-0.2222709713888747
2011-07-18,-0.9155009717457857
2011-07-19,0.07482760019267423
2011-07-20,0.42144260037111886
2011-07-21,1.3325448865545113
2011-07-24,0.6247160770767752
2011-07-25,0.8238996880876897
2011-07-26,1.4961478579675886
2011-07-27,-0.4042460068852002
2011-07-28,-0.3848542327540515
2011-07-31,0.3526296408016753
2011-08-01,-0.5455091168649219
2011-08-02,-0.9826562997999752
2011-08-03,-0.4861496604939863
2011-08-04,-0.6846695291779645
2011-08-07,-1.1656665805702469
2011-08-08,0.10678709262535539
2011-08-09,-0.7793727561793357
2011-08-10,-0.5712182351087314
2011-08-11,-0.6174747953466443
2011-08-14,-0.1862128541541802
2011-08-15,0.58372226581314
2011-08-16,0.7397443606082781
2011-08-17,1.6586791479565102
2011-08-18,0.4799533174475012
2011-08-21,1.0097649130227162
2011-08-22,0.3190273902085118
2011-08-23,0.6153336989325051
2011-08-24,-0.4027121942420583
2011-08-25,-1.124206960557566
2011-08-28,-0.34898696680295405
2011-08-29,0.2344182020911128
2011-08-30,1.3110232209408743
2011-08-31,1.724858847650354
2011-09-01,0.8046405072839334
2011-09-04,-0.46009605166471895
2011-09-05,-1.0549890476088812
2011-09-06,-1.5296114283493971
2011-09-07,-1.2412894213574952
2011-09-08,-0.6285829778837778
2011-09-11,-0.9268190125679484
2011-09-12,-1.3143977917088996
2011-09-13,-1.1103583927678982
2011-09-14,-1.4011486512645048
2011-09-15,-0.7237076782823225
2011-09-18,0.2996283225822416
2011-09-19,-1.3531094571878277
2011-09-20,-0.7121814977158617
2011-09-21,-0.23154978672704404
2011-09-22,-0.7276034899839312
2011-09-25,-0.3185331251440355
2011-09-26,-0.17345909309492372
2011-09-27,0.4778937038602859
2011-09-28,0.27562345303081365
2011-09-29,0.23517545569394654
2011-10-02,0.3748659531071627
2011-10-03,-0.4450312400494341
2011-10-04,0.5210084784477326
2011-10-05,0.8129377775517723
2011-10-06,0.6550825754118506
2011-10-09,1.4092309465715325
2011-10-10,1.7542942522543392
2011-10-11,1.9357885883602302
2011-10-12,1.1470724610852447
2011-10-13,1.6305335145317685
2011-10-16,1.891781966478406
2011-10-17,0.8573037669994166
2011-10-18,0.9108055006359259
2011-10-19,0.18137012026270088
2011-10-20,-1.0827520799707728
2011-10-23,-0.12851197551437707
2011-10-24,0.7716217312666618
2011-10-25,0.17153259341263594
2011-10-26,0.12784068654359323
2011-10-27,1.2058340532380472
2011-10-31,1.4356695204827201
2011-11-01,1.2887361899964653
2011-11-02,-0.08633799719569658
2011-11-03,-0.001429304917210544
2011-11-04,-0.06725562275726163
2011-11-07,-0.9452870813445231
2011-11-08,-0.9773702957155
2011-11-09,-0.9111231244106138
2011-11-10,-0.8911632609137481
2011-11-11,-1.000288201301701
2011-11-14,-0.0003041628008085874
2011-11-15,-0.5407128311587373
2011-11-16,-1.0225547880116486
2011-11-17,-0.8044626388291066
2011-11-18,-0.37590243543984286
2011-11-21,-0.19445874981766265
2011-11-22,-1.2624840382924565
2011-11-23,-0.2438901242405053
2011-11-24,-1.0050721762320614
2011-11-25,-0.909350750978405
2011-11-28,-0.9690568181777305
2011-11-29,-0.2795039028011603
2011-11-30,0.04665047304579302
2011-12-01,0.9086387254167203
2011-12-02,1.1568645133021254
2011-12-05,1.2528055471425443
2011-12-06,1.6466687386979433
2011-12-07,1.3588456371766908
2011-12-08,1.1644388054474204
2011-12-09,0.4730060768541886
2011-12-12,0.6419811554297434
2011-12-13,0.05323749862435108
2011-12-14,-1.0322019917805876
2011-12-15,-1.5589232703964004
2011-12-16,-0.9398022547822467
2011-12-19,-0.7189478629578879
2011-12-20,-1.1785346267865566
2011-12-21,-0.2600148193715857
2011-12-22,-0.6357700180753358
2011-12-23,-0.4421926076705544
2011-12-26,-0.08246335331064604
2011-12-27,-0.045645969025843995
2011-12-28,-0.2117816924316609
2011-12-29,-1.14252439500915
2011-12-30,-0.3722887371597214
2012-01-02,-0.17805539735422096
2012-01-03,-0.7004761044173106
2012-01-04,0.9339133295470289
2012-01-05,1.7702617815905413
2012-01-06,0.4923629045551148
2012-01-09,0.25340620397125757
2012-01-10,0.06649693924417759
2012-01-11,1.7356043649962538
2012-01-12,1.0691549404471885
2012-01-13,1.507296417237099
2012-01-16,1.1543810591563133
2012-01-17,1.43577980089338
2012-01-18,1.4275945437463093
2012-01-19,1.5981138093888585
2012-01-20,2.0794235494481255
2012-01-23,1.4268033673394973
2012-01-24,1.6948175696119425
2012-01-25,1.0472607610943554
2012-01-26,0.5333086310273164
2012-01-27,-6.060663197577387
2012-01-30,1.485393819525949
2012-01-31,0.9383870663210808
2012-02-01,0.5812770257026081
2012-02-02,1.1938571004674454
2012-02-03,1.8037269619570275
2012-02-06,1.7617113633135453
2012-02-07,1.0951080647854872
2012-02-08,0.9682469494546201
2012-02-09,1.1097103547787304
2012-02-10,1.3397125751479846
2012-02-13,1.0324264789688498
2012-02-14,1.3313902433764635
2012-02-15,1.0227217443684213
2012-02-16,-0.2262438011251304
2012-02-17,0.7946193933731123
2012-02-20,1.5550080995356617
2012-02-21,0.5861257158769244
2012-02-22,0.9172627330767634
2012-02-23,0.9481506852983954
2012-02-24,0.2879774858844165
2012-02-27,0.8195455165814013
2012-02-28,0.879561261982665
2012-02-29,1.2107020024168509
2012-03-01,-0.7940206669213268
2012-03-02,-0.3993104978698813
2012-03-05,-0.8336723627359844
2012-03-06,-0.5649792960973323
2012-03-07,-1.1441928615432586
2012-03-08,-1.1845493327285403
2012-03-09,-0.9479790279457709
2012-03-12,-0.8540521438417178
2012-03-13,-1.0345314133077117
2012-03-14,-0.6692497743220462
2012-03-15,-1.0649792383208552
2012-03-16,-0.9052150383721205
2012-03-19,-0.8404746995294823
2012-03-20,-1.346974856518027
2012-03-21,-0.8885600433404123
2012-03-22,-1.082208533125713
2012-03-23,-0.8708688167179535
2012-03-25,-0.07725432058416501
2012-03-26,-0.656209533020816
2012-03-27,-0.9605321446862336
2012-03-28,-0.9160944270697889
2012-03-29,-0.5099741180571394
2012-04-01,-0.9330221695570148
2012-04-02,-1.5460101625466045
2012-04-03,-0.7304638403459193
2012-04-04,-0.60627234014109
2012-04-05,-0.27022475135156304
2012-04-08,0.2809300124154681
2012-04-09,0.2650560204396377
2012-04-10,-0.8687691404939942
2012-04-11,-1.0451419433058908
2012-04-12,-0.33965073205830437
2012-04-15,-0.7804613705201916
2012-04-16,-1.3018412274703037
2012-04-17,-1.0545846861031127
2012-04-18,-1.224428771904841
2012-04-19,-1.2980960862284856
2012-04-22,-0.9271228319934833
2012-04-23,-1.1924144245922577
2012-04-24,-1.1695794747830748
2012-04-25,-1.1467445249738921
2012-04-26,-1.3388629928260753
2012-04-29,-1.2177294143337662
2012-04-30,-1.5403983006389599
2012-05-01,-1.251504131652569
2012-05-02,-1.174937235905169
2012-05-03,-0.598682808650239
2012-05-06,-1.3629771280201368
2012-05-07,-0.6542263481167367
2012-05-08,-0.4921647935738427
2012-05-09,-1.513269943029466
2012-05-10,-0.9035705345833748
2012-05-13,-0.8015292598227072
2012-05-14,-1.4539675088352237
2012-05-15,-1.4922136932249854
2012-05-16,-1.476248913660117
2012-05-17,-1.2194342053026785
2012-05-20,-1.0741124934105422
2012-05-21,-0.9370040064776384
2012-05-22,-1.3413422576793248
2012-05-23,-0.01650270144164902
2012-05-24,0.11720088463845241
2012-05-27,1.4910838239285062
2012-05-28,1.5111718658301623
2012-05-29,1.2439670695701377
2012-05-30,0.6381264919112728
2012-05-31,0.36298491952470785
2012-06-03,0.005829993830613978
2012-06-04,-0.36719848411654915
2012-06-05,-0.256798643221317
2012-06-06,-0.6456621720820597
2012-06-07,-0.5686594930997257
2012-06-10,-0.27604931296688795
2012-06-11,-1.6533220963657833
2012-06-12,-1.6090815308892579
2012-06-13,-1.4898915434701052
2012-06-14,-0.8215698071952647
2012-06-17,-0.3318073134366157
2012-06-18,-0.9389087379916081
2012-06-19,0.703836293157223
2012-06-20,0.9793276958964601
2012-06-21,-1.046044283501314
2012-06-24,-1.1514644127073574
2012-06-25,-0.8441598348822599
2012-06-26,-1.4045604925455426
2012-06-27,-0.9227352868457693
2012-06-28,-1.0234303976710002
2012-07-01,1.1154267947447614
2012-07-02,1.7574703111466827
2012-07-03,0.9955763885417853
2012-07-04,0.4225553291036484
2012-07-05,0.6658491867421882
2012-07-08,0.3809392745075803
2012-07-09,0.25929234568831067
2012-07-10,0.22407876103009775
2012-07-11,-0.11016268226865254
2012-07-12,-1.00845286402423
2012-07-15,-1.0384433811015534
2012-07-16,-0.6637597896638741
2012-07-17,0.4887928343272757
2012-07-18,0.6437338822158142
2012-07-19,0.8303636127980728
2012-07-22,0.07408442168319555
2012-07-23,-0.7985454142186034
2012-07-24,-1.3867625628635238
2012-07-25,-0.6782196916444824
2012-07-26,0.1733905934655429
2012-07-29,0.11932009917282041
2012-07-30,-0.9767933687108988
2012-07-31,-1.6524961136514358
2012-08-01,-0.8128082046121751
2012-08-02,-1.0915413457630496
2012-08-05,0.3522097941944422
2012-08-06,0.25101228438433326
2012-08-07,0.34546329354045097
2012-08-08,0.7502533327808573
2012-08-09,1.020113358941138
2012-08-12,0.9296069649882869
2012-08-13,0.579733880582938
2012-08-14,-0.01662362068119874
2012-08-15,0.08962689233511903
2012-08-16,0.12037226248526961
2012-08-19,0.17900807555729262
2012-08-20,0.19855334658129986
2012-08-21,0.31638425005887855
2012-08-22,-0.17448463487543606
2012-08-23,-0.9392688574723399
2012-08-26,-0.9658402252689525
2012-08-27,-0.5030571132766837
2012-08-28,-1.0489298989335996
2012-08-29,-1.276209109294145
2012-08-30,-1.179080730123254
2012-09-02,0.002544187344081973
2012-09-03,-0.05676979794320092
2012-09-04,-0.40559546924645973
2012-09-05,-0.3669333725966576
2012-09-06,0.49909759235863294
2012-09-09,0.02864495094682716
2012-09-10,0.3953606795656364
2012-09-11,0.847643411528822
2012-09-12,-0.026720656393491832
2012-09-13,0.05534976852881053
2012-09-16,0.7392517777724609
2012-09-17,-0.8744495923529761
2012-09-18,-0.14810258692393663
2012-09-19,-0.7346705386743528
2012-09-20,-0.4109425664180626
2012-09-23,-0.4496295624833747
2012-09-24,-0.9077347108395108
2012-09-25,-1.1239542401032012
2012-09-26,-1.576745054167966
2012-09-27,-1.0152844447276674
2012-09-30,-0.2708196521956384
2012-10-01,-0.31907800866533803
2012-10-02,-0.5724343801312878
2012-10-03,0.19969932338401328
2012-10-04,0.40580583344580307
2012-10-07,2.550127804474615
2012-10-08,-1.0200491972941477
2012-10-09,-0.9277700423870402
2012-10-10,-1.5716643884101904
2012-10-11,-1.451958198423425
2012-10-14,-1.63074372105325
2012-10-15,-1.0439985552631583
2012-10-16,-0.8514727977382908
2012-10-17,-0.5305965351968586
2012-10-18,0.12222819326499815
2012-10-21,0.12222819326499815
2012-10-22,0.2482811272831106
2012-10-23,0.009965061285288958
2012-10-24,0.13905293036746444
2012-10-25,0.14898276645068487
2012-10-29,0.03521445731515021
2012-10-30,-0.5292728286897785
2012-10-31,-0.34111040002146886
2012-11-01,-0.23217425710822767
2012-11-02,-0.3906268286184088
2012-11-05,-0.32130382858270184
2012-11-06,-0.8385475712377621
2012-11-07,-0.32244027120625984
2012-11-08,-0.6740871610092433
2012-11-09,0.0410748286397297
2012-11-12,-0.46525383561242534
2012-11-13,-0.7154546002142298
2012-11-14,-0.9637794896277937
2012-11-15,-1.2636814397699163
2012-11-16,-1.0274390481427151
2012-11-19,-1.0168526470592898
2012-11-20,-0.8632792553425861
2012-11-21,-0.79024675105332
2012-11-22,-1.4573443054243422
2012-11-23,-1.2108627301523767
2012-11-26,0.0488671351587402
2012-11-27,-0.012101241121931438
2012-11-28,0.06459420494929785
2012-11-29,-0.3806608638754676
2012-11-30,-0.5004010734318958
2012-12-03,-1.376721216638852
2012-12-04,-0.7256919159982551
2012-12-05,-0.6905011429906596
2012-12-06,0.6819390043057252
2012-12-07,1.1702109797861635
2012-12-10,1.3812583460390513
2012-12-11,1.0581762819673586
2012-12-12,1.0836030247068291
2012-12-13,1.3039681284489393
2012-12-14,0.7149152549844872
2012-12-17,0.34667420391423637
2012-12-18,-0.2907649968351835
2012-12-19,-0.4027121942420683
2012-12-20,0.5295680409220995
2012-12-21,0.523622890265506
2012-12-24,1.296492475621032
2012-12-25,0.19069445349699063
2012-12-26,-0.09332555820636917
2012-12-27,0.9206490437768425
2012-12-28,1.1871073858822603
2012-12-31,1.0366531669961225
2013-01-01,0.5144498776076305
2013-01-02,0.7478489408184666
2013-01-03,0.7478489408184666
2013-01-04,0.5751892496446965
2013-01-07,1.1170011353306322
2013-01-08,0.9682773114451003
2013-01-09,-0.554979229918822
2013-01-10,-1.193424257034018
2013-01-11,0.2822047704758884
2013-01-14,0.13464186772488146
2013-01-15,-0.23247242054926218
2013-01-16,
2013-01-17,-0.9997889368685509
2013-01-18,-0.7639288151432012
2013-01-21,-0.14803016659957663
2013-01-22,-0.6739421970617329
2013-01-23,-0.761226348898498
2013-01-24,-0.07640382548044217
2013-01-25,0.444447107823425
2013-01-28,0.05605130688605675
2013-01-29,1.0698676960054936
2013-01-30,1.4436485900380491
2013-01-31,1.0433689435484912
2013-02-01,0.94314769206832
2013-02-04,1.1261604121625473
2013-02-05,0.7644924176906219
2013-02-06,1.1610850143980074
2013-02-07,0.7775588584319244
2013-02-08,1.0753477031729086
2013-02-11,0.00783478503212834
2013-02-12,-0.03782227486532363
2013-02-13,0.04970194949824837
2013-02-14,0.3572637098787226
2013-02-15,0.8742292220075896
2013-02-18,0.28528117021520283
2013-02-19,0.527153535291456
2013-02-20,0.8154777131913197
2013-02-21,-0.1586483992306757
2013-02-22,-1.215594683398565
2013-02-25,-0.971684002436752
2013-02-26,-1.462484776014114
2013-02-27,-1.1787648654755396
2013-02-28,-0.6436901522544531
2013-03-01,-0.873007886492066
2013-03-04,-1.1092746429793026
2013-03-05,-0.4143724180168556
2013-03-06,0.7592763619806886
2013-03-07,0.011212405226783566
2013-03-08,0.8081849095028647
2013-03-11,1.2347930513940333
2013-03-12,0.2888732432784789
2013-03-13,-0.3862919384280639
2013-03-14,-0.7751280642002019
2013-03-15,-0.85977704883925
2013-03-18,-0.3212785650987319
2013-03-19,-0.5102494252543369
2013-03-20,-0.5008008822465578
2013-03-21,-0.585837769316581
2013-03-22,-1.307173575197281
2013-03-25,-1.1890957452199857
2013-03-26,-1.0399120319099988
2013-03-27,-1.128278319581564
2013-03-28,-0.8484070070810305
2013-03-29,-1.3825578739742472
2013-03-31,-1.370571372812275
2013-04-01,-1.0502603993084236
2013-04-02,-1.233083823060372
2013-04-03,-1.373337488465019
2013-04-04,-0.6162495119643774
2013-04-07,1.1316496619612826
2013-04-08,0.6849912652298579
2013-04-09,1.0308338257338177
2013-04-10,1.0824758857889563
2013-04-11,0.9944205191547817
2013-04-14,1.247518886510741
2013-04-15,-0.37930097146971425
2013-04-16,0.3062143145975248
2013-04-17,-0.5599864984700306
2013-04-18,0.30818964060586246
2013-04-21,-1.0046305432202391
2013-04-22,-1.4596362879679645
2013-04-23,-1.4277186335388716
2013-04-24,-0.9308010687700796
2013-04-25,-0.44925208847867115
2013-04-28,0.35337341082100454
2013-04-29,-0.48933260481602275
2013-04-30,0.21555727030902147
2013-05-01,0.19804507712202646
2013-05-02,-0.257271945739882
2013-05-05,-0.12593049683740012
2013-05-06,-0.16971097980490724
2013-05-07,-0.724047243372506
2013-05-08,-0.16352714897627668
2013-05-09,-0.33249210439544463
2013-05-12,-0.5853498722594793
2013-05-13,0.12369545088352676
2013-05-14,-0.7216469995606193
2013-05-15,-0.7915879386066853
2013-05-16,-0.5844482776978065
2013-05-19,-1.1593643298888614
2013-05-20,-1.1457249571041586
2013-05-21,-0.9475496122472546
2013-05-22,-1.2376233031419188
2013-05-23,-0.9747332421683649
2013-05-26,-1.3135693207565102
2013-05-27,-0.9152300611942011
2013-05-28,-0.8144397307299034
2013-05-29,-1.5783608958965933
2013-05-30,-0.6711561347209702
2013-06-02,-0.13086459949982351
2013-06-03,-1.065753877427199
2013-06-04,-1.012861647310849
2013-06-05,-1.0442742282280055
2013-06-06,-1.073878060895285
2013-06-09,-0.7223501002295738
2013-06-10,-0.2963719647472064
2013-06-11,0.061920096255044924
2013-06-12,-1.195890241113544
2013-06-13,0.5889078265359708
2013-06-16,1.6031106282086793
2013-06-17,-1.1184340457104565
2013-06-18,-1.489102991445594
2013-06-19,-0.6563574758427623
2013-06-20,-1.3207686891688986
2013-06-23,-0.9579790742733585
2013-06-24,-0.6858868631016986
2013-06-25,-0.3610636032533622
2013-06-26,0.14515446404274465
2013-06-27,-0.059442004822766036
2013-06-30,0.9160228678059443
2013-07-01,-0.015856136558918963
2013-07-02,-0.7686022335749102
2013-07-03,-1.4076400749131737
2013-07-04,-0.8003615622490119
2013-07-07,-0.8563106386697064
2013-07-08,-1.3785020185961627
2013-07-09,-1.0494992911924357
2013-07-10,-1.6340393689411434
2013-07-11,-0.56550286153896
2013-07-14,-1.134880279312152
2013-07-15,1.1992905201752109
2013-07-16,-0.49851537431168397
2013-07-17,0.8545053231409423
2013-07-18,0.9119695226466579
2013-07-21,-0.2895546488363749
2013-07-22,0.4731519991485111
2013-07-23,1.4972492529601424
2013-07-24,-0.27983381963278253
2013-07-25,-0.1272613240185191
2013-07-28,-1.1725952754213695
2013-07-29,-1.3178955595977528
2013-07-30,-0.9779523041394536
2013-07-31,-0.7625255235620636
2013-08-01,-1.3759228778682526
2013-08-04,-0.7978298073087389
2013-08-05,-1.4229769650068116
2013-08-06,-1.009401469187248
2013-08-07,-1.388074208063372
2013-08-08,-0.13054080233823454
2013-08-11,0.7792643684984922
2013-08-12,-0.166014585897845
2013-08-13,-1.5670762287845734
2013-08-14,-0.6862684555811801
2013-08-15,-0.8767944068983611
2013-08-18,-1.1304234715506396
2013-08-19,-1.63106333567909
2013-08-20,-1.0448073335490897
2013-08-21,-1.589355821334049
2013-08-22,-1.311976567572609
2013-08-25,0.48916375747079816
2013-08-26,0.12735807226940982
2013-08-27,0.45098299678802756
2013-08-28,1.4597134675282901
2013-08-29,1.1401359540413492
2013-09-01,0.41929584381487633
2013-09-02,0.5921802604952097
2013-09-03,1.1430661983918697
2013-09-04,0.8137841612630157
2013-09-05,1.164682988831667
2013-09-08,1.453655132294762
2013-09-09,1.680251014750337
2013-09-10,1.5170182633546376
2013-09-11,1.721059202599259
2013-09-12,1.7055132262758534
2013-09-15,1.460572116885938
2013-09-16,1.3738357161010106
2013-09-17,1.797952021737514
2013-09-18,1.8293478967366306
2013-09-19,1.636992887939272
2013-09-22,1.3269019352974736
2013-09-23,1.5319885309003252
2013-09-24,1.5512701766407666
2013-09-25,1.0499473873893448
2013-09-26,0.7747457163667131
2013-09-29,1.0604646487023102
2013-09-30,1.1603786311754964
2013-10-01,1.2375052141372531
2013-10-02,1.762069533908711
2013-10-03,1.4840097618603199
2013-10-06,0.602810914417997
2013-10-07,
2013-10-08,0.706173580251954
2013-10-09,0.760407622161128
2013-10-10,1.438851463238196
2013-10-13,1.396821626351051
2013-10-14,0.8769276113378243
2013-10-15,0.6111182391115509
2013-10-16,0.5662912635103223
2013-10-17,1.2978367357964
2013-10-20,1.9353484565927634
2013-10-21,0.5519242845369627
2013-10-22,0.439768614144214
2013-10-23,-0.519529790312159
2013-10-24,-1.3765646233932733
2013-10-28,-0.4056580292734087
2013-10-29,0.007876260814676211
2013-10-30,-0.26182001532971405
2013-10-31,0.2439777701189889
2013-11-01,-0.7984299869916288
2013-11-04,-1.4836071401550492
2013-11-05,-0.21576487888243567
2013-11-06,-1.1927853831638713
2013-11-07,-1.18207948310083
2013-11-08,-0.8876662265095666
2013-11-11,-1.0220455048424353
2013-11-12,-1.2792200309225399
2013-11-13,-1.3345251676904588
2013-11-14,-1.1751392886496628
2013-11-15,-0.6098173277082775
2013-11-18,-0.6449357317143024
2013-11-19,1.5386222478163092
2013-11-20,1.2208269218099905
2013-11-21,1.22461019950055
2013-11-22,-0.03900454914362064
2013-11-25,1.0316630372824236
2013-11-26,0.6245892286579815
2013-11-27,0.07805375569943988
2013-11-28,-1.2357730125688136
2013-11-29,-0.7394681488423205
2013-12-02,-0.8797800721717243
2013-12-03,-1.4370094255967527
2013-12-04,-1.4326334600468646
2013-12-05,-1.5609288680816324
2013-12-06,-0.6507143571250219
2013-12-09,0.63115303082673
2013-12-10,1.0486766377415053
2013-12-11,1.4428014675636682
2013-12-12,0.25539750980946063
2013-12-13,0.4986882289823407
2013-12-16,0.7528725624465346
2013-12-17,0.8291278624857957
2013-12-18,1.065156172131144
2013-12-19,0.2122325870160217
2013-12-20,-0.4608557425244651
2013-12-23,-1.5465935161752515
2013-12-24,-0.44160507277889466
2013-12-25,-0.32889206049756065
2013-12-26,-0.2982819046376381
2013-12-27,-0.20207855764934135
2013-12-30,0.6200227711598384
2013-12-31,-0.5081801162485067
2014-01-01,-0.39329161960110437
2014-01-02,0.18986432979135573
2014-01-03,-0.8596806035739023
2014-01-06,-0.35772433109487184
2014-01-07,-0.4413837098413683
2014-01-08,-0.2512487581447681
2014-01-09,-1.137277633050939
2014-01-10,-0.9851696716936557
2014-01-13,1.1037506913346864
2014-01-14,0.9291416165509143
2014-01-15,0.7676259803487585
2014-01-16,0.4748477537269788
2014-01-17,0.22760263355481974
2014-01-20,0.7195192742459353
2014-01-21,1.0396032497193821
2014-01-22,0.24853856747787112
2014-01-23,-0.46124840519214266
2014-01-24,-0.3659042376498661
2014-01-27,-0.4425122086554072
2014-01-28,-1.2818691083681373
2014-01-29,-0.9827244443335683
2014-01-30,-1.2425409660128213
2014-01-31,-0.5612443091649923
2014-02-03,-0.8340529679410362
2014-02-04,-1.335297745414627
2014-02-05,0.04021668449461244
2014-02-06,1.0066392818986392
2014-02-07,1.3890347779562908
2014-02-10,1.5837348280041523
2014-02-11,0.18008330440334566
2014-02-12,0.24798985209134583
2014-02-13,-0.6109578612441497
2014-02-14,0.7173117985530308
2014-02-17,1.069814131345357
2014-02-18,1.0853295319298841
2014-02-19,0.8395507650485043
2014-02-20,0.5350213576346863
2014-02-21,1.0843171419178363
2014-02-24,1.4942481549038737
2014-02-25,1.5072736077204734
2014-02-26,1.4226340085648577
2014-02-27,0.895686334505714
2014-02-28,1.8365879804100997
2014-03-03,1.2792720392364476
2014-03-04,0.981262820692213
2014-03-05,0.8993837807414324
2014-03-06,1.0821017943620874
2014-03-07,0.4481285534928532
2014-03-10,-0.6545380533998536
2014-03-11,-0.9674800291184044
2014-03-12,-1.095832895426681
2014-03-13,-0.7360902839457837
2014-03-14,-1.079370837298466
2014-03-17,-0.06878971814049512
2014-03-18,-0.3435107990766347
2014-03-19,0.4757467101436497
2014-03-20,-0.11906448276848029
2014-03-21,1.1899682800580582
2014-03-24,1.3909512414018639
2014-03-25,1.041321821399783
2014-03-26,1.1087816532509582
2014-03-27,0.9363787702634845
2014-03-28,1.6618514414216146
2014-03-30,1.6651882241775224
2014-03-31,1.210437645952173
2014-04-01,1.5226487867037766
2014-04-02,1.1059918044123058
2014-04-03,0.414677392842665
2014-04-06,1.5278419404185108
2014-04-07,1.325311182202967
2014-04-08,1.5749121764277667
2014-04-09,1.6508852883747447
2014-04-10,0.9372746130590803
2014-04-13,0.6215176770786937
2014-04-14,0.6720387868355627
2014-04-15,-0.0005234868026493071
2014-04-16,-0.3083171022547263
2014-04-17,-0.7678128412349791
2014-04-20,-0.7678128412349791
2014-04-21,-0.7678128412349791
2014-04-22,-1.1846119967290767
2014-04-23,0.1685563246961246
2014-04-24,0.9774360570511837
2014-04-27,-1.089494654553405
2014-04-28,0.19366702882528739
2014-04-29,-0.3588713747378938
2014-04-30,-0.04313514413037318
2014-05-01,-0.2070751100227392
2014-05-04,0.7462054323884684
2014-05-05,-0.9114097783010747
2014-05-06,0.0175833617557102
2014-05-07,0.8069239382745251
2014-05-08,1.0785071381364861
2014-05-11,1.2786269976378577
2014-05-12,1.1196242435877288
2014-05-13,0.7484599591893015
2014-05-14,1.0732464210866874
2014-05-15,0.05613279658078474
2014-05-18,0.3951706714160669
2014-05-19,0.5862570256624605
2014-05-20,-0.608047825475375
2014-05-21,0.11396438249132303
2014-05-22,-0.4205121870424519
2014-05-25,-1.1894083046173496
2014-05-26,-0.3838116642523716
2014-05-27,-0.956011392188517
2014-05-28,-0.5785093057469302
2014-05-29,-0.3167546160614283
2014-06-01,-0.13861426833827784
2014-06-02,-1.6407558830654008
2014-06-03,-1.2631723224009963
2014-06-04,-1.183502486169488
2014-06-05,-0.28992554783766045
2014-06-08,0.35539633324875125
2014-06-09,1.1995291809022834
2014-06-10,1.3644686994143653
2014-06-11,0.8614246356251478
2014-06-12,1.0127830264997844
2014-06-15,1.3422101125210493
2014-06-16,0.8881349398971385
2014-06-17,-0.510385759312786
2014-06-18,0.9806469401062337
2014-06-19,0.9940423428514399
2014-06-22,0.5051101426513778
2014-06-23,1.2162729764417402
2014-06-24,0.5569612470574556
2014-06-25,1.2272318969532547
2014-06-26,1.3341892983096464
2014-06-29,1.2168123710887655
2014-06-30,0.36668325580512934
2014-07-01,0.6227353944102808
2014-07-02,-0.6683841813941072
2014-07-03,0.17463119768480434
2014-07-06,0.011466930766302112
2014-07-07,-0.6792617991886721
2014-07-08,0.03322216635543278
2014-07-09,0.14199834430110872
2014-07-10,-0.4671482521946146
2014-07-13,-0.1288387156341571
2014-07-14,0.5494207881774706
2014-07-15,0.1714440556709743
2014-07-16,-0.010588239137013847
2014-07-17,-1.6299306663032214
2014-07-20,0.2446371507388118
2014-07-21,0.47683437278935
2014-07-22,1.0375057138381822
2014-07-23,0.6070913510128139
2014-07-24,0.641071432288497
2014-07-27,0.25596384449737286
2014-07-28,0.5531740714247358
2014-07-29,0.08792966335486477
2014-07-30,-0.32544848922928743
2014-07-31,-0.7905672134397005
2014-08-03,-0.4452218652765456
2014-08-04,-0.5186077517612174
2014-08-05,-1.004396019769415
2014-08-06,-0.7811296945737365
2014-08-07,-1.288972339976811
2014-08-10,-0.7313669982853613
2014-08-11,-0.43521224620089194
2014-08-12,-0.23144261594693183
2014-08-13,-0.26795387002990806
2014-08-14,0.5249479091801855
2014-08-17,1.7919753422050677
2014-08-18,1.1410915669593682
2014-08-19,1.2719357436661696
2014-08-20,0.6046663147511928
2014-08-21,-0.49474095283056163
2014-08-24,-0.9679280434573594
2014-08-25,-1.5229771293256429
2014-08-26,0.04229315371630353
2014-08-27,1.0085093778162697
2014-08-28,1.1298316459551982
2014-08-31,1.241818010931786
2014-09-01,0.6172720889512244
2014-09-02,0.7964896143891365
2014-09-03,1.1114779924314881
2014-09-04,0.8236437849100151
2014-09-07,0.9051062964726978
2014-09-08,-0.5194264584055794
2014-09-09,-1.0247585696261885
2014-09-10,-1.1172386909507894
2014-09-11,-0.30047721068298744
2014-09-14,0.570553046007136
2014-09-15,-1.4276818372472113
2014-09-16,-1.2431123695978648
2014-09-17,-1.2072822102764023
2014-09-18,-1.3885631350774383
2014-09-21,-1.0097478282254309
2014-09-22,-1.3020092643270953
2014-09-23,-1.5342804511822543
2014-09-24,-0.5634049077729517
2014-09-25,-1.2062650092185228
2014-09-28,-0.3776176280975698
2014-09-29,-0.9417612268088867
2014-09-30,-0.5907683408861529
2014-10-01,-1.3481361390371245
2014-10-02,-1.397616448061528
2014-10-05,-0.3811565898014382
2014-10-06,0.40474544767436804
2014-10-07,1.2570243464234676
2014-10-08,1.6053722906762469
2014-10-09,1.0766153019184568
2014-10-12,1.3017797612459323
2014-10-13,1.1879325627095711
2014-10-14,1.0462560489754174
2014-10-15,-0.3780989016018041
2014-10-16,-0.7993130904491473
2014-10-19,0.11688350715137961
2014-10-20,-0.7030083344513698
2014-10-21,-1.1142556708743332
2014-10-22,-1.0569198918186102
2014-10-23,-1.3880857662748214
2014-10-27,0.1168595179233263
2014-10-28,-0.9648462606125446
2014-10-29,0.9685617372518772
2014-10-30,0.4832060720679855
2014-10-31,1.7594487567927035
2014-11-03,1.4892123164328477
2014-11-04,-0.30025251552992765
2014-11-05,-0.33658682683881236
2014-11-06,-0.5046330166424245
2014-11-07,-1.3088295838081427
2014-11-10,-0.9745217265660094
2014-11-11,-0.9839654513468554
2014-11-12,-1.0784026991553655
2014-11-13,-1.2322974012270933
2014-11-14,-0.939182314359772
2014-11-17,-0.8822594822359972
2014-11-18,-1.0860424856409412
2014-11-19,-0.313265243813652
2014-11-20,0.5175096568155044
2014-11-21,0.2191287304227822
2014-11-24,1.679333628587707
2014-11-25,0.7784821118331594
2014-11-26,1.1118430905225207
2014-11-27,1.8470143117741928
2014-11-28,0.9570971318178435
2014-12-01,0.7303837433873428
2014-12-02,-0.2798338196327925
2014-12-03,-0.9416370344921741
2014-12-04,-0.14372628829464174
2014-12-05,-1.159149894870221
2014-12-08,-1.0869120979738667
2014-12-09,-1.284091514259123
2014-12-10,-1.060855649239993
2014-12-11,-0.5983092384635141
2014-12-12,-1.0950747101441907
2014-12-15,-0.6756508786424226
2014-12-16,-0.563339010966372
2014-12-17,-1.3159793873220915
2014-12-18,-0.8150352987457391
2014-12-19,0.29490365418308295
2014-12-22,0.36557904090459004
2014-12-23,0.24410827787849682
2014-12-24,-0.1654494575084403
2014-12-25,0.22325032642153564
2014-12-26,0.1049171360365563
2014-12-29,0.204163709802354
2014-12-30,-0.18130061428806837
2014-12-31,1.01068810067451
2015-01-01,0.9131691636607419
2015-01-02,1.0606297396001083
2015-01-05,-0.5255926399321231
2015-01-06,-0.9475496122472657
2015-01-07,-0.6514255337254481
2015-01-08,0.0683837648352852
2015-01-09,0.6940228111834755
2015-01-12,1.84086625017346
2015-01-13,0.18039845051754042
2015-01-14,0.8099317294675307
2015-01-15,1.4827880517642797
2015-01-16,0.69900246981737
2015-01-19,1.341353059533262
2015-01-20,0.11299651390280116
2015-01-21,1.1387819790655804
2015-01-22,0.612288404361601
2015-01-23,1.3441827298025948
2015-01-26,1.1473475134908173
2015-01-27,0.813352956544813
2015-01-28,1.1919506991284912
2015-01-29,1.056226980089055
2015-01-30,0.5957970192364102
2015-02-02,-0.97638043643419
2015-02-03,-1.6191731373337577
2015-02-04,-0.8417800438625401
2015-02-05,-1.3339408546679996
2015-02-06,-1.0582751233157506
2015-02-09,-1.4732076296905943
2015-02-10,-0.7748481080641426
2015-02-11,-1.1766503506623271
2015-02-12,-1.5409437564559736
2015-02-13,-0.7073541747676297
2015-02-16,-0.7890019286299449
2015-02-17,-0.689058741599731
2015-02-18,-0.5851548101147013
2015-02-19,-0.5387442417988552
2015-02-20,-1.147072282139928
2015-02-23,-0.7941926181218505
2015-02-24,-0.7241319725912372
2015-02-25,-0.0021300914769125474
2015-02-26,-0.4834646788864561
2015-02-27,-1.306639684126241
2015-03-02,1.021481312990796
2015-03-03,-0.8867586245288926
2015-03-04,-0.22518107396066753
2015-03-05,-1.1043216603550916
2015-03-06,-0.6232855871318752
2015-03-09,-1.0407178712330087
2015-03-10,-1.1836223944940785
2015-03-11,-0.9397938509321354
2015-03-12,-1.222043459769369
2015-03-13,-0.7373639241002579
2015-03-16,-1.3946644297076893
2015-03-17,-1.284176491748653
2015-03-18,-1.2712262210918863
2015-03-19,-0.761554866244182
2015-03-20,-1.3684078635581056
2015-03-23,-0.3206235776040994
2015-03-24,1.1824472994565898
2015-03-25,1.0591424196146402
2015-03-26,0.24677153909386693
2015-03-27,0.5468541685480621
2015-03-29,-0.4933198897285695
2015-03-30,-0.2370695544643087
2015-03-31,0.39512699635212084
2015-04-01,0.8031045038123226
2015-04-02,1.4435187425787337
2015-04-05,1.3906474888154547
2015-04-06,1.3906474888154547
2015-04-07,0.9963569675749945
2015-04-08,1.6719923976707365
2015-04-09,1.543745406691218
2015-04-12,1.2483243238683837
2015-04-13,-0.11192584788349742
2015-04-14,0.9910029082876184
2015-04-15,1.4203961615744203
2015-04-16,1.5914121690798204
2015-04-19,1.1189717015054574
2015-04-20,1.2119982674068308
2015-04-21,1.1052012340120119
2015-04-22,1.2055884412447462
2015-04-23,1.7134685380909838
2015-04-26,1.2080073140423282
2015-04-27,1.4558111076525873
2015-04-28,0.9499984607110061
2015-04-29,0.5927865179470384
2015-04-30,-0.37686293999146364
2015-05-03,-0.37686293999146364
2015-05-04,-1.5955010260303535
2015-05-05,-1.059467710998453
2015-05-06,-0.6220358418754314
2015-05-07,-0.48937207828893986
2015-05-10,0.40879745626283953
2015-05-11,-1.0211888369430617
2015-05-12,0.06504451618802026
2015-05-13,-0.2782813578345702
2015-05-14,1.007846994115682
2015-05-17,0.966448012829728
2015-05-18,0.4025064669806795
2015-05-19,-0.38985493072650984
2015-05-20,0.5284243635155346
2015-05-21,-0.5464845093430487
2015-05-24,-0.7397901509165569
2015-05-25,-0.508853795627291
2015-05-26,-1.0983866378767966
2015-05-27,-0.9216805846108378
2015-05-28,-1.0841086484654994
2015-05-31,-1.121484843699639
2015-06-01,-1.0094014691872577
2015-06-02,-0.31831296400870185
2015-06-03,-0.2028238564017757
2015-06-04,0.22708503356859064
2015-06-07,0.2936932711607339
2015-06-08,1.2409157637323496
2015-06-09,1.1854026249643215
2015-06-10,0.7173641420925861
2015-06-11,1.397917395565542
2015-06-14,0.3415736721151356
2015-06-15,0.1351206491897305
2015-06-16,1.262908804274791
2015-06-17,1.5181910656181026
2015-06-18,1.2584504344473348
2015-06-21,0.30418885067466406
2015-06-22,0.5414064195221048
2015-06-23,0.8271457638156201
2015-06-24,-0.2580194174002993
2015-06-25,-1.2643700780021696
2015-06-28,-0.5361973084390276
2015-06-29,-0.25169645566204873
2015-06-30,-0.06557440244346041
2015-07-01,-1.0131014719071354
2015-07-02,0.8009884724700324
2015-07-05,-0.37039316129955574
2015-07-06,-0.08289998700420298
2015-07-07,-0.3269379383089257
2015-07-08,-1.50922897807726
2015-07-09,-1.254455545851893
2015-07-12,0.3198519834652019
2015-07-13,0.9366215373214892
2015-07-14,0.8077292657984242
2015-07-15,0.829616632660825
2015-07-16,0.8817703478867859
2015-07-19,-0.12492626266408197
2015-07-20,-0.39551234584683065
2015-07-21,0.20268609260543996
2015-07-22,-0.15734943167290666
2015-07-23,-0.8261679383941098
2015-07-26,-1.3830100241500969
2015-07-27,-1.1532990612045264
2015-07-28,-1.0409425908579941
2015-07-29,-0.6010003301964468
2015-07-30,-1.0928209441908696
2015-08-02,-1.2052611373626063
2015-08-03,-1.3213301235333166
2015-08-04,-1.3031199881506301
2015-08-05,-0.6694763485536941
2015-08-06,-1.2023468668926371
2015-08-09,-1.2023468668926371
2015-08-10,0.19003724750516685
2015-08-11,-0.3224878748956923
2015-08-12,-0.2519123825118062
2015-08-13,-0.6603600940382365
2015-08-16,0.5245492468429015
2015-08-17,0.5578939664880892
2015-08-18,0.8579964432947549
2015-08-19,0.25779148968141247
2015-08-20,0.6575308725494995
2015-08-23,0.17243488886894776
2015-08-24,-0.8992660771238415
2015-08-25,-0.9775533253560229
2015-08-26,-0.6683084973931304
2015-08-27,0.11191264901900609
2015-08-30,-0.11288926468690368
2015-08-31,-0.7495831050583784
2015-09-01,-0.965203347436179
2015-09-02,-1.0851908393318994
2015-09-03,-0.7944368699803774
2015-09-06,-1.6459162513504986
2015-09-07,-1.587372417583536
2015-09-08,-1.3539737662874238
2015-09-09,-0.390616017171114
2015-09-10,-1.056348340610282
2015-09-13,-1.1957519014304523
2015-09-14,-0.11250291707472508
2015-09-15,-0.774582697089679
2015-09-16,-0.15561935739891344
2015-09-17,-0.9921251186511308
2015-09-20,-0.7894083112613604
2015-09-21,
2015-09-22,-0.7378774209137976
2015-09-23,-1.1216962490374496
2015-09-24,0.8464709300142764
2015-09-27,0.5651880535368284
2015-09-28,-0.4864627236711995
2015-09-29,-0.06601887667337294
2015-09-30,1.236226263224506
2015-10-01,0.8429725896787853
2015-10-04,1.5789898629515093
2015-10-05,1.3048156865402438
2015-10-06,1.5391794941340167
2015-10-07,1.0776530435901237
2015-10-08,1.505985457668269
2015-10-11,1.705059710347042
2015-10-12,1.6053499611286342
2015-10-13,0.07573300777735986
2015-10-14,1.0297141483333845
2015-10-15,0.8527113097950113
2015-10-18,-1.3688857710863687
2015-10-19,-0.9536078205617111
2015-10-20,-0.7639007153337247
2015-10-21,-1.2943408183783351
2015-10-22,-0.7009297811591195
2015-10-26,-0.26023356664650515
2015-10-27,-0.5117273806644498
2015-10-28,-0.09499581309846515
2015-10-29,-0.28428149237485734
2015-10-30,1.4969671616154936
2015-11-02,1.3140957293705877
2015-11-03,0.14952605650725048
2015-11-04,1.652515001592701
2015-11-05,1.1343078515104654
2015-11-06,1.4101816973310903
2015-11-09,1.6557984116746136
2015-11-10,1.072013757292899
2015-11-11,1.4198543517450806
2015-11-12,0.8239533454593898
2015-11-13,0.6375508819271946
2015-11-16,-0.99408203446236
2015-11-17,-0.8051313765257897
2015-11-18,-0.40188254542722
2015-11-19,0.5584557112930653
2015-11-20,0.6725109467398329
2015-11-23,1.8009287766783313
2015-11-24,1.1775962920708694
2015-11-25,1.8732608738682783
2015-11-26,0.9542177566313331
2015-11-27,0.9754919028636678
2015-11-30,-0.5074624449426962
2015-12-01,-0.9271408947990621
2015-12-02,-0.660678386953749
2015-12-03,-0.3559118936056729
2015-12-04,0.9164465813556966
2015-12-07,1.0319197350856606
2015-12-08,0.8885565961880083
2015-12-09,0.1402734413276075
2015-12-10,1.4854171544271424
2015-12-11,0.307557373586771
2015-12-14,0.2891076138949581
2015-12-15,-1.0268712225464376
2015-12-16,-0.8360218014295083
2015-12-17,-0.6377113600471045
2015-12-18,-0.3844841810511109
2015-12-21,-0.9961429015480914
2015-12-22,-1.3801402384901102
2015-12-23,-1.0378467793743302
2015-12-24,-0.17135484468260107
2015-12-25,0.7537774633141964
2015-12-28,0.8484440156221781
2015-12-29,1.6906234492791967
2015-12-30,1.5233657486698235
2015-12-31,-0.19753014871108568
2016-01-01,-0.07301608270188523
2016-01-04,0.1704559258589936
2016-01-05,-1.291843561017445
2016-01-06,-1.1194182246964182
2016-01-07,-0.8815097628756895
2016-01-08,-1.2253116681420315
2016-01-11,-0.4565324077548009
2016-01-12,-1.3486079848905352
2016-01-13,-0.3009048954876022
2016-01-14,0.04545146791132813
2016-01-15,0.400163682028966
2016-01-18,0.6825433600737791
2016-01-19,-1.0621454057200723
2016-01-20,-0.3335961257238788
2016-01-21,-0.4458496482370403
2016-01-22,-1.4102148834019481
2016-01-25,-0.2255819649652138
2016-01-26,-0.19596614200429868
2016-01-27,0.3982927764518551
2016-01-28,-0.29783632687800443
2016-01-29,0.5337697972806906
2016-02-01,1.4201184351626452
2016-02-02,1.9195304062706537
2016-02-03,1.2572936517643944
2016-02-04,1.3807024056448334
2016-02-05,1.377378366090336
2016-02-08,1.2168530138482214
2016-02-09,1.3069038212035546
2016-02-10,1.4387173218251315
2016-02-11,0.7246456191656387
2016-02-12,-1.0596076620736596
2016-02-15,-0.7105638155349222
2016-02-16,-0.5882523969741313
2016-02-17,-1.5785951671716845
2016-02-18,-0.08362010961610163
2016-02-19,-0.8743586091197819
2016-02-22,-0.7245243878853944
2016-02-23,0.6203291100231808
2016-02-24,1.2043728700236334
2016-02-25,1.1214675558931748
2016-02-26,1.182911299407604
2016-02-29,0.8683193326137241
2016-03-01,-0.31631604234448923
2016-03-02,1.3701773722881772
2016-03-03,1.1212430499072619
2016-03-04,0.6375462576252565
2016-03-07,0.8405128279167753
2016-03-08,0.7152182873053553
2016-03-09,1.0045162509935173
2016-03-10,1.666030191186466
2016-03-11,1.8098123383732516
2016-03-14,2.0531317323550704
2016-03-15,1.2078227485349309
2016-03-16,-0.16808059130875733
2016-03-17,-0.16807718918687184
2016-03-18,1.3976813663881384
2016-03-21,1.3909324070968645
2016-03-22,1.5056647150484839
2016-03-23,1.9753922817209886
2016-03-24,0.5945552107268205
2016-03-25,0.6336991746161946
2016-03-27,0.5575448366024137
2016-03-28,0.6429239870305654
2016-03-29,0.6817166799275245
2016-03-30,0.7240648745731618
2016-03-31,0.9151275131915276
2016-04-03,1.6694268885702988
2016-04-04,0.30412511677653553
2016-04-05,-0.8203581209253293
2016-04-06,-0.21011796665332336
2016-04-07,-1.186812563046602
2016-04-10,0.5334000846902825
2016-04-11,1.68555136900577
2016-04-12,1.778262979995757
2016-04-13,1.6082916931807851
2016-04-14,1.6716165329297037
2016-04-17,0.8334192862975325
2016-04-18,-0.29707238480124193
2016-04-19,0.9142144549470634
2016-04-20,0.8214346320540763
2016-04-21,0.30312879848357865
2016-04-24,-0.5435244811182874
2016-04-25,-0.2776887548052952
2016-04-26,0.3969531724763973
2016-04-27,0.36791229481195165
2016-04-28,0.9591249930289285
2016-05-01,1.6757560981139281
2016-05-02,0.35632836169681414
2016-05-03,-0.8237240407500503
2016-05-04,-0.6317634615848908
2016-05-05,-0.6657475846326856
2016-05-08,0.7760764234609105
2016-05-09,0.5696528405520846
2016-05-10,1.1977703142603753
2016-05-11,1.5427925885508489
2016-05-12,1.0989818852968651
2016-05-15,0.3944954975899952
2016-05-16,0.9417914010174744
2016-05-17,1.0705669077062931
2016-05-18,-0.0393553166116251
2016-05-19,-0.07614831852271894
2016-05-22,-0.5780450797471091
2016-05-23,-0.7571056446617602
2016-05-24,-0.7005241166135266
2016-05-25,-0.6927496292838438
2016-05-26,-0.6154461954718967
2016-05-29,-1.2737929804590524
2016-05-30,-0.20636693697271538
2016-05-31,-0.18769920460241948
2016-06-01,-0.42567173426130595
2016-06-02,-0.09312037871233945
2016-06-05,1.3526978847180633
2016-06-06,1.3362075216692255
2016-06-07,1.13240586158294
2016-06-08,1.7725227193333495
2016-06-09,1.2915385184963022
2016-06-12,1.0422784769166902
2016-06-13,0.2719522177636097
2016-06-14,0.13259982459123318
2016-06-15,0.09972406326936219
2016-06-16,-0.34921772666140916
2016-06-19,0.4100419106254548
2016-06-20,0.8576409308199029
2016-06-21,0.42489116721957754
2016-06-22,1.2601809007533156
2016-06-23,1.6334117853174832
2016-06-26,1.050296164943995
2016-06-27,0.4942297537784253
2016-06-28,1.0208643115908917
2016-06-29,1.4345867787466386
2016-06-30,1.8239974022026126
2016-07-03,1.4615387143320495
2016-07-04,0.6118885917528645
2016-07-05,0.45633951922541227
2016-07-06,0.04692262078052317
2016-07-07,-0.8705630386270873
2016-07-10,0.08354327682182303
2016-07-11,-0.45659892002124336
2016-07-12,-0.16209830847752324
2016-07-13,0.53126121428906
2016-07-14,1.1275176493529326
2016-07-17,0.4620781870423347
2016-07-18,1.128816406540391
2016-07-19,1.165585058350947
2016-07-20,1.0479253725571744
2016-07-21,0.00631381805622513
2016-07-24,0.5357647407808731
2016-07-25,-0.7765750962084181
2016-07-26,-0.722744235269516
2016-07-27,0.2522134084608506
2016-07-28,-1.205557206815752
2016-07-31,0.8932791466458135
2016-08-01,0.17602974854409953
2016-08-02,0.5052589804596307
2016-08-03,0.4951414708409736
2016-08-04,1.223767862998679
2016-08-07,1.5253528081207715
2016-08-08,1.0387153607444286
2016-08-09,1.3683811173237121
2016-08-10,1.5811205288535688
2016-08-11,1.2968930579647364
2016-08-14,0.2768546288681136
2016-08-15,0.3897520860690987
2016-08-16,-0.6599180734612163
2016-08-17,-0.901551182184083
2016-08-18,-1.497549437605796
2016-08-21,-0.6318539590035256
2016-08-22,-0.48152360643187847
2016-08-23,-1.356772958683956
2016-08-24,-0.9646788264719701
2016-08-25,-0.8917996086319026
2016-08-28,-1.0198501713873254
2016-08-29,0.4181415051313457
2016-08-30,0.095459445441385
2016-08-31,0.5409009843612129
2016-09-01,-0.4429285563239084
2016-09-04,-0.5478221470587153
2016-09-05,-0.9373432732182323
2016-09-06,1.3265835142069686
2016-09-07,1.2285162112605412
2016-09-08,0.5015684546587054
2016-09-11,-0.827209097557989
2016-09-12,0.020012101991141642
2016-09-13,-1.0481324971290278
2016-09-14,-1.2729312077969945
2016-09-15,-0.4672700771823627
2016-09-18,0.1650909475334654
2016-09-19,0.06000471310546996
2016-09-20,0.33839105343226106
2016-09-21,1.44263257431884
2016-09-22,1.2943992938592987
2016-09-25,0.7695733549349869
2016-09-26,0.821655318339684
2016-09-27,0.9819075134310787
2016-09-28,1.0153952179608938
2016-09-29,-1.03002252658401
2016-10-02,-1.166270133244843
2016-10-03,0.7218139836347274
2016-10-04,-1.3545062335560172
2016-10-05,0.9301894615168604
2016-10-06,0.08835705433081122
2016-10-09,0.49418573652904846
2016-10-10,1.3469396763380228
2016-10-11,1.6962605673441171
2016-10-12,1.4496811148692366
2016-10-13,1.2928565050390421
2016-10-16,0.39585672016472134
2016-10-17,0.31712799079360626
2016-10-18,0.9357233333387482
2016-10-19,1.3461992492111847
2016-10-20,1.8632901051083854
2016-10-23,0.915947887660335
2016-10-24,1.2176298759715913
2016-10-25,1.6598312892874494
2016-10-26,0.6301276126851618
2016-10-27,-0.2914823851065831
2016-10-31,-1.6026552227026467
2016-11-01,-0.7631554264292499
2016-11-02,-1.4954133336234752
2016-11-03,-1.660646253587627
2016-11-04,-1.6126056402677171
2016-11-07,-1.0169806666312353
2016-11-08,-0.2225612957259109
2016-11-09,0.9044467798873268
2016-11-10,0.7858303082834291
2016-11-11,-0.5597013524719641
2016-11-14,-0.4972459426234891
2016-11-15,-1.0582293560839147
2016-11-16,-1.073843208546032
2016-11-17,-1.17421797437394
2016-11-18,-0.9701226171905252
2016-11-21,-0.4113697540818305
2016-11-22,-0.46824878805098025
2016-11-23,0.022384261699548696
2016-11-24,-0.2609945975850179
2016-11-25,0.43213272249014856
2016-11-28,-0.5249250447154167
2016-11-29,-0.14715092605401817
2016-11-30,-1.4228229499396328
2016-12-01,0.08079079768880909
2016-12-02,-1.59459246826992
2016-12-05,-0.13941110598134976
2016-12-06,0.901560505840527
2016-12-07,1.311066874488006
2016-12-08,1.7399678253484379
2016-12-09,1.660852756441864
2016-12-12,1.4226368205116817
2016-12-13,1.7646210096660317
2016-12-14,1.6135578159973742
2016-12-15,1.1451957364372898
2016-12-16,0.8805789092128711
2016-12-19,-0.007451110727645323
2016-12-20,0.009134630153755742
2016-12-21,0.36501854187741123
2016-12-22,1.2306691598057113
2016-12-23,1.3707846301888482
2016-12-26,1.7937915970959784
2016-12-27,1.7912736984834305
2016-12-28,1.6609251627336639
2016-12-29,1.12701371184552
2016-12-30,1.8079773428639994
2017-01-02,1.7403661626155935
2017-01-03,0.6984423160395559
2017-01-04,0.7440000904293893
2017-01-05,1.4821266425585855
2017-01-06,1.7511199685981569
2017-01-09,0.8819264145107981
2017-01-10,1.5243258234664414
2017-01-11,1.5385296381176283
2017-01-12,0.9408331059514237
2017-01-13,1.2051935429234284
2017-01-16,1.2051935429234284
2017-01-17,-0.8397596862577923
2017-01-18,-0.2807903870034145
2017-01-19,-1.146620509898188
2017-01-20,0.3707686448719405
2017-01-23,2.595569966422576
2017-01-24,1.7619936338753892
2017-01-25,1.461218668523327
2017-01-26,1.2410938997178782
2017-01-27,0.8262139327370905
2017-01-30,2.307559597161059
2017-01-31,1.4688506735685776
2017-02-01,0.7559070903711906
2017-02-02,1.1505893715895086
2017-02-03,1.2487240475690544
2017-02-06,1.3822755689290296
2017-02-07,1.64047517689163
2017-02-08,1.5069236555316743
2017-02-09,1.4890220686259736
2017-02-10,0.43637753754219427
2017-02-13,1.8793413838865765
2017-02-14,1.0325226242540881
2017-02-15,0.9416015016527794
2017-02-16,1.4642806405990278
2017-02-17,0.18561522695779764
2017-02-20,-0.13645684774218922
2017-02-21,0.18524923596381127
2017-02-22,-0.16829806421821786
2017-02-23,1.1617132078951382
2017-02-24,1.1626109649757315
2017-02-27,-0.6257863114380904
2017-02-28,-1.311997110760146
2017-03-01,-1.2222146381924588
2017-03-02,0.18381642015759203
2017-03-03,-1.5714660309936908
2017-03-06,-0.3704118742633837
2017-03-07,-0.9674676978402996
2017-03-08,-0.228090427945622
2017-03-09,-0.9758096424180096
2017-03-10,-1.5724812092808174
2017-03-13,-0.18116299293104468
2017-03-14,-0.3368127477281691
2017-03-15,-0.6957601414439732
2017-03-16,1.5990450818853332
2017-03-17,0.9275097560389076
2017-03-20,1.7978014217326337
2017-03-21,1.5842504616714026
2017-03-22,1.167734476098535
2017-03-23,1.2204580185761194
2017-03-24,-0.47123718804029135
2017-03-26,0.3736522866345341
2017-03-27,-0.0874669689098207
2017-03-28,-1.3211751811929513
2017-03-29,-0.6747896308448607
2017-03-30,-0.8331370113073393
2017-04-02,-0.041642230371768396
2017-04-03,0.5647705040024591
2017-04-04,1.188913558978136
2017-04-05,0.3250467696953718
2017-04-06,-0.4632316755251508
2017-04-09,-0.5784139140961733
2017-04-10,-0.11408551485669914
2017-04-11,-0.29405776262393785
2017-04-12,0.18466841643693035
2017-04-13,-1.194695089963533
2017-04-16,-1.2543602388701638
2017-04-17,-0.6393502424480129
2017-04-18,0.7313196051389681
2017-04-19,-1.4400695436448074
2017-04-20,-1.284327434028844
2017-04-23,-1.2859304005079288
2017-04-24,-0.08390328379670425
2017-04-25,-0.24821067687905776
2017-04-26,-1.039287618177456
2017-04-27,-0.8767055313588398
2017-04-30,-0.7351218593768148
2017-05-01,-0.7068051249804124
2017-05-02,-0.0017184385099087238
2017-05-03,-0.3386875778271422
2017-05-04,-0.9843091220651817
2017-05-07,-0.5008008822465673
2017-05-08,-1.0756758538158473
2017-05-09,-0.5425135353187281
2017-05-10,0.5324629285870606
2017-05-11,1.08567638109963
2017-05-14,-0.940562938235262
2017-05-15,1.3879559111592112
2017-05-16,1.810471806763793
2017-05-17,1.5244926685060203
2017-05-18,-1.2343504525567244
2017-05-21,0.12048040103818299
2017-05-22,-0.02120891035765641
2017-05-23,-0.05868046378465567
2017-05-24,-0.12425568228190063
2017-05-25,-0.11605877996974297
2017-05-28,1.0057458507510117
2017-05-29,0.11778833260915775
2017-05-30,0.3551436974339871
2017-05-31,1.8906404104616725
2017-06-01,0.7434204392197559
2017-06-04,0.5052750655305687
2017-06-05,-1.5243184269933496
2017-06-06,-0.5960520919945625
2017-06-07,-0.19426517087570255
2017-06-08,0.16133934551687598
2017-06-11,3.7184096573276535
2017-06-12,-1.1775727221029408
2017-06-13,-1.1018499987623671
2017-06-14,0.4525754539239124
2017-06-15,0.7376149890669181
2017-06-18,0.40641960036339686
2017-06-19,0.7690660291215549
2017-06-20,-1.3778008291266595
2017-06-21,-1.2185991822681976
2017-06-22,-1.4424416541696439
2017-06-25,-1.5327789434147523
2017-06-26,0.8109718386669283
2017-06-27,-0.05225114745308551
2017-06-28,1.6278180932304203
2017-06-29,0.49018141782224733
2017-07-02,6.9926899484575396
2017-07-03,0.6046255679614386
2017-07-04,0.15205097422921457
2017-07-05,1.2899152256130404
2017-07-06,0.7417911272191702
2017-07-09,6.1684188894433944
2017-07-10,
2017-07-11,0.829545611706422
2017-07-12,1.8287162863257198
2017-07-13,1.354436360250004
2017-07-16,1.978282815875584
2017-07-17,1.4521270616160886
2017-07-18,1.937359863780485
2017-07-19,1.5873977962698198
2017-07-20,1.6180084239640407
2017-07-23,0.11335144388674157
2017-07-24,0.8885714376413633
2017-07-25,-0.2749992764353117
2017-07-26,0.677817220495731
2017-07-27,-0.32143499792999747
2017-07-30,-1.4758136768289216
2017-07-31,0.5930079713836284
2017-08-01,0.7331276003514716
2017-08-02,1.1468582793160538
2017-08-03,1.1786313209990864
2017-08-06,0.3706882610592783
2017-08-07,0.6021775647498985
2017-08-08,0.13668504637836026
2017-08-09,-1.2856399929573872
2017-08-10,-1.5822943360387816
2017-08-13,-0.8187576321026663
2017-08-14,-1.1377637441695032
2017-08-15,-0.47960376558948925
2017-08-16,0.26294997512702545
2017-08-17,-0.5095916152980917
2017-08-20,-0.5385893417365666
2017-08-21,0.20304381074694208
2017-08-22,0.44824286684623804
2017-08-23,1.5064796837176135
2017-08-24,1.1470785006292155
2017-08-27,0.5195837565315752
2017-08-28,-0.9447392438696808
2017-08-29,-0.8414641806908326
2017-08-30,-0.2580194174002751
2017-08-31,0.37381434687245463
2017-09-03,-1.9104536459656962
2017-09-04,0.46870382528936844
2017-09-05,1.639063656747173
2017-09-06,1.9144724721891486
2017-09-07,1.5259646150491755
2017-09-10,-1.7941321072685625
2017-09-11,1.1930481637010824
2017-09-12,0.21490457962258935
2017-09-13,-0.8345682288049027
2017-09-14,-0.19726097863991499
2017-09-17,0.282125191098432
2017-09-18,-1.156033318116609
2017-09-19,-1.0361867756820222
2017-09-20,-0.9106332550362526
2017-09-21,-1.133205405271928
2017-09-24,-0.20297638665641396
2017-09-25,-0.8880322251174134
2017-09-26,-0.302991889842087
2017-09-27,-1.4290202074685365
2017-09-28,-0.9866519398295698
2017-10-01,-0.08273810990978632
2017-10-02,0.4009708828765926
2017-10-03,0.95838791265896
2017-10-04,1.308501088390042
2017-10-05,0.42400464443783525
2017-10-08,0.3460096040047205
2017-10-09,-1.1440912094690585
2017-10-10,-0.8225370172825074
2017-10-11,-0.6564808233250454
2017-10-12,-0.6501046343310475
2017-10-15,0.5991157500822296
2017-10-16,-0.7213321123897032
2017-10-17,0.05669110948172998
2017-10-18,-0.6586180830465749
2017-10-19,-0.1906925697553438
2017-10-22,-0.6426117158960102
2017-10-23,-0.878202786620431
2017-10-24,-1.1050242701470079
2017-10-25,-0.789687085732008
2017-10-26,-1.431302503327755
2017-10-30,-0.16709552238086336
2017-10-31,-1.4297644516024046
2017-11-01,-0.9401850702209762
2017-11-02,-0.8130783993057071
2017-11-03,0.06129562962953842
2017-11-06,-0.4172573695451279
2017-11-07,1.0087645942750996
2017-11-08,0.5669491936806109
2017-11-09,1.3574589393592251
2017-11-10,1.4552249803087702
2017-11-13,0.5013395848415937
2017-11-14,0.5209365629318115
2017-11-15,-0.8900458595633696
2017-11-16,
2017-11-17,
2017-11-20,1.1949645943951908
2017-11-21,1.2192679333653422
2017-11-22,0.8513772444020298
2017-11-23,1.9574903935944235
2017-11-24,1.9751813322014362
2017-11-27,1.2923226130077419
2017-11-28,1.2173549692961347
2017-11-29,1.5838853401860857
2017-11-30,0.12620598615163464
2017-12-01,-1.0228079019672243
2017-12-04,-0.42218700590509595
2017-12-05,0.2219571434948823
2017-12-06,0.32206062617190384
2017-12-07,0.9671702827516343
2017-12-08,-0.7306854074020541
2017-12-11,-0.7499427498234551
2017-12-12,-0.8775942411768217
2017-12-13,-0.7406021896603555
2017-12-14,-0.5983187583816241
2017-12-15,-1.5398196194350529
2017-12-18,-0.10684346613359007
2017-12-19,0.017960621993775613
2017-12-20,0.16272034970393834
2017-12-21,0.3693343404259322
2017-12-22,-0.06665922812507795
2017-12-25,-1.3873387755805726
2017-12-26,-1.2815150938934363
2017-12-27,-0.18941469888215448
2017-12-28,-0.4324250380959427
2017-12-29,-0.47954463171900774
2018-01-01,-0.31648298383629675
2018-01-02,-0.474885727493778
2018-01-03,1.3933348668194214
2018-01-04,1.5914598330232288
2018-01-05,1.668757130951232
2018-01-08,1.8776659390210155
2018-01-09,1.3572246693398977
2018-01-10,1.0521574560285045
2018-01-11,1.8010646180882623
2018-01-12,1.5004291587498035
2018-01-15,1.3785668907614403
2018-01-16,0.4787393754454221
2018-01-17,-0.17290729270022484
2018-01-18,-0.1491037653284312
2018-01-19,0.6649768707866449
2018-01-22,1.1600902401197752
2018-01-23,0.8744479116583573
2018-01-24,-1.4982419939886875
2018-01-25,1.2965637970513666
2018-01-26,1.2394353313590734
2018-01-29,1.109309381726652
2018-01-30,1.02679048683779
2018-01-31,0.20477534159878955
2018-02-01,0.03973755182107968
2018-02-02,0.7062363182310759
2018-02-05,-0.759172814752856
2018-02-06,-1.303217173277756
2018-02-07,-0.6387349233057337
2018-02-08,-1.1373247544763838
2018-02-09,-1.1401186232271794
2018-02-12,-1.280398030228451
2018-02-13,-1.3528003048097574
2018-02-14,-1.320843812854682
2018-02-15,0.6642771517128016
2018-02-16,0.9334740873844324
2018-02-19,0.8759512923344698
2018-02-20,0.7193614613651594
2018-02-21,0.04187076411012855
2018-02-22,-0.3831587770923019
2018-02-23,0.07089772490721151
2018-02-26,0.46860110379677894
2018-02-27,0.9769697707251873
2018-02-28,-0.6153763961944364
2018-03-01,0.1184970704312795
2018-03-02,-0.1266442144523888
2018-03-05,-0.09719030702456037
2018-03-06,0.366965443331278
2018-03-07,1.9368136866006782
2018-03-08,-0.11449622806871651
2018-03-09,-1.4762843347241097
2018-03-12,-0.8893067025450648
2018-03-13,-1.1358373080602677
2018-03-14,-1.041920886911629
2018-03-15,-0.18779750844164225
2018-03-16,-1.044330652382908
2018-03-19,-0.9630171757846766
2018-03-20,-0.9205237881168088
2018-03-21,-1.5468810625516822
2018-03-22,0.2447711063811655
2018-03-23,-1.6254701541593655
2018-03-25,-1.6442000093252287
2018-03-26,-0.8628988878089177
2018-03-27,-0.7965927702956862
2018-03-28,-0.4986602942335742
2018-03-29,0.274397776743808
2018-04-01,0.34778936576065045
2018-04-02,-0.014275806722429951
2018-04-03,-0.6464151216648505
2018-04-04,-0.11631006452868009
2018-04-05,-0.15131817347478713
2018-04-08,-0.6117569057107782
2018-04-09,-1.2986002506179761
2018-04-10,-0.9309012986688352
2018-04-11,-0.012995885773866145
2018-04-12,-1.0302068550346595
2018-04-15,-1.3823722423190803
2018-04-16,-1.1583943909606094
2018-04-17,-0.8770563581566765
2018-04-18,0.21988882605750307
2018-04-19,0.9259354874633609
2018-04-22,-0.23073002794084055
2018-04-23,-0.7330768955504018
2018-04-24,-0.6408450980175286
2018-04-25,-0.86854942290353
2018-04-26,-0.7062495317613867
2018-04-29,-0.3162453157332423
2018-04-30,-1.4717236452079114
2018-05-01,-0.7641531557882298
2018-05-02,-1.3703447372860948
2018-05-03,-0.784855442670418
2018-05-06,-0.5894125148165575
2018-05-07,-0.6886346348689637
2018-05-08,-0.7024205983641938
2018-05-09,-1.4243748852345834
2018-05-10,-0.3872011209982496
2018-05-13,-1.0730103731874296
2018-05-14,-0.4115396955711438
2018-05-15,-0.8130511278720189
2018-05-16,-1.071854667830333
2018-05-17,-0.6338459312488159
2018-05-20,-1.2046492693797075
2018-05-21,-0.1590388710797293
2018-05-22,0.33625026495710364
2018-05-23,0.6764488634470484
2018-05-24,0.5486485979735766
2018-05-27,1.4595892113266287
2018-05-28,-0.9559513489232743
2018-05-29,-0.7250343427835225
2018-05-30,-0.6803830002995026
2018-05-31,-0.6781504331752969
2018-06-03,-1.5557346885959717
2018-06-04,-0.5741114938411869
2018-06-05,-1.087719725516804
2018-06-06,-0.5062047334999025
2018-06-07,-1.1756980887792607
2018-06-10,1.6185355190045398
2018-06-11,1.5219178788674617
2018-06-12,1.437368030096813
2018-06-13,1.3855471550438327
2018-06-14,0.22366858806648923
2018-06-17,1.2505401384584367
2018-06-18,1.0118913717670797
2018-06-19,1.0282558586259138
2018-06-20,0.4739223509202033
2018-06-21,-0.5700232616499403
2018-06-24,-1.1555651841843022
2018-06-25,-0.7485350493540632
2018-06-26,-0.34885653439604575
2018-06-27,-1.3852159077666575
2018-06-28,-1.3594436276035053
2018-07-01,-0.916077998815181
2018-07-02,-1.5652569082649397
2018-07-03,-1.216487580956532
2018-07-04,-1.28365996191028
2018-07-05,-1.3105630768685896
2018-07-08,-0.13239961684008947
2018-07-09,0.03365138111287886
2018-07-10,1.9575221266869145
2018-07-11,0.32975872321400307
2018-07-12,0.2070093518045719
2018-07-15,1.042238770307883
2018-07-16,0.8661201069813136
2018-07-17,1.4024814907486116
2018-07-18,1.0475756994995973
2018-07-19,0.21914593842773017
2018-07-22,1.7666544479655801
2018-07-23,0.9689128891128959
2018-07-24,1.1500288088485988
2018-07-25,1.7617878670603688
2018-07-26,0.7802462598965324
2018-07-29,1.3366585590841094
2018-07-30,1.0517486468495072
2018-07-31,0.634439422458821
2018-08-01,0.24209816583652918
2018-08-02,-0.1845605778099104
2018-08-05,0.9814453796352012
2018-08-06,-0.1585993028778297
2018-08-07,-0.6953860940444754
2018-08-08,-0.29737088809419526
2018-08-09,-0.25911381187353755
2018-08-12,-0.8648079151426092
2018-08-13,-1.141511601282246
2018-08-14,-0.6928541887156001
2018-08-15,-1.263887428483932
2018-08-16,-0.9995031476047372
2018-08-19,-1.0059356887024415
2018-08-20,-1.2444991481148018
2018-08-21,-1.2240793289441485
2018-08-22,-1.0213794324664007
2018-08-23,-1.6187398928697758
2018-08-26,-1.4794518945524142
2018-08-27,-0.8023983750549005
2018-08-28,-1.362195214024298
2018-08-29,-0.5126523491728585
2018-08-30,-0.9305554170701272
2018-09-02,0.41379644302181673
2018-09-03,-0.6375680491451834
2018-09-04,-0.6163038959877971
2018-09-05,-0.3085470537577325
2018-09-06,1.486868291476593
2018-09-09,1.7693637129295388
2018-09-10,0.9155997725383908
2018-09-11,-0.4864145413392348
2018-09-12,-1.0577563405423906
2018-09-13,-1.6204103294948091
2018-09-16,-0.8108230463607999
2018-09-17,0.1607928081828341
2018-09-18,-0.47964571248127513
2018-09-19,0.20462510237277917
2018-09-20,1.425526086020418
2018-09-23,1.525745829009886
2018-09-24,0.6871047551131725
2018-09-25,1.046522358211769
2018-09-26,1.0922752963162854
2018-09-27,1.3736056292362757
2018-09-30,0.5118780996327732
2018-10-02,1.1649508205341605
