Date,tr
2010-01-04,
2010-01-05,0.687013148184
2010-01-06,0.397281932964
2010-01-07,0.721099173504
2010-01-08,0.281389446877
2010-01-11,0.37342171524
2010-01-12,0.445002368412
2010-01-13,0.240486216493
2010-01-14,0.554077649436
2010-01-15,0.557486251968
2010-01-18,0.226851806365
2010-01-19,0.785862621612
2010-01-20,0.796088429208
2010-01-21,0.618841097544
2010-01-22,1.09263684949
2010-01-25,0.349561497517
2010-01-26,0.57793786716
2010-01-27,1.18466911786
2010-01-28,0.656335725396
2010-01-29,0.250712024089
2010-02-01,1.04491641404
2010-02-02,0.318884074729
2010-02-03,0.843808864656
2010-02-04,1.95842189262
2010-02-05,0.598389482352
2010-02-08,0.281389446877
2010-02-09,0.277980844345
2010-02-10,0.550669046904
2010-02-11,0.502948611456
2010-02-12,0.71428196844
2010-02-15,0.0768732949566
2010-02-16,0.223443203833
2010-02-17,0.642701315268
2010-02-18,0.346152894985
2010-02-19,0.305249664601
2010-02-22,0.581346469692
2010-02-23,0.496131406392
2010-02-24,0.0905077050846
2010-02-25,0.669970135524
2010-02-26,0.54385184184
2010-03-01,0.567712059564
2010-03-02,0.68019594312
2010-03-03,0.421142150688
2010-03-04,0.223443203833
2010-03-05,0.162088358257
2010-03-08,0.49272280386
2010-03-09,0.49272280386
2010-03-10,0.35637870258
2010-03-11,0.277980844345
2010-03-12,0.315475472197
2010-03-15,0.230260408897
2010-03-16,0.240486216493
2010-03-17,0.124593730405
2010-03-18,1.03128200392
2010-03-19,0.451819573476
2010-03-22,0.605206687416
2010-03-23,0.564303457032
2010-03-24,0.717690570972
2010-03-25,0.547260444372
2010-03-26,0.233669011429
2010-03-28,0.175722768385
2010-03-29,0.615432495012
2010-03-30,0.312066869665
2010-03-31,0.162088358257
2010-04-01,0.0700560898926
2010-04-04,0.0564216797646
2010-04-05,0.352970100049
2010-04-06,0.922206722892
2010-04-07,1.00060458113
2010-04-08,0.0768732949566
2010-04-11,0.366604510177
2010-04-12,0.519991624116
2010-04-13,0.0905077050846
2010-04-14,0.346152894985
2010-04-15,0.550669046904
2010-04-18,0.352970100049
2010-04-19,0.335927087389
2010-04-20,0.158679755725
2010-04-21,0.649518520332
2010-04-22,0.138228140533
2010-04-25,0.393873330432
2010-04-26,0.789271224144
2010-04-27,0.0734646924246
2010-04-28,0.356378702581
2010-04-29,0.220034601301
2010-05-02,0.52680882918
2010-05-03,1.2323895533
2010-05-04,1.03128200392
2010-05-05,1.7641315483
2010-05-06,0.574529264628
2010-05-09,0.990378773532
2010-05-10,0.717690570972
2010-05-11,0.0564216797646
2010-05-12,0.0632388848286
2010-05-13,1.54257238372
2010-05-16,0.796088429208
2010-05-17,0.690421750716
2010-05-18,1.32101321914
2010-05-19,2.41176602938
2010-05-20,0.734733583632
2010-05-23,0.625658302608
2010-05-24,1.4982605508
2010-05-25,0.986970171
2010-05-26,0.305249664601
2010-05-27,0.533626034244
2010-05-30,1.24602396343
2010-05-31,-0.785503145639
2010-06-01,0.0598302822966
2010-06-02,0.61202389248
2010-06-03,-0.570761186123
2010-06-06,1.2323895533
2010-06-07,0.0598302822966
2010-06-08,0.363195907645
2010-06-09,0.0632388848286
2010-06-10,0.523400226648
2010-06-13,0.332518484857
2010-06-14,0.0734646924246
2010-06-15,0.516583021584
2010-06-16,0.202991588641
2010-06-17,0.308658267133
2010-06-20,0.185948575981
2010-06-21,0.192765781045
2010-06-22,0.707464763376
2010-06-23,0.618841097544
2010-06-24,0.482496996264
2010-06-27,0.370013112709
2010-06-28,1.07900243936
2010-06-29,0.0939163076166
2010-06-30,-0.935481657047
2010-07-01,0.451819573476
2010-07-04,0.271163639281
2010-07-05,0.141636743065
2010-07-06,0.240486216493
2010-07-07,0.359787305113
2010-07-08,0.305249664601
2010-07-11,0.277980844345
2010-07-12,0.121185127873
2010-07-13,0.632475507672
2010-07-14,0.550669046904
2010-07-15,0.966518555808
2010-07-18,0.383647522836
2010-07-19,0.288206651941
2010-07-20,0.247303421557
2010-07-21,0.107550717745
2010-07-22,0.370013112709
2010-07-25,0.448410970944
2010-07-26,0.349561497517
2010-07-27,0.162088358257
2010-07-28,0.138228140533
2010-07-29,0.383647522836
2010-08-01,0.305249664601
2010-08-02,0.451819573476
2010-08-03,0.158679755725
2010-08-04,0.267755036749
2010-08-05,0.339335689921
2010-08-08,0.168905563321
2010-08-09,0.61202389248
2010-08-10,0.772228211484
2010-08-11,0.243894819025
2010-08-12,0.243894819025
2010-08-15,0.0734646924246
2010-08-16,0.138228140533
2010-08-17,0.220034601301
2010-08-18,0.417733548156
2010-08-19,0.349561497517
2010-08-22,0.264346434217
2010-08-23,0.676787340588
2010-08-24,0.175722768385
2010-08-25,0.104142115213
2010-08-26,0.240486216493
2010-08-29,0.3904647279
2010-08-30,0.68019594312
2010-08-31,0.226851806365
2010-09-01,0.329109882325
2010-09-02,0.642701315268
2010-09-05,0.3904647279
2010-09-06,0.288206651941
2010-09-07,0.100733512681
2010-09-08,0.298432459537
2010-09-09,0.145045345597
2010-09-12,0.199582986109
2010-09-13,0.254120626621
2010-09-14,0.448410970944
2010-09-15,0.0700560898926
2010-09-16,0.489314201328
2010-09-19,0.0939163076166
2010-09-20,0.700647558312
2010-09-21,0.659744327928
2010-09-22,0.349561497517
2010-09-23,0.0905077050846
2010-09-26,0.393873330432
2010-09-27,0.202991588641
2010-09-28,0.250712024089
2010-09-29,0.44159376588
2010-09-30,0.693830353248
2010-10-03,0.380238920304
2010-10-04,0.632475507672
2010-10-05,1.30737880901
2010-10-06,0.213217396237
2010-10-07,0.339335689921
2010-10-10,0.54385184184
2010-10-11,0.0973249101486
2010-10-12,0.540443239308
2010-10-13,0.734733583632
2010-10-14,0.220034601301
2010-10-17,0.465453983604
2010-10-18,1.53234657612
2010-10-19,0.0666474873606
2010-10-20,0.809722839336
2010-10-21,0.220034601301
2010-10-24,0.182539973449
2010-10-25,0.571120662096
2010-10-26,0.554077649436
2010-10-27,0.0734646924246
2010-10-28,0.6461099178
2010-11-01,0.571120662096
2010-11-02,0.339335689921
2010-11-03,0.162088358257
2010-11-04,0.530217431712
2010-11-05,0.79949703174
2010-11-08,0.809722839336
2010-11-09,0.121185127873
2010-11-10,0.598389482352
2010-11-11,0.540443239308
2010-11-12,0.315475472197
2010-11-15,0.189357178513
2010-11-16,0.4756797912
2010-11-17,0.0905077050846
2010-11-18,0.533626034244
2010-11-19,0.673378738056
2010-11-22,0.254120626621
2010-11-23,0.516583021584
2010-11-24,0.0700560898926
2010-11-25,0.557486251968
2010-11-26,0.615432495012
2010-11-29,0.291615254473
2010-11-30,0.537034636776
2010-12-01,0.257529229153
2010-12-02,0.465453983604
2010-12-03,0.489314201328
2010-12-06,0.724507776036
2010-12-07,0.247303421557
2010-12-08,0.427959355752
2010-12-09,0.571120662096
2010-12-10,0.410916343092
2010-12-13,0.148453948129
2010-12-14,0.54385184184
2010-12-15,0.230260408897
2010-12-16,0.104142115213
2010-12-17,0.445002368412
2010-12-20,0.0632388848286
2010-12-21,0.0734646924246
2010-12-22,0.57793786716
2010-12-23,0.155271153193
2010-12-24,0.284798049409
2010-12-27,0.196174383577
2010-12-28,0.325701279793
2010-12-29,0.0666474873606
2010-12-30,0.601798084884
2010-12-31,0.366604510177
2011-01-03,0.233669011429
2011-01-04,0.789271224144
2011-01-05,0.376830317772
2011-01-06,0.727916378568
2011-01-07,0.158679755725
2011-01-10,0.523400226648
2011-01-11,0.271163639281
2011-01-12,0.342744292453
2011-01-13,0.114367922809
2011-01-14,0.652927122864
2011-01-17,0.0870991025526
2011-01-18,0.0564216797646
2011-01-19,0.421142150688
2011-01-20,0.192765781045
2011-01-21,0.151862550661
2011-01-24,0.131410935469
2011-01-25,0.243894819025
2011-01-26,0.110959320277
2011-01-27,0.315475472197
2011-01-28,0.550669046904
2011-01-31,0.104142115213
2011-02-01,0.0836905000206
2011-02-02,0.312066869665
2011-02-03,0.264346434217
2011-02-04,0.363195907645
2011-02-07,0.301841062069
2011-02-08,0.213217396237
2011-02-09,0.230260408897
2011-02-10,0.567712059564
2011-02-11,0.329109882325
2011-02-14,0.264346434217
2011-02-15,0.182539973449
2011-02-16,0.134819538001
2011-02-17,0.213217396237
2011-02-18,0.533626034244
2011-02-21,0.49272280386
2011-02-22,0.308658267133
2011-02-23,0.404099138028
2011-02-24,0.0870991025526
2011-02-25,-0.949116067175
2011-02-28,-1.25248169252
2011-03-01,-1.3990516014
2011-03-02,-1.38200858874
2011-03-03,-1.3036107305
2011-03-04,-1.06500855326
2011-03-07,-1.45699784444
2011-03-08,-1.07182575833
2011-03-09,-1.11954619378
2011-03-10,-1.19453544948
2011-03-11,-1.26270750012
2011-03-14,-1.30020212797
2011-03-15,-0.833223581087
2011-03-16,-1.18430964188
2011-03-17,-1.18430964188
2011-03-18,-1.10250318112
2011-03-21,-0.727556902595
2011-03-22,-1.3888257938
2011-03-23,-1.24225588493
2011-03-24,-1.29679352544
2011-03-25,-1.20816985961
2011-03-27,-1.16044942416
2011-03-28,-1.16726662922
2011-03-29,-0.284438573435
2011-03-30,-0.274212765839
2011-03-31,-0.420782674715
2011-04-03,-0.690062274743
2011-04-04,-1.25929889759
2011-04-05,-1.22521287227
2011-04-06,-0.782094543107
2011-04-07,0.110959320277
2011-04-10,-0.563943981059
2011-04-11,-0.938890259579
2011-04-12,-0.935481657047
2011-04-13,-1.09909457858
2011-04-14,
2011-04-17,
2011-04-18,-0.976384887431
2011-04-19,-0.533266558271
2011-04-20,-0.874126811471
2011-04-21,-1.19794405201
2011-04-24,-1.19794405201
2011-04-25,-1.36837417861
2011-04-26,-0.840040786151
2011-04-27,-0.533266558271
2011-04-28,-1.00024510516
2011-05-01,-0.857083798811
2011-05-02,-0.519632148143
2011-05-03,-0.560535378527
2011-05-04,-0.400331059523
2011-05-05,-0.863901003875
2011-05-08,-0.649159044359
2011-05-09,-1.11613759124
2011-05-10,-0.928664451983
2011-05-11,-0.853675196279
2011-05-12,-0.598030006379
2011-05-15,-0.908212836791
2011-05-16,-1.18771824441
2011-05-17,-0.809363363363
2011-05-18,-1.02410532288
2011-05-19,-1.18430964188
2011-05-22,-0.836632183619
2011-05-23,-0.850266593747
2011-05-24,-0.928664451983
2011-05-25,-1.17067523175
2011-05-26,-0.454868700035
2011-05-29,-0.434417084843
2011-05-30,-0.942298862111
2011-05-31,-0.785503145639
2011-06-01,-1.06500855326
2011-06-02,0.189357178513
2011-06-05,-1.10591178365
2011-06-06,-0.713922492467
2011-06-07,-1.21498706467
2011-06-08,-1.10591178365
2011-06-09,-0.935481657047
2011-06-12,-1.09227737352
2011-06-13,-0.928664451983
2011-06-14,-1.00365370769
2011-06-15,-0.434417084843
2011-06-16,-1.21157846214
2011-06-19,-0.996836502623
2011-06-20,-1.05478274567
2011-06-21,-1.13658920644
2011-06-22,-1.43313762672
2011-06-23,-1.24907308999
2011-06-26,-1.15022361656
2011-06-27,-1.01387951528
2011-06-28,-0.502589135483
2011-06-29,-0.754825722851
2011-06-30,-0.840040786151
2011-07-03,-1.21498706467
2011-07-04,-1.03433113048
2011-07-05,-0.928664451983
2011-07-06,-1.02751392541
2011-07-07,-0.836632183619
2011-07-10,-0.315115996223
2011-07-11,-0.863901003875
2011-07-12,-1.01387951528
2011-07-13,-1.21498706467
2011-07-14,-1.22521287227
2011-07-17,-1.11272898871
2011-07-18,-1.27975051278
2011-07-19,-1.10250318112
2011-07-20,-1.07182575833
2011-07-21,-1.08546016846
2011-07-24,-0.945707464643
2011-07-25,-0.574169788655
2011-07-26,-0.338976213947
2011-07-27,-0.393513854459
2011-07-28,-0.717331094999
2011-07-31,-0.867309606407
2011-08-01,-0.666202057019
2011-08-02,-1.25929889759
2011-08-03,-0.362836431671
2011-08-04,-0.454868700035
2011-08-07,-0.482137520291
2011-08-08,0.554077649436
2011-08-09,-0.141277267091
2011-08-10,-0.915030041855
2011-08-11,-0.843449388683
2011-08-14,-0.417374072183
2011-08-15,-0.216266522795
2011-08-16,-1.06159995073
2011-08-17,-0.696879479807
2011-08-18,-0.836632183619
2011-08-21,-0.758234325383
2011-08-22,-1.09568597605
2011-08-23,-1.18430964188
2011-08-24,-0.928664451983
2011-08-25,-1.09568597605
2011-08-28,-0.972976284899
2011-08-29,-0.938890259579
2011-08-30,-0.860492401343
2011-08-31,-0.710513889935
2011-09-01,0.335927087389
2011-09-04,0.318884074729
2011-09-05,-0.424191277247
2011-09-06,-1.32406234569
2011-09-07,-1.12977200137
2011-09-08,-0.669610659551
2011-09-11,0.0427872696366
2011-09-12,-0.144685869623
2011-09-13,-0.526449353207
2011-09-14,-0.983202092495
2011-09-15,-0.727556902595
2011-09-18,1.26647557862
2011-09-19,1.39259387231
2011-09-20,0.956292748212
2011-09-21,4.02062642448
2011-09-22,1.29715300141
2011-09-25,0.717690570972
2011-09-26,0.625658302608
2011-09-27,0.128002332937
2011-09-28,-0.379879444331
2011-09-29,-0.0356105885994
2011-10-02,0.605206687416
2011-10-03,0.226851806365
2011-10-04,0.482496996264
2011-10-05,0.206400191173
2011-10-06,1.26306697609
2011-10-09,0.929023927956
2011-10-10,-0.553718173463
2011-10-11,-0.611664416507
2011-10-12,-0.407148264587
2011-10-13,0.172314165853
2011-10-16,-0.840040786151
2011-10-17,0.247303421557
2011-10-18,-0.655976249423
2011-10-19,-0.148094472155
2011-10-20,-0.587804198783
2011-10-23,-0.171954689879
2011-10-24,-0.403739662055
2011-10-25,-0.683245069679
2011-10-26,0.0564216797646
2011-10-27,1.01423899126
2011-10-31,-0.0560622037914
2011-11-01,0.840400262124
2011-11-02,0.148453948129
2011-11-03,-0.492363327887
2011-11-04,-0.407148264587
2011-11-07,-0.638933236763
2011-11-08,-0.897987029195
2011-11-09,-0.505997738015
2011-11-10,-0.154911677219
2011-11-11,-0.816180568427
2011-11-14,-0.608255813975
2011-11-15,-0.543492365867
2011-11-16,-0.805954760831
2011-11-17,-0.748008517787
2011-11-18,-0.846857991215
2011-11-21,0.0257442569766
2011-11-22,-0.338976213947
2011-11-23,0.267755036749
2011-11-24,0.959701350744
2011-11-25,0.192765781045
2011-11-28,-0.0662880113874
2011-11-29,0.213217396237
2011-11-30,0.564303457032
2011-12-01,0.506357213988
2011-12-02,-0.0458363961954
2011-12-05,-0.673019262083
2011-12-06,-0.874126811471
2011-12-07,-0.836632183619
2011-12-08,-0.352610624075
2011-12-09,-0.533266558271
2011-12-12,-0.131051459495
2011-12-13,0.182539973449
2011-12-14,0.751776596292
2011-12-15,-0.553718173463
2011-12-16,-0.219675125327
2011-12-19,-0.724148300063
2011-12-20,-0.505997738015
2011-12-21,-0.621890224103
2011-12-22,-0.908212836791
2011-12-23,-0.512814943079
2011-12-26,-1.33087955076
2011-12-27,-0.792320350703
2011-12-28,-0.601438608911
2011-12-29,-0.720739697531
2011-12-30,-0.502589135483
2012-01-02,-1.02410532288
2012-01-03,-0.178771894943
2012-01-04,0.3904647279
2012-01-05,-0.673019262083
2012-01-06,-0.345793419011
2012-01-09,-0.850266593747
2012-01-10,0.370013112709
2012-01-11,0.00870124431662
2012-01-12,-0.822997773491
2012-01-13,-0.243535343051
2012-01-16,-1.31724514063
2012-01-17,-0.652567646891
2012-01-18,-0.925255849451
2012-01-19,-0.765051530447
2012-01-20,-1.22521287227
2012-01-23,-0.799137555767
2012-01-24,-1.12636339884
2012-01-25,-0.915030041855
2012-01-26,-0.567352583591
2012-01-27,-0.632116031699
2012-01-30,2.48334668255
2012-01-31,-0.921847246919
2012-02-01,-0.850266593747
2012-02-02,-0.734374107659
2012-02-03,-0.652567646891
2012-02-06,-0.843449388683
2012-02-07,-1.07182575833
2012-02-08,-1.06500855326
2012-02-09,-0.935481657047
2012-02-10,-0.986610695027
2012-02-13,-0.955933272239
2012-02-14,-1.20476125707
2012-02-15,-1.11272898871
2012-02-16,-0.891169824131
2012-02-17,-0.788911748171
2012-02-20,-1.36496557608
2012-02-21,-0.993427900091
2012-02-22,-1.23543867986
2012-02-23,-0.795728953235
2012-02-24,-1.11954619378
2012-02-27,-1.03433113048
2012-02-28,-0.983202092495
2012-02-29,-0.338976213947
2012-03-01,-0.625298826635
2012-03-02,-0.911621439323
2012-03-05,-0.598030006379
2012-03-06,-0.533266558271
2012-03-07,0.431367958284
2012-03-08,-0.659384851955
2012-03-09,-0.812771965895
2012-03-12,0.363195907644
2012-03-13,-0.448051494971
2012-03-14,-0.424191277247
2012-03-15,-0.870718208939
2012-03-16,-0.768460132979
2012-03-19,-1.08205156592
2012-03-20,-0.424191277247
2012-03-21,-0.523040750675
2012-03-22,-1.01047091275
2012-03-23,-0.880944016535
2012-03-25,-0.519632148143
2012-03-26,-0.959341874771
2012-03-27,-0.884352619067
2012-03-28,-0.635524634231
2012-03-29,-0.741191312723
2012-04-01,-1.13658920644
2012-04-02,-0.925255849451
2012-04-03,-0.373062239267
2012-04-04,-0.778685940575
2012-04-05,-1.34110535835
2012-04-08,-1.24907308999
2012-04-09,-0.267395560775
2012-04-10,-0.812771965895
2012-04-11,-0.822997773491
2012-04-12,-0.543492365867
2012-04-15,-0.475320315227
2012-04-16,-0.833223581087
2012-04-17,-0.587804198783
2012-04-18,-0.533266558271
2012-04-19,-0.683245069679
2012-04-22,-0.287847175967
2012-04-23,-0.567352583591
2012-04-24,-0.986610695027
2012-04-25,-0.696879479807
2012-04-26,-0.850266593747
2012-04-29,-0.652567646891
2012-04-30,-0.805954760831
2012-05-01,-0.703696684871
2012-05-02,-0.577578391187
2012-05-03,-0.311707393691
2012-05-06,-0.748008517787
2012-05-07,-0.243535343051
2012-05-08,0.277980844345
2012-05-09,-0.332159008883
2012-05-10,-0.321933201287
2012-05-13,-0.131051459495
2012-05-14,-0.410556867119
2012-05-15,-0.778685940575
2012-05-16,-0.765051530447
2012-05-17,-0.482137520291
2012-05-20,-0.151503074687
2012-05-21,-0.270804163307
2012-05-22,0.813131441868
2012-05-23,1.02787340138
2012-05-24,0.0802818974886
2012-05-27,0.605206687416
2012-05-28,-0.332159008883
2012-05-29,-0.594621403847
2012-05-30,-0.379879444331
2012-05-31,-0.311707393691
2012-06-03,-0.802546158299
2012-06-04,-0.0833310240474
2012-06-05,0.0700560898926
2012-06-06,-1.18771824441
2012-06-07,-0.618481621571
2012-06-10,-0.325341803819
2012-06-11,-0.127642856963
2012-06-12,-0.853675196279
2012-06-13,-0.792320350703
2012-06-14,-0.308298791159
2012-06-17,-0.352610624075
2012-06-18,-0.519632148143
2012-06-19,0.247303421557
2012-06-20,-0.263986958243
2012-06-21,-0.192406305071
2012-06-24,-0.567352583591
2012-06-25,-0.376470841799
2012-06-26,-0.703696684871
2012-06-27,-0.400331059523
2012-06-28,0.874486287444
2012-07-01,1.71300251032
2012-07-02,-0.424191277247
2012-07-03,0.00870124431663
2012-07-04,-0.560535378527
2012-07-05,-0.206040715199
2012-07-08,-0.488954725355
2012-07-09,-0.778685940575
2012-07-10,-0.829814978555
2012-07-11,-0.400331059523
2012-07-12,-0.809363363363
2012-07-15,-1.23203007733
2012-07-16,-1.13999780897
2012-07-17,-0.945707464643
2012-07-18,-0.799137555767
2012-07-19,-0.471911712695
2012-07-22,-0.209449317731
2012-07-23,-0.901395631727
2012-07-24,-1.06159995073
2012-07-25,-0.587804198783
2012-07-26,-0.846857991215
2012-07-29,-0.373062239267
2012-07-30,-0.523040750675
2012-07-31,-0.782094543107
2012-08-01,-0.434417084843
2012-08-02,-0.546900968399
2012-08-05,-0.195814907603
2012-08-06,-0.863901003875
2012-08-07,-0.710513889935
2012-08-08,-1.02069672035
2012-08-09,-1.22180426973
2012-08-12,-0.485546122823
2012-08-13,-0.717331094999
2012-08-14,-0.792320350703
2012-08-15,-0.734374107659
2012-08-16,-0.679836467147
2012-08-19,-0.720739697531
2012-08-20,-0.758234325383
2012-08-21,-0.730965505127
2012-08-22,-1.09568597605
2012-08-23,-0.744599915255
2012-08-26,-0.765051530447
2012-08-27,-0.471911712695
2012-08-28,-0.679836467147
2012-08-29,-0.792320350703
2012-08-30,-0.584395596251
2012-09-02,-0.362836431671
2012-09-03,-0.628707429167
2012-09-04,-0.962750477303
2012-09-05,-0.897987029195
2012-09-06,-0.587804198783
2012-09-09,-0.379879444331
2012-09-10,-0.799137555767
2012-09-11,-0.805954760831
2012-09-12,-0.928664451983
2012-09-13,-0.761642927915
2012-09-16,-0.287847175967
2012-09-17,-0.805954760831
2012-09-18,-0.676427864615
2012-09-19,-0.863901003875
2012-09-20,-1.29679352544
2012-09-23,-0.768460132979
2012-09-24,-0.966159079835
2012-09-25,-0.775277338043
2012-09-26,-0.935481657047
2012-09-27,-1.16726662922
2012-09-30,-0.887761221599
2012-10-01,-0.979793489963
2012-10-02,-0.942298862111
2012-10-03,-0.880944016535
2012-10-04,-0.737782710191
2012-10-07,-0.921847246919
2012-10-08,-0.294664381031
2012-10-09,-0.887761221599
2012-10-10,-0.969567682367
2012-10-11,-0.966159079835
2012-10-14,-0.945707464643
2012-10-15,-0.741191312723
2012-10-16,-0.843449388683
2012-10-17,-0.901395631727
2012-10-18,-0.822997773491
2012-10-21,-0.935481657047
2012-10-22,-0.754825722851
2012-10-23,-0.928664451983
2012-10-24,-0.880944016535
2012-10-25,-0.788911748171
2012-10-29,-0.451460097503
2012-10-30,-1.28997632037
2012-10-31,-0.730965505127
2012-11-01,-1.35133116595
2012-11-02,-1.34451396089
2012-11-05,-0.642341839295
2012-11-06,-0.822997773491
2012-11-07,-0.778685940575
2012-11-08,-1.23884728239
2012-11-09,-0.574169788655
2012-11-12,-0.710513889935
2012-11-13,-0.911621439323
2012-11-14,-0.635524634231
2012-11-15,-0.795728953235
2012-11-16,-0.693470877275
2012-11-19,-0.223083727859
2012-11-20,-0.880944016535
2012-11-21,-0.761642927915
2012-11-22,-0.628707429167
2012-11-23,-0.519632148143
2012-11-26,0.0564216797646
2012-11-27,-1.01387951528
2012-11-28,-0.727556902595
2012-11-29,-0.369653636735
2012-11-30,-0.904804234259
2012-12-03,0.128002332937
2012-12-04,0.168905563321
2012-12-05,-0.546900968399
2012-12-06,0.288206651941
2012-12-07,-0.591212801315
2012-12-10,-0.730965505127
2012-12-11,-0.703696684871
2012-12-12,-0.802546158299
2012-12-13,-0.707105287403
2012-12-14,-0.945707464643
2012-12-17,-0.649159044359
2012-12-18,-0.611664416507
2012-12-19,-0.338976213947
2012-12-20,-0.0424277936634
2012-12-21,-0.700288082339
2012-12-24,-0.533266558271
2012-12-25,-0.563943981059
2012-12-26,-0.0560622037914
2012-12-27,0.301841062069
2012-12-28,-0.676427864615
2012-12-31,-0.884352619067
2013-01-01,-1.19453544948
2013-01-02,-1.01728811782
2013-01-03,-0.860492401343
2013-01-04,-0.819589170959
2013-01-07,-0.393513854459
2013-01-08,-0.488954725355
2013-01-09,-0.826406376023
2013-01-10,-0.478728917759
2013-01-11,-0.451460097503
2013-01-14,-0.765051530447
2013-01-15,-0.921847246919
2013-01-16,
2013-01-17,
2013-01-18,-0.911621439323
2013-01-21,-0.925255849451
2013-01-22,-0.918438644387
2013-01-23,-0.611664416507
2013-01-24,-0.727556902595
2013-01-25,-1.24907308999
2013-01-28,-0.485546122823
2013-01-29,0.305249664601
2013-01-30,-0.990019297559
2013-01-31,-0.683245069679
2013-02-01,-0.870718208939
2013-02-04,-0.788911748171
2013-02-05,-0.683245069679
2013-02-06,-0.649159044359
2013-02-07,-0.533266558271
2013-02-08,0.0700560898926
2013-02-11,-0.768460132979
2013-02-12,-0.829814978555
2013-02-13,-0.891169824131
2013-02-14,-0.850266593747
2013-02-15,-1.00706231022
2013-02-18,-0.911621439323
2013-02-19,-0.826406376023
2013-02-20,-0.734374107659
2013-02-21,-0.775277338043
2013-02-22,-1.12295479631
2013-02-25,-1.07864296339
2013-02-26,-1.07864296339
2013-02-27,-0.993427900091
2013-02-28,-0.938890259579
2013-03-01,-1.19453544948
2013-03-04,-0.853675196279
2013-03-05,-0.437825687375
2013-03-06,-1.1331806039
2013-03-07,-1.0684171558
2013-03-08,-0.666202057019
2013-03-11,-0.502589135483
2013-03-12,-0.901395631727
2013-03-13,-1.18430964188
2013-03-14,-1.16726662922
2013-03-15,-1.0684171558
2013-03-18,-0.356019226607
2013-03-19,-0.765051530447
2013-03-20,-0.990019297559
2013-03-21,-1.08546016846
2013-03-22,-0.574169788655
2013-03-25,-0.577578391187
2013-03-26,-0.962750477303
2013-03-27,-0.945707464643
2013-03-28,-0.887761221599
2013-03-29,-1.24566448746
2013-03-31,-1.40927740899
2013-04-01,-0.860492401343
2013-04-02,-0.853675196279
2013-04-03,-0.918438644387
2013-04-04,-0.315115996223
2013-04-07,-0.0901482291114
2013-04-08,-1.00024510516
2013-04-09,-0.696879479807
2013-04-10,-0.703696684871
2013-04-11,-0.894578426663
2013-04-14,-0.591212801315
2013-04-15,-0.390105251927
2013-04-16,-0.444642892439
2013-04-17,-0.345793419011
2013-04-18,-0.332159008883
2013-04-21,-0.410556867119
2013-04-22,-0.870718208939
2013-04-23,-0.850266593747
2013-04-24,-0.645750441827
2013-04-25,-0.560535378527
2013-04-28,-0.874126811471
2013-04-29,-0.921847246919
2013-04-30,-0.867309606407
2013-05-01,-0.710513889935
2013-05-02,-0.877535414003
2013-05-05,-0.761642927915
2013-05-06,-0.727556902595
2013-05-07,-0.983202092495
2013-05-08,-0.979793489963
2013-05-09,-0.529857955739
2013-05-12,-0.809363363363
2013-05-13,-0.543492365867
2013-05-14,-0.580986993719
2013-05-15,-0.761642927915
2013-05-16,-0.567352583591
2013-05-19,-0.829814978555
2013-05-20,-0.771868735511
2013-05-21,-0.730965505127
2013-05-22,-0.768460132979
2013-05-23,-0.604847211443
2013-05-26,-0.413965469651
2013-05-27,-0.536675160803
2013-05-28,-0.151503074687
2013-05-29,-0.335567611415
2013-05-30,0.151862550661
2013-06-02,-0.410556867119
2013-06-03,0.0973249101486
2013-06-04,0.462045381072
2013-06-05,-0.553718173463
2013-06-06,-0.281029970903
2013-06-09,0.0564216797646
2013-06-10,0.192765781045
2013-06-11,0.192765781045
2013-06-12,-0.673019262083
2013-06-13,0.216625998769
2013-06-16,0.537034636776
2013-06-17,1.34828203939
2013-06-18,-0.949116067175
2013-06-19,1.65505626727
2013-06-20,0.0155184493806
2013-06-23,-0.369653636735
2013-06-24,-0.301481586095
2013-06-25,-0.229900932923
2013-06-26,-0.171954689879
2013-06-27,-0.0628794088553
2013-06-30,-0.192406305071
2013-07-01,0.312066869665
2013-07-02,-0.0594708063234
2013-07-03,-0.710513889935
2013-07-04,-0.301481586095
2013-07-07,-0.509406340547
2013-07-08,-0.962750477303
2013-07-09,-0.400331059523
2013-07-10,-0.727556902595
2013-07-11,-0.816180568427
2013-07-14,-0.540083763335
2013-07-15,0.554077649436
2013-07-16,-0.00493316581138
2013-07-17,-0.107191241771
2013-07-18,-0.390105251927
2013-07-21,-0.758234325383
2013-07-22,-0.495771930419
2013-07-23,-0.134460062027
2013-07-24,0.0325614620406
2013-07-25,-0.959341874771
2013-07-28,-0.580986993719
2013-07-29,-0.778685940575
2013-07-30,-0.277621368371
2013-07-31,-0.257169753179
2013-08-01,-0.328750406351
2013-08-04,0.284798049409
2013-08-05,-0.880944016535
2013-08-06,-0.700288082339
2013-08-07,-0.386696649395
2013-08-08,-0.0833310240474
2013-08-11,-0.488954725355
2013-08-12,-0.311707393691
2013-08-13,-0.604847211443
2013-08-14,-0.107191241771
2013-08-15,-0.171954689879
2013-08-18,0.93584113302
2013-08-19,-0.546900968399
2013-08-20,0.0223356544446
2013-08-21,0.414324945624
2013-08-22,1.3176046166
2013-08-25,2.38108860659
2013-08-26,0.755185198824
2013-08-27,0.554077649436
2013-08-28,-0.131051459495
2013-08-29,-0.226492330391
2013-09-01,1.6686906774
2013-09-02,-0.182180497475
2013-09-03,-0.315115996223
2013-09-04,0.370013112709
2013-09-05,1.05514222164
2013-09-08,4.33421785742
2013-09-09,-0.00152456327937
2013-09-10,-0.257169753179
2013-09-11,-0.594621403847
2013-09-12,-0.645750441827
2013-09-15,-0.431008482311
2013-09-16,-0.431008482311
2013-09-17,-0.0151589734074
2013-09-18,1.30397020648
2013-09-19,-0.345793419011
2013-09-22,4.80460500684
2013-09-23,-0.618481621571
2013-09-24,0.192765781045
2013-09-25,-0.0594708063234
2013-09-26,-0.301481586095
2013-09-29,-0.260578355711
2013-09-30,-0.580986993719
2013-10-01,-0.816180568427
2013-10-02,-0.236718137987
2013-10-03,-0.908212836791
2013-10-06,-0.560535378527
2013-10-07,
2013-10-08,
2013-10-09,-0.427599879779
2013-10-10,-0.165137484815
2013-10-13,-0.533266558271
2013-10-14,-0.615073019039
2013-10-15,-0.495771930419
2013-10-16,-0.724148300063
2013-10-17,-0.373062239267
2013-10-20,-0.717331094999
2013-10-21,-0.188997702539
2013-10-22,-1.03433113048
2013-10-23,-0.335567611415
2013-10-24,-0.676427864615
2013-10-28,-0.338976213947
2013-10-29,-0.724148300063
2013-10-30,-1.1434064115
2013-10-31,-0.127642856963
2013-11-01,1.01764759379
2013-11-04,-0.604847211443
2013-11-05,0.199582986109
2013-11-06,0.250712024089
2013-11-07,-0.434417084843
2013-11-08,0.393873330432
2013-11-11,-0.240126740519
2013-11-12,-0.338976213947
2013-11-13,-0.570761186123
2013-11-14,-0.570761186123
2013-11-15,-0.386696649395
2013-11-18,0.277980844345
2013-11-19,0.796088429208
2013-11-20,-1.20816985961
2013-11-21,0.0870991025526
2013-11-22,-0.0662880113874
2013-11-25,-0.185589100007
2013-11-26,-0.557126775995
2013-11-27,-0.523040750675
2013-11-28,-0.0696966139194
2013-11-29,-0.315115996223
2013-12-02,-0.250352548115
2013-12-03,-0.587804198783
2013-12-04,-0.540083763335
2013-12-05,-0.352610624075
2013-12-06,0.482496996264
2013-12-09,0.427959355752
2013-12-10,-0.512814943079
2013-12-11,0.0291528595086
2013-12-12,-0.154911677219
2013-12-13,-0.802546158299
2013-12-16,-0.608255813975
2013-12-17,-1.12295479631
2013-12-18,-0.393513854459
2013-12-19,-0.0969654341753
2013-12-20,0.380238920305
2013-12-23,-0.454868700035
2013-12-24,-0.0560622037914
2013-12-25,-1.49449247229
2013-12-26,-1.3990516014
2013-12-27,-0.822997773491
2013-12-30,0.240486216493
2013-12-31,-0.655976249423
2014-01-01,-1.14681501403
2014-01-02,0.50976581652
2014-01-03,-0.598030006379
2014-01-06,-0.724148300063
2014-01-07,-0.553718173463
2014-01-08,-0.516223545611
2014-01-09,-0.502589135483
2014-01-10,-0.369653636735
2014-01-13,0.230260408897
2014-01-14,-0.642341839295
2014-01-15,-0.403739662055
2014-01-16,-0.413965469651
2014-01-17,-0.853675196279
2014-01-20,-0.117417049367
2014-01-21,-0.632116031699
2014-01-22,-0.543492365867
2014-01-23,-0.519632148143
2014-01-24,0.496131406392
2014-01-27,-0.468503110163
2014-01-28,-0.451460097503
2014-01-29,-0.584395596251
2014-01-30,-0.413965469651
2014-01-31,0.0700560898926
2014-02-03,-0.659384851955
2014-02-04,-0.485546122823
2014-02-05,0.179131370917
2014-02-06,-0.383288046863
2014-02-07,-0.512814943079
2014-02-10,-0.720739697531
2014-02-11,-0.240126740519
2014-02-12,-0.768460132979
2014-02-13,-0.584395596251
2014-02-14,0.0905077050846
2014-02-17,-0.809363363363
2014-02-18,-0.533266558271
2014-02-19,-0.615073019039
2014-02-20,-0.499180532951
2014-02-21,-0.171954689879
2014-02-24,-0.0322019860674
2014-02-25,-0.816180568427
2014-02-26,-0.574169788655
2014-02-27,-0.942298862111
2014-02-28,-0.379879444331
2014-03-03,-0.867309606407
2014-03-04,-0.880944016535
2014-03-05,-0.908212836791
2014-03-06,-0.175363292411
2014-03-07,-0.263986958243
2014-03-10,-0.188997702539
2014-03-11,-0.666202057019
2014-03-12,-0.621890224103
2014-03-13,-0.754825722851
2014-03-14,-0.850266593747
2014-03-17,-0.471911712695
2014-03-18,-1.01047091275
2014-03-19,-0.877535414003
2014-03-20,-0.563943981059
2014-03-21,-0.318524598755
2014-03-24,-0.802546158299
2014-03-25,-0.584395596251
2014-03-26,-0.492363327887
2014-03-27,0.165496960789
2014-03-28,0.0905077050846
2014-03-30,-0.642341839295
2014-03-31,-0.744599915255
2014-04-01,-0.502589135483
2014-04-02,-0.407148264587
2014-04-03,-0.0424277936634
2014-04-06,0.537034636776
2014-04-07,-0.151503074687
2014-04-08,-0.505997738015
2014-04-09,-0.400331059523
2014-04-10,-0.362836431671
2014-04-13,-0.775277338043
2014-04-14,-0.267395560775
2014-04-15,-0.734374107659
2014-04-16,-0.700288082339
2014-04-17,-1.05478274567
2014-04-20,-1.25248169252
2014-04-21,-0.580986993719
2014-04-22,-0.734374107659
2014-04-23,-0.536675160803
2014-04-24,-0.0799224215153
2014-04-27,-0.410556867119
2014-04-28,-0.263986958243
2014-04-29,-0.304890188627
2014-04-30,-0.805954760831
2014-05-01,-0.635524634231
2014-05-04,-0.516223545611
2014-05-05,-0.618481621571
2014-05-06,-0.390105251927
2014-05-07,-0.598030006379
2014-05-08,-0.758234325383
2014-05-11,-0.782094543107
2014-05-12,-0.775277338043
2014-05-13,-0.877535414003
2014-05-14,-0.206040715199
2014-05-15,-0.860492401343
2014-05-18,-0.921847246919
2014-05-19,-0.543492365867
2014-05-20,-1.07182575833
2014-05-21,-0.621890224103
2014-05-22,-0.765051530447
2014-05-25,-0.983202092495
2014-05-26,-0.373062239267
2014-05-27,-0.710513889935
2014-05-28,-0.932073054515
2014-05-29,-0.393513854459
2014-06-01,0.0870991025526
2014-06-02,-0.277621368371
2014-06-03,-0.676427864615
2014-06-04,-0.707105287403
2014-06-05,-0.219675125327
2014-06-08,-0.376470841799
2014-06-09,-0.332159008883
2014-06-10,-0.553718173463
2014-06-11,-0.972976284899
2014-06-12,-0.604847211443
2014-06-15,-0.683245069679
2014-06-16,-0.209449317731
2014-06-17,-0.553718173463
2014-06-18,0.315475472197
2014-06-19,-0.359427829139
2014-06-22,-0.775277338043
2014-06-23,-0.628707429167
2014-06-24,-0.676427864615
2014-06-25,-0.454868700035
2014-06-26,-0.611664416507
2014-06-29,-0.485546122823
2014-06-30,-0.690062274743
2014-07-01,-0.451460097503
2014-07-02,-0.107191241771
2014-07-03,-0.519632148143
2014-07-06,-0.563943981059
2014-07-07,-0.894578426663
2014-07-08,-0.598030006379
2014-07-09,-0.529857955739
2014-07-10,-0.850266593747
2014-07-13,-0.921847246919
2014-07-14,-0.441234289907
2014-07-15,-0.741191312723
2014-07-16,-0.0526536012594
2014-07-17,-0.352610624075
2014-07-20,0.0905077050846
2014-07-21,-0.877535414003
2014-07-22,-0.703696684871
2014-07-23,-0.904804234259
2014-07-24,-0.546900968399
2014-07-27,-0.884352619067
2014-07-28,-0.734374107659
2014-07-29,-0.0117503708754
2014-07-30,-0.0424277936634
2014-07-31,-0.233309535455
2014-08-03,-0.720739697531
2014-08-04,-0.724148300063
2014-08-05,-0.233309535455
2014-08-06,-0.475320315227
2014-08-07,-0.413965469651
2014-08-10,-0.471911712695
2014-08-11,-0.696879479807
2014-08-12,-0.666202057019
2014-08-13,-0.897987029195
2014-08-14,-0.512814943079
2014-08-17,-0.782094543107
2014-08-18,-0.792320350703
2014-08-19,-0.608255813975
2014-08-20,-0.979793489963
2014-08-21,-0.580986993719
2014-08-24,-0.771868735511
2014-08-25,-0.932073054515
2014-08-26,-0.178771894943
2014-08-27,-0.887761221599
2014-08-28,-0.799137555767
2014-08-31,-0.857083798811
2014-09-01,-0.690062274743
2014-09-02,-0.894578426663
2014-09-03,-0.877535414003
2014-09-04,-0.758234325383
2014-09-07,-0.557126775995
2014-09-08,0.104142115213
2014-09-09,-0.465094507631
2014-09-10,-0.587804198783
2014-09-11,0.54385184184
2014-09-14,0.233669011429
2014-09-15,0.871077684912
2014-09-16,-0.536675160803
2014-09-17,-0.192406305071
2014-09-18,-0.594621403847
2014-09-21,-0.137868664559
2014-09-22,-0.0424277936634
2014-09-23,-0.826406376023
2014-09-24,0.431367958284
2014-09-25,0.516583021584
2014-09-28,0.95288414568
2014-09-29,-0.260578355711
2014-09-30,0.318884074729
2014-10-01,0.431367958284
2014-10-02,-0.632116031699
2014-10-05,2.61287357876
2014-10-06,0.826765851996
2014-10-07,0.291615254473
2014-10-08,-0.277621368371
2014-10-09,0.0359700645726
2014-10-12,0.124593730405
2014-10-13,-0.990019297559
2014-10-14,0.656335725396
2014-10-15,1.95160468756
2014-10-16,-0.175363292411
2014-10-19,0.0223356544446
2014-10-20,0.69723895578
2014-10-21,-0.540083763335
2014-10-22,-0.362836431671
2014-10-23,0.0393786671046
2014-10-27,1.35509924446
2014-10-28,0.179131370917
2014-10-29,1.85275521413
2014-10-30,0.8165400444
2014-10-31,0.62906690514
2014-11-03,1.839120804
2014-11-04,2.3401853762
2014-11-05,-0.431008482311
2014-11-06,0.250712024089
2014-11-07,1.30397020648
2014-11-10,-0.287847175967
2014-11-11,-0.448051494971
2014-11-12,-0.591212801315
2014-11-13,-0.437825687375
2014-11-14,0.557486251968
2014-11-17,-0.294664381031
2014-11-18,-0.775277338043
2014-11-19,-0.291255778499
2014-11-20,-0.625298826635
2014-11-21,0.322292677261
2014-11-24,0.836991659592
2014-11-25,-0.410556867119
2014-11-26,0.0973249101486
2014-11-27,-0.311707393691
2014-11-28,1.20512073305
2014-12-01,0.0836905000206
2014-12-02,0.0155184493806
2014-12-03,-0.325341803819
2014-12-04,0.0427872696366
2014-12-05,0.301841062069
2014-12-08,-0.761642927915
2014-12-09,-0.523040750675
2014-12-10,-0.591212801315
2014-12-11,0.465453983604
2014-12-12,0.237077613961
2014-12-15,0.445002368412
2014-12-16,2.03341114832
2014-12-17,0.380238920305
2014-12-18,1.24943256596
2014-12-19,1.19830352798
2014-12-22,-0.683245069679
2014-12-23,0.687013148184
2014-12-24,-0.441234289907
2014-12-25,-0.863901003875
2014-12-26,-1.3990516014
2014-12-29,-0.0867396265794
2014-12-30,0.376830317772
2014-12-31,0.557486251968
2015-01-01,-1.49790107483
2015-01-02,0.206400191173
2015-01-05,0.550669046904
2015-01-06,-0.533266558271
2015-01-07,-0.0833310240474
2015-01-08,-0.192406305071
2015-01-09,0.322292677261
2015-01-12,0.100733512681
2015-01-13,0.240486216493
2015-01-14,0.840400262124
2015-01-15,0.0359700645726
2015-01-16,-0.550309570931
2015-01-19,-0.195814907603
2015-01-20,-0.325341803819
2015-01-21,0.68019594312
2015-01-22,0.683604545652
2015-01-23,-0.512814943079
2015-01-26,-0.431008482311
2015-01-27,-0.448051494971
2015-01-28,-0.206040715199
2015-01-29,-0.482137520291
2015-01-30,2.2754219281
2015-02-02,2.15271223694
2015-02-03,0.0393786671046
2015-02-04,-0.110599844303
2015-02-05,0.68019594312
2015-02-06,-0.161728882283
2015-02-09,0.158679755725
2015-02-10,1.20171213052
2015-02-11,1.97887350781
2015-02-12,-0.0833310240474
2015-02-13,0.254120626621
2015-02-16,-0.918438644387
2015-02-17,-0.874126811471
2015-02-18,-0.257169753179
2015-02-19,-0.0322019860674
2015-02-20,0.0427872696366
2015-02-23,-0.260578355711
2015-02-24,-0.570761186123
2015-02-25,0.196174383577
2015-02-26,0.117776525341
2015-02-27,0.550669046904
2015-03-02,0.86766908238
2015-03-03,1.0619594267
2015-03-04,1.98569071288
2015-03-05,0.789271224144
2015-03-06,1.70959390778
2015-03-09,1.94819608502
2015-03-10,2.16293804454
2015-03-11,0.3904647279
2015-03-12,0.400690535496
2015-03-13,3.39344355859
2015-03-16,1.3278304242
2015-03-17,0.554077649436
2015-03-18,0.513174419052
2015-03-19,1.15058309254
2015-03-20,2.00273372554
2015-03-23,2.97418544716
2015-03-24,3.01508867754
2015-03-25,0.335927087389
2015-03-26,1.16421750266
2015-03-27,0.66315293046
2015-03-29,2.04363695592
2015-03-30,1.75731434323
2015-03-31,1.5732498065
2015-04-01,0.346152894985
2015-04-02,-0.0424277936634
2015-04-05,-0.335567611415
2015-04-06,-0.182180497475
2015-04-07,0.649518520332
2015-04-08,2.05386276352
2015-04-09,0.332518484857
2015-04-12,0.537034636776
2015-04-13,0.271163639281
2015-04-14,0.925615325424
2015-04-15,0.57793786716
2015-04-16,0.639292712736
2015-04-19,-0.281029970903
2015-04-20,-0.662793454487
2015-04-21,-0.229900932923
2015-04-22,0.359787305112
2015-04-23,0.213217396237
2015-04-26,0.864260479848
2015-04-27,0.779045416548
2015-04-28,-0.127642856963
2015-04-29,1.15399169507
2015-04-30,2.80375532056
2015-05-03,1.40963688497
2015-05-04,1.01764759379
2015-05-05,0.615432495012
2015-05-06,0.168905563321
2015-05-07,0.574529264628
2015-05-10,1.45394871788
2015-05-11,1.9141100597
2015-05-12,1.01423899126
2015-05-13,0.00870124431661
2015-05-14,0.772228211484
2015-05-17,-0.321933201287
2015-05-18,0.209808793705
2015-05-19,-0.352610624075
2015-05-20,0.230260408897
2015-05-21,0.76541100642
2015-05-24,1.58688421663
2015-05-25,0.871077684912
2015-05-26,1.40622828244
2015-05-27,0.366604510177
2015-05-28,0.305249664601
2015-05-31,0.192765781045
2015-06-01,0.0393786671046
2015-06-02,0.874486287444
2015-06-03,-1.08546016846
2015-06-04,1.17785191279
2015-06-07,-0.185589100007
2015-06-08,0.387056125369
2015-06-09,0.0973249101486
2015-06-10,0.85062606972
2015-06-11,-0.233309535455
2015-06-14,0.0257442569766
2015-06-15,-0.165137484815
2015-06-16,0.427959355752
2015-06-17,0.434776560816
2015-06-18,0.121185127873
2015-06-21,-0.144685869623
2015-06-22,-0.127642856963
2015-06-23,-0.345793419011
2015-06-24,0.117776525341
2015-06-25,-0.158320279751
2015-06-28,0.0121098468486
2015-06-29,0.363195907645
2015-06-30,-0.509406340547
2015-07-01,0.305249664601
2015-07-02,0.489314201328
2015-07-05,0.6461099178
2015-07-06,0.734733583632
2015-07-07,1.95160468756
2015-07-08,0.325701279793
2015-07-09,0.410916343092
2015-07-12,1.04491641404
2015-07-13,-0.0185675759394
2015-07-14,-0.137868664559
2015-07-15,-0.809363363363
2015-07-16,0.6461099178
2015-07-19,0.836991659592
2015-07-20,-0.529857955739
2015-07-21,0.91879812036
2015-07-22,2.6162821813
2015-07-23,2.35722838886
2015-07-26,1.56643260144
2015-07-27,0.489314201328
2015-07-28,-0.0356105885994
2015-07-29,0.659744327928
2015-07-30,1.39600247484
2015-08-02,1.37895946218
2015-08-03,0.465453983604
2015-08-04,0.0291528595086
2015-08-05,1.74027133057
2015-08-06,1.14717449
2015-08-09,0.854034672252
2015-08-10,2.29928214582
2015-08-11,0.66315293046
2015-08-12,0.922206722892
2015-08-13,0.57793786716
2015-08-16,0.513174419052
2015-08-17,-0.171954689879
2015-08-18,0.128002332937
2015-08-19,0.431367958284
2015-08-20,0.383647522837
2015-08-23,2.46289506736
2015-08-24,0.346152894985
2015-08-25,1.9141100597
2015-08-26,0.83358305706
2015-08-27,0.417733548156
2015-08-30,2.76966929524
2015-08-31,1.68573369006
2015-09-01,2.91623920411
2015-09-02,2.49016388761
2015-09-03,1.58006701157
2015-09-06,2.05386276352
2015-09-07,0.540443239308
2015-09-08,0.908572312764
2015-09-09,2.89237898639
2015-09-10,2.20724987746
2015-09-13,0.151862550661
2015-09-14,1.26647557862
2015-09-15,0.162088358257
2015-09-16,1.71981971538
2015-09-17,1.54938958878
2015-09-20,1.91070145717
2015-09-21,
2015-09-22,
2015-09-23,5.03979858155
2015-09-24,8.42794949835
2015-09-27,1.98569071288
2015-09-28,4.4705619587
2015-09-29,3.67635756875
2015-09-30,2.52424991293
2015-10-01,1.56984120397
2015-10-04,2.37086279899
2015-10-05,2.21747568505
2015-10-06,2.64014239902
2015-10-07,1.38918526978
2015-10-08,3.90814254092
2015-10-11,-0.0560622037914
2015-10-12,2.21065847999
2015-10-13,2.86511016613
2015-10-14,2.22088428758
2015-10-15,0.693830353248
2015-10-18,3.03894889526
2015-10-19,1.07559383683
2015-10-20,1.4232712951
2015-10-21,0.356378702581
2015-10-22,1.00742178619
2015-10-26,1.09604545202
2015-10-27,0.206400191173
2015-10-28,0.0325614620406
2015-10-29,0.802905634272
2015-10-30,0.908572312764
2015-11-02,-0.850266593747
2015-11-03,1.68232508753
2015-11-04,2.73558326992
2015-11-05,0.0973249101486
2015-11-06,1.10967986215
2015-11-09,-0.233309535455
2015-11-10,0.230260408897
2015-11-11,1.71300251032
2015-11-12,1.06536802924
2015-11-13,0.608615289948
2015-11-16,1.69595949766
2015-11-17,0.393873330432
2015-11-18,0.356378702581
2015-11-19,1.59711002423
2015-11-20,0.676787340588
2015-11-23,0.939249735552
2015-11-24,0.121185127873
2015-11-25,2.21065847999
2015-11-26,0.741550788696
2015-11-27,0.250712024089
2015-11-30,4.68871252075
2015-12-01,0.758593801356
2015-12-02,-0.488954725355
2015-12-03,1.21193793811
2015-12-04,2.25837891544
2015-12-07,0.00870124431661
2015-12-08,0.942658338084
2015-12-09,1.83230359894
2015-12-10,1.11649706722
2015-12-11,3.26391666238
2015-12-14,2.23111009518
2015-12-15,1.06536802924
2015-12-16,1.01764759379
2015-12-17,0.380238920304
2015-12-18,0.523400226648
2015-12-21,3.86723931054
2015-12-22,0.376830317772
2015-12-23,0.462045381072
2015-12-24,0.230260408897
2015-12-25,-0.591212801315
2015-12-28,1.30737880901
2015-12-29,0.908572312764
2015-12-30,3.54001346747
2015-12-31,1.71641111285
2016-01-01,-1.32406234569
2016-01-04,2.17657245467
2016-01-05,1.99250791794
2016-01-06,-0.0356105885994
2016-01-07,0.162088358257
2016-01-08,-0.148094472155
2016-01-11,0.305249664601
2016-01-12,0.448410970944
2016-01-13,1.29715300141
2016-01-14,0.151862550661
2016-01-15,0.247303421557
2016-01-18,-0.107191241771
2016-01-19,0.410916343092
2016-01-20,0.393873330432
2016-01-21,2.14589503188
2016-01-22,0.308658267133
2016-01-25,0.68019594312
2016-01-26,0.554077649436
2016-01-27,0.523400226648
2016-01-28,1.37895946218
2016-01-29,1.97546490528
2016-02-01,2.00614232807
2016-02-02,0.547260444372
2016-02-03,0.216625998769
2016-02-04,3.57069089026
2016-02-05,0.397281932964
2016-02-08,-0.700288082339
2016-02-09,-1.10250318112
2016-02-10,0.915389517828
2016-02-11,1.68232508753
2016-02-12,0.905163710232
2016-02-15,-0.335567611415
2016-02-16,1.58688421663
2016-02-17,1.5084863584
2016-02-18,1.60733583182
2016-02-19,1.17785191279
2016-02-22,1.58006701157
2016-02-23,1.20852933558
2016-02-24,0.530217431712
2016-02-25,-0.233309535455
2016-02-26,0.349561497517
2016-02-29,-0.0117503708754
2016-03-01,0.131410935469
2016-03-02,2.60264777117
2016-03-03,1.5084863584
2016-03-04,6.58730413107
2016-03-07,0.571120662096
2016-03-08,-0.137868664559
2016-03-09,1.83571220147
2016-03-10,2.34359397874
2016-03-11,1.51871216599
2016-03-14,0.598389482352
2016-03-15,4.54214261188
2016-03-16,4.9920781461
2016-03-17,3.1071209459
2016-03-18,3.01849728007
2016-03-21,-0.0322019860674
2016-03-22,0.574529264628
2016-03-23,1.79480897108
2016-03-24,3.15143277882
2016-03-25,-0.465094507631
2016-03-27,-0.0799224215153
2016-03-28,1.32442182167
2016-03-29,1.22216374571
2016-03-30,2.03341114832
2016-03-31,1.19148632292
2016-04-03,0.871077684912
2016-04-04,2.56856174585
2016-04-05,1.43690570522
2016-04-06,1.55279819131
2016-04-07,0.755185198824
2016-04-10,4.52509959922
2016-04-11,2.57197034838
2016-04-12,0.95288414568
2016-04-13,-0.267395560775
2016-04-14,1.63801325461
2016-04-17,2.84124994841
2016-04-18,1.21534654064
2016-04-19,2.05045416098
2016-04-20,-0.431008482311
2016-04-21,0.963109953276
2016-04-24,-0.144685869623
2016-04-25,-0.137868664559
2016-04-26,-0.175363292411
2016-04-27,0.0223356544446
2016-04-28,1.74708853564
2016-05-01,1.54598098625
2016-05-02,3.36617473834
2016-05-03,0.891529300104
2016-05-04,0.155271153193
2016-05-05,0.339335689921
2016-05-08,4.93072330052
2016-05-09,0.141636743065
2016-05-10,0.830174454528
2016-05-11,1.10286265709
2016-05-12,0.819948646932
2016-05-15,0.230260408897
2016-05-16,0.267755036749
2016-05-17,0.806314236804
2016-05-18,2.7662606927
2016-05-19,-0.591212801315
2016-05-22,0.59498087982
2016-05-23,-0.570761186123
2016-05-24,0.891529300104
2016-05-25,-0.390105251927
2016-05-26,0.79949703174
2016-05-29,-0.505997738015
2016-05-30,0.417733548156
2016-05-31,0.62906690514
2016-06-01,-0.137868664559
2016-06-02,0.669970135524
2016-06-05,1.18126051532
2016-06-06,0.997195978596
2016-06-07,2.32995956861
2016-06-08,1.8288949964
2016-06-09,1.2426153609
2016-06-12,0.809722839336
2016-06-13,1.6686906774
2016-06-14,-0.328750406351
2016-06-15,-0.304890188627
2016-06-16,0.342744292453
2016-06-19,1.54257238372
2016-06-20,0.502948611456
2016-06-21,-0.284438573435
2016-06-22,0.983561568468
2016-06-23,2.80716392309
2016-06-26,0.836991659592
2016-06-27,1.39259387231
2016-06-28,4.04107803967
2016-06-29,2.2549703129
2016-06-30,0.240486216493
2016-07-03,0.0155184493806
2016-07-04,0.652927122864
2016-07-05,0.223443203833
2016-07-06,0.117776525341
2016-07-07,1.26647557862
2016-07-10,1.4130454875
2016-07-11,0.0939163076166
2016-07-12,-0.451460097503
2016-07-13,1.22557234824
2016-07-14,-0.0185675759394
2016-07-17,-0.298072983563
2016-07-18,0.121185127873
2016-07-19,-0.580986993719
2016-07-20,-0.604847211443
2016-07-21,-0.151503074687
2016-07-24,0.134819538001
2016-07-25,-0.287847175967
2016-07-26,-0.482137520291
2016-07-27,-0.223083727859
2016-07-28,0.5608948545
2016-07-31,-0.0731052164514
2016-08-01,-0.410556867119
2016-08-02,-0.301481586095
2016-08-03,0.417733548156
2016-08-04,1.0619594267
2016-08-07,0.0530130772326
2016-08-08,0.0155184493806
2016-08-09,0.434776560816
2016-08-10,0.110959320277
2016-08-11,0.0768732949566
2016-08-14,0.243894819025
2016-08-15,-0.345793419011
2016-08-16,0.0359700645726
2016-08-17,0.107550717745
2016-08-18,-0.212857920263
2016-08-21,-0.294664381031
2016-08-22,-0.485546122823
2016-08-23,0.107550717745
2016-08-24,-0.717331094999
2016-08-25,0.0359700645726
2016-08-28,0.44159376588
2016-08-29,0.414324945624
2016-08-30,-0.492363327887
2016-08-31,0.451819573476
2016-09-01,0.0393786671046
2016-09-04,-0.444642892439
2016-09-05,0.506357213988
2016-09-06,1.60733583182
2016-09-07,0.175722768385
2016-09-08,1.35509924446
2016-09-11,1.45054011535
2016-09-12,0.925615325424
2016-09-13,1.75049713817
2016-09-14,0.199582986109
2016-09-15,0.404099138029
2016-09-18,0.0905077050846
2016-09-19,-0.604847211443
2016-09-20,-0.107191241771
2016-09-21,1.05855082417
2016-09-22,-0.488954725355
2016-09-25,-0.427599879779
2016-09-26,-0.635524634231
2016-09-27,-0.771868735511
2016-09-28,-0.765051530447
2016-09-29,-0.134460062027
2016-10-02,-0.291255778499
2016-10-03,0.366604510176
2016-10-04,0.175722768385
2016-10-05,-0.175363292411
2016-10-06,0.138228140533
2016-10-09,-0.550309570931
2016-10-10,-0.604847211443
2016-10-11,-1.17749243682
2016-10-12,-0.775277338043
2016-10-13,-0.0253847810034
2016-10-16,-0.645750441827
2016-10-17,-0.550309570931
2016-10-18,-0.154911677219
2016-10-19,-0.444642892439
2016-10-20,-0.482137520291
2016-10-23,-0.359427829139
2016-10-24,0.179131370917
2016-10-25,-0.662793454487
2016-10-26,0.114367922809
2016-10-27,0.281389446877
2016-10-31,-0.137868664559
2016-11-01,0.376830317772
2016-11-02,-0.0799224215153
2016-11-03,-0.379879444331
2016-11-04,-0.413965469651
2016-11-07,0.983561568468
2016-11-08,-0.00493316581138
2016-11-09,1.28010998875
2016-11-10,5.85104598416
2016-11-11,7.34742249571
2016-11-14,1.39941107737
2016-11-15,0.295023857005
2016-11-16,-0.0322019860674
2016-11-17,1.09945405456
2016-11-18,1.22557234824
2016-11-21,1.70959390778
2016-11-22,0.506357213988
2016-11-23,0.557486251968
2016-11-24,0.973335760872
2016-11-25,0.990378773532
2016-11-28,-0.345793419011
2016-11-29,-0.0390191911314
2016-11-30,1.01764759379
2016-12-01,1.6584648698
2016-12-02,4.27627161438
2016-12-05,2.91623920411
2016-12-06,0.42455075322
2016-12-07,0.356378702581
2016-12-08,-0.0253847810034
2016-12-09,0.421142150688
2016-12-12,0.802905634272
2016-12-13,0.472271188668
2016-12-14,-0.0185675759394
2016-12-15,0.915389517828
2016-12-16,0.5608948545
2016-12-19,-0.345793419011
2016-12-20,-0.137868664559
2016-12-21,-0.219675125327
2016-12-22,-0.253761150647
2016-12-23,0.693830353248
2016-12-26,-0.979793489963
2016-12-27,-0.857083798811
2016-12-28,-0.178771894943
2016-12-29,-0.114008446835
2016-12-30,-0.434417084843
2017-01-02,-0.291255778499
2017-01-03,-0.114008446835
2017-01-04,0.669970135524
2017-01-05,0.618841097544
2017-01-06,-0.710513889935
2017-01-09,-0.499180532951
2017-01-10,-0.0935568316433
2017-01-11,-0.386696649395
2017-01-12,-0.168546087347
2017-01-13,-0.212857920263
2017-01-16,-0.0526536012594
2017-01-17,0.305249664601
2017-01-18,0.49272280386
2017-01-19,-0.376470841799
2017-01-20,0.00188403925262
2017-01-23,-0.195814907603
2017-01-24,-0.570761186123
2017-01-25,-1.15022361656
2017-01-26,-0.206040715199
2017-01-27,-0.335567611415
2017-01-30,0.417733548156
2017-01-31,-0.540083763335
2017-02-01,-0.366245034203
2017-02-02,-0.110599844303
2017-02-03,-0.495771930419
2017-02-06,-0.955933272239
2017-02-07,-0.816180568427
2017-02-08,-1.10591178365
2017-02-09,-1.12636339884
2017-02-10,-0.795728953235
2017-02-13,-0.897987029195
2017-02-14,-0.734374107659
2017-02-15,0.220034601301
2017-02-16,-0.192406305071
2017-02-17,0.131410935469
2017-02-20,-0.843449388683
2017-02-21,-0.901395631727
2017-02-22,-0.724148300063
2017-02-23,-0.0696966139193
2017-02-24,0.0905077050846
2017-02-27,0.206400191173
2017-02-28,-0.771868735511
2017-03-01,-1.15704082163
2017-03-02,0.0905077050846
2017-03-03,0.796088429208
2017-03-06,0.482496996264
2017-03-07,-0.580986993719
2017-03-08,-0.315115996223
2017-03-09,0.724507776036
2017-03-10,-0.0696966139194
2017-03-13,0.502948611456
2017-03-14,-0.557126775995
2017-03-15,-0.342384816479
2017-03-16,1.0619594267
2017-03-17,-0.519632148143
2017-03-20,-0.175363292411
2017-03-21,-0.284438573435
2017-03-22,-0.424191277247
2017-03-23,0.499540008924
2017-03-24,0.564303457032
2017-03-26,0.0359700645726
2017-03-27,-0.696879479807
2017-03-28,-0.635524634231
2017-03-29,-0.117417049367
2017-03-30,0.240486216493
2017-04-02,0.0325614620406
2017-04-03,-0.693470877275
2017-04-04,-0.148094472155
2017-04-05,-0.550309570931
2017-04-06,-0.734374107659
2017-04-09,-0.788911748171
2017-04-10,-0.659384851955
2017-04-11,-0.908212836791
2017-04-12,-0.901395631727
2017-04-13,-0.850266593747
2017-04-16,-0.00493316581138
2017-04-17,0.57793786716
2017-04-18,-0.0287933835354
2017-04-19,-0.0560622037914
2017-04-20,-1.19794405201
2017-04-23,0.854034672252
2017-04-24,0.281389446877
2017-04-25,0.588163674756
2017-04-26,-0.165137484815
2017-04-27,0.158679755725
2017-04-30,-1.09227737352
2017-05-01,-0.638933236763
2017-05-02,-0.219675125327
2017-05-03,0.0393786671046
2017-05-04,-0.577578391187
2017-05-07,-0.553718173463
2017-05-08,-0.874126811471
2017-05-09,-0.0969654341753
2017-05-10,-0.171954689879
2017-05-11,0.0564216797646
2017-05-14,-0.0492449987274
2017-05-15,1.47440033308
2017-05-16,-0.904804234259
2017-05-17,8.99377751867
2017-05-18,6.49186326018
2017-05-21,3.19574461174
2017-05-22,-0.761642927915
2017-05-23,-0.710513889935
2017-05-24,-0.778685940575
2017-05-25,-0.175363292411
2017-05-28,-0.966159079835
2017-05-29,1.5084863584
2017-05-30,-0.819589170959
2017-05-31,-0.277621368371
2017-06-01,-0.703696684871
2017-06-04,0.145045345597
2017-06-05,0.145045345597
2017-06-06,-0.553718173463
2017-06-07,-0.805954760831
2017-06-08,-0.710513889935
2017-06-11,0.158679755725
2017-06-12,3.68317477381
2017-06-13,0.0257442569766
2017-06-14,-0.0458363961954
2017-06-15,-0.785503145639
2017-06-18,-0.250352548115
2017-06-19,-0.171954689879
2017-06-20,0.0291528595086
2017-06-21,-0.816180568427
2017-06-22,-1.00706231022
2017-06-25,-0.359427829139
2017-06-26,0.789271224144
2017-06-27,-0.932073054515
2017-06-28,-0.352610624075
2017-06-29,-0.458277302567
2017-07-02,-0.209449317731
2017-07-03,2.95032522943
2017-07-04,0.189357178513
2017-07-05,-0.461685905099
2017-07-06,-0.730965505127
2017-07-09,-0.100374036707
2017-07-10,
2017-07-11,
2017-07-12,0.284798049409
2017-07-13,-0.601438608911
2017-07-16,-0.356019226607
2017-07-17,-0.563943981059
2017-07-18,-0.413965469651
2017-07-19,-0.645750441827
2017-07-20,0.254120626621
2017-07-23,-0.499180532951
2017-07-24,-0.219675125327
2017-07-25,-0.543492365867
2017-07-26,0.325701279793
2017-07-27,-0.904804234259
2017-07-30,-0.509406340547
2017-07-31,0.76541100642
2017-08-01,-1.06500855326
2017-08-02,-0.434417084843
2017-08-03,-0.751417120319
2017-08-06,-0.771868735511
2017-08-07,-1.06159995073
2017-08-08,-0.724148300063
2017-08-09,-0.424191277247
2017-08-10,-0.768460132979
2017-08-13,-0.540083763335
2017-08-14,-0.730965505127
2017-08-15,-0.748008517787
2017-08-16,-0.219675125327
2017-08-17,-0.771868735511
2017-08-20,-0.229900932923
2017-08-21,-0.512814943079
2017-08-22,-1.0581913482
2017-08-23,-0.625298826635
2017-08-24,-1.0684171558
2017-08-27,-1.09227737352
2017-08-28,-1.02410532288
2017-08-29,-1.23884728239
2017-08-30,-0.659384851955
2017-08-31,-0.325341803819
2017-09-03,-1.17067523175
2017-09-04,0.632475507672
2017-09-05,-0.502589135483
2017-09-06,-0.846857991215
2017-09-07,-1.07523436086
2017-09-10,-0.863901003875
2017-09-11,1.69595949766
2017-09-12,-0.253761150647
2017-09-13,-0.604847211443
2017-09-14,-1.00024510516
2017-09-17,-0.710513889935
2017-09-18,-0.666202057019
2017-09-19,-1.07182575833
2017-09-20,-1.14681501403
2017-09-21,-1.00706231022
2017-09-24,-0.431008482311
2017-09-25,0.0632388848286
2017-09-26,-0.0867396265793
2017-09-27,-0.502589135483
2017-09-28,-0.345793419011
2017-10-01,-0.727556902595
2017-10-02,-0.748008517787
2017-10-03,-0.475320315227
2017-10-04,-0.836632183619
2017-10-05,-0.270804163307
2017-10-08,0.605206687416
2017-10-09,-0.465094507631
2017-10-10,-0.257169753179
2017-10-11,-0.546900968399
2017-10-12,-0.587804198783
2017-10-15,-0.178771894943
2017-10-16,-0.396922456991
2017-10-17,-0.338976213947
2017-10-18,-0.822997773491
2017-10-19,-0.546900968399
2017-10-22,0.134819538001
2017-10-23,0.891529300104
2017-10-24,-0.356019226607
2017-10-25,-0.509406340547
2017-10-26,0.683604545652
2017-10-30,0.68019594312
2017-10-31,0.267755036749
2017-11-01,-0.591212801315
2017-11-02,-0.625298826635
2017-11-03,1.20852933558
2017-11-06,1.20852933558
2017-11-07,0.0359700645726
2017-11-08,-0.417374072183
2017-11-09,-0.424191277247
2017-11-10,-0.741191312723
2017-11-13,0.0496044747006
2017-11-14,-0.321933201287
2017-11-15,-0.281029970903
2017-11-16,
2017-11-17,
2017-11-20,
2017-11-21,-0.850266593747
2017-11-22,-0.434417084843
2017-11-23,-0.304890188627
2017-11-24,-1.01387951528
2017-11-27,-0.874126811471
2017-11-28,-0.478728917759
2017-11-29,-0.563943981059
2017-11-30,1.04150781151
2017-12-01,-0.362836431671
2017-12-04,-0.604847211443
2017-12-05,-0.253761150647
2017-12-06,-0.880944016535
2017-12-07,1.35850784699
2017-12-08,0.980152965936
2017-12-11,-0.792320350703
2017-12-12,-0.0901482291113
2017-12-13,-0.192406305071
2017-12-14,-0.144685869623
2017-12-15,-0.424191277247
2017-12-18,0.584755072224
2017-12-19,-0.730965505127
2017-12-20,-0.141277267091
2017-12-21,-0.669610659551
2017-12-22,0.110959320277
2017-12-25,-0.543492365867
2017-12-26,-0.604847211443
2017-12-27,-0.110599844303
2017-12-28,-0.304890188627
2017-12-29,-0.485546122823
2018-01-01,-1.40927740899
2018-01-02,0.295023857005
2018-01-03,0.83358305706
2018-01-04,-0.311707393691
2018-01-05,-0.792320350703
2018-01-08,-0.720739697531
2018-01-09,-0.635524634231
2018-01-10,-0.928664451983
2018-01-11,-0.649159044359
2018-01-12,-0.478728917759
2018-01-15,-0.253761150647
2018-01-16,-0.356019226607
2018-01-17,-0.727556902595
2018-01-18,-0.802546158299
2018-01-19,-0.833223581087
2018-01-22,-0.751417120319
2018-01-23,-0.131051459495
2018-01-24,0.57793786716
2018-01-25,2.33336817114
2018-01-26,-0.765051530447
2018-01-29,-0.216266522795
2018-01-30,0.0870991025526
2018-01-31,-0.212857920263
2018-02-01,-0.451460097503
2018-02-02,0.448410970944
2018-02-05,1.23579815584
2018-02-06,0.50976581652
2018-02-07,-0.475320315227
2018-02-08,0.465453983604
2018-02-09,-0.270804163307
2018-02-12,-0.482137520291
2018-02-13,-1.41950321659
2018-02-14,0.0768732949566
2018-02-15,1.94478748249
2018-02-16,-0.533266558271
2018-02-19,-1.05137414314
2018-02-20,-0.625298826635
2018-02-21,-0.536675160803
2018-02-22,-0.799137555767
2018-02-23,-0.301481586095
2018-02-26,-0.761642927915
2018-02-27,-0.444642892439
2018-02-28,-0.512814943079
2018-03-01,-0.427599879779
2018-03-02,-0.860492401343
2018-03-05,-1.11272898871
2018-03-06,-0.417374072183
2018-03-07,-0.362836431671
2018-03-08,0.397281932964
2018-03-09,-0.577578391187
2018-03-12,-0.577578391187
2018-03-13,-0.673019262083
2018-03-14,-0.615073019039
