Date,adx
2010-01-04,
2010-01-05,4.35258734273
2010-01-06,4.35258734273
2010-01-07,4.00212199683
2010-01-08,3.88475812227
2010-01-11,2.53740576777
2010-01-12,1.32161707483
2010-01-13,0.680109101967
2010-01-14,0.882236198055
2010-01-15,1.03131475735
2010-01-18,1.20116734502
2010-01-19,0.649157261073
2010-01-20,0.579869510887
2010-01-21,0.774830947308
2010-01-22,1.21792243588
2010-01-25,1.5324506585
2010-01-26,1.92862259094
2010-01-27,1.35374834743
2010-01-28,1.01219338854
2010-01-29,0.79387129863
2010-02-01,0.921732877766
2010-02-02,0.67520463053
2010-02-03,-0.0124065243075
2010-02-04,-0.00617802357118
2010-02-05,-0.00173042366975
2010-02-08,0.0014457555044
2010-02-09,-0.284565127202
2010-02-10,-0.598327279684
2010-02-11,-0.834498965743
2010-02-12,-1.06592002657
2010-02-15,-1.23121422704
2010-02-16,-1.32768116822
2010-02-17,-1.14495784434
2010-02-18,-0.779349059744
2010-02-19,-0.40951258024
2010-02-22,0.157760289258
2010-02-23,0.218304922506
2010-02-24,0.170363020187
2010-02-25,-0.248889374659
2010-02-26,-0.548354796032
2010-03-01,-0.304886301068
2010-03-02,0.0710091585811
2010-03-03,0.339505727614
2010-03-04,0.559994412368
2010-03-05,0.744424394114
2010-03-08,1.01797035109
2010-03-09,0.80775551078
2010-03-10,0.859640760427
2010-03-11,0.988071887033
2010-03-12,1.13865011571
2010-03-15,1.25494334841
2010-03-16,1.32088197994
2010-03-17,1.36798100132
2010-03-18,0.508445426413
2010-03-19,0.19905089627
2010-03-22,0.204971971553
2010-03-23,-0.141201288229
2010-03-24,-0.586215331845
2010-03-25,-0.756311588364
2010-03-26,-0.47198715364
2010-03-28,-0.268898272028
2010-03-29,-0.584735763984
2010-03-30,-0.692480716477
2010-03-31,-0.597705612618
2010-04-01,-0.322822853198
2010-04-04,-0.126478025101
2010-04-05,0.0137682806528
2010-04-06,-0.272478770809
2010-04-07,-0.66846718738
2010-04-08,-0.951316056336
2010-04-11,-0.844259482295
2010-04-12,-0.5448618537
2010-04-13,-0.23884794706
2010-04-14,0.0645415826795
2010-04-15,-0.147905912533
2010-04-18,-0.485978403668
2010-04-19,-0.578968871136
2010-04-20,-0.56865339262
2010-04-21,-0.792265722077
2010-04-22,-0.951988814546
2010-04-25,-1.05607981091
2010-04-26,-1.05748468999
2010-04-27,-0.948154319706
2010-04-28,-0.947889104963
2010-04-29,-0.508152939634
2010-05-02,-0.406270482897
2010-05-03,-0.759277808493
2010-05-04,-0.520196549752
2010-05-05,0.094791755588
2010-05-06,0.664805149747
2010-05-09,0.52727775168
2010-05-10,-0.100426635927
2010-05-11,-0.548786912789
2010-05-12,-0.725897848295
2010-05-13,-0.78031422907
2010-05-16,-0.784487557259
2010-05-17,-0.787468505965
2010-05-18,-0.430871823967
2010-05-19,0.0665901760874
2010-05-20,0.45203689236
2010-05-23,0.211310487601
2010-05-24,0.358115098959
2010-05-25,0.12605792933
2010-05-26,0.0195190925895
2010-05-27,-0.425076231648
2010-05-30,-0.486537407731
2010-05-31,-0.740999315554
2010-06-01,-0.800578982029
2010-06-02,-0.602379889201
2010-06-03,-0.761302255122
2010-06-06,-0.996543938585
2010-06-07,-1.13698420221
2010-06-08,-1.19365177292
2010-06-09,-1.19745231187
2010-06-10,-0.783455245614
2010-06-13,-0.487743055433
2010-06-14,-0.321303651703
2010-06-15,0.015667408721
2010-06-16,0.25636102331
2010-06-17,0.467316312243
2010-06-20,0.701414681153
2010-06-21,0.823801513114
2010-06-22,0.165991028148
2010-06-23,-0.290726884533
2010-06-24,-0.52795844066
2010-06-27,-0.60938737982
2010-06-28,-0.778605589279
2010-06-29,-0.87730236236
2010-06-30,-0.947800057417
2010-07-01,-0.545767354975
2010-07-04,-0.0816577779819
2010-07-05,0.242264850153
2010-07-06,0.282157024534
2010-07-07,0.466865931798
2010-07-08,0.621297720678
2010-07-11,0.791064331001
2010-07-12,0.912326195518
2010-07-13,1.11522981486
2010-07-14,0.903441515084
2010-07-15,0.420788438802
2010-07-18,0.00473036662828
2010-07-19,-0.465567748575
2010-07-20,-0.480070411207
2010-07-21,-0.587926722734
2010-07-22,-0.243348470703
2010-07-25,-0.209167603011
2010-07-26,-0.184752697517
2010-07-27,-0.202531895895
2010-07-28,-0.232876012524
2010-07-29,0.0251049715722
2010-08-01,0.289232847159
2010-08-02,0.171396310694
2010-08-03,0.0872273560772
2010-08-04,0.207818279491
2010-08-05,0.13461418507
2010-08-08,0.0823255461989
2010-08-09,0.338612729648
2010-08-10,-0.0231848264598
2010-08-11,-0.556815325383
2010-08-12,-0.717609342979
2010-08-15,-0.83246221269
2010-08-16,-0.371375028062
2010-08-17,-0.0173636385077
2010-08-18,-0.260688619437
2010-08-19,-0.482541802501
2010-08-22,-0.641008361832
2010-08-23,-0.555677890929
2010-08-24,-0.49472755457
2010-08-25,-0.835198859813
2010-08-26,-1.1383230606
2010-08-29,-0.882018412589
2010-08-30,-1.06786291184
2010-08-31,-1.06259964109
2010-09-01,-0.743569142607
2010-09-02,-0.139450223078
2010-09-05,-0.0250427026198
2010-09-06,0.16554201528
2010-09-07,0.277357640394
2010-09-08,0.452211337613
2010-09-09,0.63201947654
2010-09-12,0.792806657983
2010-09-13,1.13633579679
2010-09-14,1.01988384606
2010-09-15,0.782828962394
2010-09-16,0.910983302744
2010-09-19,0.669064706542
2010-09-20,-0.00369690616613
2010-09-21,0.0534700604786
2010-09-22,0.0782203809116
2010-09-23,0.0958991812208
2010-09-26,0.367140933437
2010-09-27,0.574138945434
2010-09-28,0.761199754823
2010-09-29,1.03835593121
2010-09-30,1.4175402817
2010-10-03,1.42160936517
2010-10-04,1.04813328411
2010-10-05,1.31164395566
2010-10-06,1.43749404096
2010-10-07,1.25194152169
2010-10-10,1.32674798307
2010-10-11,1.21524895586
2010-10-12,1.32411585596
2010-10-13,1.44710130948
2010-10-14,1.50563120727
2010-10-17,1.0106643343
2010-10-18,0.382294054923
2010-10-19,-0.0665418589193
2010-10-20,-0.0509545201308
2010-10-21,0.0233946988914
2010-10-24,0.218140151628
2010-10-25,-0.0225545362853
2010-10-26,-0.00628613346666
2010-10-27,0.0638153396926
2010-10-28,-0.43674423098
2010-11-01,-0.81936674986
2010-11-02,-1.09266854906
2010-11-03,-1.28788411992
2010-11-04,-0.979051557412
2010-11-05,-0.375146257814
2010-11-08,-0.54326885935
2010-11-09,-0.709279556897
2010-11-10,-0.873369304224
2010-11-11,-0.867603433049
2010-11-12,-0.824224383728
2010-11-15,-0.785016637344
2010-11-16,-0.52048536429
2010-11-17,-0.147008620973
2010-11-18,-0.498001181096
2010-11-19,-0.661653696846
2010-11-22,-0.781905499531
2010-11-23,-0.878133985718
2010-11-24,-0.946868618709
2010-11-25,-1.020812999
2010-11-26,-1.10483390477
2010-11-29,-1.16484883747
2010-11-30,-1.26227019492
2010-12-01,-1.20104101364
2010-12-02,-0.926093505682
2010-12-03,-0.523068351279
2010-12-06,-0.0352775516064
2010-12-07,0.451893049991
2010-12-08,0.286549647759
2010-12-09,-0.220514721879
2010-12-10,-0.446598726864
2010-12-13,-0.688222914946
2010-12-14,-0.853417611707
2010-12-15,-1.04643412478
2010-12-16,-1.14341312331
2010-12-17,-1.30905208767
2010-12-20,-1.43070462492
2010-12-21,-1.28130257701
2010-12-22,-0.857355102629
2010-12-23,-0.57703997211
2010-12-24,-0.262612692476
2010-12-27,-0.271520892554
2010-12-28,-0.43613242178
2010-12-29,-0.483397128011
2010-12-30,-0.865911706773
2010-12-31,-1.00435658703
2011-01-03,-0.670062265491
2011-01-04,-0.719855250437
2011-01-05,-0.719012710674
2011-01-06,-0.391914667344
2011-01-07,-0.158273207822
2011-01-10,0.100229968654
2011-01-11,0.284875094708
2011-01-12,0.243622196316
2011-01-13,-0.16119095489
2011-01-14,-0.113314996105
2011-01-17,-0.0791178826874
2011-01-18,-0.270859569283
2011-01-19,-0.645255633087
2011-01-20,-1.00322228206
2011-01-21,-1.25891274561
2011-01-24,-1.29471784193
2011-01-25,-1.36839590789
2011-01-26,-1.42102309787
2011-01-27,-1.24823389956
2011-01-28,-1.32110992337
2011-01-31,-1.24422091615
2011-02-01,-0.968621836596
2011-02-02,-0.644781879974
2011-02-03,-0.659653914668
2011-02-04,-0.880657550633
2011-02-07,-1.13003489081
2011-02-08,-1.30816156236
2011-02-09,-0.965387610927
2011-02-10,-1.01783385532
2011-02-11,-1.15166544197
2011-02-14,-1.03321322031
2011-02-15,-0.948604490555
2011-02-16,-1.01652844616
2011-02-17,-1.19803943498
2011-02-18,-1.03541206108
2011-02-21,-0.919249651158
2011-02-22,-0.836276501211
2011-02-23,-0.560106722005
2011-02-24,-0.471183243375
2011-02-25,-0.417563564928
2011-02-28,-0.309489296502
2011-03-01,-0.270106670637
2011-03-02,-0.29780146574
2011-03-03,0.0929345532229
2011-03-04,0.715549314248
2011-03-07,0.632176787835
2011-03-08,0.572624983255
2011-03-09,0.855612387875
2011-03-10,0.427330748308
2011-03-11,-0.124371149527
2011-03-14,-0.597430079216
2011-03-15,-0.474566061163
2011-03-16,-0.386806048268
2011-03-17,-0.0767461236273
2011-03-18,0.263735392382
2011-03-21,-0.0668714848515
2011-03-22,-0.303019254304
2011-03-23,-0.748084592262
2011-03-24,-0.913826528634
2011-03-25,-0.926603398192
2011-03-27,-1.18557171147
2011-03-28,-1.37054907811
2011-03-29,-0.471633011234
2011-03-30,0.236012005164
2011-03-31,0.976489911948
2011-04-03,1.50540270251
2011-04-04,1.88319755291
2011-04-05,2.20254649458
2011-04-06,2.4976063738
2011-04-07,2.81859116765
2011-04-10,3.05480615596
2011-04-11,2.70439322351
2011-04-12,2.19245645632
2011-04-13,1.8267873369
2011-04-14,1.56559510874
2011-04-17,1.37902923149
2011-04-18,1.24576789059
2011-04-19,1.52085448549
2011-04-20,1.72490231813
2011-04-21,1.87065077001
2011-04-24,1.97475680707
2011-04-25,1.39196589308
2011-04-26,1.2073117954
2011-04-27,0.628923956977
2011-04-28,0.215789786676
2011-05-01,-0.0793060492532
2011-05-02,0.219456217128
2011-05-03,0.632254504079
2011-05-04,1.10937724486
2011-05-05,1.01404578009
2011-05-08,1.05569161113
2011-05-09,1.08543863331
2011-05-10,1.18812953097
2011-05-11,1.41426363111
2011-05-12,1.69260097181
2011-05-15,1.89141335802
2011-05-16,2.04203625176
2011-05-17,1.26361385525
2011-05-18,0.455099518435
2011-05-19,-0.038088848112
2011-05-22,0.0595595495682
2011-05-23,0.129308405054
2011-05-24,0.179129016115
2011-05-25,0.114468249449
2011-05-26,-0.0808629260284
2011-05-29,-0.0988083391909
2011-05-30,0.163279507529
2011-05-31,0.451536940513
2011-06-01,0.34034531833
2011-06-02,0.772483951998
2011-06-05,1.07352476424
2011-06-06,1.45056268973
2011-06-07,1.35177016285
2011-06-08,1.19547392205
2011-06-09,0.772111125209
2011-06-12,0.469709127468
2011-06-13,0.360268694395
2011-06-14,0.128905340439
2011-06-15,-0.234338672103
2011-06-16,-0.663679667071
2011-06-19,-0.817936172025
2011-06-20,-1.06403157709
2011-06-21,-1.23981400928
2011-06-22,-1.36699365818
2011-06-23,-1.26536522835
2011-06-26,-0.981023641908
2011-06-27,-1.13774484812
2011-06-28,-0.920866152732
2011-06-29,-0.554686119632
2011-06-30,-0.181077237166
2011-07-03,0.0857862503092
2011-07-04,-0.0224984141405
2011-07-05,-0.407128131142
2011-07-06,-0.437066653425
2011-07-07,-0.362622704733
2011-07-10,-0.618761718678
2011-07-11,-0.783116533118
2011-07-12,-1.02297089406
2011-07-13,-1.19429543759
2011-07-14,-1.30333498085
2011-07-17,-1.16093369427
2011-07-18,-1.34172263252
2011-07-19,-1.4401564001
2011-07-20,-1.09273135903
2011-07-21,-0.748323878829
2011-07-24,-0.208278158091
2011-07-25,0.367296452076
2011-07-26,-0.223505626799
2011-07-27,-0.645507111709
2011-07-28,-0.822574569096
2011-07-31,-0.842883914549
2011-08-01,-1.01734636279
2011-08-02,-1.14196239725
2011-08-03,-0.811100883012
2011-08-04,-0.293231435147
2011-08-07,0.198842218634
2011-08-08,0.951214974583
2011-08-09,0.865181009525
2011-08-10,0.895191758527
2011-08-11,0.582422887069
2011-08-14,0.0570669196364
2011-08-15,-0.374742777745
2011-08-16,-0.683178275875
2011-08-17,-0.782086232562
2011-08-18,-0.852734773052
2011-08-21,-0.799673205588
2011-08-22,-0.752065450717
2011-08-23,-0.731404467209
2011-08-24,-0.453641459899
2011-08-25,-0.25523931182
2011-08-28,-0.437014187402
2011-08-29,-0.806126213767
2011-08-30,-1.02530279639
2011-08-31,-0.918880225695
2011-09-01,-0.326600289075
2011-09-04,0.267225528225
2011-09-05,0.771762585262
2011-09-06,1.13214619743
2011-09-07,1.29057255151
2011-09-08,1.62254989399
2011-09-11,1.97799075609
2011-09-12,2.3128279084
2011-09-13,2.61281508504
2011-09-14,2.51583354108
2011-09-15,2.51941663107
2011-09-18,2.75978094641
2011-09-19,2.94229572419
2011-09-20,3.14788286407
2011-09-21,3.37997072267
2011-09-22,3.54574776452
2011-09-25,2.98007176343
2011-09-26,2.34079114068
2011-09-27,1.88416212444
2011-09-28,1.66811885932
2011-09-29,1.64349311624
2011-10-02,1.74740321368
2011-10-03,1.85379215159
2011-10-04,1.25597216366
2011-10-05,0.488545637148
2011-10-06,0.0901162966103
2011-10-09,-0.0687355970767
2011-10-10,-0.265282670486
2011-10-11,-0.405673437207
2011-10-12,-0.355306832091
2011-10-13,-0.170006401081
2011-10-16,-0.0897568192502
2011-10-17,-0.54036846294
2011-10-18,-0.727809379384
2011-10-19,-0.834129271612
2011-10-20,-0.932439215997
2011-10-23,-1.2073055954
2011-10-24,-1.22517841583
2011-10-25,-1.32899836949
2011-10-26,-1.01727043872
2011-10-27,-0.504615947063
2011-10-31,-0.0113357758402
2011-11-01,-0.532455997613
2011-11-02,-0.904684727451
2011-11-03,-1.0865817233
2011-11-04,-1.19882451228
2011-11-07,-1.26860718678
2011-11-08,-1.42284080816
2011-11-09,-1.39601647958
2011-11-10,-1.06804285202
2011-11-11,-1.02540921592
2011-11-14,-1.05894645996
2011-11-15,-1.00716194742
2011-11-16,-0.77465168002
2011-11-17,-0.564018150381
2011-11-18,-0.413565629211
2011-11-21,0.082295041176
2011-11-22,0.464775684789
2011-11-23,1.0651447012
2011-11-24,1.60671469417
2011-11-25,2.06794031289
2011-11-28,1.80720599853
2011-11-29,1.29827595278
2011-11-30,0.401463893418
2011-12-01,-0.133658899646
2011-12-02,-0.317988807395
2011-12-05,-0.449653027216
2011-12-06,-0.637693484355
2011-12-07,-0.908385988589
2011-12-08,-1.02881860238
2011-12-09,-1.00042784457
2011-12-12,-0.787466826772
2011-12-13,-0.454739145317
2011-12-14,0.0666102834133
2011-12-15,0.22429120079
2011-12-16,0.0326313569859
2011-12-19,-0.012586196827
2011-12-20,-0.161958527483
2011-12-21,-0.268653049381
2011-12-22,-0.27435961431
2011-12-23,-0.738385645329
2011-12-26,-1.06983281034
2011-12-27,-0.835297715025
2011-12-28,-1.08371617574
2011-12-29,-1.16455492433
2011-12-30,-1.1765857503
2012-01-02,-1.33343249301
2012-01-03,-1.00445243644
2012-01-04,-0.555170502628
2012-01-05,-0.516354307345
2012-01-06,-0.688552740516
2012-01-09,-0.838979385881
2012-01-10,-0.339581658906
2012-01-11,0.0171310032192
2012-01-12,0.423053630477
2012-01-13,0.828556088588
2012-01-16,1.11820070152
2012-01-17,1.43692903498
2012-01-18,1.6121271151
2012-01-19,1.82740820835
2012-01-20,1.90469234907
2012-01-23,2.06971580226
2012-01-24,2.1875896974
2012-01-25,2.36611269641
2012-01-26,2.56860936546
2012-01-27,2.71324984336
2012-01-30,2.5445339215
2012-01-31,2.46563069108
2012-02-01,2.28043557591
2012-02-02,2.2849946013
2012-02-03,2.35945186686
2012-02-06,2.45041047945
2012-02-07,2.51538091702
2012-02-08,2.63123638437
2012-02-09,2.75807654032
2012-02-10,2.52276323863
2012-02-13,2.40878683131
2012-02-14,2.3273751118
2012-02-15,1.89191406783
2012-02-16,0.823163560616
2012-02-17,0.596577621107
2012-02-20,0.367305835863
2012-02-21,-0.153953616069
2012-02-22,-0.345925836327
2012-02-23,-0.0609705749649
2012-02-24,-0.0304828023612
2012-02-27,-0.203542824019
2012-02-28,-0.0787422310251
2012-02-29,-0.508781980748
2012-03-01,-0.901785669298
2012-03-02,-1.09074889199
2012-03-05,-0.786111971703
2012-03-06,-0.228052603284
2012-03-07,-0.611024149767
2012-03-08,-0.741198587695
2012-03-09,-0.797230233661
2012-03-12,-0.234924758566
2012-03-13,0.208172614191
2012-03-14,0.425240510112
2012-03-15,0.50984139767
2012-03-16,0.356786988932
2012-03-19,0.356397983166
2012-03-20,0.677109653195
2012-03-21,0.705109717224
2012-03-22,0.749371080261
2012-03-23,0.434920531617
2012-03-25,-0.206338243348
2012-03-26,-0.62032307949
2012-03-27,-0.968148098942
2012-03-28,-0.89231843729
2012-03-29,-0.979683782938
2012-04-01,-0.871522562251
2012-04-02,-1.05163029774
2012-04-03,-0.902085025563
2012-04-04,-0.795266974006
2012-04-05,-0.71896836575
2012-04-08,-0.56202204965
2012-04-09,-0.459106218269
2012-04-10,-0.484390925415
2012-04-11,-0.54139188804
2012-04-12,-0.330531533862
2012-04-15,-0.695397014047
2012-04-16,-1.00071880096
2012-04-17,-0.699941760533
2012-04-18,-0.165060613559
2012-04-19,0.216997348565
2012-04-22,0.0942352684891
2012-04-23,0.00654806843467
2012-04-24,-0.0560856458899
2012-04-25,-0.51470575826
2012-04-26,-0.84229155281
2012-04-29,-0.814108066859
2012-04-30,-0.391918781223
2012-05-01,-0.404819901631
2012-05-02,0.00476472732121
2012-05-03,-0.258019383875
2012-05-06,-0.294817328397
2012-05-07,-0.321101574484
2012-05-08,0.190520501452
2012-05-09,0.569363360081
2012-05-10,0.28407449269
2012-05-13,0.466136985389
2012-05-14,0.703517223655
2012-05-15,0.936616035509
2012-05-16,1.06026263614
2012-05-17,1.32651432726
2012-05-20,1.67532538964
2012-05-21,2.00006848986
2012-05-22,2.3799531821
2012-05-23,1.6268445897
2012-05-24,0.762667856931
2012-05-27,0.138529296288
2012-05-28,-0.410478073327
2012-05-29,-0.711644705259
2012-05-30,-0.732987227633
2012-05-31,-0.615658893137
2012-06-03,-0.492778467347
2012-06-04,-0.232614672587
2012-06-05,-0.252458970079
2012-06-06,-0.259886678505
2012-06-07,-0.6295635499
2012-06-10,-0.885162929372
2012-06-11,-0.840942259685
2012-06-12,-0.753354469435
2012-06-13,-0.594397467427
2012-06-14,-0.882409446306
2012-06-17,-1.1734421911
2012-06-18,-1.3813227231
2012-06-19,-1.06617356589
2012-06-20,-1.05476243798
2012-06-21,-1.15750388219
2012-06-24,-1.00343753905
2012-06-25,-1.03166470564
2012-06-26,-0.967939270128
2012-06-27,-0.710811867366
2012-06-28,-0.604730788349
2012-07-01,-0.263832479284
2012-07-02,0.0286908183144
2012-07-03,-0.326432930286
2012-07-04,-0.664815974856
2012-07-05,-0.801784325057
2012-07-08,-0.899618860915
2012-07-09,-0.969500672242
2012-07-10,-1.01941625176
2012-07-11,-1.09685126132
2012-07-12,-1.15216198244
2012-07-15,-1.19166964038
2012-07-16,-1.3759807606
2012-07-17,-1.23302776185
2012-07-18,-0.815424901338
2012-07-19,-0.325503977113
2012-07-22,-0.608633305818
2012-07-23,-0.810868540607
2012-07-24,-1.12088842317
2012-07-25,-0.937463896842
2012-07-26,-0.695701321552
2012-07-29,-0.32952077072
2012-07-30,-0.574153390286
2012-07-31,-0.915492447434
2012-08-01,-0.899539984285
2012-08-02,-0.782270089358
2012-08-05,-0.476841615387
2012-08-06,-0.362388091505
2012-08-07,-0.225226491596
2012-08-08,-0.127253920232
2012-08-09,-0.0543414991212
2012-08-12,0.370820028938
2012-08-13,0.674506834695
2012-08-14,0.719696887872
2012-08-15,0.863855166224
2012-08-16,1.05423456923
2012-08-19,1.24177392261
2012-08-20,1.34002440246
2012-08-21,1.42438678012
2012-08-22,1.13057877498
2012-08-23,1.15602180796
2012-08-26,1.1974624143
2012-08-27,0.605960287671
2012-08-28,0.289536966081
2012-08-29,0.178928637628
2012-08-30,-0.369985687286
2012-09-02,-0.403286238888
2012-09-03,-0.819135487088
2012-09-04,-1.12038166661
2012-09-05,-1.1819329385
2012-09-06,-0.817195803385
2012-09-09,-0.219383961838
2012-09-10,0.20762449641
2012-09-11,0.615505016542
2012-09-12,0.563691553927
2012-09-13,0.677917455486
2012-09-16,0.216910583114
2012-09-17,-0.152876823968
2012-09-18,-0.0927249717154
2012-09-19,-0.16751524783
2012-09-20,-0.220936873625
2012-09-23,0.101237801707
2012-09-24,0.331362569801
2012-09-25,-0.0844211859943
2012-09-26,-0.381409582991
2012-09-27,-0.593544152275
2012-09-30,-0.233374309256
2012-10-01,0.0238898643289
2012-10-02,0.232518775101
2012-10-03,0.468133081778
2012-10-04,0.744434879492
2012-10-07,0.53804098289
2012-10-08,0.10175346387
2012-10-09,0.0869014066204
2012-10-10,-0.107357398629
2012-10-11,-0.321509619592
2012-10-14,-0.547396978037
2012-10-15,-0.364886339223
2012-10-16,-0.0876908352357
2012-10-17,0.127551591395
2012-10-18,0.504917294337
2012-10-21,0.774464225009
2012-10-22,1.12429201108
2012-10-23,1.37416900112
2012-10-24,1.62237541617
2012-10-25,1.22606345339
2012-10-29,0.655657281994
2012-10-30,0.248224302426
2012-10-31,0.242161165775
2012-11-01,0.231494151814
2012-11-02,0.245189335477
2012-11-05,0.640093043429
2012-11-06,0.922167120538
2012-11-07,1.15804398853
2012-11-08,1.10497839311
2012-11-09,0.62803855392
2012-11-12,-0.0807186557267
2012-11-13,-0.247646866915
2012-11-14,-0.569193038749
2012-11-15,-0.72670906121
2012-11-16,-0.654219558666
2012-11-19,-0.174862518419
2012-11-20,0.167535367471
2012-11-21,0.650820175151
2012-11-22,1.0362143143
2012-11-23,1.46215457042
2012-11-26,0.752875455794
2012-11-27,0.246247516777
2012-11-28,0.0426724553382
2012-11-29,0.172361450645
2012-11-30,0.327695798995
2012-12-03,0.782681023635
2012-12-04,0.848907983514
2012-12-05,0.896212954857
2012-12-06,0.168939671169
2012-12-07,-0.373739974397
2012-12-10,-0.769319797237
2012-12-11,-0.968813172756
2012-12-12,-1.17636018269
2012-12-13,-1.24233694398
2012-12-14,-1.34200641335
2012-12-17,-1.17455343905
2012-12-18,-0.79613589234
2012-12-19,-1.07669930004
2012-12-20,-0.923878925063
2012-12-21,-0.90969685315
2012-12-24,-1.17845200914
2012-12-25,-1.3704199777
2012-12-26,-0.809926426258
2012-12-27,-0.238740872763
2012-12-28,0.173677482634
2012-12-31,0.445771872924
2013-01-01,0.409134005606
2013-01-02,0.528779290274
2013-01-03,0.719522951059
2013-01-04,0.869939517948
2013-01-07,1.15708227087
2013-01-08,1.48119190403
2013-01-09,1.21663198587
2013-01-10,1.1683197486
2013-01-11,1.14662398251
2013-01-14,1.19084013043
2013-01-15,1.11811478582
2013-01-16,1.0661681111
2013-01-17,1.02906334344
2013-01-18,0.828567360432
2013-01-21,0.750948323829
2013-01-22,0.194044969361
2013-01-23,0.304507905558
2013-01-24,0.528708702234
2013-01-25,0.688852128431
2013-01-28,1.17504332252
2013-01-29,1.73607623642
2013-01-30,2.13681403207
2013-01-31,2.49133783687
2013-02-01,2.7287191584
2013-02-04,2.91326763902
2013-02-05,2.72565815044
2013-02-06,2.60644598129
2013-02-07,2.6106125113
2013-02-08,2.78235850221
2013-02-11,2.90503421001
2013-02-12,2.98605844081
2013-02-13,3.04393289138
2013-02-14,3.11101010066
2013-02-15,3.1598037125
2013-02-18,2.48300510432
2013-02-19,2.18806994882
2013-02-20,2.132768273
2013-02-21,1.10182149708
2013-02-22,0.365430942842
2013-02-25,-0.0870155023867
2013-02-26,-0.404651433341
2013-02-27,-0.435337881882
2013-02-28,-0.824568615756
2013-03-01,-0.828341571115
2013-03-04,-0.987076296135
2013-03-05,-0.72064382377
2013-03-06,-0.530334914938
2013-03-07,-0.558090646949
2013-03-08,-0.280154201585
2013-03-11,0.1923842784
2013-03-12,0.428623465694
2013-03-13,0.290305926041
2013-03-14,-0.0768833232715
2013-03-15,-0.430315051075
2013-03-18,-0.213937092866
2013-03-19,-0.52807822025
2013-03-20,-0.703682684378
2013-03-21,-0.716264900824
2013-03-22,-0.344474725364
2013-03-25,-0.48851148509
2013-03-26,-0.591394884894
2013-03-27,-0.499487289807
2013-03-28,-0.779328523239
2013-03-29,-0.87378259582
2013-03-31,-1.07823240135
2013-04-01,-1.03361101013
2013-04-02,-1.02999517724
2013-04-03,-1.02741243946
2013-04-04,-0.550389221843
2013-04-07,0.0145971357045
2013-04-08,0.418158819667
2013-04-09,0.833246001088
2013-04-10,1.23055744493
2013-04-11,1.32498819451
2013-04-14,1.50556240246
2013-04-15,0.774340152836
2013-04-16,0.46666976147
2013-04-17,-0.203011513456
2013-04-18,-0.68135528126
2013-04-21,-1.02302940112
2013-04-22,-1.13927420227
2013-04-23,-1.11657979948
2013-04-24,-1.1956503825
2013-04-25,-1.00689591641
2013-04-28,-0.79619931801
2013-04-29,-1.047737384
2013-04-30,-1.02994586958
2013-05-01,-1.26000514458
2013-05-02,-1.40819565539
2013-05-05,-1.41993299386
2013-05-06,-1.54016265953
2013-05-07,-1.62604099215
2013-05-08,-1.69216602182
2013-05-09,-0.961983623759
2013-05-12,-0.440424767998
2013-05-13,-0.581341177048
2013-05-14,-0.359299608373
2013-05-15,-0.200698487892
2013-05-16,0.165653982597
2013-05-19,0.458736615602
2013-05-20,0.785573277212
2013-05-21,0.771830854336
2013-05-22,1.02856621652
2013-05-23,0.894223267899
2013-05-26,0.383801038727
2013-05-27,0.450306069626
2013-05-28,0.883044377381
2013-05-29,1.31625579462
2013-05-30,1.79648032453
2013-06-02,2.14123768707
2013-06-03,1.92179872786
2013-06-04,1.20904328707
2013-06-05,0.699932257938
2013-06-06,0.475249847568
2013-06-09,0.469799179813
2013-06-10,0.525928195895
2013-06-11,0.566020350239
2013-06-12,0.594657603342
2013-06-13,0.127363819597
2013-06-16,-0.249396519374
2013-06-17,-0.137716345345
2013-06-18,-0.0579447924666
2013-06-19,0.660360610498
2013-06-20,1.17343589833
2013-06-23,1.24169330882
2013-06-24,0.826092166744
2013-06-25,0.287852560586
2013-06-26,-0.329873626961
2013-06-27,-0.370154510362
2013-06-30,-0.279755158134
2013-07-01,-0.140959924511
2013-07-02,0.149978355265
2013-07-03,0.374442418615
2013-07-04,0.228637378661
2013-07-07,0.124490921552
2013-07-08,0.0501005950449
2013-07-09,0.12651911259
2013-07-10,0.185565907432
2013-07-11,0.227742189462
2013-07-14,-0.057455956492
2013-07-15,-0.0462281106781
2013-07-16,-0.208214139839
2013-07-17,-0.0350735619174
2013-07-18,0.120367772009
2013-07-21,0.0225504157193
2013-07-22,0.17066670024
2013-07-23,0.450192232768
2013-07-24,0.210233729954
2013-07-25,0.0388347993721
2013-07-28,-0.373951448506
2013-07-29,-0.696966087901
2013-07-30,-0.500952318035
2013-07-31,-0.438174408956
2013-08-01,-0.175494407411
2013-08-04,-0.645052134029
2013-08-05,-0.964964747068
2013-08-06,-1.14606550913
2013-08-07,-1.09542264956
2013-08-08,-0.89052246896
2013-08-11,-0.529660653846
2013-08-12,-0.899227958169
2013-08-13,-1.03019682586
2013-08-14,-0.637835840477
2013-08-15,-0.220333987529
2013-08-18,0.404184730797
2013-08-19,0.850269529601
2013-08-20,1.23619933158
2013-08-21,1.63971647992
2013-08-22,0.830940775194
2013-08-25,0.189609786754
2013-08-26,-0.268483776418
2013-08-27,-0.270119460477
2013-08-28,-0.271287806234
2013-08-29,-0.503734817354
2013-09-01,-0.463211380703
2013-09-02,-0.434266068809
2013-09-03,-0.678559557999
2013-09-04,-0.9204710876
2013-09-05,-0.788482870574
2013-09-08,-0.549369149563
2013-09-09,-0.539999890007
2013-09-10,-0.384408644038
2013-09-11,-0.346606056684
2013-09-12,-0.344716225496
2013-09-15,-0.486014938747
2013-09-16,-0.542522964074
2013-09-17,-0.769698218431
2013-09-18,-0.589293049572
2013-09-19,-0.497311539788
2013-09-22,-0.219066578396
2013-09-23,-0.0992229412673
2013-09-24,0.0790962617207
2013-09-25,0.242956798309
2013-09-26,0.45912194665
2013-09-29,0.517172834629
2013-09-30,0.270402865767
2013-10-01,0.0941386022937
2013-10-02,-0.339891099223
2013-10-03,-0.649912314593
2013-10-06,-0.758488346481
2013-10-07,-0.836042654972
2013-10-08,-0.891438589609
2013-10-09,-1.09853146617
2013-10-10,-1.0819630537
2013-10-13,-1.18324279652
2013-10-14,-1.25558546996
2013-10-15,-1.13818106154
2013-10-16,-1.05432076981
2013-10-17,-0.765768375098
2013-10-20,-0.922579261749
2013-10-21,-1.0862943678
2013-10-22,-1.20323372926
2013-10-23,-0.835032312009
2013-10-24,-0.572031299685
2013-10-28,-0.7620503714
2013-10-29,-0.955405592325
2013-10-30,-1.03390075303
2013-10-31,-0.461263088558
2013-11-01,0.277828403986
2013-11-04,0.805750898661
2013-11-05,1.38402260409
2013-11-06,1.81145064524
2013-11-07,2.14492854063
2013-11-08,2.50987770754
2013-11-11,2.65900754195
2013-11-12,2.82558881203
2013-11-13,2.45362542975
2013-11-14,2.21375079694
2013-11-15,1.7247393513
2013-11-18,0.708923240015
2013-11-19,0.177412236889
2013-11-20,-0.202238479629
2013-11-21,-0.24641167197
2013-11-22,-0.277963952213
2013-11-25,-0.582235454266
2013-11-26,-0.645425968327
2013-11-27,-0.576311634753
2013-11-28,-0.21804727529
2013-11-29,-0.176354780684
2013-12-02,0.0386324456711
2013-12-03,0.255400411157
2013-12-04,0.605311929202
2013-12-05,0.94162267179
2013-12-06,0.522391970928
2013-12-09,-0.0731081537886
2013-12-10,-0.407794913766
2013-12-11,-0.795996205425
2013-12-12,-0.903824088172
2013-12-13,-1.09538409053
2013-12-16,-1.19605323178
2013-12-17,-1.26795976124
2013-12-18,-1.08225000882
2013-12-19,-1.18143269619
2013-12-20,-0.874336049414
2013-12-23,-0.654981301715
2013-12-24,-0.816034384467
2013-12-25,-0.931072300719
2013-12-26,-0.924382908735
2013-12-27,-1.08417794835
2013-12-30,-0.75656064235
2013-12-31,-0.522548280925
2014-01-01,-0.355396594193
2014-01-02,-0.367642034018
2014-01-03,-0.376388776751
2014-01-06,-0.382636450131
2014-01-07,-0.77686571683
2014-01-08,-0.919751821273
2014-01-09,-0.694026671077
2014-01-10,-0.873497789123
2014-01-13,-0.897452786609
2014-01-14,-1.0467313034
2014-01-15,-0.89612753951
2014-01-16,-1.18209638292
2014-01-17,-1.3863598425
2014-01-20,-1.12264831319
2014-01-21,-1.21562653623
2014-01-22,-1.25288926238
2014-01-23,-1.17549043936
2014-01-24,-0.6280050278
2014-01-27,-0.337529326571
2014-01-28,-0.0633917271814
2014-01-29,0.339728378025
2014-01-30,0.285345402294
2014-01-31,-0.158961176731
2014-02-03,-0.476323018892
2014-02-04,-0.496890258535
2014-02-05,-0.889885513887
2014-02-06,-0.986541700492
2014-02-07,-0.891095121768
2014-02-10,-1.00728007113
2014-02-11,-1.14752851116
2014-02-12,-1.24770596832
2014-02-13,-0.966462274451
2014-02-14,-1.01260849311
2014-02-17,-1.04557007787
2014-02-18,-1.2713463818
2014-02-19,-1.28220630561
2014-02-20,-1.22036512395
2014-02-21,-0.987501214626
2014-02-24,-0.535093586991
2014-02-25,-0.163244345346
2014-02-26,-0.10548715392
2014-02-27,-0.0642320171861
2014-02-28,0.198792857576
2014-03-03,0.38666776812
2014-03-04,0.295086612157
2014-03-05,0.295617177305
2014-03-06,0.643303532857
2014-03-07,0.218619033592
2014-03-10,-0.231314662452
2014-03-11,-0.669517746455
2014-03-12,-0.709652517667
2014-03-13,-0.955568049225
2014-03-14,-1.02289779649
2014-03-17,-1.02975586499
2014-03-18,-1.11379871574
2014-03-19,-0.95044991895
2014-03-20,-1.11475189038
2014-03-21,-0.959249763395
2014-03-24,-0.887101540689
2014-03-25,-0.662510663028
2014-03-26,-0.342502188409
2014-03-27,0.193892346177
2014-03-28,0.685155223634
2014-03-30,0.865316872166
2014-03-31,0.968242125755
2014-04-01,1.11496412406
2014-04-02,0.790437421969
2014-04-03,0.821424377575
2014-04-06,1.03376825739
2014-04-07,1.37234665562
2014-04-08,1.65127088267
2014-04-09,1.93381406502
2014-04-10,1.72336219448
2014-04-13,1.48795985481
2014-04-14,0.909025223978
2014-04-15,0.435644385273
2014-04-16,-0.174754370346
2014-04-17,-0.610753481503
2014-04-20,-0.922181418043
2014-04-21,-0.97186924992
2014-04-22,-1.0073605584
2014-04-23,-1.0438921054
2014-04-24,-0.753214588272
2014-04-27,-0.752313494895
2014-04-28,-0.315417856602
2014-04-29,-0.744655659815
2014-04-30,-0.926226295235
2014-05-01,-1.1744273026
2014-05-04,-1.14558638025
2014-05-05,-1.35023277959
2014-05-06,-1.20359481459
2014-05-07,-0.934104252463
2014-05-08,-0.93424371002
2014-05-11,-0.868477959852
2014-05-12,-0.816828250144
2014-05-13,-0.779935600352
2014-05-14,-0.467718424222
2014-05-15,-0.244706155558
2014-05-18,-0.0132946904924
2014-05-19,0.360490662776
2014-05-20,0.627480200824
2014-05-21,0.996533779916
2014-05-22,1.0750900598
2014-05-25,1.061687422
2014-05-26,0.348156466926
2014-05-27,-0.0357622686417
2014-05-28,-0.514084399494
2014-05-29,-0.523402556285
2014-06-01,0.0194524587864
2014-06-02,0.446604860807
2014-06-03,0.898351364293
2014-06-04,1.10272449585
2014-06-05,0.445247851655
2014-06-08,-0.074416511052
2014-06-09,-0.224456333496
2014-06-10,-0.206572889413
2014-06-11,-0.193799000782
2014-06-12,-0.428249139379
2014-06-15,-0.47410463387
2014-06-16,-0.574581033199
2014-06-17,-0.569802728098
2014-06-18,-0.486644171224
2014-06-19,-0.826421391747
2014-06-22,-1.06911940641
2014-06-23,-1.0270814442
2014-06-24,-0.93713614326
2014-06-25,-0.744555958823
2014-06-26,-0.424316942507
2014-06-29,-0.104469860647
2014-06-30,-0.309087983855
2014-07-01,-0.250562121836
2014-07-02,-0.648243396769
2014-07-03,-0.784673826611
2014-07-06,-1.02148931434
2014-07-07,-1.23152735033
2014-07-08,-1.21439429776
2014-07-09,-1.34111625665
2014-07-10,-1.42207723607
2014-07-13,-1.51804510331
2014-07-14,-1.35314122735
2014-07-15,-1.23535274452
2014-07-16,-1.04339997202
2014-07-17,-0.699320047585
2014-07-20,-0.999517018999
2014-07-21,-1.18955046084
2014-07-22,-1.14435558315
2014-07-23,-1.11831209311
2014-07-24,-1.29001147238
2014-07-27,-1.3429531725
2014-07-28,-1.36061690912
2014-07-29,-1.02295923742
2014-07-30,-0.508311871007
2014-07-31,-0.0286827937978
2014-08-03,0.114996693492
2014-08-04,0.436774879708
2014-08-05,0.82770945198
2014-08-06,0.872893722347
2014-08-07,1.09090820578
2014-08-10,0.81365602727
2014-08-11,0.450792831867
2014-08-12,0.223975944253
2014-08-13,0.0619638816714
2014-08-14,-0.486490359505
2014-08-17,-0.727073292378
2014-08-18,-0.848504770657
2014-08-19,-0.646942021202
2014-08-20,-0.70345412536
2014-08-21,-0.791389678464
2014-08-24,-0.811715178907
2014-08-25,-0.731976961085
2014-08-26,-0.766122126043
2014-08-27,-0.715733618975
2014-08-28,-0.360764714043
2014-08-31,-0.0360820933847
2014-09-01,-0.323646308035
2014-09-02,-0.443550303517
2014-09-03,-0.488438435212
2014-09-04,-0.691683684288
2014-09-07,-1.00388770968
2014-09-08,-0.544895162666
2014-09-09,-0.0824506561401
2014-09-10,0.247866848522
2014-09-11,0.867764287722
2014-09-14,1.35059670914
2014-09-15,1.69192784288
2014-09-16,1.96689567836
2014-09-17,2.29543948675
2014-09-18,2.53225074523
2014-09-21,2.76385951859
2014-09-22,2.98900395146
2014-09-23,3.16363303401
2014-09-24,2.3430629784
2014-09-25,1.95072962186
2014-09-28,1.92152068257
2014-09-29,1.90065715451
2014-09-30,1.99680672419
2014-10-01,2.16076607998
2014-10-02,2.31864441676
2014-10-05,1.38988219724
2014-10-06,0.72648061187
2014-10-07,0.3713413069
2014-10-08,0.25876561278
2014-10-09,-0.204108381549
2014-10-12,-0.615748708628
2014-10-13,-0.909777513685
2014-10-14,-0.76247439429
2014-10-15,-0.252082508317
2014-10-16,-0.00256763435216
2014-10-19,0.0595156446432
2014-10-20,0.354804705088
2014-10-21,0.523039358027
2014-10-22,0.759742199736
2014-10-23,0.557046154558
2014-10-27,0.785040914146
2014-10-28,0.947894313853
2014-10-29,0.320556433739
2014-10-30,-0.18947834437
2014-10-31,-0.553788900163
2014-11-03,-0.581952463355
2014-11-04,-0.407804737057
2014-11-05,-0.283413503986
2014-11-06,-0.0363152603641
2014-11-07,0.363877651516
2014-11-10,0.395281672271
2014-11-11,0.493995736735
2014-11-12,0.517167059492
2014-11-13,0.654277235817
2014-11-14,1.02439502402
2014-11-17,1.17653809252
2014-11-18,1.28521171287
2014-11-19,1.04307066137
2014-11-20,0.570251675137
2014-11-21,0.0193721144089
2014-11-24,-0.190288722507
2014-11-25,-0.421579042616
2014-11-26,-0.350016912219
2014-11-27,-0.262057004989
2014-11-28,-0.362589491943
2014-12-01,-0.434398411196
2014-12-02,-0.460417705916
2014-12-03,-0.417123139502
2014-12-04,-0.302576991174
2014-12-05,-0.058746748881
2014-12-08,0.1154177099
2014-12-09,0.375865149098
2014-12-10,0.455284083495
2014-12-11,0.92000719532
2014-12-12,1.34388730901
2014-12-15,1.74656920844
2014-12-16,2.20734057602
2014-12-17,2.53646298144
2014-12-18,2.08679641624
2014-12-19,1.4254337269
2014-12-22,0.953031805944
2014-12-23,0.971914882356
2014-12-24,0.985402794079
2014-12-25,0.996513213427
2014-12-26,1.00444922725
2014-12-29,0.321577627552
2014-12-30,-0.288675260259
2014-12-31,-0.660069398795
2015-01-01,-0.92535092632
2015-01-02,-0.582262516007
2015-01-05,-0.23947915236
2015-01-06,0.0405137689033
2015-01-07,-0.327864489512
2015-01-08,-0.613710439293
2015-01-09,-0.654667778892
2015-01-12,-0.624602613406
2015-01-13,-0.787662131664
2015-01-14,-0.53919556591
2015-01-15,-0.288194057717
2015-01-16,-0.392129015117
2015-01-19,-0.296693748335
2015-01-20,-0.63494818401
2015-01-21,-0.49328391607
2015-01-22,-0.0783062123883
2015-01-23,0.218106433098
2015-01-26,0.201160307371
2015-01-27,0.315421837211
2015-01-28,0.526102338472
2015-01-29,0.37139844783
2015-01-30,0.24041645232
2015-02-02,0.308013385083
2015-02-03,0.460200680102
2015-02-04,0.611518758128
2015-02-05,0.862776018485
2015-02-06,1.15453692341
2015-02-09,1.42084704846
2015-02-10,1.76829826666
2015-02-11,2.10772932936
2015-02-12,2.36040855982
2015-02-13,2.08467305147
2015-02-16,1.88771911693
2015-02-17,1.71111090933
2015-02-18,1.70876056174
2015-02-19,1.81617794491
2015-02-20,1.97681951736
2015-02-23,2.16413987264
2015-02-24,2.13538214366
2015-02-25,1.54144488723
2015-02-26,1.19542839585
2015-02-27,1.19530686671
2015-03-02,0.803561797363
2015-03-03,0.80510175655
2015-03-04,1.20385100545
2015-03-05,1.48900740217
2015-03-06,1.88104536756
2015-03-09,2.2264957242
2015-03-10,2.55881270761
2015-03-11,2.58867314616
2015-03-12,2.52552230223
2015-03-13,2.72248966251
2015-03-16,2.86318063414
2015-03-17,2.99930778025
2015-03-18,3.06040626735
2015-03-19,3.13531844049
2015-03-20,3.20684596967
2015-03-23,2.58352783958
2015-03-24,1.49239766555
2015-03-25,0.713018969807
2015-03-26,0.464061166142
2015-03-27,0.429310498889
2015-03-29,0.591406285447
2015-03-30,0.164606005737
2015-03-31,-0.38071679005
2015-04-01,-0.78172959278
2015-04-02,-1.02925749127
2015-04-05,-0.949796691994
2015-04-06,-1.17135862901
2015-04-07,-1.12425690612
2015-04-08,-0.83569285397
2015-04-09,-0.893663425607
2015-04-12,-1.13896428201
2015-04-13,-1.33050289589
2015-04-14,-1.33194644382
2015-04-15,-1.01448706148
2015-04-16,-1.07508307068
2015-04-19,-1.1183659344
2015-04-20,-1.10344757821
2015-04-21,-0.934194911882
2015-04-22,-0.627927697159
2015-04-23,-0.279239559303
2015-04-26,0.273846801503
2015-04-27,0.741204641459
2015-04-28,0.569011103123
2015-04-29,-0.0998127609864
2015-04-30,-0.144746085008
2015-05-03,-0.360653415321
2015-05-04,-0.455047430541
2015-05-05,-0.716488703512
2015-05-06,-1.01918963538
2015-05-07,-1.02089065633
2015-05-10,-0.848993483155
2015-05-11,-1.07216346386
2015-05-12,-0.961269652134
2015-05-13,-1.03546421737
2015-05-14,-0.900362330509
2015-05-17,-0.932687671607
2015-05-18,-1.14971297504
2015-05-19,-1.33985877795
2015-05-20,-1.14254446909
2015-05-21,-1.3549291531
2015-05-24,-0.996136353889
2015-05-25,-0.60847764949
2015-05-26,-0.160030093409
2015-05-27,-0.151788100013
2015-05-28,-0.0656651171099
2015-05-31,0.115722971984
2015-06-01,-0.132457065684
2015-06-02,-0.620792209207
2015-06-03,-0.974005749315
2015-06-04,-0.8609687597
2015-06-07,-0.780228052831
2015-06-08,-1.04326577636
2015-06-09,-1.10125470672
2015-06-10,-0.880152226762
2015-06-11,-0.867345386809
2015-06-14,-0.77878772826
2015-06-15,-0.69894655402
2015-06-16,-1.03718632008
2015-06-17,-0.915566710181
2015-06-18,-1.18626074963
2015-06-21,-1.2881716497
2015-06-22,-1.22597430679
2015-06-23,-1.36143145844
2015-06-24,-1.13554187711
2015-06-25,-0.84987284291
2015-06-28,-0.397049484785
2015-06-29,-0.607927855331
2015-06-30,-0.758555262864
2015-07-01,-0.581935541197
2015-07-02,-0.671294500083
2015-07-05,-0.506934823284
2015-07-06,-0.138816547438
2015-07-07,0.355451979446
2015-07-08,0.70850092722
2015-07-09,0.416085508913
2015-07-12,-0.139361432947
2015-07-13,-0.421343892112
2015-07-14,-0.823079843141
2015-07-15,-1.11003409388
2015-07-16,-0.891934378272
2015-07-19,-0.571749483237
2015-07-20,-0.391435525962
2015-07-21,-0.0734625764265
2015-07-22,0.486791730555
2015-07-23,1.00978524257
2015-07-26,1.4825570624
2015-07-27,1.87079204221
2015-07-28,1.94912180011
2015-07-29,1.73815387766
2015-07-30,1.74351058835
2015-08-02,1.89448448286
2015-08-03,2.0600558148
2015-08-04,2.21934537011
2015-08-05,2.46794648632
2015-08-06,2.64568469919
2015-08-09,2.34410243261
2015-08-10,1.61723944573
2015-08-11,1.09805159795
2015-08-12,0.876604599615
2015-08-13,0.718428172231
2015-08-16,0.605445009813
2015-08-17,0.524742750943
2015-08-18,0.516932560616
2015-08-19,0.615913033737
2015-08-20,0.333946874754
2015-08-23,0.734067029517
2015-08-24,1.01986714006
2015-08-25,1.54135161979
2015-08-26,1.36757449651
2015-08-27,1.1964011118
2015-08-30,1.39113088856
2015-08-31,1.53022358624
2015-09-01,1.82698251398
2015-09-02,2.142732289
2015-09-03,2.15475915108
2015-09-06,2.23387491789
2015-09-07,1.86390696173
2015-09-08,1.44031006216
2015-09-09,1.45652465946
2015-09-10,1.46810651467
2015-09-13,1.47637926839
2015-09-14,0.919925571789
2015-09-15,0.522458645644
2015-09-16,0.490205996173
2015-09-17,0.555115383811
2015-09-20,0.894794246858
2015-09-21,1.13742200618
2015-09-22,1.31072754855
2015-09-23,1.71621070986
2015-09-24,0.995869210143
2015-09-27,0.324079290431
2015-09-28,-0.0594801703861
2015-09-29,-0.400543301038
2015-09-30,-0.594961618636
2015-10-01,-0.919375001726
2015-10-04,-0.890834944187
2015-10-05,-0.696914701604
2015-10-06,-0.443905312104
2015-10-07,-0.533729651147
2015-10-08,-0.305100157544
2015-10-11,-0.141793376398
2015-10-12,-0.470592282364
2015-10-13,-0.854369618582
2015-10-14,-0.94961735247
2015-10-15,-1.0176514481
2015-10-18,-1.11360061709
2015-10-19,-1.27461866382
2015-10-20,-1.06459128561
2015-10-21,-0.91457172975
2015-10-22,-1.07797916759
2015-10-26,-1.21203218033
2015-10-27,-1.30773529421
2015-10-28,-1.41275070135
2015-10-29,-1.32610072733
2015-10-30,-1.30643129841
2015-11-02,-1.29238170633
2015-11-03,-0.981794971738
2015-11-04,-0.622517943564
2015-11-05,-0.388175394211
2015-11-06,-0.451829667692
2015-11-09,-0.497297005893
2015-11-10,-0.722885419346
2015-11-11,-0.441968743929
2015-11-12,-0.762971583095
2015-11-13,-1.01362025767
2015-11-16,-1.04151801593
2015-11-17,-1.24040967888
2015-11-18,-1.27620341108
2015-11-19,-0.952158564662
2015-11-20,-0.641991714638
2015-11-23,-0.343976255044
2015-11-24,-0.212511801183
2015-11-25,-0.6388784848
2015-11-26,-0.943426115955
2015-11-27,-1.0968563064
2015-11-30,-0.552108325664
2015-12-01,-0.163002625135
2015-12-02,0.114930018099
2015-12-03,-0.319334581092
2015-12-04,-0.57597978864
2015-12-07,-0.759297794031
2015-12-08,-0.938951378028
2015-12-09,-1.16162288578
2015-12-10,-1.32067396275
2015-12-11,-0.875757941569
2015-12-14,-0.414358613053
2015-12-15,-0.195970508343
2015-12-16,0.23333023301
2015-12-17,0.145132067353
2015-12-18,0.17417455548
2015-12-21,0.544367936018
2015-12-22,0.787763378768
2015-12-23,0.920375261094
2015-12-24,0.805513274275
2015-12-25,0.512149628486
2015-12-28,0.543623250917
2015-12-29,0.183341914661
2015-12-30,0.46965758708
2015-12-31,0.674168781666
2016-01-01,0.766375238462
2016-01-04,1.13578586524
2016-01-05,1.39965059866
2016-01-06,1.58812540824
2016-01-07,1.77179695809
2016-01-08,1.69112796413
2016-01-11,1.50270143439
2016-01-12,1.39390409049
2016-01-13,0.777059197371
2016-01-14,0.420677226215
2016-01-15,0.310034210483
2016-01-18,0.23100348496
2016-01-19,-0.0670045573356
2016-01-20,0.153190959362
2016-01-21,0.587899528575
2016-01-22,0.898405649441
2016-01-25,0.932843032385
2016-01-26,0.494803978549
2016-01-27,-0.148836747633
2016-01-28,-0.19810191539
2016-01-29,-0.559689796311
2016-02-01,-0.739105953521
2016-02-02,-0.788718598652
2016-02-03,-0.698765621724
2016-02-04,-0.116968214945
2016-02-05,0.0204838827334
2016-02-08,0.118663952503
2016-02-09,0.188792573768
2016-02-10,-0.227750817767
2016-02-11,-0.537593962529
2016-02-12,-0.592120911981
2016-02-15,-0.556629574609
2016-02-16,-0.209148755333
2016-02-17,0.0788784045825
2016-02-18,0.172391380314
2016-02-19,0.450497472177
2016-02-22,-0.218498108077
2016-02-23,-0.652050050072
2016-02-24,-0.813185659235
2016-02-25,-1.02473005867
2016-02-26,-1.13493201246
2016-02-29,-1.13021642156
2016-03-01,-0.967485156027
2016-03-02,-0.926082449632
2016-03-03,-0.580409753034
2016-03-04,0.169336507142
2016-03-07,0.704869550124
2016-03-08,0.936748967673
2016-03-09,1.2689250595
2016-03-10,1.58408767095
2016-03-11,1.88992140343
2016-03-14,2.12939636283
2016-03-15,1.40534058981
2016-03-16,0.516197568122
2016-03-17,0.247119683433
2016-03-18,0.121828970739
2016-03-21,0.042426962323
2016-03-22,0.0363513122698
2016-03-23,-0.135115012837
2016-03-24,-0.534122102401
2016-03-25,-0.694473485633
2016-03-27,-0.720713348301
2016-03-28,-0.563712288638
2016-03-29,-0.434907155577
2016-03-30,-0.0500409742743
2016-03-31,0.224863440942
2016-04-03,0.443867857783
2016-04-04,-0.0753491618039
2016-04-05,-0.483856833587
2016-04-06,-0.728922051882
2016-04-07,-0.903968636378
2016-04-10,-0.445525114842
2016-04-11,0.0153121238455
2016-04-12,0.344481580051
2016-04-13,0.579602620197
2016-04-14,0.91316704331
2016-04-17,0.513590894141
2016-04-18,0.132296333962
2016-04-19,0.0522735253057
2016-04-20,0.00171621098742
2016-04-21,-0.487961821838
2016-04-24,-0.837731845285
2016-04-25,-1.06952633309
2016-04-26,-1.1336987046
2016-04-27,-0.904012501057
2016-04-28,-0.41674777303
2016-05-01,-0.00909346356105
2016-05-02,-0.493892730646
2016-05-03,-0.840177921422
2016-05-04,-0.911750865882
2016-05-05,-1.18712663541
2016-05-08,-0.764598916364
2016-05-09,-0.5434729484
2016-05-10,-0.61309348698
2016-05-11,-0.504331711159
2016-05-12,-0.326604015648
2016-05-15,-0.12089871728
2016-05-16,-0.176387931874
2016-05-17,-0.024544830574
2016-05-18,0.407042916296
2016-05-19,0.715319878346
2016-05-22,0.608433958528
2016-05-23,0.532086872944
2016-05-24,0.768050408445
2016-05-25,0.936595790946
2016-05-26,1.19926932932
2016-05-29,1.3868932853
2016-05-30,0.986516039042
2016-05-31,0.871375913229
2016-06-01,0.650459412178
2016-06-02,-0.0455350111169
2016-06-05,-0.33387074509
2016-06-06,-0.149506015075
2016-06-07,0.34560721849
2016-06-08,0.808531397956
2016-06-09,0.639021291685
2016-06-12,0.301806082662
2016-06-13,-0.324780426673
2016-06-14,-0.772342219056
2016-06-15,-0.980944586423
2016-06-16,-0.959500285362
2016-06-19,-0.654432078785
2016-06-20,-0.344490513927
2016-06-21,-0.223253962552
2016-06-22,0.0702925720454
2016-06-23,-0.384755400036
2016-06-26,-0.709789665809
2016-06-27,-0.564645407503
2016-06-28,-0.109177538268
2016-06-29,0.327225678153
2016-06-30,0.638942261311
2016-07-03,0.767137886342
2016-07-04,0.384435031189
2016-07-05,-0.231241252519
2016-07-06,-0.638431075884
2016-07-07,-0.765797419863
2016-07-10,-0.810610204457
2016-07-11,-0.73945221253
2016-07-12,-0.688625075439
2016-07-13,-0.233846987231
2016-07-14,-0.0380805732084
2016-07-17,0.0109007861379
2016-07-18,0.140589292861
2016-07-19,0.244899196498
2016-07-20,0.176146434625
2016-07-21,-0.274877629
2016-07-24,-0.446585589873
2016-07-25,-0.615748973278
2016-07-26,-0.56416249045
2016-07-27,-0.320645978184
2016-07-28,-0.400457431119
2016-07-31,-0.457465611787
2016-08-01,-0.432531356241
2016-08-02,-0.823703102513
2016-08-03,-0.429979654167
2016-08-04,0.104728580079
2016-08-07,0.583315661124
2016-08-08,1.00305829613
2016-08-09,1.36433312054
2016-08-10,1.66277951938
2016-08-11,1.50096640649
2016-08-14,0.910602922206
2016-08-15,0.508287773043
2016-08-16,0.0306541598111
2016-08-17,-0.47844446295
2016-08-18,-0.659812924394
2016-08-21,-0.997802056652
2016-08-22,-1.0176266289
2016-08-23,-1.07069519323
2016-08-24,-1.27607674949
2016-08-25,-1.139331476
2016-08-28,-1.0508673955
2016-08-29,-1.24410370737
2016-08-30,-1.38212964442
2016-08-31,-1.31732200691
2016-09-01,-1.38116820304
2016-09-04,-1.48617687289
2016-09-05,-1.31976343811
2016-09-06,-0.798788072049
2016-09-07,-0.350546775152
2016-09-08,-0.767156569957
2016-09-11,-0.827002301263
2016-09-12,-1.11379692762
2016-09-13,-1.07091349849
2016-09-14,-0.877665183902
2016-09-15,-1.04764456101
2016-09-18,-1.0886102383
2016-09-19,-1.05457158092
2016-09-20,-0.894652167252
2016-09-21,-0.438909125943
2016-09-22,-0.324825848299
2016-09-25,-0.480860441108
2016-09-26,-0.470993040623
2016-09-27,-0.570667176968
2016-09-28,-0.460643891579
2016-09-29,-0.740665729872
2016-10-02,-0.876192164454
2016-10-03,-0.746326068532
2016-10-04,-1.03420112131
2016-10-05,-1.09983103335
2016-10-06,-0.87784303254
2016-10-09,-0.719280174821
2016-10-10,-0.654853101689
2016-10-11,-0.54752792649
2016-10-12,-0.797714556682
2016-10-13,-0.495953840505
2016-10-16,-0.43365600399
2016-10-17,-0.272417470288
2016-10-18,-0.0259156144393
2016-10-19,0.28756274223
2016-10-20,0.635714087254
2016-10-23,1.01895070205
2016-10-24,1.39659033063
2016-10-25,1.66633292247
2016-10-26,1.16493883683
2016-10-27,0.353194710702
2016-10-31,-0.0616207505931
2016-11-01,-0.0646017094331
2016-11-02,0.044707112458
2016-11-03,0.227495658649
2016-11-04,0.430810233158
2016-11-07,-0.21288985176
2016-11-08,-0.672675626701
2016-11-09,-0.588244999404
2016-11-10,0.199181628174
2016-11-11,0.964596715424
2016-11-14,1.51132177775
2016-11-15,1.9018396794
2016-11-16,1.77367982833
2016-11-17,1.39013779314
2016-11-18,1.06364633354
2016-11-21,0.473632933503
2016-11-22,-0.0463503080622
2016-11-23,-0.218249231841
2016-11-24,-0.151316195977
2016-11-25,0.053397142894
2016-11-28,0.18496756568
2016-11-29,0.118599735927
2016-11-30,0.378062345813
2016-12-01,0.682325079045
2016-12-02,1.22729927662
2016-12-05,1.59458550894
2016-12-06,1.50599148591
2016-12-07,0.856298491594
2016-12-08,0.438103843046
2016-12-09,-0.0642634185024
2016-12-12,-0.560374412901
2016-12-13,-0.788481273483
2016-12-14,-0.808683758154
2016-12-15,-0.836623874693
2016-12-16,-0.898341734947
2016-12-19,-0.942425920843
2016-12-20,-1.20172617948
2016-12-21,-1.14889289681
2016-12-22,-1.01123251594
2016-12-23,-0.484726259845
2016-12-26,-0.108650362636
2016-12-27,-0.0679290579459
2016-12-28,0.0673103466903
2016-12-29,0.257530046621
2016-12-30,0.393401260858
2017-01-02,0.00139714415973
2017-01-03,-0.448477798546
2017-01-04,-0.405344641013
2017-01-05,-0.186912424016
2017-01-06,0.0625418273836
2017-01-09,-0.0658063436054
2017-01-10,0.0230344191636
2017-01-11,-0.37004832941
2017-01-12,-0.30141241658
2017-01-13,-0.588326415481
2017-01-16,-0.953430483751
2017-01-17,-1.04418926592
2017-01-18,-0.895942593867
2017-01-19,-0.889118010514
2017-01-20,-0.701490601696
2017-01-23,-0.285736005831
2017-01-24,0.0112315626448
2017-01-25,0.223351254413
2017-01-26,-0.0372964555997
2017-01-27,-0.159561568457
2017-01-30,0.0824366365661
2017-01-31,0.380569314018
2017-02-01,0.0269001063342
2017-02-02,0.0836051120506
2017-02-03,0.00708561502569
2017-02-06,-0.0475711685636
2017-02-07,-0.307308590855
2017-02-08,-0.492835321064
2017-02-09,-0.567290788276
2017-02-10,-0.507719167156
2017-02-13,-0.465168009213
2017-02-14,-0.0900514195616
2017-02-15,0.525438581222
2017-02-16,1.07552157376
2017-02-17,0.393224630353
2017-02-20,-0.0941303292207
2017-02-21,-0.44224101463
2017-02-22,-0.51651700376
2017-02-23,-0.271146993681
2017-02-24,-0.719633098617
2017-02-27,-0.949831904971
2017-02-28,-1.02729537032
2017-03-01,-1.22833066531
2017-03-02,-0.980378190825
2017-03-03,-1.18135109251
2017-03-06,-1.05309232601
2017-03-07,-1.21476882586
2017-03-08,-1.31884955889
2017-03-09,-1.05912862529
2017-03-10,-0.768816065661
2017-03-13,-0.869648045558
2017-03-14,-0.84039224012
2017-03-15,-0.688343893044
2017-03-16,-0.747880924398
2017-03-17,-0.837835295969
2017-03-20,-0.776329720539
2017-03-21,-0.486707594188
2017-03-22,-0.508117869188
2017-03-23,-0.884044174785
2017-03-24,-0.972185736508
2017-03-26,-1.13668301783
2017-03-27,-1.27455299738
2017-03-28,-1.27979008234
2017-03-29,-1.04488479423
2017-03-30,-1.08176450187
2017-04-02,-1.2026076413
2017-04-03,-1.34942382642
2017-04-04,-1.02260815793
2017-04-05,-1.17687337036
2017-04-06,-1.26147228875
2017-04-09,-1.22137112061
2017-04-10,-1.2611381071
2017-04-11,-1.28954309746
2017-04-12,-1.38209652761
2017-04-13,-1.46528822982
2017-04-16,-1.07850753675
2017-04-17,-0.630177324186
2017-04-18,-0.309941458069
2017-04-19,-0.330266847236
2017-04-20,-0.43474683673
2017-04-23,0.110934004566
2017-04-24,0.225934748265
2017-04-25,-0.115524575662
2017-04-26,-0.359424092753
2017-04-27,-0.755113706235
2017-04-30,-1.03774914444
2017-05-01,-1.05657082349
2017-05-02,-1.12620670121
2017-05-03,-1.15344789923
2017-05-04,-1.08399078479
2017-05-07,-0.96507691041
2017-05-08,-0.853712714035
2017-05-09,-1.03987340588
2017-05-10,-1.05185703396
2017-05-11,-0.689961540971
2017-05-14,-0.207510984683
2017-05-15,0.187544936044
2017-05-16,0.39368829887
2017-05-17,0.926611694886
2017-05-18,1.30727126347
2017-05-21,1.17842470646
2017-05-22,1.08639145145
2017-05-23,0.963960644123
2017-05-24,0.937855559534
2017-05-25,0.727326519317
2017-05-28,0.576948633448
2017-05-29,0.418429054175
2017-05-30,0.0780047244562
2017-05-31,-0.407923932124
2017-06-01,-0.607103595149
2017-06-04,-0.369388815796
2017-06-05,-0.145957643171
2017-06-06,-0.0736082024774
2017-06-07,0.0148276330579
2017-06-08,-0.127729079774
2017-06-11,0.0853048491213
2017-06-12,0.404764691918
2017-06-13,0.130484996091
2017-06-14,-0.0688478730534
2017-06-15,-0.0835465669357
2017-06-18,0.0930463523115
2017-06-19,0.291808016046
2017-06-20,0.510836115138
2017-06-21,0.809412548901
2017-06-22,1.02268143016
2017-06-25,0.666857542379
2017-06-26,0.0978822033096
2017-06-27,-0.308528753168
2017-06-28,-0.302827286823
2017-06-29,-0.501396542001
2017-07-02,-0.483078362836
2017-07-03,-0.469993949148
2017-07-04,-0.859203520983
2017-07-05,-1.13721035801
2017-07-06,-1.17215840098
2017-07-09,-0.888398087547
2017-07-10,-0.68571214938
2017-07-11,-0.540936479261
2017-07-12,-0.143341981985
2017-07-13,0.345532127945
2017-07-16,0.774668308067
2017-07-17,1.25694859462
2017-07-18,1.63547242612
2017-07-19,2.02323709399
2017-07-20,2.40931552195
2017-07-23,2.04381244147
2017-07-24,1.43274508801
2017-07-25,0.817320713384
2017-07-26,0.758774750812
2017-07-27,0.716956206118
2017-07-30,0.848537589121
2017-07-31,1.04005541244
2017-08-01,0.982472579598
2017-08-02,1.17220513543
2017-08-03,1.25231072329
2017-08-06,1.20889478215
2017-08-07,1.06762451063
2017-08-08,0.576970228899
2017-08-09,-0.0426626097817
2017-08-10,-0.330947966078
2017-08-13,-0.142780424473
2017-08-14,-0.00837503761225
2017-08-15,-0.413177009317
2017-08-16,-0.426602257876
2017-08-17,-0.626223462724
2017-08-20,-0.525973861195
2017-08-21,-0.725096150344
2017-08-22,-0.925558205142
2017-08-23,-0.787019864686
2017-08-24,-0.808103154832
2017-08-27,-1.0406928242
2017-08-28,-1.09846071475
2017-08-29,-1.13972349372
2017-08-30,-1.11678476794
2017-08-31,-0.835500200662
2017-09-03,-0.634582652606
2017-09-04,-0.207314056424
2017-09-05,0.154580547929
2017-09-06,0.554623639986
2017-09-07,0.931440173181
2017-09-10,1.25476821546
2017-09-11,0.783677279281
2017-09-12,0.0793120540022
2017-09-13,-0.428956626825
2017-09-14,-0.803685526928
2017-09-17,-0.931740623974
2017-09-18,-1.17103076728
2017-09-19,-1.24825887763
2017-09-20,-1.39739153771
2017-09-21,-1.35331216618
2017-09-24,-1.31532209148
2017-09-25,-0.846070264202
2017-09-26,-0.17572119499
2017-09-27,0.303099568732
2017-09-28,0.080714707363
2017-10-01,-0.0781316221866
2017-10-02,-0.553732477232
2017-10-03,-0.533335908483
2017-10-04,-0.49255030712
2017-10-05,-0.602566362595
2017-10-08,-0.79681767936
2017-10-09,-0.951364067334
2017-10-10,-0.85729133275
2017-10-11,-0.78182839065
2017-10-12,-0.927962842702
2017-10-15,-0.668789927585
2017-10-16,-0.81641382247
2017-10-17,-0.687478725317
2017-10-18,-0.595382227351
2017-10-19,-0.911443327744
2017-10-22,-0.827091760261
2017-10-23,-0.247676073887
2017-10-24,-0.0763921469931
2017-10-25,0.136797602781
2017-10-26,0.567591783524
2017-10-30,0.318331697196
2017-10-31,0.140288778391
2017-11-01,-0.134843789383
2017-11-02,-0.618605709753
2017-11-03,-0.294429280463
2017-11-06,-0.0628746881136
2017-11-07,0.018210938134
2017-11-08,-0.029655801349
2017-11-09,-0.142491384872
2017-11-10,-0.143182206152
2017-11-13,0.144299099333
2017-11-14,0.41836486109
2017-11-15,0.710986205746
2017-11-16,0.920001451929
2017-11-17,1.06929805635
2017-11-20,1.17593848807
2017-11-21,0.873751547635
2017-11-22,0.224265740732
2017-11-23,-0.250823298644
2017-11-24,-0.532272779156
2017-11-27,-0.572548761368
2017-11-28,-0.352604262347
2017-11-29,-0.180591602898
2017-11-30,0.00346739565791
2017-12-01,0.134938108912
2017-12-04,0.100834026869
2017-12-05,-0.431671061386
2017-12-06,-0.831620111651
2017-12-07,-0.264124199316
2017-12-08,0.14123002378
2017-12-11,0.430768754563
2017-12-12,0.888777735455
2017-12-13,1.00592870089
2017-12-14,1.25855009775
2017-12-15,1.43899395265
2017-12-18,0.898738243205
2017-12-19,0.51284130789
2017-12-20,-0.148622171247
2017-12-21,-0.434680485831
2017-12-22,-0.454090274831
2017-12-25,-0.363265371639
2017-12-26,-0.777498911768
2017-12-27,-0.870275448995
2017-12-28,-0.757050256913
2017-12-29,-0.676175119712
2018-01-01,-0.618407164568
2018-01-02,-0.0427036424151
2018-01-03,0.484821808768
2018-01-04,0.971652305023
2018-01-05,1.14849784445
2018-01-08,1.29052039772
2018-01-09,1.23038478435
2018-01-10,1.17494149925
2018-01-11,1.29906071272
2018-01-12,1.56906194088
2018-01-15,1.88002544446
2018-01-16,1.3465195184
2018-01-17,0.93106359153
2018-01-18,0.825347089794
2018-01-19,0.752088238064
2018-01-22,0.89438931748
2018-01-23,0.311637231067
2018-01-24,0.182392334719
2018-01-25,0.517424323825
2018-01-26,0.647678625616
2018-01-29,0.448101877745
2018-01-30,-0.0598153113494
2018-01-31,-0.400097226123
2018-02-01,-0.81452365345
2018-02-02,-0.778183013227
2018-02-05,-0.497297840391
2018-02-06,-0.060116670038
2018-02-07,0.2521555945
2018-02-08,0.670188421572
2018-02-09,1.04915578594
2018-02-12,1.15489157263
2018-02-13,1.23041713456
2018-02-14,0.469537873904
2018-02-15,0.296930843576
2018-02-16,0.0187679756789
2018-02-19,-0.179919787105
2018-02-20,-0.607381805038
2018-02-21,-0.972871792781
2018-02-22,-1.07991494411
2018-02-23,-1.19402174624
2018-02-26,-1.19588316722
2018-02-27,-1.37465393167
2018-02-28,-1.50234733485
2018-03-01,-1.33686935595
2018-03-02,-1.21867079958
2018-03-05,-1.13424325933
2018-03-06,-0.922104670178
2018-03-07,-0.622835257755
2018-03-08,-0.978385575943
2018-03-09,-1.21024114071
2018-03-12,-1.3758522584
2018-03-13,-1.4992420706
2018-03-14,-1.55978847161
