Date,kdjj
2010-01-04,0.299406751237
2010-01-05,1.19703659213
2010-01-06,1.40411401994
2010-01-07,1.53198324686
2010-01-08,1.25671893707
2010-01-11,1.04689247986
2010-01-12,1.12727921287
2010-01-13,1.43404648016
2010-01-14,1.52226978221
2010-01-15,1.53103352263
2010-01-18,1.3892116537
2010-01-19,1.46468355293
2010-01-20,1.57766601399
2010-01-21,1.58810582611
2010-01-22,1.42093984006
2010-01-25,0.632164106582
2010-01-26,0.916208989649
2010-01-27,1.03309492586
2010-01-28,1.32069568077
2010-01-29,1.51283892088
2010-02-01,1.10838575548
2010-02-02,0.3141795774
2010-02-03,0.196801785588
2010-02-04,0.697181218277
2010-02-05,0.982165466395
2010-02-08,0.875697857511
2010-02-09,0.183518374037
2010-02-10,0.0257153537611
2010-02-11,-0.00287365059494
2010-02-12,0.179497341762
2010-02-15,0.131584170715
2010-02-16,-0.211129796555
2010-02-17,-0.543675375103
2010-02-18,-0.812807938906
2010-02-19,-1.07166791014
2010-02-22,-0.66826537346
2010-02-23,-0.190074327435
2010-02-24,0.0383135259917
2010-02-25,0.692132718686
2010-02-26,0.331910711194
2010-03-01,-0.0571042717694
2010-03-02,-1.45535575432
2010-03-03,-0.756158692577
2010-03-04,-0.357347488478
2010-03-05,-0.404485768257
2010-03-08,-0.201345338343
2010-03-09,-0.186942264238
2010-03-10,-0.360292106564
2010-03-11,-0.111723290712
2010-03-12,0.045325982418
2010-03-15,0.1447326585
2010-03-16,0.329263420066
2010-03-17,0.274309434857
2010-03-18,0.517832693569
2010-03-19,1.29505466742
2010-03-22,1.49084524395
2010-03-23,1.04799016101
2010-03-24,1.12947501055
2010-03-25,1.29670792135
2010-03-26,1.63846380927
2010-03-28,1.4353581946
2010-03-29,0.959403243284
2010-03-30,0.252755070569
2010-03-31,-0.49143824464
2010-04-01,-0.700600911994
2010-04-04,-0.863287692586
2010-04-05,-0.975197548307
2010-04-06,-0.364361348242
2010-04-07,-0.0982087808082
2010-04-08,0.285100822298
2010-04-11,0.299325841008
2010-04-12,-1.00066815753
2010-04-13,-0.546330061576
2010-04-14,-0.119411393385
2010-04-15,0.27463137951
2010-04-18,0.576263809689
2010-04-19,0.486358352873
2010-04-20,0.463796758101
2010-04-21,1.24364868421
2010-04-22,1.57594737834
2010-04-25,1.01811118729
2010-04-26,1.46092078584
2010-04-27,1.3420336311
2010-04-28,0.284986489524
2010-04-29,-0.0485531986382
2010-05-02,-0.0879803856512
2010-05-03,0.431109276542
2010-05-04,1.03010660643
2010-05-05,1.41471290997
2010-05-06,1.46012728902
2010-05-09,0.440587388806
2010-05-10,-0.0647533222449
2010-05-11,-0.319467975224
2010-05-12,-0.458679057702
2010-05-13,-0.0557707280135
2010-05-16,-0.0238856808393
2010-05-17,0.173072209094
2010-05-18,0.522178113729
2010-05-19,1.22531518149
2010-05-20,0.919698928921
2010-05-23,0.957796367774
2010-05-24,0.935342021639
2010-05-25,0.830807900036
2010-05-26,-0.0975248859921
2010-05-27,-0.58384916879
2010-05-30,-0.634712479555
2010-05-31,-0.330371780219
2010-06-01,-0.192847298702
2010-06-02,-0.277376777862
2010-06-03,-0.0186787115356
2010-06-06,1.14807580787
2010-06-07,1.40410635951
2010-06-08,1.16221184941
2010-06-09,0.469361528223
2010-06-10,-0.0876591509446
2010-06-13,-0.558583263867
2010-06-14,-1.11830242575
2010-06-15,-1.0718040192
2010-06-16,-1.0250958557
2010-06-17,-1.14702502139
2010-06-20,-1.0668719324
2010-06-21,-0.894097635923
2010-06-22,0.517165831171
2010-06-23,0.654256653285
2010-06-24,0.725757674218
2010-06-27,0.877597170593
2010-06-28,1.61029546664
2010-06-29,1.39345278708
2010-06-30,1.46798713094
2010-07-01,0.747463800386
2010-07-04,0.33092117858
2010-07-05,-0.0617981149642
2010-07-06,-0.297764645261
2010-07-07,-0.223560100543
2010-07-08,-0.460006578965
2010-07-11,-0.386906520876
2010-07-12,-0.428566435733
2010-07-13,0.171949883863
2010-07-14,0.861005519398
2010-07-15,1.51831101287
2010-07-18,1.85190045393
2010-07-19,1.33964385241
2010-07-20,0.978322759076
2010-07-21,0.471451972004
2010-07-22,0.227381375175
2010-07-25,0.259880061539
2010-07-26,0.0926178608926
2010-07-27,0.0727577655271
2010-07-28,0.153587501389
2010-07-29,0.0235299214718
2010-08-01,-0.175592838686
2010-08-02,0.145081512181
2010-08-03,0.536415066578
2010-08-04,0.686343887999
2010-08-05,0.818086938208
2010-08-08,-0.879315522629
2010-08-09,-0.0223287835706
2010-08-10,0.712789921177
2010-08-11,1.18349104564
2010-08-12,1.31995246828
2010-08-15,-0.104860547492
2010-08-16,0.279005011532
2010-08-17,0.235539803126
2010-08-18,0.253497428318
2010-08-19,0.655756715452
2010-08-22,-0.84905217826
2010-08-23,0.0753452475495
2010-08-24,0.547450702822
2010-08-25,0.916365135733
2010-08-26,0.782179841508
2010-08-29,-1.15269078966
2010-08-30,-0.249731218166
2010-08-31,0.0754978309867
2010-09-01,-0.014142149882
2010-09-02,0.155711546735
2010-09-05,-1.413615512
2010-09-06,-0.687744693495
2010-09-07,-0.138713224691
2010-09-08,-0.170025092891
2010-09-09,-0.039032816587
2010-09-12,-1.50652433422
2010-09-13,-0.353572591732
2010-09-14,0.0124280196104
2010-09-15,0.901884380032
2010-09-16,1.26012755501
2010-09-19,-0.575022698468
2010-09-20,0.693701045276
2010-09-21,1.24901795758
2010-09-22,-0.324818733591
2010-09-23,0.450081348575
2010-09-26,-1.08776291704
2010-09-27,-0.21692633733
2010-09-28,0.265744341092
2010-09-29,0.402175582796
2010-09-30,0.376333238774
2010-10-03,-1.3844655262
2010-10-04,-0.298397385305
2010-10-05,-0.202654781906
2010-10-06,0.378462727979
2010-10-07,0.494015974632
2010-10-10,-0.844143731624
2010-10-11,-0.429327359943
2010-10-12,0.205319732664
2010-10-13,0.072526152798
2010-10-14,0.217764806072
2010-10-17,-1.18821299338
2010-10-18,-0.0738203230082
2010-10-19,0.994396477448
2010-10-20,1.08550045162
2010-10-21,1.55718468356
2010-10-24,0.307052050948
2010-10-25,1.05310887486
2010-10-26,1.26953187837
2010-10-27,1.68638664365
2010-10-28,1.70789607039
2010-11-01,-0.225254544731
2010-11-02,0.456619495517
2010-11-03,0.597601918913
2010-11-04,0.32214551213
2010-11-05,0.011111526387
2010-11-08,-0.0111454415004
2010-11-09,0.449081617934
2010-11-10,0.777621392242
2010-11-11,1.18997128382
2010-11-12,1.6328942651
2010-11-15,0.499986080332
2010-11-16,0.985198515553
2010-11-17,1.40365663038
2010-11-18,1.3578070301
2010-11-19,0.794842853821
2010-11-22,-0.615909556794
2010-11-23,0.0813772960896
2010-11-24,0.867899691257
2010-11-25,0.880631529042
2010-11-26,0.660023309476
2010-11-29,1.01638439376
2010-11-30,0.862512445399
2010-12-01,0.688941188332
2010-12-02,0.370667295893
2010-12-03,0.190961800068
2010-12-06,-1.4648705663
2010-12-07,-0.94226797311
2010-12-08,-0.719487825651
2010-12-09,-0.15905320118
2010-12-10,0.56784097004
2010-12-13,1.10536017466
2010-12-14,1.00302595712
2010-12-15,0.916759569226
2010-12-16,1.01303717717
2010-12-17,1.18938382659
2010-12-20,0.0615936172138
2010-12-21,0.6978072832
2010-12-22,0.770256824783
2010-12-23,0.911958717255
2010-12-24,0.717413593562
2010-12-27,0.580284142183
2010-12-28,0.372725045337
2010-12-29,0.452670473024
2010-12-30,0.202125857506
2010-12-31,-0.210465797395
2011-01-03,-1.48132019642
2011-01-04,-0.988565556762
2011-01-05,0.0186122099637
2011-01-06,0.749002051834
2011-01-07,1.40553447221
2011-01-10,0.245569945102
2011-01-11,1.09731817212
2011-01-12,0.21822274713
2011-01-13,-0.688643766841
2011-01-14,0.0879134078942
2011-01-17,-0.285421383077
2011-01-18,0.572356745153
2011-01-19,0.610356375358
2011-01-20,0.569410508592
2011-01-21,-0.690189526246
2011-01-24,-1.91437749922
2011-01-25,-0.438291712177
2011-01-26,0.230452247943
2011-01-27,-1.21723630701
2011-01-28,0.303793186722
2011-01-31,-0.527152663316
2011-02-01,0.34426222685
2011-02-02,0.74588092979
2011-02-03,0.824159324093
2011-02-04,1.03757962932
2011-02-07,-0.512302702452
2011-02-08,-1.14898958932
2011-02-09,-0.0834616060147
2011-02-10,0.395351376776
2011-02-11,0.838884517623
2011-02-14,-0.835765981658
2011-02-15,0.297948269306
2011-02-16,0.953319883498
2011-02-17,1.2694299839
2011-02-18,1.17764920503
2011-02-21,-0.786530621251
2011-02-22,0.383899089549
2011-02-23,1.1102468951
2011-02-24,1.51585682532
2011-02-25,1.32796489949
2011-02-28,1.08387249873
2011-03-01,0.889051957116
2011-03-02,0.722067256367
2011-03-03,0.493636094603
2011-03-04,0.191227326294
2011-03-07,-0.366871878606
2011-03-08,-0.273663592186
2011-03-09,-0.540152238868
2011-03-10,0.0342850565368
2011-03-11,0.664657412449
2011-03-14,0.484692585368
2011-03-15,0.562637939558
2011-03-16,0.470931298267
2011-03-17,1.33345448207
2011-03-18,1.90544912694
2011-03-21,1.04628817353
2011-03-22,0.273106016548
2011-03-23,-0.920893674247
2011-03-24,-1.17928702065
2011-03-25,-1.36246091078
2011-03-27,-2.12441570122
2011-03-28,-1.45427720946
2011-03-29,-0.444183260293
2011-03-30,-0.960751819591
2011-03-31,-0.557937475532
2011-04-03,-0.894419943726
2011-04-04,-1.32020430307
2011-04-05,-1.43963824794
2011-04-06,-1.01171358913
2011-04-07,-0.964106338735
2011-04-10,-1.46781222625
2011-04-11,-1.37412868639
2011-04-12,-0.735735910394
2011-04-13,-0.16346814919
2011-04-14,-1.25253791688
2011-04-17,-1.5456416297
2011-04-18,-0.565878537804
2011-04-19,-0.106879823261
2011-04-20,-0.529573090481
2011-04-21,-0.760941353779
2011-04-24,-1.4019601476
2011-04-25,-0.781880436916
2011-04-26,-0.943230679896
2011-04-27,-0.902086437508
2011-04-28,0.581702505037
2011-05-01,-0.289548669714
2011-05-02,0.0790958240624
2011-05-03,0.451931963663
2011-05-04,0.886356276981
2011-05-05,1.82864765586
2011-05-08,1.13378023264
2011-05-09,1.26424079576
2011-05-10,0.911239239657
2011-05-11,1.18482720576
2011-05-12,0.68421335715
2011-05-15,1.25479334158
2011-05-16,1.15503130644
2011-05-17,0.235810246649
2011-05-18,-0.662708329926
2011-05-19,-0.767487815801
2011-05-22,-1.07339384911
2011-05-23,0.543969810532
2011-05-24,0.718864103068
2011-05-25,0.685711381942
2011-05-26,0.545448941931
2011-05-29,-0.976406706958
2011-05-30,-1.26151090062
2011-05-31,-1.73991192377
2011-06-01,-1.39783355023
2011-06-02,-0.970566792185
2011-06-05,-0.945404061355
2011-06-06,-0.555467370891
2011-06-07,-0.262837725589
2011-06-08,0.563120255718
2011-06-09,1.14528212469
2011-06-12,1.75383801064
2011-06-13,1.71593744976
2011-06-14,1.1634038801
2011-06-15,1.01301981587
2011-06-16,1.29216705577
2011-06-19,0.13821322218
2011-06-20,-0.151766889231
2011-06-21,-0.833020387662
2011-06-22,-1.16765479211
2011-06-23,-1.02379834476
2011-06-26,-0.939182613806
2011-06-27,-0.472766423608
2011-06-28,-0.719459062532
2011-06-29,-0.926541962849
2011-06-30,-1.16642241709
2011-07-03,-1.87364480562
2011-07-04,-2.00072580393
2011-07-05,-1.42797076053
2011-07-06,-0.84499381635
2011-07-07,-1.17645243592
2011-07-10,-0.547865018552
2011-07-11,1.01706385263
2011-07-12,1.37477883633
2011-07-13,0.98384592038
2011-07-14,1.3417997293
2011-07-17,0.845978433943
2011-07-18,1.03974217327
2011-07-19,0.411104582344
2011-07-20,-0.162204336535
2011-07-21,-1.23895420552
2011-07-24,-1.07734719997
2011-07-25,-1.0859184813
2011-07-26,-1.51966167733
2011-07-27,-0.363386735861
2011-07-28,0.609168318094
2011-07-31,0.192539496376
2011-08-01,0.55539279801
2011-08-02,1.01638309691
2011-08-03,0.860922966675
2011-08-04,0.884911730976
2011-08-07,1.16344337602
2011-08-08,0.317207544104
2011-08-09,0.604619461525
2011-08-10,0.598986204795
2011-08-11,0.601435637301
2011-08-14,0.313979631757
2011-08-15,-0.366679534165
2011-08-16,-1.26636831756
2011-08-17,-1.90266851735
2011-08-18,-1.26045750185
2011-08-21,-1.05258264053
2011-08-22,-0.627863001254
2011-08-23,-0.382792316163
2011-08-24,0.630048107686
2011-08-25,1.21161364521
2011-08-28,0.860422228345
2011-08-29,-0.0291738151924
2011-08-30,-0.932688555396
2011-08-31,-1.64924965813
2011-09-01,-1.31210750241
2011-09-04,-0.211473270968
2011-09-05,0.764341169214
2011-09-06,1.5515965791
2011-09-07,1.68177201648
2011-09-08,1.2499651225
2011-09-11,1.19181341291
2011-09-12,1.38966624169
2011-09-13,1.29005103932
2011-09-14,1.3680855274
2011-09-15,0.973777047514
2011-09-18,-0.033419930588
2011-09-19,0.727307732829
2011-09-20,0.648777554679
2011-09-21,0.244642254661
2011-09-22,0.387437173417
2011-09-25,0.254903606708
2011-09-26,0.0995607610901
2011-09-27,-0.440596890718
2011-09-28,-0.599639165301
2011-09-29,-0.9038579873
2011-10-02,-0.753772694593
2011-10-03,-0.132527950164
2011-10-04,-0.268501355378
2011-10-05,-0.521572893366
2011-10-06,-0.671401422844
2011-10-09,-1.25436535641
2011-10-10,-1.75446037654
2011-10-11,-2.08229751167
2011-10-12,-1.63723222666
2011-10-13,-1.70843163432
2011-10-16,-1.86258656166
2011-10-17,-1.0320986539
2011-10-18,-0.151547483862
2011-10-19,0.0978634566473
2011-10-20,1.06463836921
2011-10-23,0.81871343562
2011-10-24,0.00368035949042
2011-10-25,-0.0151578649463
2011-10-26,-0.00696896717317
2011-10-27,-0.767211594117
2011-10-31,-1.29939132039
2011-11-01,-1.43071775257
2011-11-02,-0.3731807713
2011-11-03,0.0695203586548
2011-11-04,0.410068255332
2011-11-07,0.985394088168
2011-11-08,1.49241168136
2011-11-09,1.39678458998
2011-11-10,1.27756776101
2011-11-11,1.12411116082
2011-11-14,0.089566961962
2011-11-15,0.300064646903
2011-11-16,0.652026716659
2011-11-17,0.737586977227
2011-11-18,0.506501056063
2011-11-21,0.259712314983
2011-11-22,0.851692680662
2011-11-23,0.467328145007
2011-11-24,0.80234751079
2011-11-25,0.862183974192
2011-11-28,0.916969232691
2011-11-29,0.489901089688
2011-11-30,0.030985723635
2011-12-01,-1.02308732216
2011-12-02,-1.42213726352
2011-12-05,-1.6225556018
2011-12-06,-1.93020743021
2011-12-07,-1.81425685606
2011-12-08,-1.45430010748
2011-12-09,-0.395704328817
2011-12-12,-0.347368220715
2011-12-13,-0.0164139153019
2011-12-14,0.887218921548
2011-12-15,1.65673123123
2011-12-16,1.53422256852
2011-12-19,1.22927796953
2011-12-20,1.37701190754
2011-12-21,0.629210715087
2011-12-22,0.628367079549
2011-12-23,-0.118122367807
2011-12-26,-0.118309466102
2011-12-27,-0.121276177599
2011-12-28,0.0130105077703
2011-12-29,0.744314038851
2011-12-30,0.5638866984
2012-01-02,0.32393780252
2012-01-03,0.565641808308
2012-01-04,-0.460583879783
2012-01-05,-1.54176527923
2012-01-06,-1.13318521203
2012-01-09,-0.706376091941
2012-01-10,-0.331405439509
2012-01-11,-1.25899810905
2012-01-12,-1.27220064956
2012-01-13,-1.54818287132
2012-01-16,-1.29774572266
2012-01-17,-1.44135931725
2012-01-18,-1.48119131155
2012-01-19,-1.59454379651
2012-01-20,-1.97024342597
2012-01-23,-1.51222127899
2012-01-24,-1.57910916444
2012-01-25,-1.16375747537
2012-01-26,-0.245860112522
2012-01-27,4.44767006057
2012-01-30,1.37243902512
2012-01-31,0.438522093726
2012-02-01,-0.167836007832
2012-02-02,-0.903349439631
2012-02-03,-1.66622736238
2012-02-06,-1.95285969358
2012-02-07,-1.56188441626
2012-02-08,-1.17378449212
2012-02-09,-1.13816632782
2012-02-10,-1.24270569767
2012-02-13,-1.08853373944
2012-02-14,-1.06160900068
2012-02-15,-0.974276283808
2012-02-16,0.247153713423
2012-02-17,-0.185818601772
2012-02-20,-0.966869820539
2012-02-21,-0.683243493432
2012-02-22,-0.769736883239
2012-02-23,-0.834346438238
2012-02-24,-0.40218297057
2012-02-27,-0.564195016193
2012-02-28,-0.695806774663
2012-02-29,-0.848139660024
2012-03-01,0.334333323398
2012-03-02,0.627623762306
2012-03-05,1.03312908104
2012-03-06,0.995482995884
2012-03-07,1.33080234116
2012-03-08,1.47586987723
2012-03-09,1.33075972921
2012-03-12,1.14887384224
2012-03-13,1.06961383155
2012-03-14,0.836086971787
2012-03-15,0.968363028415
2012-03-16,0.929754551906
2012-03-19,0.855886639003
2012-03-20,1.06210084434
2012-03-21,0.896732467704
2012-03-22,0.888205918322
2012-03-23,0.734490553888
2012-03-25,0.202476187353
2012-03-26,0.357314869056
2012-03-27,0.66608966273
2012-03-28,0.668677512658
2012-03-29,0.513447862242
2012-04-01,0.735438677293
2012-04-02,1.27539355692
2012-04-03,0.959530533954
2012-04-04,0.700135629829
2012-04-05,0.0167864947704
2012-04-08,-0.373448531606
2012-04-09,-0.520877356528
2012-04-10,0.238859618486
2012-04-11,0.761442587429
2012-04-12,0.521872062157
2012-04-15,0.700851013618
2012-04-16,1.14628061494
2012-04-17,1.17552762339
2012-04-18,1.283362703
2012-04-19,1.36388712332
2012-04-22,1.05000878271
2012-04-23,1.13321128557
2012-04-24,1.14883406216
2012-04-25,1.08466597501
2012-04-26,1.18211401791
2012-04-29,1.10871545995
2012-04-30,1.34724141156
2012-05-01,1.27103905116
2012-05-02,1.16884947635
2012-05-03,0.624688500347
2012-05-06,0.977167882321
2012-05-07,0.671269988214
2012-05-08,0.385069318891
2012-05-09,1.00354853865
2012-05-10,0.765259298447
2012-05-13,0.705065339582
2012-05-14,1.13611923888
2012-05-15,1.37593543776
2012-05-16,1.45397792342
2012-05-17,1.30929924051
2012-05-20,1.05107718482
2012-05-21,0.847911642262
2012-05-22,1.07920485144
2012-05-23,0.173152637313
2012-05-24,-0.54881887223
2012-05-27,-1.52700445335
2012-05-28,-1.95352150931
2012-05-29,-1.88869115422
2012-05-30,-1.34935333366
2012-05-31,-0.829675508444
2012-06-03,-0.291692803842
2012-06-04,1.00912205356
2012-06-05,0.778064209587
2012-06-06,0.887785604936
2012-06-07,0.850022849974
2012-06-10,0.2175884954
2012-06-11,1.22465185681
2012-06-12,1.67141341495
2012-06-13,1.76383554663
2012-06-14,1.29208375131
2012-06-17,0.680069047285
2012-06-18,0.791369955054
2012-06-19,-0.299928650123
2012-06-20,-1.01295390015
2012-06-21,0.0695081514737
2012-06-24,0.750162013511
2012-06-25,0.870988333082
2012-06-26,1.30529749905
2012-06-27,1.15825911414
2012-06-28,1.12817534299
2012-07-01,-0.401656008415
2012-07-02,-1.59554031078
2012-07-03,-1.59041118367
2012-07-04,-1.10888710616
2012-07-05,-0.982412252727
2012-07-08,-0.682941390491
2012-07-09,-0.4255107598
2012-07-10,-0.0982911630297
2012-07-11,0.70440460944
2012-07-12,1.12995182506
2012-07-15,1.19735633918
2012-07-16,0.930438563753
2012-07-17,0.064442647678
2012-07-18,-0.603787604898
2012-07-19,-0.923572554621
2012-07-22,-0.515982728249
2012-07-23,0.326413538373
2012-07-24,1.26624477959
2012-07-25,1.0942049373
2012-07-26,0.370191247359
2012-07-29,0.0292198941977
2012-07-30,0.630010793863
2012-07-31,1.39823397781
2012-08-01,1.06169428323
2012-08-02,1.15919953335
2012-08-05,0.175205817828
2012-08-06,-0.244564878153
2012-08-07,-0.4935554093
2012-08-08,-0.865289776053
2012-08-09,-1.45657551332
2012-08-12,-1.37163629992
2012-08-13,-0.900728521352
2012-08-14,-0.307968680098
2012-08-15,0.449847773216
2012-08-16,0.22853317053
2012-08-19,0.0532511784691
2012-08-20,0.122103051292
2012-08-21,-0.118194202229
2012-08-22,0.101067483912
2012-08-23,0.736176040625
2012-08-26,1.05429409306
2012-08-27,0.85301186335
2012-08-28,1.10195168436
2012-08-29,1.35517740803
2012-08-30,1.3721900554
2012-09-02,0.52579146452
2012-09-03,-0.060073509534
2012-09-04,0.103359306907
2012-09-05,0.179453879038
2012-09-06,-0.470955630698
2012-09-09,-0.343998867791
2012-09-10,-0.507024478962
2012-09-11,-0.813286416201
2012-09-12,-0.142571812451
2012-09-13,-0.0904629417153
2012-09-16,-0.53925838334
2012-09-17,0.446668470699
2012-09-18,0.659790902418
2012-09-19,0.847273000507
2012-09-20,0.664387764075
2012-09-23,0.596512242566
2012-09-24,0.86657299092
2012-09-25,1.13351343409
2012-09-26,1.55632272852
2012-09-27,1.18852678488
2012-09-30,0.603524865896
2012-10-01,0.338697107143
2012-10-02,0.393746069816
2012-10-03,-0.106529098447
2012-10-04,-0.479544842105
2012-10-07,-2.12966382825
2012-10-08,-0.384511109348
2012-10-09,0.472652238356
2012-10-10,1.3451792307
2012-10-11,1.65822489429
2012-10-14,1.88448082214
2012-10-15,1.52987809089
2012-10-16,1.17344002854
2012-10-17,0.48418268502
2012-10-18,-0.0525796461108
2012-10-21,-0.296033209471
2012-10-22,-0.470169691111
2012-10-23,-0.352093541043
2012-10-24,-0.350234249234
2012-10-25,-0.0656096844528
2012-10-29,-0.0922071843971
2012-10-30,0.298664338313
2012-10-31,0.362010626845
2012-11-01,0.309333907192
2012-11-02,0.38693460614
2012-11-05,0.350028734224
2012-11-06,0.707263575857
2012-11-07,0.469275258977
2012-11-08,0.607121087765
2012-11-09,0.187238967464
2012-11-12,0.331038210706
2012-11-13,0.537524233696
2012-11-14,0.853222903666
2012-11-15,1.20600743091
2012-11-16,1.18362058679
2012-11-19,1.14541128576
2012-11-20,0.874465796691
2012-11-21,0.79837602227
2012-11-22,1.22241816282
2012-11-23,1.19315355387
2012-11-26,0.338087162438
2012-11-27,-0.160581087079
2012-11-28,-0.36554495143
2012-11-29,-0.145842343628
2012-11-30,0.156999824967
2012-12-03,0.941611690171
2012-12-04,0.869644366927
2012-12-05,0.790357125151
2012-12-06,-0.221430914372
2012-12-07,-1.12235081657
2012-12-10,-1.60262662838
2012-12-11,-1.54865713835
2012-12-12,-1.47454376869
2012-12-13,-1.53848461424
2012-12-14,-0.885163419434
2012-12-17,-0.445739754441
2012-12-18,0.585557375493
2012-12-19,0.723865777363
2012-12-20,0.095051112119
2012-12-21,-0.242230592626
2012-12-24,-0.956151644992
2012-12-25,-0.522387081843
2012-12-26,-0.0906410599773
2012-12-27,-0.586518862324
2012-12-28,-1.01840230616
2012-12-31,-0.955146597072
2013-01-01,-0.65454674362
2013-01-02,-0.691567004956
2013-01-03,-0.704374158124
2013-01-04,-0.527244350978
2013-01-07,-0.836559153778
2013-01-08,-0.540212261514
2013-01-09,0.3506259319
2013-01-10,1.16410423554
2013-01-11,0.485669398054
2013-01-14,0.312861683857
2013-01-15,0.407866481289
2013-01-16,-1.20806701448
2013-01-17,0.186815872705
2013-01-18,0.676748181072
2013-01-21,0.227816742702
2013-01-22,0.59144511957
2013-01-23,0.817092740277
2013-01-24,0.425466888838
2013-01-25,-0.365705353478
2013-01-28,-0.263941738763
2013-01-29,-0.902025449911
2013-01-30,-1.45195563595
2013-01-31,-1.39796374615
2013-02-01,-1.25129604657
2013-02-04,-1.26766934712
2013-02-05,-0.855033766553
2013-02-06,-1.00611726495
2013-02-07,-0.842350158393
2013-02-08,-0.509771029818
2013-02-11,-0.0463439926322
2013-02-12,0.218852496789
2013-02-13,0.234428614844
2013-02-14,-0.00313141519379
2013-02-15,-0.503849654816
2013-02-18,-0.240935530654
2013-02-19,-0.382242437019
2013-02-20,-0.268610412566
2013-02-21,0.0811752771103
2013-02-22,0.983575686749
2013-02-25,1.22772687883
2013-02-26,1.64130079583
2013-02-27,1.59194294568
2013-02-28,1.13833560545
2013-03-01,1.03624241282
2013-03-04,1.12947205451
2013-03-05,0.400068267458
2013-03-06,-0.512861754224
2013-03-07,-0.413170652915
2013-03-08,-0.879575424954
2013-03-11,-1.36649142429
2013-03-12,-0.802250106064
2013-03-13,-0.0946357724948
2013-03-14,0.577860301101
2013-03-15,1.26912399171
2013-03-18,0.847012849387
2013-03-19,0.730902096266
2013-03-20,0.643892435751
2013-03-21,0.644572672705
2013-03-22,1.09546550417
2013-03-25,1.17682124265
2013-03-26,1.12530167337
2013-03-27,1.18186307514
2013-03-28,0.990542069655
2013-03-29,1.25805442724
2013-03-31,1.33490510435
2013-04-01,1.09157769372
2013-04-02,1.08549115282
2013-04-03,1.24703869157
2013-04-04,0.789760064527
2013-04-07,-0.659762374635
2013-04-08,-1.01572431599
2013-04-09,-1.38196328915
2013-04-10,-1.52872171534
2013-04-11,-1.46915420818
2013-04-14,-1.55413087054
2013-04-15,-0.405385086307
2013-04-16,-0.134269231266
2013-04-17,0.444312014047
2013-04-18,0.102736900051
2013-04-21,0.827681482093
2013-04-22,1.47766455812
2013-04-23,1.72724821877
2013-04-24,1.44299084742
2013-04-25,0.638231682856
2013-04-28,-0.0684216400426
2013-04-29,-0.0553769817647
2013-04-30,-0.283771530666
2013-05-01,-0.361563915722
2013-05-02,-0.0560678069156
2013-05-05,0.0213025712886
2013-05-06,0.493040950205
2013-05-07,0.715091001886
2013-05-08,0.416357343208
2013-05-09,0.256511995217
2013-05-12,0.468361448789
2013-05-13,0.0653817447865
2013-05-14,0.420280009702
2013-05-15,0.693782588016
2013-05-16,0.673989149975
2013-05-19,1.0504760364
2013-05-20,1.2099917621
2013-05-21,1.12010872796
2013-05-22,1.25765708902
2013-05-23,1.12035596681
2013-05-26,1.21705450213
2013-05-27,1.00512481553
2013-05-28,0.810069855555
2013-05-29,1.26892491962
2013-05-30,0.860484911395
2013-06-02,0.275188631736
2013-06-03,0.652032868548
2013-06-04,0.818261847962
2013-06-05,0.925764922651
2013-06-06,0.92364350385
2013-06-09,0.521008845285
2013-06-10,0.00255200274758
2013-06-11,-0.232870578684
2013-06-12,0.562685385287
2013-06-13,-0.272708860505
2013-06-16,-1.3798016162
2013-06-17,-0.013136500309
2013-06-18,1.00046546256
2013-06-19,0.907958660672
2013-06-20,1.29728409843
2013-06-23,1.20596650351
2013-06-24,0.93834091036
2013-06-25,0.55807628078
2013-06-26,0.0108035420628
2013-06-27,-0.639274211229
2013-06-30,-1.22175667254
2013-07-01,-0.741110627897
2013-07-02,0.186625562701
2013-07-03,1.10701759669
2013-07-04,1.08568336213
2013-07-07,1.07604370781
2013-07-08,1.40409440149
2013-07-09,1.25888181182
2013-07-10,1.59988452659
2013-07-11,0.997698459024
2013-07-14,0.869082444819
2013-07-15,-0.62458431098
2013-07-16,-0.150782042612
2013-07-17,-0.817777300045
2013-07-18,-1.14735733469
2013-07-21,-0.416241316559
2013-07-22,-0.547697207317
2013-07-23,-1.30020044624
2013-07-24,-0.401866354478
2013-07-25,0.16225443684
2013-07-28,0.970431691663
2013-07-29,1.44187562339
2013-07-30,1.38666886915
2013-07-31,1.15660949381
2013-08-01,1.43212072006
2013-08-04,1.13027761368
2013-08-05,1.33253997908
2013-08-06,1.13598924552
2013-08-07,1.32434556606
2013-08-08,0.297627624875
2013-08-11,-0.620656567009
2013-08-12,-0.37553867265
2013-08-13,0.772310982749
2013-08-14,0.739016327547
2013-08-15,0.845238604405
2013-08-18,1.06478731928
2013-08-19,1.50825528795
2013-08-20,1.29236784248
2013-08-21,1.53916006661
2013-08-22,1.41595712548
2013-08-25,-0.153510162522
2013-08-26,-0.497711568719
2013-08-27,-0.945063330517
2013-08-28,-1.68169876289
2013-08-29,-1.69587896175
2013-09-01,-1.12234634915
2013-09-02,-0.903951912411
2013-09-03,-1.11820916892
2013-09-04,-0.998190593134
2013-09-05,-1.15894368098
2013-09-08,-1.41837742954
2013-09-09,-1.67810125508
2013-09-10,-1.65928451169
2013-09-11,-1.75913730757
2013-09-12,-1.7675486051
2013-09-15,-1.57251857796
2013-09-16,-1.39484833575
2013-09-17,-1.5929873786
2013-09-18,-1.70402482766
2013-09-19,-1.31651152914
2013-09-22,-1.19548743147
2013-09-23,-1.28319796347
2013-09-24,-1.34455816851
2013-09-25,-1.02548713672
2013-09-26,-0.680763542467
2013-09-29,-0.727468626582
2013-09-30,-0.841626948088
2013-10-01,-1.09762649482
2013-10-02,-1.46626621595
2013-10-03,-0.909739416688
2013-10-06,-0.552950542352
2013-10-07,-1.39994106112
2013-10-08,-0.887535457195
2013-10-09,-0.617383220227
2013-10-10,-0.794507189376
2013-10-13,-1.0697644129
2013-10-14,-0.837034572767
2013-10-15,-0.566348374853
2013-10-16,-0.411331999709
2013-10-17,-0.807833620659
2013-10-20,-1.5152532333
2013-10-21,-0.76485941348
2013-10-22,-0.0918914253691
2013-10-23,0.559303652759
2013-10-24,1.43885835658
2013-10-28,1.13027463125
2013-10-29,0.620507181109
2013-10-30,0.514159095352
2013-10-31,-0.0402082425608
2013-11-01,0.502696126459
2013-11-04,1.26030626133
2013-11-05,0.73006638348
2013-11-06,1.1190910566
2013-11-07,1.28071719851
2013-11-08,1.12397962477
2013-11-11,1.0733135248
2013-11-12,1.24724377737
2013-11-13,1.27377709
2013-11-14,1.2282459424
2013-11-15,0.715265459206
2013-11-18,0.367116014797
2013-11-19,-1.11469521427
2013-11-20,-1.57947250073
2013-11-21,-1.73360214058
2013-11-22,-0.847190469746
2013-11-25,-1.02315628481
2013-11-26,-0.872283685872
2013-11-27,-0.0117015998712
2013-11-28,0.962032771295
2013-11-29,1.06590911347
2013-12-02,1.07741595036
2013-12-03,1.51832319539
2013-12-04,1.68745530834
2013-12-05,1.80928723413
2013-12-06,1.07854514682
2013-12-09,-0.275167212168
2013-12-10,-1.0900630828
2013-12-11,-1.67894589603
2013-12-12,-1.06687454002
2013-12-13,-0.870356095599
2013-12-16,-0.912265565836
2013-12-17,-0.956516603038
2013-12-18,-0.925550117565
2013-12-19,-0.293365017063
2013-12-20,0.309928544515
2013-12-23,1.3498744927
2013-12-24,0.930291917055
2013-12-25,0.706181797895
2013-12-26,0.541024132231
2013-12-27,0.371522246464
2013-12-30,-0.297979147947
2013-12-31,0.0886494453185
2014-01-01,0.288497210986
2014-01-02,-0.0215454849482
2014-01-03,0.559044525566
2014-01-06,0.491469253918
2014-01-07,0.502475968167
2014-01-08,0.364194667976
2014-01-09,0.908028165307
2014-01-10,0.792532690532
2014-01-13,-0.479730683328
2014-01-14,-0.978577636639
2014-01-15,-0.997497394158
2014-01-16,-0.827755760674
2014-01-17,-0.533492603989
2014-01-20,-0.708465519051
2014-01-21,-1.00157141271
2014-01-22,-0.478549971198
2014-01-23,0.349861477384
2014-01-24,0.53276254485
2014-01-27,0.646392672122
2014-01-28,1.25730958003
2014-01-29,1.309513713
2014-01-30,1.46836805997
2014-01-31,0.898479276766
2014-02-03,0.902144566724
2014-02-04,1.18221019529
2014-02-05,-0.14151696472
2014-02-06,-0.930355727879
2014-02-07,-1.5438482091
2014-02-10,-1.91824823216
2014-02-11,-0.92900322239
2014-02-12,-0.508081770202
2014-02-13,0.27530711513
2014-02-14,-0.272914073297
2014-02-17,-0.721707406853
2014-02-18,-1.02661760826
2014-02-19,-0.983188181067
2014-02-20,-0.724170747596
2014-02-21,-0.964413291848
2014-02-24,-1.35729948465
2014-02-25,-1.5379197743
2014-02-26,-1.43678733277
2014-02-27,-1.0905476329
2014-02-28,-1.56099955262
2014-03-03,-1.38905202912
2014-03-04,-0.909823877083
2014-03-05,-0.539907743204
2014-03-06,-0.425660542782
2014-03-07,-0.256539407149
2014-03-10,0.574462917095
2014-03-11,1.16548413833
2014-03-12,1.48642000603
2014-03-13,1.32336456305
2014-03-14,1.41871520275
2014-03-17,0.70643693137
2014-03-18,0.511701959121
2014-03-19,-0.330538148579
2014-03-20,-0.22670151089
2014-03-21,-0.999297201491
2014-03-24,-1.48943217772
2014-03-25,-1.4348366427
2014-03-26,-1.40078411153
2014-03-27,-1.08129781135
2014-03-28,-1.53599383335
2014-03-30,-1.72956251535
2014-03-31,-1.47436123947
2014-04-01,-1.4399106011
2014-04-02,-1.20521229326
2014-04-03,-0.542617112857
2014-04-06,-1.01076189857
2014-04-07,-1.09486733339
2014-04-08,-1.30448661912
2014-04-09,-1.51080387873
2014-04-10,-1.09927315721
2014-04-13,-0.665666804239
2014-04-14,-0.494878852487
2014-04-15,0.146477657035
2014-04-16,1.19308297909
2014-04-17,1.32008343356
2014-04-20,1.30797599462
2014-04-21,1.23538809626
2014-04-22,1.32755152179
2014-04-23,0.27840065732
2014-04-24,-0.620327788011
2014-04-27,0.397532579399
2014-04-28,0.0192397096855
2014-04-29,0.217249303963
2014-04-30,0.0977573806053
2014-05-01,0.154132832117
2014-05-04,-0.482000711485
2014-05-05,0.374231751921
2014-05-06,0.156426451397
2014-05-07,-0.677000963901
2014-05-08,-1.09766154809
2014-05-11,-1.40872047848
2014-05-12,-1.23895418724
2014-05-13,-1.01952409509
2014-05-14,-1.10895339313
2014-05-15,-0.420348432609
2014-05-18,-0.0320527800752
2014-05-19,-0.0786448036011
2014-05-20,0.527629475398
2014-05-21,0.296050598609
2014-05-22,0.52384426877
2014-05-25,1.14767871953
2014-05-26,0.85463755833
2014-05-27,1.04309659026
2014-05-28,0.86634619569
2014-05-29,0.567825566175
2014-06-01,0.254625951226
2014-06-02,1.17453192997
2014-06-03,1.33291877833
2014-06-04,1.31587233446
2014-06-05,0.661384090423
2014-06-08,-0.150058945852
2014-06-09,-1.07969912428
2014-06-10,-1.60646347771
2014-06-11,-1.44528562076
2014-06-12,-1.40337482612
2014-06-15,-1.55868371748
2014-06-16,-1.23420131479
2014-06-17,0.695009690737
2014-06-18,-0.189934056517
2014-06-19,-0.667936267642
2014-06-22,-0.562247237157
2014-06-23,-0.998762661651
2014-06-24,-0.740992650342
2014-06-25,-1.06665483673
2014-06-26,-1.28867852148
2014-06-29,-1.29387235752
2014-06-30,-0.33105722311
2014-07-01,-0.378087561577
2014-07-02,0.484622023753
2014-07-03,0.293253056454
2014-07-06,0.273678287442
2014-07-07,0.717612459712
2014-07-08,0.406541819332
2014-07-09,0.145249412898
2014-07-10,0.240666281379
2014-07-13,0.226848392193
2014-07-14,-0.440056463023
2014-07-15,0.262399892622
2014-07-16,0.152637029147
2014-07-17,1.22110518776
2014-07-20,0.414444493011
2014-07-21,-0.175348618255
2014-07-22,-0.855961215115
2014-07-23,-0.864664317357
2014-07-24,-0.855347451181
2014-07-27,-0.639042470743
2014-07-28,-0.627002916512
2014-07-29,-0.280605300761
2014-07-30,0.186108627072
2014-07-31,0.73186876198
2014-08-03,0.73215919662
2014-08-04,0.696757444633
2014-08-05,1.0403886044
2014-08-06,0.995646868663
2014-08-07,1.3231366263
2014-08-10,1.03312751606
2014-08-11,0.454051478568
2014-08-12,0.132866494566
2014-08-13,0.120688556755
2014-08-14,-0.753118334955
2014-08-17,-1.71213770276
2014-08-18,-1.67069378999
2014-08-19,-1.67053722266
2014-08-20,-0.804866493379
2014-08-21,0.135731799649
2014-08-24,0.879338875283
2014-08-25,1.59812825781
2014-08-26,0.799639691543
2014-08-27,-0.322092619274
2014-08-28,-0.968856861502
2014-08-31,-1.33824943288
2014-09-01,-1.0397728866
2014-09-02,-0.976991597505
2014-09-03,-1.1387160872
2014-09-04,-0.992413080119
2014-09-07,-0.533068171083
2014-09-08,0.275466760862
2014-09-09,1.01068807811
2014-09-10,1.39356106782
2014-09-11,0.909318032492
2014-09-14,0.0516174382704
2014-09-15,1.00566514539
2014-09-16,1.32993190753
2014-09-17,1.42708927218
2014-09-18,1.52514281185
2014-09-21,1.2365329322
2014-09-22,1.33687540588
2014-09-23,1.52053913013
2014-09-24,0.624333360487
2014-09-25,0.912809964016
2014-09-28,0.482391179757
2014-09-29,0.596641252483
2014-09-30,0.449478516671
2014-10-01,0.959760751676
2014-10-02,1.23311798344
2014-10-05,0.665474866984
2014-10-06,-0.170462999634
2014-10-07,-1.29645004699
2014-10-08,-1.90130699351
2014-10-09,-1.74815791606
2014-10-12,-1.74922663411
2014-10-13,-1.60427736593
2014-10-14,-1.3797219203
2014-10-15,-0.185382946121
2014-10-16,0.6577857842
2014-10-19,0.400419970098
2014-10-20,0.804328735386
2014-10-21,1.18808065071
2014-10-22,1.355369846
2014-10-23,1.61605575132
2014-10-27,0.641944368835
2014-10-28,0.732643005574
2014-10-29,-0.432577694076
2014-10-30,-0.65842564225
2014-10-31,-1.62432659388
2014-11-03,-1.85846803708
2014-11-04,-0.652666981777
2014-11-05,0.0125998551709
2014-11-06,0.4593857641
2014-11-07,1.22078039
2014-11-10,1.32203996106
2014-11-11,1.3255116221
2014-11-12,1.33530949649
2014-11-13,1.36176631482
2014-11-14,0.939555022471
2014-11-17,0.903522456019
2014-11-18,1.01458296249
2014-11-19,0.230475864612
2014-11-20,-0.430790014003
2014-11-21,-0.518493517244
2014-11-24,-1.54074337598
2014-11-25,-1.36050867383
2014-11-26,-1.43846062264
2014-11-27,-1.92530487211
2014-11-28,-1.43686747492
2014-12-01,-0.967605778092
2014-12-02,0.236441461643
2014-12-03,0.960516573545
2014-12-04,0.713457328621
2014-12-05,1.24983164548
2014-12-08,1.41605984224
2014-12-09,1.58038054462
2014-12-10,1.28487234663
2014-12-11,0.82044863689
2014-12-12,1.02726208778
2014-12-15,0.826561775594
2014-12-16,0.635954416614
2014-12-17,1.03361221701
2014-12-18,0.882097104658
2014-12-19,0.0340375729749
2014-12-22,-0.416221454174
2014-12-23,-0.706422659718
2014-12-24,-0.60564132083
2014-12-25,-0.514376538713
2014-12-26,-0.371745501894
2014-12-29,-0.212541732413
2014-12-30,0.631636244113
2014-12-31,-0.327060489287
2015-01-01,-0.870747809161
2015-01-02,-1.24468806673
2015-01-05,-0.187980450907
2015-01-06,0.651382420069
2015-01-07,0.841177003586
2015-01-08,0.395527618286
2015-01-09,-0.289076551333
2015-01-12,-1.43052379111
2015-01-13,-0.800777272657
2015-01-14,-0.888409598547
2015-01-15,-1.37826696679
2015-01-16,-1.04165605036
2015-01-19,-1.19986260426
2015-01-20,-0.491157437295
2015-01-21,-0.719445047603
2015-01-22,-0.595689999989
2015-01-23,-1.04564883486
2015-01-26,-0.94362225271
2015-01-27,-0.828234822597
2015-01-28,-1.02924465673
2015-01-29,-1.02690263434
2015-01-30,-0.693969363418
2015-02-02,0.571819148955
2015-02-03,1.61902197992
2015-02-04,1.51759302998
2015-02-05,1.73917526381
2015-02-06,1.58640816964
2015-02-09,1.7393444912
2015-02-10,1.21851226039
2015-02-11,1.22445085114
2015-02-12,1.47534567733
2015-02-13,0.874097581175
2015-02-16,0.756155503221
2015-02-17,0.562985990165
2015-02-18,0.276522156239
2015-02-19,0.228878576595
2015-02-20,0.734072472095
2015-02-23,0.395278384587
2015-02-24,0.533553278249
2015-02-25,0.104913123668
2015-02-26,0.240813406084
2015-02-27,0.899472270565
2015-03-02,-0.402833194004
2015-03-03,0.226625414402
2015-03-04,0.115556709751
2015-03-05,0.737063241185
2015-03-06,0.706937527109
2015-03-09,0.970419248891
2015-03-10,1.17904262775
2015-03-11,1.0950478104
2015-03-12,1.2285902789
2015-03-13,0.836782864386
2015-03-16,1.17106354689
2015-03-17,1.23095026863
2015-03-18,1.2737327267
2015-03-19,0.702657051838
2015-03-20,1.04708655345
2015-03-23,0.502096841781
2015-03-24,-0.812860409756
2015-03-25,-1.48951145385
2015-03-26,-1.03088793529
2015-03-27,-0.945395184833
2015-03-29,-0.128551170141
2015-03-30,0.1204116036
2015-03-31,-0.198994968353
2015-04-01,-0.528934538304
2015-04-02,-1.2399336855
2015-04-05,-1.52386124341
2015-04-06,-1.61810257812
2015-04-07,-1.34201562753
2015-04-08,-1.64037354758
2015-04-09,-1.63519810939
2015-04-12,-1.18906297589
2015-04-13,-0.115300867851
2015-04-14,-0.273988340145
2015-04-15,-0.891751637206
2015-04-16,-1.32708426568
2015-04-19,-1.11456605399
2015-04-20,-1.12236289077
2015-04-21,-1.06547887501
2015-04-22,-1.10083796105
2015-04-23,-1.46806608257
2015-04-26,-1.18204865873
2015-04-27,-1.25287860661
2015-04-28,-0.979124314755
2015-04-29,-0.518454820665
2015-04-30,0.300441892507
2015-05-03,0.67010634534
2015-05-04,1.6506899264
2015-05-05,1.68924243747
2015-05-06,1.32022332994
2015-05-07,0.980380566019
2015-05-10,-0.117804336553
2015-05-11,0.510638846788
2015-05-12,0.0196789680934
2015-05-13,0.142656542077
2015-05-14,-0.688104404292
2015-05-17,-0.966049289502
2015-05-18,-0.756043216976
2015-05-19,-0.0636730916055
2015-05-20,-0.350232774705
2015-05-21,0.142393149932
2015-05-24,0.638505184466
2015-05-25,0.70198946054
2015-05-26,1.11647433531
2015-05-27,1.11846349814
2015-05-28,1.2397619457
2015-05-31,1.28915798088
2015-06-01,1.20634887956
2015-06-02,0.511433661041
2015-06-03,-0.215517256911
2015-06-04,-0.45365768525
2015-06-07,-0.796144003579
2015-06-08,-1.33635772221
2015-06-09,-1.51159340011
2015-06-10,-1.21130820713
2015-06-11,-1.39035922065
2015-06-14,-0.799880974567
2015-06-15,-0.336923126568
2015-06-16,-0.893910806604
2015-06-17,-1.30304450561
2015-06-18,-1.34477878787
2015-06-21,-0.671187821813
2015-06-22,-0.491919421444
2015-06-23,-0.363833953739
2015-06-24,0.199900605324
2015-06-25,1.15875952875
2015-06-28,1.07497893743
2015-06-29,0.774476246314
2015-06-30,0.358781045571
2015-07-01,0.813661706045
2015-07-02,-0.179680953597
2015-07-05,0.138924539104
2015-07-06,-0.0496750443723
2015-07-07,0.118855720945
2015-07-08,1.09576678192
2015-07-09,1.38229206374
2015-07-12,0.366205599136
2015-07-13,-0.573571074432
2015-07-14,-0.929483297031
2015-07-15,-1.42030816899
2015-07-16,-1.3057759569
2015-07-19,-0.492815951716
2015-07-20,0.183071184975
2015-07-21,0.154860026772
2015-07-22,0.257247719677
2015-07-23,0.758755003629
2015-07-26,1.36507288529
2015-07-27,1.45593073135
2015-07-28,1.37053975832
2015-07-29,0.934122105545
2015-07-30,1.08754761039
2015-08-02,1.22404904606
2015-08-03,1.31169423853
2015-08-04,1.28569198267
2015-08-05,0.771617006105
2015-08-06,0.994037868016
2015-08-09,1.10394913067
2015-08-10,0.178568685379
2015-08-11,-0.00704093656271
2015-08-12,-0.442751960856
2015-08-13,-0.00118287509362
2015-08-16,-0.491798320638
2015-08-17,-0.729409534531
2015-08-18,-1.01792728073
2015-08-19,-0.222393522615
2015-08-20,-0.555223406245
2015-08-23,-0.583983322692
2015-08-24,0.38764815358
2015-08-25,0.922371489718
2015-08-26,0.940486786961
2015-08-27,0.366967469197
2015-08-30,0.2186950075
2015-08-31,0.586192171763
2015-09-01,0.911382998914
2015-09-02,1.08306510065
2015-09-03,0.939905833973
2015-09-06,1.49096412938
2015-09-07,1.6957584834
2015-09-08,1.59519448537
2015-09-09,0.780608910907
2015-09-10,0.802047029689
2015-09-13,0.906422931234
2015-09-14,0.0759300529973
2015-09-15,0.361357678627
2015-09-16,-0.23864919621
2015-09-17,0.408181622572
2015-09-20,0.609157148085
2015-09-21,-1.2701724067
2015-09-22,-0.243333240908
2015-09-23,0.60188559953
2015-09-24,-0.351347586325
2015-09-27,-0.698640852187
2015-09-28,-0.0300518530001
2015-09-29,-0.139089786243
2015-09-30,-1.04030593916
2015-10-01,-1.07960085757
2015-10-04,-1.57417051159
2015-10-05,-1.5836359879
2015-10-06,-1.60861728343
2015-10-07,-1.3528020312
2015-10-08,-1.49425838525
2015-10-11,-1.62008616267
2015-10-12,-1.62364889979
2015-10-13,-0.553522128718
2015-10-14,-0.397385539393
2015-10-15,-0.484012008934
2015-10-18,1.09751624705
2015-10-19,1.4226865435
2015-10-20,1.37322553638
2015-10-21,1.62918990079
2015-10-22,1.29326127062
2015-10-26,0.537438853988
2015-10-27,0.538970801919
2015-10-28,0.163374485958
2015-10-29,-0.055274685343
2015-10-30,-1.15265703012
2015-11-02,-1.53249264223
2015-11-03,-0.83237899171
2015-11-04,-1.49734658586
2015-11-05,-1.43443961034
2015-11-06,-1.55167186545
2015-11-09,-1.74233710975
2015-11-10,-1.38934413985
2015-11-11,-1.26096549867
2015-11-12,-0.861344783554
2015-11-13,-0.597166968584
2015-11-16,0.776986957984
2015-11-17,1.17380016753
2015-11-18,1.01977635544
2015-11-19,0.208465981125
2015-11-20,-0.309273534118
2015-11-23,-1.35929009196
2015-11-24,-1.4176429109
2015-11-25,-1.88832947251
2015-11-26,-1.43098256569
2015-11-27,-0.981754345074
2015-11-30,0.0997525886196
2015-12-01,0.914764628521
2015-12-02,1.08316354333
2015-12-03,0.892096233273
2015-12-04,-0.167080169678
2015-12-07,-0.770321578253
2015-12-08,-1.15136325619
2015-12-09,-0.588091569917
2015-12-10,-1.27268834739
2015-12-11,-0.640888684248
2015-12-14,-0.371615481006
2015-12-15,0.681635585742
2015-12-16,1.04462107383
2015-12-17,1.03622223153
2015-12-18,0.805519420036
2015-12-21,1.08079731327
2015-12-22,1.4398563088
2015-12-23,1.2316926953
2015-12-24,0.342810519806
2015-12-25,-0.494915777271
2015-12-28,-1.03217515553
2015-12-29,-1.75951357012
2015-12-30,-1.93770241024
2015-12-31,-0.749559236845
2016-01-01,-0.0165592991472
2016-01-04,-0.0110330615772
2016-01-05,0.999035153352
2016-01-06,1.34689131931
2016-01-07,1.29880276351
2016-01-08,1.46286140448
2016-01-11,0.906824977092
2016-01-12,1.09213178562
2016-01-13,0.613629752782
2016-01-14,0.0621787261374
2016-01-15,-0.546002238528
2016-01-18,-0.857149293168
2016-01-19,0.252412401878
2016-01-20,0.315863531168
2016-01-21,0.422190243498
2016-01-22,1.14246851164
2016-01-25,0.65002320388
2016-01-26,0.248742115642
2016-01-27,-0.35045168638
2016-01-28,-0.0471557830364
2016-01-29,-0.457087404307
2016-02-01,-1.25974280312
2016-02-02,-1.96583533856
2016-02-03,-1.75649776632
2016-02-04,-1.64814280755
2016-02-05,-1.60059052415
2016-02-08,-1.4254732666
2016-02-09,-1.37220814047
2016-02-10,-1.37113857944
2016-02-11,-0.524868611135
2016-02-12,0.798449595041
2016-02-15,1.19326913293
2016-02-16,1.16977040199
2016-02-17,1.77378532208
2016-02-18,0.960764341876
2016-02-19,1.05975171298
2016-02-22,0.970044469464
2016-02-23,-0.63959782942
2016-02-24,-1.47497478811
2016-02-25,-1.5432964454
2016-02-26,-1.55561978065
2016-02-29,-1.28502547458
2016-03-01,-0.204909763956
2016-03-02,-0.91143239816
2016-03-03,-0.997280195551
2016-03-04,-0.72020381827
2016-03-07,-0.766064643649
2016-03-08,-0.696211897813
2016-03-09,-0.859923535863
2016-03-10,-1.39825899871
2016-03-11,-1.7475024793
2016-03-14,-2.05893525845
2016-03-15,-1.49387026297
2016-03-16,-0.0660282522637
2016-03-17,0.3863554734
2016-03-18,-0.531503856066
2016-03-21,-1.01374026803
2016-03-22,-1.33300871136
2016-03-23,-1.80391747804
2016-03-24,-1.04351770718
2016-03-25,-0.681308795307
2016-03-27,-0.44767754811
2016-03-28,0.223718001053
2016-03-29,0.027640718693
2016-03-30,-0.297322275713
2016-03-31,-0.613059575444
2016-04-03,-1.30231066846
2016-04-04,-0.674996441195
2016-04-05,0.560374175054
2016-04-06,0.597257127784
2016-04-07,1.25230144594
2016-04-10,0.322063155491
2016-04-11,-0.984132625345
2016-04-12,-1.68691940837
2016-04-13,-1.86911564805
2016-04-14,-1.94576519645
2016-04-17,-1.34327708905
2016-04-18,-0.216671310531
2016-04-19,-0.433646253924
2016-04-20,-0.208677866027
2016-04-21,-0.114300675734
2016-04-24,0.503237796682
2016-04-25,0.591735003131
2016-04-26,0.123033234379
2016-04-27,-0.416989789344
2016-04-28,-0.801811046451
2016-05-01,-1.45630149151
2016-05-02,-0.848456446488
2016-05-03,0.306549326423
2016-05-04,0.953023912644
2016-05-05,1.03619134817
2016-05-08,0.0183298838019
2016-05-09,-0.367842033441
2016-05-10,-0.992969923723
2016-05-11,-1.51970825743
2016-05-12,-1.50392282318
2016-05-15,-0.880093044441
2016-05-16,-0.92544483461
2016-05-17,-1.02532644708
2016-05-18,-0.28553154341
2016-05-19,0.505822178019
2016-05-22,0.818539024406
2016-05-23,1.05089104845
2016-05-24,0.911097330159
2016-05-25,0.87802544259
2016-05-26,0.847592677709
2016-05-29,1.2582557348
2016-05-30,0.414836421292
2016-05-31,0.236715013056
2016-06-01,0.317763998204
2016-06-02,-0.0336162350667
2016-06-05,-1.04542701428
2016-06-06,-1.50101822857
2016-06-07,-1.52622966062
2016-06-08,-1.92679004534
2016-06-09,-1.73008502395
2016-06-12,-1.40370672301
2016-06-13,-0.548438977345
2016-06-14,-0.0552253910918
2016-06-15,0.532789955106
2016-06-16,0.865592949539
2016-06-19,0.262834712453
2016-06-20,-0.38653767946
2016-06-21,-0.568916690111
2016-06-22,-1.0786094603
2016-06-23,-1.57047238328
2016-06-26,-1.34772970975
2016-06-27,-0.831716963899
2016-06-28,-0.839416343055
2016-06-29,-1.16031369548
2016-06-30,-1.63329581144
2016-07-03,-1.58935993573
2016-07-04,-0.943901558025
2016-07-05,-0.503067596124
2016-07-06,0.223905434885
2016-07-07,1.10671807508
2016-07-10,0.906959119659
2016-07-11,0.886786564697
2016-07-12,0.616875381922
2016-07-13,-0.228049965442
2016-07-14,-0.899412696153
2016-07-17,-0.728453341502
2016-07-18,-1.08214985013
2016-07-19,-1.25603432689
2016-07-20,-0.898846022781
2016-07-21,-0.20945306312
2016-07-24,-0.267135341652
2016-07-25,0.919845119271
2016-07-26,0.882491007242
2016-07-27,0.316580010274
2016-07-28,1.03068841083
2016-07-31,-0.111407306632
2016-08-01,-0.193086960406
2016-08-02,-0.454124598103
2016-08-03,-0.550011306317
2016-08-04,-1.09860722574
2016-08-07,-1.55183296625
2016-08-08,-1.39156929245
2016-08-09,-1.49834441925
2016-08-10,-1.66244330902
2016-08-11,-1.50900684595
2016-08-14,-0.688295240663
2016-08-15,0.0713558017649
2016-08-16,0.831484709317
2016-08-17,1.22975393679
2016-08-18,1.77811553835
2016-08-21,1.37024568428
2016-08-22,0.99621169864
2016-08-23,1.35185041603
2016-08-24,1.05601762501
2016-08-25,1.01789096122
2016-08-28,0.957568490673
2016-08-29,0.0172168066169
2016-08-30,-0.255699431155
2016-08-31,-0.635117667539
2016-09-01,-0.098158360089
2016-09-04,0.257289953551
2016-09-05,0.726288097461
2016-09-06,-0.633075121196
2016-09-07,-1.2293333162
2016-09-08,-0.913764493024
2016-09-11,0.159064727539
2016-09-12,0.11017255779
2016-09-13,0.822150054709
2016-09-14,1.31044625072
2016-09-15,0.947374147042
2016-09-18,0.286934812855
2016-09-19,0.019950673895
2016-09-20,-0.751332331518
2016-09-21,-1.42780786378
2016-09-22,-1.60878395025
2016-09-25,-1.27144672633
2016-09-26,-1.09200834222
2016-09-27,-0.828677234073
2016-09-28,-0.646279104597
2016-09-29,0.650250020446
2016-10-02,1.58358521218
2016-10-03,0.364168736243
2016-10-04,1.09062721782
2016-10-05,-0.212906786204
2016-10-06,-0.180313285637
2016-10-09,-0.436761154122
2016-10-10,-1.14603025647
2016-10-11,-1.71105463574
2016-10-12,-1.76761659049
2016-10-13,-1.62086998765
2016-10-16,-0.884127311758
2016-10-17,-0.197369483403
2016-10-18,-0.511042315468
2016-10-19,-0.903707484034
2016-10-20,-1.5537799196
2016-10-23,-1.13037977056
2016-10-24,-1.170710315
2016-10-25,-1.45832356142
2016-10-26,-0.893913755285
2016-10-27,0.0388892707037
2016-10-31,1.39603620433
2016-11-01,1.41888014113
2016-11-02,1.86078087626
2016-11-03,2.11666660341
2016-11-04,2.1288961705
2016-11-07,1.61830466722
2016-11-08,0.630223532663
2016-11-09,-0.97836821917
2016-11-10,-1.24925818218
2016-11-11,-0.318328520662
2016-11-14,0.144487267952
2016-11-15,0.777286694996
2016-11-16,1.09019553429
2016-11-17,1.2869575795
2016-11-18,1.20747686844
2016-11-21,0.745822334296
2016-11-22,0.411383269656
2016-11-23,-0.815520246982
2016-11-24,-0.114049610422
2016-11-25,-0.356046710365
2016-11-28,0.126697085323
2016-11-29,0.117037757482
2016-11-30,1.00740989078
2016-12-01,0.383905657734
2016-12-02,1.22838928296
2016-12-05,0.505534484619
2016-12-06,-0.73343798951
2016-12-07,-1.37180614826
2016-12-08,-1.93226632276
2016-12-09,-2.08361762378
2016-12-12,-1.91723888664
2016-12-13,-2.00982664351
2016-12-14,-1.89679679001
2016-12-15,-1.24093910215
2016-12-16,-0.714961969785
2016-12-19,0.543142068689
2016-12-20,0.519423008879
2016-12-21,0.275099732921
2016-12-22,-0.558153101833
2016-12-23,-1.09232846071
2016-12-26,-1.63937676875
2016-12-27,-1.87621444159
2016-12-28,-1.85643990833
2016-12-29,-1.41929364677
2016-12-30,-1.63779186209
2017-01-02,-1.6742794849
2017-01-03,-0.877151546764
2017-01-04,0.0198182374174
2017-01-05,-0.715036032818
2017-01-06,-1.29667908739
2017-01-09,-0.977028624948
2017-01-10,-1.24838671657
2017-01-11,-1.40252874386
2017-01-12,-1.04962962674
2017-01-13,-1.053371106
2017-01-16,-0.91833564068
2017-01-17,0.982822239826
2017-01-18,0.94391283159
2017-01-19,1.45633181133
2017-01-20,0.577766089891
2017-01-23,-1.4672662024
2017-01-24,-1.88825503181
2017-01-25,-1.82979998778
2017-01-26,-1.59108829037
2017-01-27,-1.14070385418
2017-01-30,-1.9426188256
2017-01-31,-1.71518219823
2017-02-01,-0.729188424533
2017-02-02,-0.772391903022
2017-02-03,-0.956238854306
2017-02-06,-1.14823313167
2017-02-07,-1.42296004027
2017-02-08,-1.41588494263
2017-02-09,-1.29004431238
2017-02-10,-0.619037505515
2017-02-13,-1.30255158222
2017-02-14,-0.662107931694
2017-02-15,-0.679563020991
2017-02-16,-1.05947287117
2017-02-17,-0.370426081554
2017-02-20,0.254309092192
2017-02-21,0.234565257702
2017-02-22,0.429779324661
2017-02-23,-0.378100010849
2017-02-24,-0.816994322992
2017-02-27,0.259698157733
2017-02-28,1.17808243617
2017-03-01,1.48336445986
2017-03-02,0.630846536492
2017-03-03,1.39166068122
2017-03-06,0.894165976239
2017-03-07,1.02940983515
2017-03-08,0.504237588421
2017-03-09,0.708082727216
2017-03-10,1.32012455167
2017-03-13,0.631591571307
2017-03-14,0.383731532216
2017-03-15,0.398100385616
2017-03-16,-1.07074114845
2017-03-17,-1.29345722481
2017-03-20,-1.94806384451
2017-03-21,-2.05132539148
2017-03-22,-1.73490781032
2017-03-23,-1.47936415127
2017-03-24,-0.203063206091
2017-03-26,-0.15519650438
2017-03-27,0.666106711746
2017-03-28,1.40404652481
2017-03-29,1.25765420816
2017-03-30,1.2323502549
2017-04-02,0.413465268748
2017-04-03,-0.241265265421
2017-04-04,-0.996551647285
2017-04-05,-0.735017420693
2017-04-06,-0.0172021829257
2017-04-09,0.431949429172
2017-04-10,0.318294533659
2017-04-11,0.37104777262
2017-04-12,0.407292437874
2017-04-13,1.0185013438
2017-04-16,1.33942251041
2017-04-17,0.936249123984
2017-04-18,-0.159102677405
2017-04-19,0.817695033944
2017-04-20,1.19737073372
2017-04-23,1.36388538754
2017-04-24,0.576156889345
2017-04-25,0.286709732545
2017-04-26,0.705306864442
2017-04-27,0.804588181799
2017-04-30,0.749363333415
2017-05-01,0.696627161806
2017-05-02,0.175065302776
2017-05-03,0.16094070046
2017-05-04,0.473226733442
2017-05-07,0.2326535996
2017-05-08,0.708490550546
2017-05-09,0.603909801086
2017-05-10,-0.0147467331869
2017-05-11,-0.889700092866
2017-05-14,0.129413505738
2017-05-15,-0.963953623863
2017-05-16,-1.77516661095
2017-05-17,-1.91788993883
2017-05-18,0.00907675497825
2017-05-21,0.0423684097594
2017-05-22,0.140917215346
2017-05-23,0.198831956473
2017-05-24,0.255633566586
2017-05-25,0.260619919772
2017-05-28,-0.560287857738
2017-05-29,-0.494779758509
2017-05-30,-1.12856668559
2017-05-31,-1.7186330551
2017-06-01,-1.05749429006
2017-06-04,-0.713521914522
2017-06-05,0.888050406997
2017-06-06,1.00611487619
2017-06-07,0.726982358365
2017-06-08,0.294494399852
2017-06-11,-2.43096109645
2017-06-12,-0.32034921317
2017-06-13,0.683544471603
2017-06-14,-0.118554752958
2017-06-15,-0.784587521624
2017-06-18,-0.5980689683
2017-06-19,-0.741264499859
2017-06-20,0.702492418997
2017-06-21,1.22934049665
2017-06-22,1.66177631746
2017-06-25,1.87793731601
2017-06-26,0.281901783237
2017-06-27,0.0480197351093
2017-06-28,-1.26252899243
2017-06-29,-1.02924870516
2017-07-02,-5.40299030964
2017-07-03,-2.97886769317
2017-07-04,-1.28268517673
2017-07-05,-1.2212952833
2017-07-06,-0.585312552656
2017-07-09,-4.28885222642
2017-07-10,-3.19142884505
2017-07-11,-1.70200429076
2017-07-12,-1.63055278961
2017-07-13,-1.26727544451
2017-07-16,-1.53474292663
2017-07-17,-1.27696505541
2017-07-18,-1.52495755756
2017-07-19,-1.41971685901
2017-07-20,-1.3068314215
2017-07-23,-0.294361444166
2017-07-24,-0.118258041397
2017-07-25,0.575806890212
2017-07-26,0.3759087811
2017-07-27,0.71116379835
2017-07-30,1.81612039094
2017-07-31,0.595621938246
2017-08-01,-0.168661090379
2017-08-02,-0.850464966439
2017-08-03,-1.19422773288
2017-08-06,-0.765886166826
2017-08-07,-0.430117042636
2017-08-08,-0.168516284129
2017-08-09,0.932241283911
2017-08-10,1.65502486835
2017-08-13,1.41820747443
2017-08-14,1.4615258174
2017-08-15,0.878540115379
2017-08-16,0.0755470935773
2017-08-17,0.15769936893
2017-08-20,0.313323121606
2017-08-21,-0.168114455257
2017-08-22,-0.481443003365
2017-08-23,-1.35004379027
2017-08-24,-1.47613794525
2017-08-27,-0.423737697966
2017-08-28,0.546080231996
2017-08-29,0.857576968273
2017-08-30,0.63968345131
2017-08-31,0.0540595788983
2017-09-03,1.34829639044
2017-09-04,0.303216213248
2017-09-05,-1.05819239526
2017-09-06,-1.90032709767
2017-09-07,-1.98161700642
2017-09-10,0.507765730961
2017-09-11,-0.441205064135
2017-09-12,0.0945613777182
2017-09-13,0.816955332391
2017-09-14,0.606899132568
2017-09-17,0.132247961459
2017-09-18,0.884964163729
2017-09-19,1.15430236659
2017-09-20,1.16292602718
2017-09-21,1.26392422424
2017-09-24,0.124599991767
2017-09-25,0.556380620791
2017-09-26,0.367730620433
2017-09-27,1.06167589028
2017-09-28,1.0188164078
2017-10-01,0.41337630868
2017-10-02,-0.229953091726
2017-10-03,-0.918444194713
2017-10-04,-1.46128330072
2017-10-05,-1.09984439306
2017-10-08,-0.761671879748
2017-10-09,0.567853591109
2017-10-10,1.10312781479
2017-10-11,1.04507746191
2017-10-12,0.946555541225
2017-10-15,-0.00905687941652
2017-10-16,0.43168937
2017-10-17,0.0439284127102
2017-10-18,0.418506968023
2017-10-19,0.191478434005
2017-10-22,0.480391306223
2017-10-23,0.785688506484
2017-10-24,1.08173762898
2017-10-25,0.984536723406
2017-10-26,1.34612609388
2017-10-30,0.630576278869
2017-10-31,1.12747130969
2017-11-01,1.01526789395
2017-11-02,0.745627345197
2017-11-03,-0.160992273485
2017-11-06,0.0321574906542
2017-11-07,-1.09252761542
2017-11-08,-1.07522895078
2017-11-09,-1.49329462779
2017-11-10,-1.8383088774
2017-11-13,-1.18563749651
2017-11-14,-0.826103136677
2017-11-15,0.361011406178
2017-11-16,-1.11274618188
2017-11-17,-1.84686661525
2017-11-20,-1.57623234631
2017-11-21,-1.41563097394
2017-11-22,-1.05011717558
2017-11-23,-1.6275303808
2017-11-24,-1.90964599395
2017-11-27,-1.54135538259
2017-11-28,-0.955331584614
2017-11-29,-1.24458175645
2017-11-30,-0.372804931659
2017-12-01,0.847936861974
2017-12-04,0.980108100889
2017-12-05,0.523404178287
2017-12-06,0.171619486192
2017-12-07,-0.485321704977
2017-12-08,0.368093836102
2017-12-11,0.794365593143
2017-12-12,0.970016038597
2017-12-13,1.01172734184
2017-12-14,0.893823249529
2017-12-15,1.46128280382
2017-12-18,0.65025754449
2017-12-19,0.13364811645
2017-12-20,-0.545660506277
2017-12-21,-0.619502200298
2017-12-22,-0.314195635435
2017-12-25,0.78749390126
2017-12-26,1.25565406634
2017-12-27,0.749688696359
2017-12-28,0.580903559218
2017-12-29,0.518912797362
2018-01-01,0.369092035175
2018-01-02,0.38827422479
2018-01-03,-0.888519542591
2018-01-04,-1.63335726024
2018-01-05,-1.993660572
2018-01-08,-2.21921642895
2018-01-09,-1.91640492248
2018-01-10,-1.46386856755
2018-01-11,-1.74920327076
2018-01-12,-1.6499059036
2018-01-15,-1.22570088723
2018-01-16,-0.491737235564
2018-01-17,0.178753357192
2018-01-18,0.458983046914
2018-01-19,-0.0200390267171
2018-01-22,-0.641644618015
2018-01-23,-0.541047095223
2018-01-24,0.947282862869
2018-01-25,-0.298608443871
2018-01-26,-0.90721090453
2018-01-29,-1.10823319588
2018-01-30,-1.12605206331
2018-01-31,-0.535428010474
2018-02-01,-0.117074815678
2018-02-02,-0.386417109299
2018-02-05,0.491879418231
2018-02-06,1.28504973092
2018-02-07,1.1142242707
2018-02-08,1.36911738966
2018-02-09,1.44724619558
2018-02-12,1.53449353929
2018-02-13,1.55678934812
2018-02-14,1.52944999106
2018-02-15,-0.321990706054
2018-02-16,-1.00554544547
2018-02-19,-1.24914681026
2018-02-20,-1.19517012288
2018-02-21,-0.635266201917
2018-02-22,0.117950998237
2018-02-23,0.042469645902
2018-02-26,-0.279343660009
2018-02-27,-0.528846102615
2018-02-28,-0.125890910979
2018-03-01,-0.190906583757
2018-03-02,0.0448860397132
2018-03-05,0.138223237285
2018-03-06,-0.148858167795
2018-03-07,-1.39024792815
2018-03-08,-0.5474844381
2018-03-09,0.852500635052
2018-03-12,1.11863662549
2018-03-13,1.37516893148
2018-03-14,1.13650681411
