Date,pdi
2010-01-04,
2010-01-05,-1.83323140389
2010-01-06,-1.83323140389
2010-01-07,-1.27060729574
2010-01-08,-1.31077718473
2010-01-11,-1.42529046343
2010-01-12,-1.05049935061
2010-01-13,-1.09030303235
2010-01-14,-0.54667747557
2010-01-15,-0.761981649999
2010-01-18,-0.829446613805
2010-01-19,-1.01119174498
2010-01-20,-0.838156588821
2010-01-21,-0.66388488967
2010-01-22,-0.204929377568
2010-01-25,-0.429618389142
2010-01-26,-0.0380615271655
2010-01-27,-0.340477099933
2010-01-28,-0.442782506869
2010-01-29,-0.580138783072
2010-02-01,-0.275201199168
2010-02-02,-0.474379177101
2010-02-03,-0.673785894286
2010-02-04,0.0519440981274
2010-02-05,-0.197653245453
2010-02-08,-0.397118362361
2010-02-09,-0.573180971889
2010-02-10,-0.739853199104
2010-02-11,-0.869755667858
2010-02-12,-0.782188779448
2010-02-15,-0.904788293633
2010-02-16,-1.01856671416
2010-02-17,-1.13007857623
2010-02-18,-1.21939399072
2010-02-19,-1.29681258071
2010-02-22,-1.36950010239
2010-02-23,-1.17459123323
2010-02-24,-1.1824928964
2010-02-25,-0.953028982503
2010-02-26,-1.07154695194
2010-03-01,-1.1745795188
2010-03-02,-1.26586350908
2010-03-03,-1.3396814691
2010-03-04,-1.40092920934
2010-03-05,-1.45399099547
2010-03-08,-1.50480808952
2010-03-09,-1.32298295918
2010-03-10,-1.38910033761
2010-03-11,-1.44565752519
2010-03-12,-1.49563595023
2010-03-15,-1.53834676729
2010-03-16,-1.56875633194
2010-03-17,-1.60153125102
2010-03-18,-1.11615902824
2010-03-19,-0.954024791861
2010-03-22,-0.835630173352
2010-03-23,-0.972114523219
2010-03-24,-1.09375997648
2010-03-25,-0.973528283615
2010-03-26,-0.615917349948
2010-03-28,-0.767130856841
2010-03-29,-0.91491424125
2010-03-30,-1.03317069762
2010-03-31,-1.13264048509
2010-04-01,-1.21806380619
2010-04-04,-1.29322527066
2010-04-05,-1.36481743491
2010-04-06,-1.1999650442
2010-04-07,-1.0537848143
2010-04-08,-1.14841722857
2010-04-11,-1.23838016667
2010-04-12,-1.31947460469
2010-04-13,-1.38241578528
2010-04-14,-1.44165292861
2010-04-15,-1.25539013161
2010-04-18,-1.21210684959
2010-04-19,-1.29348396985
2010-04-20,-1.36121363591
2010-04-21,-1.08164672511
2010-04-22,-1.17543641799
2010-04-25,-1.26331058194
2010-04-26,-1.06370391788
2010-04-27,-1.06645365285
2010-04-28,-1.16784617472
2010-04-29,-1.2529621425
2010-05-02,-1.17879689492
2010-05-03,-0.771089346652
2010-05-04,-0.235190514209
2010-05-05,0.643681542443
2010-05-06,0.868717318622
2010-05-09,0.476674188805
2010-05-10,0.161544037513
2010-05-11,-0.0718732295162
2010-05-12,-0.279921798613
2010-05-13,0.429957586751
2010-05-16,0.195811199064
2010-05-17,-0.0784870776812
2010-05-18,0.469104511488
2010-05-19,0.823632489019
2010-05-20,0.583599326701
2010-05-23,0.272401159039
2010-05-24,0.837557985659
2010-05-25,0.471100171989
2010-05-26,0.345187358989
2010-05-27,0.07058405315
2010-05-30,-0.205949524127
2010-05-31,0.0524269775474
2010-06-01,-0.164851881059
2010-06-02,-0.385028262338
2010-06-03,0.0248078042656
2010-06-06,0.380084215152
2010-06-07,0.182319144314
2010-06-08,-0.0737985218676
2010-06-09,-0.282261783984
2010-06-10,-0.488931670593
2010-06-13,-0.660373860449
2010-06-14,-0.741281242358
2010-06-15,-0.888063705041
2010-06-16,-1.00594732179
2010-06-17,-1.11230054388
2010-06-20,-1.20243835349
2010-06-21,-1.24375913028
2010-06-22,-0.561268233499
2010-06-23,-0.738019946637
2010-06-24,-0.885151632024
2010-06-27,-1.00914865605
2010-06-28,-0.590236498005
2010-06-29,-0.712943655344
2010-06-30,-0.811678744556
2010-07-01,-0.950801299297
2010-07-04,-1.06565200401
2010-07-05,-1.1550814219
2010-07-06,-1.0675969166
2010-07-07,-1.17019825394
2010-07-08,-1.25783464432
2010-07-11,-1.33341893269
2010-07-12,-1.39654449004
2010-07-13,-1.45925055487
2010-07-14,-1.29600148303
2010-07-15,-1.1528198222
2010-07-18,-1.19285338436
2010-07-19,-1.03287911015
2010-07-20,-1.13591935961
2010-07-21,-1.14940697741
2010-07-22,-1.24078562489
2010-07-25,-1.16311909264
2010-07-26,-1.25207448617
2010-07-27,-1.30359732262
2010-07-28,-1.36060418657
2010-07-29,-1.42434882036
2010-08-01,-1.47840181557
2010-08-02,-1.37672970245
2010-08-03,-1.43479334382
2010-08-04,-1.48707189666
2010-08-05,-1.46622456669
2010-08-08,-1.51321927656
2010-08-09,-1.55897782715
2010-08-10,-1.37059808703
2010-08-11,-1.28369244493
2010-08-12,-1.35488616576
2010-08-15,-1.41428999951
2010-08-16,-1.46746198983
2010-08-17,-1.51503871961
2010-08-18,-1.32364345869
2010-08-19,-1.36714218185
2010-08-22,-1.4284132365
2010-08-23,-1.0725359831
2010-08-24,-1.16978801265
2010-08-25,-1.2532628041
2010-08-26,-1.32916391291
2010-08-29,-1.3977300256
2010-08-30,-1.26340388416
2010-08-31,-1.33724280876
2010-09-01,-1.40331180993
2010-09-02,-1.46496031624
2010-09-05,-1.33816899362
2010-09-06,-1.40306442118
2010-09-07,-1.44447461493
2010-09-08,-1.49584872713
2010-09-09,-1.53874739002
2010-09-12,-1.57684756855
2010-09-13,-1.61055450128
2010-09-14,-1.49613114029
2010-09-15,-1.47261118481
2010-09-16,-1.52297669825
2010-09-19,-1.4077890057
2010-09-20,-1.18378054969
2010-09-21,-1.27743950854
2010-09-22,-1.3417115985
2010-09-23,-1.40306487744
2010-09-26,-1.46130857238
2010-09-27,-1.50927524607
2010-09-28,-1.55166384384
2010-09-29,-1.59032722848
2010-09-30,-1.62558840681
2010-10-03,-1.54322337659
2010-10-04,-1.41475111846
2010-10-05,-1.48262965941
2010-10-06,-1.49140923336
2010-10-07,-1.38196489011
2010-10-10,-1.44387223129
2010-10-11,-1.39615779558
2010-10-12,-1.45628821596
2010-10-13,-1.51029261697
2010-10-14,-1.53693521424
2010-10-17,-1.29546826422
2010-10-18,-0.857607221273
2010-10-19,-0.974632898501
2010-10-20,-0.741898729032
2010-10-21,-0.799847279096
2010-10-24,-0.744319517394
2010-10-25,-0.893338845582
2010-10-26,-0.815522358606
2010-10-27,-0.870679746382
2010-10-28,-1.0050524604
2010-11-01,-1.11837113755
2010-11-02,-1.21091023956
2010-11-03,-1.28818372967
2010-11-04,-1.36246227244
2010-11-05,-1.43038771408
2010-11-08,-1.09709890559
2010-11-09,-1.15211104295
2010-11-10,-0.913517039669
2010-11-11,-0.918302263169
2010-11-12,-0.998651470257
2010-11-15,-1.09571943736
2010-11-16,-0.984484620601
2010-11-17,-0.884628281838
2010-11-18,-1.01434128399
2010-11-19,-1.12963455227
2010-11-22,-1.21681589586
2010-11-23,-0.941641203709
2010-11-24,-1.05010509053
2010-11-25,-1.1580216393
2010-11-26,-0.956068424786
2010-11-29,-1.06899505463
2010-11-30,-1.17348650961
2010-12-01,-1.25776632369
2010-12-02,-1.33525764028
2010-12-03,-1.40263645946
2010-12-06,-1.46395787599
2010-12-07,-1.51084658999
2010-12-08,-1.26214166626
2010-12-09,-1.05983734359
2010-12-10,-0.81297572382
2010-12-13,-0.939573813234
2010-12-14,-1.06211474525
2010-12-15,-1.10068561159
2010-12-16,-0.979675807718
2010-12-17,-1.09485338053
2010-12-20,-1.18293283615
2010-12-21,-1.26328606033
2010-12-22,-1.34341621028
2010-12-23,-1.39305939765
2010-12-24,-1.45076435561
2010-12-27,-0.554637780011
2010-12-28,-0.724614288271
2010-12-29,-0.779979025642
2010-12-30,-0.930217467435
2010-12-31,-1.0514688585
2011-01-03,-0.219950513595
2011-01-04,-0.458855907952
2011-01-05,-0.591432058454
2011-01-06,-0.251694460072
2011-01-07,-0.450731601224
2011-01-10,-0.487172650633
2011-01-11,-0.661705108258
2011-01-12,-0.816602845739
2011-01-13,-0.943561156046
2011-01-14,-0.69988162246
2011-01-17,-0.840321989006
2011-01-18,-0.962929874727
2011-01-19,-1.08141097068
2011-01-20,-1.1779788909
2011-01-21,-1.26146452548
2011-01-24,-1.2434837329
2011-01-25,-1.32091809116
2011-01-26,-1.38596033071
2011-01-27,-1.44602687693
2011-01-28,-1.29735899113
2011-01-31,-1.29165899816
2011-02-01,-1.36003406237
2011-02-02,-1.42366975325
2011-02-03,-1.35550226548
2011-02-04,-1.30857522732
2011-02-07,-1.27963505773
2011-02-08,-1.35207758122
2011-02-09,-1.41540067118
2011-02-10,-1.32607490877
2011-02-11,-1.34373734735
2011-02-14,-1.40841001582
2011-02-15,-1.46340482141
2011-02-16,-1.45969526706
2011-02-17,-1.39088007581
2011-02-18,-1.45371373455
2011-02-21,-1.50684558966
2011-02-22,-1.55038345214
2011-02-23,-1.58900775366
2011-02-24,-1.58938314916
2011-02-25,-1.60855325569
2011-02-28,-1.62624373395
2011-03-01,-1.63235309561
2011-03-02,-1.6344238027
2011-03-03,-1.65009372756
2011-03-04,-1.6668725891
2011-03-07,-1.47885031949
2011-03-08,-1.51223424229
2011-03-09,-1.5419695113
2011-03-10,-1.21858982092
2011-03-11,-1.08949918761
2011-03-14,-1.02906561513
2011-03-15,-0.627585036212
2011-03-16,-0.741119513685
2011-03-17,-0.478746042372
2011-03-18,-0.397406740874
2011-03-21,-0.588731059172
2011-03-22,-0.689132113477
2011-03-23,-0.797155899721
2011-03-24,-0.891091543589
2011-03-25,-0.985511908326
2011-03-27,-0.828602306642
2011-03-28,-0.935677152541
2011-03-29,-1.10580407085
2011-03-30,-1.23920158991
2011-03-31,-1.33786591541
2011-04-03,-1.40806059097
2011-04-04,-1.44775018114
2011-04-05,-1.48540315879
2011-04-06,-1.53381378426
2011-04-07,-1.59653740313
2011-04-10,-1.63202130391
2011-04-11,-1.08556395531
2011-04-12,-0.846348826329
2011-04-13,-0.952182228959
2011-04-14,-1.06965545228
2011-04-17,-1.17146557916
2011-04-18,-1.24885199728
2011-04-19,-1.34244668008
2011-04-20,-1.40441160042
2011-04-21,-1.44534277867
2011-04-24,-1.48308810407
2011-04-25,-0.970692348296
2011-04-26,-1.09135136979
2011-04-27,0.325977852116
2011-04-28,0.0658734563375
2011-05-01,-0.191690121483
2011-05-02,0.76138493683
2011-05-03,1.12306068958
2011-05-04,1.59112483534
2011-05-05,1.15442940066
2011-05-08,1.14691163239
2011-05-09,0.834572887049
2011-05-10,0.813577421391
2011-05-11,1.14334724687
2011-05-12,1.3358546871
2011-05-15,0.940673974855
2011-05-16,0.709697197191
2011-05-17,0.362903043751
2011-05-18,0.106680288653
2011-05-19,0.0817019222592
2011-05-22,0.986322843583
2011-05-23,0.603789084537
2011-05-24,0.291404236333
2011-05-25,0.0681423820646
2011-05-26,-0.262824445058
2011-05-29,-0.531692698799
2011-05-30,-0.692908272088
2011-05-31,-0.85071913879
2011-06-01,-0.498895533601
2011-06-02,-0.78973324801
2011-06-05,-0.887964937302
2011-06-06,-1.02099120067
2011-06-07,-0.448892989505
2011-06-08,-0.440166997645
2011-06-09,-0.0194163276758
2011-06-12,-0.221646276331
2011-06-13,-0.427924589679
2011-06-14,-0.34651447599
2011-06-15,0.68411549269
2011-06-16,0.431999702142
2011-06-19,0.52722064901
2011-06-20,0.25033042311
2011-06-21,0.0209783101767
2011-06-22,0.13045642397
2011-06-23,0.359504235478
2011-06-26,0.654929955399
2011-06-27,0.33070269329
2011-06-28,-0.0668013106964
2011-06-29,-0.337868493615
2011-06-30,-0.552107592242
2011-07-03,-0.685459120185
2011-07-04,-0.364227644234
2011-07-05,-0.0233850685279
2011-07-06,-0.251157282813
2011-07-07,-0.482485056374
2011-07-10,0.522413585135
2011-07-11,0.241928237683
2011-07-12,-0.0126474158692
2011-07-13,-0.200095058099
2011-07-14,-0.0557564583794
2011-07-17,0.183243262922
2011-07-18,-0.0160549338714
2011-07-19,-0.235164228669
2011-07-20,-0.434641277598
2011-07-21,-0.607780428282
2011-07-24,-0.779725342257
2011-07-25,-0.968468150913
2011-07-26,0.717074527417
2011-07-27,0.249941122729
2011-07-28,-0.0606123125185
2011-07-31,-0.298500823225
2011-08-01,0.245998121133
2011-08-02,0.0461214539403
2011-08-03,0.682784838846
2011-08-04,1.20566925958
2011-08-07,1.22430330898
2011-08-08,3.34343756115
2011-08-09,2.45110049402
2011-08-10,2.46624133916
2011-08-11,1.94342516916
2011-08-14,1.36687259194
2011-08-15,0.841143168253
2011-08-16,0.563700870648
2011-08-17,1.3481149615
2011-08-18,0.961284515082
2011-08-21,0.912370922089
2011-08-22,0.657172923142
2011-08-23,0.414863958236
2011-08-24,0.887930426611
2011-08-25,0.598176200612
2011-08-28,0.311097911035
2011-08-29,0.0498789699308
2011-08-30,0.0917923935003
2011-08-31,0.395687613013
2011-09-01,1.54758792986
2011-09-04,1.68429702606
2011-09-05,1.6201192621
2011-09-06,1.32938142913
2011-09-07,1.01205214445
2011-09-08,1.88121614295
2011-09-11,2.18567086326
2011-09-12,2.40694363652
2011-09-13,2.68292315491
2011-09-14,2.19376992106
2011-09-15,2.26972088578
2011-09-18,4.29087590567
2011-09-19,3.06416562129
2011-09-20,3.71459794396
2011-09-21,5.15713664369
2011-09-22,3.89621559922
2011-09-25,3.00819781107
2011-09-26,2.28294802242
2011-09-27,1.74381133138
2011-09-28,1.87430634812
2011-09-29,2.11984403288
2011-10-02,2.30839373935
2011-10-03,1.96983712886
2011-10-04,1.42111387325
2011-10-05,0.985933117362
2011-10-06,0.508009918218
2011-10-09,0.144998280735
2011-10-10,0.121260210816
2011-10-11,-0.0791927012278
2011-10-12,-0.274708049012
2011-10-13,-0.483666618663
2011-10-16,-0.529879886545
2011-10-17,0.194326616806
2011-10-18,-0.0169096184806
2011-10-19,0.743293718636
2011-10-20,0.463625982607
2011-10-23,0.171847595482
2011-10-24,-0.0643474408201
2011-10-25,-0.0822065944131
2011-10-26,-0.327231700909
2011-10-27,-0.594671314652
2011-10-31,-0.757504577451
2011-11-01,0.910512393222
2011-11-02,0.534058442172
2011-11-03,0.269572700314
2011-11-04,0.554052321569
2011-11-07,0.32261082729
2011-11-08,0.113279983077
2011-11-09,0.173001662591
2011-11-10,0.65501611262
2011-11-11,0.399170600456
2011-11-14,0.144536203316
2011-11-15,0.0684233589249
2011-11-16,0.306694031657
2011-11-17,0.177170906991
2011-11-18,-0.0360042130809
2011-11-21,0.741802576808
2011-11-22,0.499147663029
2011-11-23,1.75482326964
2011-11-24,2.03227568209
2011-11-25,2.29878809781
2011-11-28,1.7285671339
2011-11-29,1.19498921382
2011-11-30,0.701591641784
2011-12-01,0.301929270975
2011-12-02,0.0173848249358
2011-12-05,-0.180139788604
2011-12-06,-0.173962757223
2011-12-07,-0.0948894069282
2011-12-08,0.186126679773
2011-12-09,0.195239582921
2011-12-12,0.358532302896
2011-12-13,0.493898794457
2011-12-14,1.02580735909
2011-12-15,0.698844567626
2011-12-16,0.368357755835
2011-12-19,0.360053770479
2011-12-20,0.0987451280442
2011-12-21,-0.122178155259
2011-12-22,-0.160589343153
2011-12-23,-0.365682859475
2011-12-26,-0.482108372396
2011-12-27,-0.632395602803
2011-12-28,0.093753615194
2011-12-29,0.0634738359191
2011-12-30,-0.1837485313
2012-01-02,-0.0790520887884
2012-01-03,-0.344617998306
2012-01-04,-0.612629515078
2012-01-05,-0.304014553014
2012-01-06,-0.171217580898
2012-01-09,-0.305997924512
2012-01-10,-0.57685868299
2012-01-11,-0.770804007737
2012-01-12,-0.886401812485
2012-01-13,-1.02043701078
2012-01-16,-1.08622299812
2012-01-17,-1.17734695824
2012-01-18,-1.18489406183
2012-01-19,-1.2610646824
2012-01-20,-1.22623039295
2012-01-23,-1.29824903983
2012-01-24,-1.35029739003
2012-01-25,-1.40512293953
2012-01-26,-1.4644767488
2012-01-27,-1.5138413899
2012-01-30,-1.40905125398
2012-01-31,-1.45354190492
2012-02-01,-1.403783183
2012-02-02,-1.45464627188
2012-02-03,-1.50167206678
2012-02-06,-1.53916070989
2012-02-07,-1.56837793184
2012-02-08,-1.59514213068
2012-02-09,-1.62164077512
2012-02-10,-1.43590139217
2012-02-13,-1.48045280272
2012-02-14,-1.51373930483
2012-02-15,-1.30951437225
2012-02-16,-0.652652406363
2012-02-17,-0.806878747392
2012-02-20,-0.811532396013
2012-02-21,-0.468878213015
2012-02-22,-0.600539214804
2012-02-23,-0.77008102659
2012-02-24,-0.648717084129
2012-02-27,-0.512574839938
2012-02-28,-0.675242315573
2012-02-29,-0.0876211944146
2012-03-01,-0.185112703338
2012-03-02,-0.236859057122
2012-03-05,0.420540413024
2012-03-06,1.16192122771
2012-03-07,0.493093320816
2012-03-08,0.527693464189
2012-03-09,0.320792843757
2012-03-12,1.84095181061
2012-03-13,1.50631738671
2012-03-14,1.01771558894
2012-03-15,0.687679404782
2012-03-16,0.375710551261
2012-03-19,0.441130253596
2012-03-20,1.21024593282
2012-03-21,0.777922508209
2012-03-22,0.576482904593
2012-03-23,0.29168219036
2012-03-25,-0.0161271119678
2012-03-26,-0.139237214667
2012-03-27,-0.341317344425
2012-03-28,0.0234109163616
2012-03-29,-0.218704980224
2012-04-01,-0.0664724821002
2012-04-02,-0.276136096801
2012-04-03,-0.0375519162392
2012-04-04,-0.269302707257
2012-04-05,-0.401712809217
2012-04-08,-0.367127671699
2012-04-09,-0.624489537401
2012-04-10,-0.64982253691
2012-04-11,-0.75454034189
2012-04-12,-0.917602669493
2012-04-15,-0.417351934282
2012-04-16,-0.532063505192
2012-04-17,0.385300578393
2012-04-18,1.07119039836
2012-04-19,0.676477366283
2012-04-22,0.265264685481
2012-04-23,-0.0319732172618
2012-04-24,-0.231642795433
2012-04-25,-0.445397238747
2012-04-26,-0.614980969176
2012-04-29,-0.41808414769
2012-04-30,0.199990049826
2012-05-01,-0.0724271587356
2012-05-02,0.753838094913
2012-05-03,0.337653721037
2012-05-06,0.423922810343
2012-05-07,0.0555546192494
2012-05-08,1.27333847623
2012-05-09,0.867239833989
2012-05-10,0.466847926773
2012-05-13,1.33652259449
2012-05-14,1.35579280514
2012-05-15,1.27492363904
2012-05-16,0.905626549359
2012-05-17,1.34845651464
2012-05-20,1.86766285394
2012-05-21,1.954725679
2012-05-22,2.92353987156
2012-05-23,1.95286187132
2012-05-24,1.37829521627
2012-05-27,0.81995121436
2012-05-28,0.765320740285
2012-05-29,0.912561757048
2012-05-30,1.15543483184
2012-05-31,1.20269532329
2012-06-03,1.00980319846
2012-06-04,1.18671312787
2012-06-05,0.733073191198
2012-06-06,0.530221711407
2012-06-07,0.250759927844
2012-06-10,-0.0292275885379
2012-06-11,0.711560079743
2012-06-12,0.595720824755
2012-06-13,0.59027754004
2012-06-14,0.255779154233
2012-06-17,-0.0269118813272
2012-06-18,-0.254957504553
2012-06-19,-0.517767678163
2012-06-20,-0.377625509252
2012-06-21,0.10397779491
2012-06-24,0.374809424487
2012-06-25,0.0833698568167
2012-06-26,0.0344534681361
2012-06-27,0.250036277143
2012-06-28,-0.155733888131
2012-07-01,-0.527303442643
2012-07-02,-0.685229048383
2012-07-03,0.129229877417
2012-07-04,0.0778034222259
2012-07-05,-0.174995477289
2012-07-08,-0.372877958999
2012-07-09,-0.52794588677
2012-07-10,-0.664725967669
2012-07-11,-0.251696924904
2012-07-12,-0.421398853797
2012-07-15,-0.541633685837
2012-07-16,-0.659970762704
2012-07-17,-0.782685886207
2012-07-18,-0.903250887492
2012-07-19,-1.02925011081
2012-07-22,-0.34879158529
2012-07-23,-0.509817551642
2012-07-24,-0.397955883971
2012-07-25,-0.586259799119
2012-07-26,-0.729502847411
2012-07-29,-0.890713211882
2012-07-30,-0.331115305357
2012-07-31,-0.237396034281
2012-08-01,-0.46426482863
2012-08-02,-0.648360309169
2012-08-05,-0.832944430705
2012-08-06,-0.823301020861
2012-08-07,-0.948421426888
2012-08-08,-1.04046802915
2012-08-09,-1.11263549425
2012-08-12,-1.21661515992
2012-08-13,-1.29542989882
2012-08-14,-1.22641707573
2012-08-15,-1.30389536021
2012-08-16,-1.37369292158
2012-08-19,-1.43302205498
2012-08-20,-1.46251916631
2012-08-21,-1.5103817881
2012-08-22,-1.35025375986
2012-08-23,-1.41326334032
2012-08-26,-1.46750055102
2012-08-27,-0.491572567819
2012-08-28,-0.519385932942
2012-08-29,-0.514884614436
2012-08-30,-0.701737215998
2012-09-02,-0.878762119202
2012-09-03,-0.544290346448
2012-09-04,-0.683392674051
2012-09-05,-0.819071932209
2012-09-06,-0.962682488368
2012-09-09,-1.09799655509
2012-09-10,-1.18937920558
2012-09-11,-1.26944876728
2012-09-12,-1.01394358132
2012-09-13,-1.11988367257
2012-09-16,-0.657057263772
2012-09-17,-0.754522264588
2012-09-18,-0.899365419036
2012-09-19,-0.885618636373
2012-09-20,-0.968762143875
2012-09-23,-1.08238204392
2012-09-24,-1.1695299192
2012-09-25,-0.653599286264
2012-09-26,-0.79461806688
2012-09-27,-0.899428506541
2012-09-30,-1.0173200369
2012-10-01,-1.11429637226
2012-10-02,-1.20268258489
2012-10-03,-1.28396980265
2012-10-04,-1.36167749819
2012-10-07,-1.11502606435
2012-10-08,-1.00164558373
2012-10-09,-1.10615154996
2012-10-10,-1.03463503768
2012-10-11,-1.0665092921
2012-10-14,-1.10222359337
2012-10-15,-1.20541576784
2012-10-16,-1.28821383651
2012-10-17,-1.35742609249
2012-10-18,-1.42127362796
2012-10-21,-1.47250757277
2012-10-22,-1.52323769698
2012-10-23,-1.56200705547
2012-10-24,-1.59720917302
2012-10-25,-1.34120395565
2012-10-29,-0.627256055515
2012-10-30,-0.737517278563
2012-10-31,-0.894511523789
2012-11-01,-0.968755381281
2012-11-02,-1.04497878129
2012-11-05,-1.16960909993
2012-11-06,-1.26214557075
2012-11-07,-1.34381154872
2012-11-08,-1.212270804
2012-11-09,0.332347202783
2012-11-12,0.0106291011619
2012-11-13,0.526357339816
2012-11-14,0.16269520564
2012-11-15,0.0327668235772
2012-11-16,0.13855464926
2012-11-19,0.954846756083
2012-11-20,0.602995337061
2012-11-21,1.23089348848
2012-11-22,0.975714711854
2012-11-23,1.3874677813
2012-11-26,0.763753698906
2012-11-27,0.477290772813
2012-11-28,0.572376870215
2012-11-29,1.00965958168
2012-11-30,0.891642481705
2012-12-03,1.90564726425
2012-12-04,1.20651637032
2012-12-05,0.791035717173
2012-12-06,0.300537624085
2012-12-07,0.023742171617
2012-12-10,-0.0288758964568
2012-12-11,-0.252147513969
2012-12-12,-0.333070868433
2012-12-13,-0.520695048879
2012-12-14,-0.32117569443
2012-12-17,-0.109790486249
2012-12-18,0.203983187813
2012-12-19,-0.104075802023
2012-12-20,-0.394064486209
2012-12-21,-0.425887640096
2012-12-24,-0.11014880107
2012-12-25,-0.339903975227
2012-12-26,-0.584842287555
2012-12-27,-0.810441295147
2012-12-28,-0.934498821854
2012-12-31,-1.00591631463
2013-01-01,-0.802726520939
2013-01-02,-0.909760338387
2013-01-03,-1.01664357568
2013-01-04,-1.11420370055
2013-01-07,-1.22111889822
2013-01-08,-1.30758054577
2013-01-09,-0.809346037163
2013-01-10,-0.955203281145
2013-01-11,-1.08117437567
2013-01-14,-1.17314651343
2013-01-15,-1.15081874037
2013-01-16,-1.24180709551
2013-01-17,-1.32066366996
2013-01-18,-1.25790031923
2013-01-21,-1.32210676051
2013-01-22,-1.00359115611
2013-01-23,-1.11976871899
2013-01-24,-1.21270348034
2013-01-25,-1.26670260067
2013-01-28,-1.35366190148
2013-01-29,-1.45346416052
2013-01-30,-1.49404905895
2013-01-31,-1.53879282547
2013-02-01,-1.5573770468
2013-02-04,-1.59190092747
2013-02-05,-1.33711051178
2013-02-06,-1.40474475766
2013-02-07,-1.4667107413
2013-02-08,-1.53447670925
2013-02-11,-1.57119284292
2013-02-12,-1.59727432945
2013-02-13,-1.6245501229
2013-02-14,-1.64952422112
2013-02-15,-1.66947618221
2013-02-18,-1.21861967928
2013-02-19,-1.29539476206
2013-02-20,-1.36670853523
2013-02-21,-0.308122666678
2013-02-22,-0.463715958542
2013-02-25,-0.610380280917
2013-02-26,-0.131479487858
2013-02-27,0.0507168327054
2013-02-28,-0.180560580743
2013-03-01,0.194763968448
2013-03-04,-0.0753672303123
2013-03-05,-0.372273498014
2013-03-06,-0.52689590889
2013-03-07,-0.424405000986
2013-03-08,-0.636551594793
2013-03-11,-0.831343845713
2013-03-12,-0.81609471866
2013-03-13,-0.464362101127
2013-03-14,-0.150938073914
2013-03-15,-0.182454354565
2013-03-18,1.60756497881
2013-03-19,1.12260585003
2013-03-20,0.91437791103
2013-03-21,0.942647603177
2013-03-22,1.89232228466
2013-03-25,1.30784794089
2013-03-26,0.925117719462
2013-03-27,1.10088339795
2013-03-28,0.71995810202
2013-03-29,0.764293352085
2013-03-31,0.552519325894
2013-04-01,0.22127216521
2013-04-02,-0.00630988607872
2013-04-03,-0.248220553361
2013-04-04,-0.544845675793
2013-04-07,-0.800420358128
2013-04-08,-0.921504023939
2013-04-09,-1.05289725862
2013-04-10,-1.16422481175
2013-04-11,-1.01421654581
2013-04-14,-1.13841085008
2013-04-15,0.0297996688989
2013-04-16,-0.265009890951
2013-04-17,0.363968898156
2013-04-18,0.0102691392318
2013-04-21,-0.271632270973
2013-04-22,-0.22048302541
2013-04-23,-0.235936030066
2013-04-24,-0.454675765831
2013-04-25,-0.651423367955
2013-04-28,-0.792639342728
2013-04-29,-0.373883974984
2013-04-30,-0.551594464016
2013-05-01,-0.374245695048
2013-05-02,-0.471707674414
2013-05-05,-0.51864805008
2013-05-06,-0.694747960272
2013-05-07,-0.824676932858
2013-05-08,-0.941062191429
2013-05-09,0.150561253946
2013-05-12,-0.105102838375
2013-05-13,-0.363562691758
2013-05-14,0.0138598143105
2013-05-15,-0.227942370186
2013-05-16,0.0946395414726
2013-05-19,-0.0671102712232
2013-05-20,0.0107305798595
2013-05-21,-0.235142644721
2013-05-22,0.236083489199
2013-05-23,-0.059767535077
2013-05-26,-0.336339914069
2013-05-27,0.336125794827
2013-05-28,1.41560008879
2013-05-29,1.66842158676
2013-05-30,2.52399072391
2013-06-02,1.91751793081
2013-06-03,1.26987991971
2013-06-04,0.686658375006
2013-06-05,0.366089964142
2013-06-06,0.392517598533
2013-06-09,0.439604361265
2013-06-10,0.223073275734
2013-06-11,-0.108564610842
2013-06-12,-0.307471236409
2013-06-13,-0.553720244222
2013-06-16,-0.0804889438256
2013-06-17,0.357984953835
2013-06-18,0.147152259727
2013-06-19,2.61043663543
2013-06-20,2.00417146838
2013-06-23,1.54330612388
2013-06-24,1.12529175457
2013-06-25,0.748147484647
2013-06-26,0.411640227624
2013-06-27,1.28685967602
2013-06-30,1.3010902192
2013-07-01,1.08481973163
2013-07-02,1.42319337961
2013-07-03,1.14689965203
2013-07-04,0.772672551235
2013-07-07,0.468500958696
2013-07-08,0.247120675195
2013-07-09,0.306388204707
2013-07-10,0.0830283300588
2013-07-11,-0.120285820657
2013-07-14,-0.328614160476
2013-07-15,-0.592609628687
2013-07-16,-0.533734597085
2013-07-17,-0.715298231903
2013-07-18,-0.856069031747
2013-07-21,-0.700669959179
2013-07-22,-0.839708040555
2013-07-23,-0.980051033553
2013-07-24,-0.544869810614
2013-07-25,-0.671834116592
2013-07-28,-0.404852682284
2013-07-29,-0.141191776098
2013-07-30,0.56481660094
2013-07-31,0.232723952375
2013-08-01,0.514415812808
2013-08-04,0.127708459099
2013-08-05,0.0520799814461
2013-08-06,-0.164185198651
2013-08-07,-0.385262509516
2013-08-08,-0.599793374566
2013-08-11,-0.755389647137
2013-08-12,0.213190878628
2013-08-13,0.256886958693
2013-08-14,1.34043851596
2013-08-15,1.43248021339
2013-08-18,2.55239258321
2013-08-19,2.03035976603
2013-08-20,1.90675639543
2013-08-21,2.28558751857
2013-08-22,1.4702526329
2013-08-25,0.719938690698
2013-08-26,0.316254806385
2013-08-27,-0.00329826225636
2013-08-28,-0.227786963617
2013-08-29,0.0179956513699
2013-09-01,1.40019642942
2013-09-02,1.01563370071
2013-09-03,0.688389299634
2013-09-04,0.333082069306
2013-09-05,-0.0218019085861
2013-09-08,2.28125754393
2013-09-09,1.79883670949
2013-09-10,2.03351136357
2013-09-11,1.64691638142
2013-09-12,1.30086904504
2013-09-15,0.961247822132
2013-09-16,0.786552512262
2013-09-17,0.456721381742
2013-09-18,0.0632202338081
2013-09-19,-0.0727859407079
2013-09-22,3.06081939345
2013-09-23,2.58312446932
2013-09-24,2.52130519931
2013-09-25,2.20073080206
2013-09-26,2.28266012147
2013-09-29,1.81800853014
2013-09-30,1.44318114966
2013-10-01,1.1314440015
2013-10-02,0.780322785604
2013-10-03,0.536769643821
2013-10-06,0.567357893529
2013-10-07,0.247279320539
2013-10-08,-0.0301221093848
2013-10-09,-0.233104974862
2013-10-10,-0.43537243642
2013-10-13,-0.418502004163
2013-10-14,-0.570068466967
2013-10-15,-0.714933224919
2013-10-16,-0.831634503747
2013-10-17,-0.955885074074
2013-10-20,-0.635898383797
2013-10-21,-0.411053381573
2013-10-22,-0.540802701816
2013-10-23,0.070614819483
2013-10-24,-0.144896709517
2013-10-28,-0.369162868719
2013-10-29,-0.53290526839
2013-10-30,-0.565529415936
2013-10-31,0.511575716436
2013-11-01,1.35379148047
2013-11-04,0.980660339357
2013-11-05,1.86371411576
2013-11-06,1.39693896071
2013-11-07,1.22761555686
2013-11-08,2.09710581085
2013-11-11,1.5795841665
2013-11-12,1.77629578345
2013-11-13,1.356696332
2013-11-14,1.10280756679
2013-11-15,0.728716798318
2013-11-18,0.31929258612
2013-11-19,-0.0680611405718
2013-11-20,-0.215105821254
2013-11-21,1.07049075687
2013-11-22,0.663537984209
2013-11-25,0.328690204305
2013-11-26,0.443716324902
2013-11-27,0.459352595866
2013-11-28,1.06817140451
2013-11-29,0.692336521946
2013-12-02,0.938354309308
2013-12-03,0.833590704412
2013-12-04,1.2933595237
2013-12-05,1.30200823435
2013-12-06,0.769255931112
2013-12-09,0.343475299066
2013-12-10,0.0860673334027
2013-12-11,0.284132694079
2013-12-12,0.382834043697
2013-12-13,0.151294399289
2013-12-16,-0.0776411269731
2013-12-17,-0.235282838769
2013-12-18,-0.44266533247
2013-12-19,0.264417877057
2013-12-20,0.879176168522
2013-12-23,0.542918866921
2013-12-24,0.200981155635
2013-12-25,0.059164442871
2013-12-26,0.102606310628
2013-12-27,-0.111939016297
2013-12-30,-0.405799483292
2013-12-31,-0.57632361444
2014-01-01,-0.691511762685
2014-01-02,1.07260083234
2014-01-03,0.716145470004
2014-01-06,0.419860108707
2014-01-07,0.133987587289
2014-01-08,0.168327908231
2014-01-09,0.717229932382
2014-01-10,0.364880034503
2014-01-13,-0.00856127988588
2014-01-14,0.0319532786366
2014-01-15,-0.218187933074
2014-01-16,0.356892906947
2014-01-17,0.118546872932
2014-01-20,-0.177117713383
2014-01-21,0.175769995546
2014-01-22,-0.0803615041777
2014-01-23,0.619525038951
2014-01-24,1.83453711679
2014-01-27,1.36199109693
2014-01-28,1.20090318146
2014-01-29,1.74301828875
2014-01-30,1.26731979551
2014-01-31,0.775917822141
2014-02-03,0.467811733387
2014-02-04,0.708494917344
2014-02-05,0.293022199745
2014-02-06,0.0121264458477
2014-02-07,-0.219262918533
2014-02-10,-0.0683141761048
2014-02-11,0.258988963509
2014-02-12,0.0235271175728
2014-02-13,0.610965092856
2014-02-14,0.217981663424
2014-02-17,-0.00838294868755
2014-02-18,0.167005754671
2014-02-19,0.333388039569
2014-02-20,0.0516346569582
2014-02-21,-0.227891412849
2014-02-24,-0.475726164301
2014-02-25,-0.625424142748
2014-02-26,-0.449416181346
2014-02-27,-0.593837043258
2014-02-28,-0.765706569156
2014-03-03,-0.88300241745
2014-03-04,-0.696917817112
2014-03-05,-0.821377825623
2014-03-06,-0.979132889901
2014-03-07,-0.0745541773182
2014-03-10,-0.0701879957622
2014-03-11,-0.0694343637722
2014-03-12,0.458458852301
2014-03-13,0.187358117789
2014-03-14,0.669639843088
2014-03-17,0.324583281575
2014-03-18,0.282711921285
2014-03-19,0.0421211408009
2014-03-20,0.402803262392
2014-03-21,0.0657484855669
2014-03-24,-0.0817451830375
2014-03-25,-0.315940871915
2014-03-26,-0.527692895159
2014-03-27,-0.760891569149
2014-03-28,-0.942431175172
2014-03-30,-0.80056090713
2014-03-31,-0.886933797802
2014-04-01,-1.01375690874
2014-04-02,-0.56070970921
2014-04-03,-0.764177557055
2014-04-06,-0.964724235597
2014-04-07,-1.09197029102
2014-04-08,-1.18593215987
2014-04-09,-1.27193454906
2014-04-10,-0.80044492955
2014-04-13,-0.796935081918
2014-04-14,-0.335219963441
2014-04-15,-0.412033218948
2014-04-16,-0.12624731412
2014-04-17,-0.293489387852
2014-04-20,-0.426763244298
2014-04-21,-0.145043963701
2014-04-22,-0.350610597862
2014-04-23,-0.550698771281
2014-04-24,-0.758916251162
2014-04-27,-0.651857104391
2014-04-28,-0.827037658212
2014-04-29,0.259842036391
2014-04-30,0.0204836535017
2014-05-01,0.0179409354442
2014-05-04,-0.229076048689
2014-05-05,0.0174295866447
2014-05-06,-0.244231651987
2014-05-07,-0.44821565848
2014-05-08,-0.303892447097
2014-05-11,-0.484642130203
2014-05-12,-0.645765083755
2014-05-13,-0.780628420809
2014-05-14,-0.946538732475
2014-05-15,-1.04800195195
2014-05-18,-1.13539826333
2014-05-19,-1.2315032894
2014-05-20,-1.2927268257
2014-05-21,-1.36542228947
2014-05-22,-1.27911065861
2014-05-25,-1.28685080107
2014-05-26,-0.350282273872
2014-05-27,-0.343975758198
2014-05-28,-0.513364820836
2014-05-29,-0.199571892838
2014-06-01,0.924356047131
2014-06-02,0.648811513365
2014-06-03,0.952242436759
2014-06-04,0.602827986855
2014-06-05,0.220803269969
2014-06-08,-0.0773018608402
2014-06-09,-0.335109204209
2014-06-10,-0.5333749147
2014-06-11,-0.671127412061
2014-06-12,-0.489512573174
2014-06-15,-0.659174257966
2014-06-16,0.31390730714
2014-06-17,0.20088779905
2014-06-18,-0.173490752948
2014-06-19,0.42276815443
2014-06-22,0.160982010796
2014-06-23,-0.0900053211275
2014-06-24,-0.305190372171
2014-06-25,-0.515236576546
2014-06-26,-0.683596294144
2014-06-29,-0.839641620092
2014-06-30,-0.346280724982
2014-07-01,-0.552015864818
2014-07-02,0.28387992593
2014-07-03,0.00422331132294
2014-07-06,0.0384375343182
2014-07-07,0.0807905905632
2014-07-08,-0.166762088776
2014-07-09,0.139779975822
2014-07-10,-0.0658954539965
2014-07-13,-0.260512727906
2014-07-14,-0.48451944571
2014-07-15,-0.649954736934
2014-07-16,0.24336506901
2014-07-17,0.447128756994
2014-07-20,0.0600567728874
2014-07-21,-0.14847321284
2014-07-22,-0.354100521668
2014-07-23,-0.507496386139
2014-07-24,-0.234201804954
2014-07-27,-0.298607135786
2014-07-28,-0.487983209802
2014-07-29,0.473989310839
2014-07-30,0.906939859474
2014-07-31,0.898615028003
2014-08-03,0.571219989625
2014-08-04,1.03737775769
2014-08-05,1.32352267525
2014-08-06,0.897242062874
2014-08-07,1.28928154925
2014-08-10,0.86857049179
2014-08-11,0.540813463851
2014-08-12,0.328231592743
2014-08-13,0.0903486645324
2014-08-14,-0.170155342775
2014-08-17,-0.367212133679
2014-08-18,-0.541179923896
2014-08-19,-0.71095889035
2014-08-20,-0.5635785429
2014-08-21,0.224185125123
2014-08-24,0.0625271456282
2014-08-25,0.045096868069
2014-08-26,-0.262231364573
2014-08-27,-0.442256940283
2014-08-28,-0.611554566093
2014-08-31,-0.756146649275
2014-09-01,-0.0605172594296
2014-09-02,-0.267299103632
2014-09-03,-0.453334383271
2014-09-04,-0.368856541886
2014-09-07,-0.201225898918
2014-09-08,1.15473688248
2014-09-09,1.24882098708
2014-09-10,0.832033590337
2014-09-11,2.28723549412
2014-09-14,1.86942065249
2014-09-15,1.11199149883
2014-09-16,0.937227407574
2014-09-17,1.56583955706
2014-09-18,1.17218061512
2014-09-21,1.34676244739
2014-09-22,1.6352640882
2014-09-23,1.47255935539
2014-09-24,0.895457380496
2014-09-25,1.09007544409
2014-09-28,1.68071519797
2014-09-29,1.22509571347
2014-09-30,1.34258111539
2014-10-01,1.44227698368
2014-10-02,1.3768910154
2014-10-05,0.607217111559
2014-10-06,0.211275351254
2014-10-07,-0.0752835122865
2014-10-08,-0.283340239659
2014-10-09,0.271696598438
2014-10-12,0.16177452921
2014-10-13,-0.0189989965271
2014-10-14,0.878250195444
2014-10-15,1.82347307291
2014-10-16,1.38456798634
2014-10-19,0.9724980899
2014-10-20,1.50233177606
2014-10-21,1.14722665509
2014-10-22,1.29922083335
2014-10-23,0.889530234114
2014-10-27,1.89076312932
2014-10-28,1.39593298213
2014-10-29,0.787005103168
2014-10-30,0.39434124734
2014-10-31,0.076985014799
2014-11-03,0.873194874785
2014-11-04,0.943873495474
2014-11-05,0.65907472325
2014-11-06,0.837323870506
2014-11-07,1.26434845684
2014-11-10,0.931004357086
2014-11-11,0.909967792297
2014-11-12,0.635395552645
2014-11-13,0.769510894305
2014-11-14,1.61153293382
2014-11-17,1.2243353602
2014-11-18,0.930385339047
2014-11-19,0.611245292296
2014-11-20,0.357571451295
2014-11-21,0.0485942336218
2014-11-24,-0.25001193021
2014-11-25,-0.288471063694
2014-11-26,-0.492206010491
2014-11-27,-0.648651151811
2014-11-28,0.914115569985
2014-12-01,0.557374694664
2014-12-02,0.315016124611
2014-12-03,0.211949515352
2014-12-04,0.135652964407
2014-12-05,0.248247852427
2014-12-08,0.041868925066
2014-12-09,0.178691863851
2014-12-10,-0.0393552874339
2014-12-11,1.04517465922
2014-12-12,1.13505970499
2014-12-15,1.34672297495
2014-12-16,2.47529639356
2014-12-17,1.87425531972
2014-12-18,1.25128969183
2014-12-19,0.74914078183
2014-12-22,0.495368182672
2014-12-23,1.32616136167
2014-12-24,0.986142031048
2014-12-25,0.7287352917
2014-12-26,0.541728468776
2014-12-29,0.238855275375
2014-12-30,-0.0629219495517
2014-12-31,-0.330679266555
2015-01-01,-0.434378220107
2015-01-02,0.911271990993
2015-01-05,0.803415816056
2015-01-06,0.626726846404
2015-01-07,0.307654302633
2015-01-08,0.0388658039195
2015-01-09,-0.235569731183
2015-01-12,-0.454225676408
2015-01-13,-0.369947590171
2015-01-14,-0.60951650899
2015-01-15,-0.770126008287
2015-01-16,-0.495361839812
2015-01-19,-0.661270653569
2015-01-20,-0.177456414106
2015-01-21,-0.441795509212
2015-01-22,-0.660559720778
2015-01-23,-0.789444978355
2015-01-26,-0.580779930107
2015-01-27,-0.724337926792
2015-01-28,-0.863668885528
2015-01-29,-0.547739986777
2015-01-30,1.55980574898
2015-02-02,1.47834752502
2015-02-03,1.49525951715
2015-02-04,1.27227526811
2015-02-05,1.44052726445
2015-02-06,1.64587765899
2015-02-09,1.52569038188
2015-02-10,2.06188102464
2015-02-11,2.17273934352
2015-02-12,1.80611418615
2015-02-13,1.33432876867
2015-02-16,1.04965055467
2015-02-17,0.782522190625
2015-02-18,0.977003175534
2015-02-19,1.14597440273
2015-02-20,1.23077222152
2015-02-23,1.34101859629
2015-02-24,1.00043522928
2015-02-25,0.607695996672
2015-02-26,0.49647289201
2015-02-27,0.942299787202
2015-03-02,0.495817862318
2015-03-03,0.959516043148
2015-03-04,2.46704525472
2015-03-05,1.8357134693
2015-03-06,2.81592013455
2015-03-09,2.78649150699
2015-03-10,3.28464504565
2015-03-11,2.64558142072
2015-03-12,2.08263426588
2015-03-13,4.04333554995
2015-03-16,3.18832398675
2015-03-17,3.15641535037
2015-03-18,2.53598893753
2015-03-19,2.35658679246
2015-03-20,1.92838244807
2015-03-23,1.24717574672
2015-03-24,0.703817209952
2015-03-25,0.416901818178
2015-03-26,0.958160191194
2015-03-27,1.09678779316
2015-03-29,1.35647884743
2015-03-30,0.890923735327
2015-03-31,0.507110122309
2015-04-01,0.243073080875
2015-04-02,0.0259099973538
2015-04-05,-0.157138575125
2015-04-06,0.472770241083
2015-04-07,0.18077663102
2015-04-08,-0.144794289484
2015-04-09,0.199304438091
2015-04-12,0.409260300738
2015-04-13,0.305740925182
2015-04-14,0.0168959505273
2015-04-15,-0.216122490467
2015-04-16,0.136603258285
2015-04-19,-0.0672503897147
2015-04-20,-0.232568051131
2015-04-21,-0.405278709207
2015-04-22,-0.58625434487
2015-04-23,-0.739392018326
2015-04-26,-0.895459887637
2015-04-27,-1.02625905295
2015-04-28,-0.333610542617
2015-04-29,0.777465017265
2015-04-30,1.62747702334
2015-05-03,1.10418504294
2015-05-04,0.875330801835
2015-05-05,0.527422455878
2015-05-06,0.25201506899
2015-05-07,-0.0165079166861
2015-05-10,-0.293574545483
2015-05-11,0.083776976037
2015-05-12,-0.179210465043
2015-05-13,-0.0794436151473
2015-05-14,-0.311444810594
2015-05-17,-0.2482339728
2015-05-18,-0.0950660161858
2015-05-19,-0.212512239237
2015-05-20,-0.410495597362
2015-05-21,0.0156722143003
2015-05-24,0.960935017572
2015-05-25,1.00334334394
2015-05-26,1.19481955207
2015-05-27,0.821819817213
2015-05-28,0.740444285806
2015-05-31,0.811185288574
2015-06-01,0.504751183974
2015-06-02,0.175021837429
2015-06-03,0.0198039346997
2015-06-04,0.612461235951
2015-06-07,0.340674577358
2015-06-08,0.0580691383028
2015-06-09,-0.171320734289
2015-06-10,1.09952032754
2015-06-11,0.774389381373
2015-06-14,0.682468359268
2015-06-15,0.43739931908
2015-06-16,0.130199192692
2015-06-17,-0.135585439488
2015-06-18,0.396396461759
2015-06-21,0.403108845866
2015-06-22,0.463674642929
2015-06-23,0.207714135853
2015-06-24,0.734593714894
2015-06-25,0.7892503327
2015-06-28,1.31772295349
2015-06-29,0.87873857235
2015-06-30,0.587452801977
2015-07-01,1.07387591041
2015-07-02,0.652744697654
2015-07-05,0.935585627971
2015-07-06,1.41432986122
2015-07-07,1.88755528328
2015-07-08,1.39778069382
2015-07-09,0.963244957835
2015-07-12,0.531952885089
2015-07-13,0.249981048861
2015-07-14,0.473879585618
2015-07-15,0.257437876355
2015-07-16,1.20550277069
2015-07-19,1.3234028133
2015-07-20,0.995233511726
2015-07-21,1.22189385898
2015-07-22,2.22419687603
2015-07-23,2.33466290468
2015-07-26,2.53032187306
2015-07-27,2.48745337575
2015-07-28,1.99847777159
2015-07-29,1.48347417134
2015-07-30,1.7580840121
2015-08-02,2.16201445522
2015-08-03,2.10867233426
2015-08-04,1.9982081997
2015-08-05,2.76764241804
2015-08-06,2.10613759546
2015-08-09,1.57190615521
2015-08-10,0.985929176166
2015-08-11,0.625921464611
2015-08-12,0.72873181382
2015-08-13,0.406514105137
2015-08-16,0.1275456423
2015-08-17,-0.0813734242903
2015-08-18,-0.181553364988
2015-08-19,-0.170108277263
2015-08-20,-0.37763691238
2015-08-23,0.900428112436
2015-08-24,0.568846346416
2015-08-25,2.05076651286
2015-08-26,1.53420693075
2015-08-27,1.12289585151
2015-08-30,2.10639925797
2015-08-31,1.51145818855
2015-09-01,2.24779878582
2015-09-02,2.60027292685
2015-09-03,1.97595223653
2015-09-06,1.90627937196
2015-09-07,1.47176239274
2015-09-08,1.05718801768
2015-09-09,1.94604048934
2015-09-10,1.37518840624
2015-09-13,1.03471504181
2015-09-14,0.65609081329
2015-09-15,0.388249658035
2015-09-16,0.760270166838
2015-09-17,0.674990316666
2015-09-20,1.49503540902
2015-09-21,1.05126650063
2015-09-22,0.666666780027
2015-09-23,1.63305967199
2015-09-24,0.729484829604
2015-09-27,0.835540991733
2015-09-28,1.65747906154
2015-09-29,1.11359826227
2015-09-30,0.717573626447
2015-10-01,0.939963728756
2015-10-04,0.571426659359
2015-10-05,0.258027383704
2015-10-06,-0.0298826963952
2015-10-07,0.373598750979
2015-10-08,0.0219535240299
2015-10-11,-0.145821733522
2015-10-12,0.648340117917
2015-10-13,0.823863547476
2015-10-14,0.473027518923
2015-10-15,0.229265314245
2015-10-18,0.801392962425
2015-10-19,0.503056762219
2015-10-20,1.14381082354
2015-10-21,0.840722159408
2015-10-22,0.531629854325
2015-10-26,0.251860739892
2015-10-27,0.51703724505
2015-10-28,0.28336817481
2015-10-29,0.758508231403
2015-10-30,0.446813940689
2015-11-02,0.259877615772
2015-11-03,-0.0354932408274
2015-11-04,-0.327349927416
2015-11-05,-0.445463516809
2015-11-06,-0.232759777074
2015-11-09,-0.38947601189
2015-11-10,-0.230343508534
2015-11-11,-0.464659907152
2015-11-12,0.364477999904
2015-11-13,0.147544123365
2015-11-16,0.537803085211
2015-11-17,0.265118154862
2015-11-18,0.0236289618533
2015-11-19,-0.24697121156
2015-11-20,-0.442325563027
2015-11-23,-0.623276942633
2015-11-24,-0.639347421311
2015-11-25,0.24730229708
2015-11-26,-0.0131014987781
2015-11-27,-0.219929288895
2015-11-30,1.83621680946
2015-12-01,1.38857327252
2015-12-02,1.08836341328
2015-12-03,0.691670818228
2015-12-04,0.289778332354
2015-12-07,0.0654671292078
2015-12-08,0.594094866494
2015-12-09,0.229620632293
2015-12-10,-0.043758114795
2015-12-11,1.34188525668
2015-12-14,1.41323686956
2015-12-15,1.00133854016
2015-12-16,1.78724048732
2015-12-17,1.37982165162
2015-12-18,1.34892465175
2015-12-21,2.37531987709
2015-12-22,1.90644594661
2015-12-23,1.4785762134
2015-12-24,1.11411286927
2015-12-25,0.845410077944
2015-12-28,1.29454148195
2015-12-29,0.889917651298
2015-12-30,2.61062811008
2015-12-31,1.97184466841
2016-01-01,1.69640942164
2016-01-04,3.01980811249
2016-01-05,2.28343435196
2016-01-06,1.85420977427
2016-01-07,1.77251871778
2016-01-08,1.39886028707
2016-01-11,1.02225411218
2016-01-12,0.771866040676
2016-01-13,0.398455862166
2016-01-14,0.349663530634
2016-01-15,0.459814700107
2016-01-18,0.211380154044
2016-01-19,-0.0419613085873
2016-01-20,0.846058944304
2016-01-21,1.5252367899
2016-01-22,1.12242357898
2016-01-25,0.735921170887
2016-01-26,0.408227930626
2016-01-27,0.123350995922
2016-01-28,0.828296985309
2016-01-29,0.392297293904
2016-02-01,0.0329245440539
2016-02-02,-0.197088987554
2016-02-03,-0.38579099734
2016-02-04,-0.671265522548
2016-02-05,-0.321359349293
2016-02-08,-0.457259585674
2016-02-09,-0.566902887902
2016-02-10,0.07080302687
2016-02-11,0.541461439938
2016-02-12,0.651288097985
2016-02-15,0.60123320602
2016-02-16,1.24477079826
2016-02-17,0.924604663907
2016-02-18,0.505142825784
2016-02-19,0.855580977073
2016-02-22,0.45446458604
2016-02-23,0.136649670613
2016-02-24,0.439723782756
2016-02-25,0.205897489471
2016-02-26,0.515345693077
2016-02-29,0.4619730506
2016-03-01,0.605659094299
2016-03-02,0.163650080501
2016-03-03,-0.134865008546
2016-03-04,-0.569300274913
2016-03-07,-0.717104722209
2016-03-08,-0.534073049001
2016-03-09,-0.726856351085
2016-03-10,-0.901630465773
2016-03-11,-1.0304074239
2016-03-14,-1.12489215114
2016-03-15,0.496721210912
2016-03-16,1.40265747351
2016-03-17,0.89061436162
2016-03-18,0.470266122265
2016-03-21,0.246734830522
2016-03-22,0.0173308748014
2016-03-23,0.12327098546
2016-03-24,0.421222738628
2016-03-25,0.219827808957
2016-03-27,0.0174136579836
2016-03-28,-0.221924928761
2016-03-29,-0.427376443777
2016-03-30,-0.630241049643
2016-03-31,-0.782464988143
2016-04-03,-0.908913756323
2016-04-04,-0.0400108294402
2016-04-05,0.261624356008
2016-04-06,-0.018649655608
2016-04-07,-0.231796229583
2016-04-10,-0.538429352482
2016-04-11,-0.732338178912
2016-04-12,-0.862278208035
2016-04-13,-0.953744360513
2016-04-14,-1.072393713
2016-04-17,-0.297455686073
2016-04-18,-0.330040754912
2016-04-19,-0.542834979933
2016-04-20,-0.66040802666
2016-04-21,0.128753506456
2016-04-24,-0.0654471089438
2016-04-25,-0.242885152345
2016-04-26,-0.403056384908
2016-04-27,-0.555792013892
2016-04-28,-0.746392983326
2016-05-01,-0.902120332944
2016-05-02,0.129724911449
2016-05-03,-0.114335618815
2016-05-04,-0.300204063003
2016-05-05,-0.0841864409788
2016-05-08,1.05449182117
2016-05-09,0.748173886554
2016-05-10,0.431257258135
2016-05-11,0.542933080456
2016-05-12,0.521541599511
2016-05-15,0.481970159775
2016-05-16,0.221654929531
2016-05-17,0.441899695318
2016-05-18,1.14529986652
2016-05-19,0.873965109288
2016-05-22,0.543792978051
2016-05-23,0.322451653481
2016-05-24,0.971250813864
2016-05-25,0.692920275135
2016-05-26,0.932467413943
2016-05-29,0.663524066122
2016-05-30,0.351929839893
2016-05-31,0.52799770025
2016-06-01,0.269084011834
2016-06-02,-0.0129157611799
2016-06-05,-0.282747228191
2016-06-06,-0.502888288658
2016-06-07,-0.736682757585
2016-06-08,-0.910885323632
2016-06-09,-0.174736032886
2016-06-12,0.0416948568477
2016-06-13,0.648788495929
2016-06-14,0.399793773587
2016-06-15,0.437374104372
2016-06-16,0.161719480123
2016-06-19,-0.1453619524
2016-06-20,-0.356622092022
2016-06-21,-0.330566861088
2016-06-22,-0.541926383717
2016-06-23,0.517107715766
2016-06-26,0.206348934331
2016-06-27,-0.0919528154052
2016-06-28,-0.449406804968
2016-06-29,-0.668468639542
2016-06-30,-0.797679618867
2016-07-03,-0.766984336654
2016-07-04,-0.114824147492
2016-07-05,0.416283440904
2016-07-06,0.420523222608
2016-07-07,0.100516489969
2016-07-10,-0.179589876324
2016-07-11,-0.363445329864
2016-07-12,-0.506986311406
2016-07-13,-0.69785612368
2016-07-14,-0.631029248508
2016-07-17,-0.623156833476
2016-07-18,-0.764736078328
2016-07-19,-0.868491378663
2016-07-20,-0.788688659312
2016-07-21,-0.352271345369
2016-07-24,-0.535331398929
2016-07-25,-0.615530093076
2016-07-26,-0.74333337622
2016-07-27,-0.868906850548
2016-07-28,-0.707836384982
2016-07-31,-0.843851854019
2016-08-01,-0.952329021437
2016-08-02,-0.505957986725
2016-08-03,-0.693999336658
2016-08-04,-0.879484342366
2016-08-07,-0.99984364305
2016-08-08,-1.10430217045
2016-08-09,-1.20666060105
2016-08-10,-1.28732041146
2016-08-11,-0.922471829724
2016-08-14,-0.381310193811
2016-08-15,-0.545375621918
2016-08-16,0.414477135704
2016-08-17,0.120092665135
2016-08-18,0.278984173783
2016-08-21,0.0316417312097
2016-08-22,-0.174558365201
2016-08-23,0.515299814877
2016-08-24,0.275270267573
2016-08-25,-0.00767646503248
2016-08-28,1.30158042468
2016-08-29,0.839635934315
2016-08-30,0.542233750797
2016-08-31,0.187277910525
2016-09-01,0.151612461214
2016-09-04,0.240725434704
2016-09-05,-0.0742061588731
2016-09-06,-0.406672454885
2016-09-07,-0.597203227077
2016-09-08,0.78735076761
2016-09-11,1.00269522151
2016-09-12,0.571415940461
2016-09-13,0.790383123192
2016-09-14,0.942017839676
2016-09-15,0.576729760469
2016-09-18,0.28288316531
2016-09-19,0.0717483646655
2016-09-20,-0.153139755244
2016-09-21,-0.416862375534
2016-09-22,-0.169068277044
2016-09-25,0.13356515986
2016-09-26,-0.0662968289824
2016-09-27,-0.027226412859
2016-09-28,-0.206290302091
2016-09-29,0.322067653551
2016-10-02,0.0635092484883
2016-10-03,-0.214420572925
2016-10-04,0.322525036505
2016-10-05,0.0546681815948
2016-10-06,-0.204089738482
2016-10-09,-0.382542864463
2016-10-10,-0.462566592588
2016-10-11,-0.577848171062
2016-10-12,-0.192334724972
2016-10-13,-0.421349005443
2016-10-16,-0.31708788032
2016-10-17,-0.493990692878
2016-10-18,-0.676372602438
2016-10-19,-0.818044229491
2016-10-20,-0.941207789159
2016-10-23,-1.05535517217
2016-10-24,-1.17480565371
2016-10-25,-1.24880574301
2016-10-26,-0.407500795916
2016-10-27,0.514436266422
2016-10-31,0.610516398015
2016-11-01,1.069713097
2016-11-02,1.04899253881
2016-11-03,1.0678910943
2016-11-04,0.983123265957
2016-11-07,0.468591615662
2016-11-08,0.152882519732
2016-11-09,0.753774110242
2016-11-10,3.24987318948
2016-11-11,3.74906387806
2016-11-14,2.93876240388
2016-11-15,2.38172158071
2016-11-16,1.92220957144
2016-11-17,1.39652261716
2016-11-18,0.935824568273
2016-11-21,0.510012951206
2016-11-22,0.223337116135
2016-11-23,0.429632817986
2016-11-24,0.622044501256
2016-11-25,0.759622222616
2016-11-28,0.498531533809
2016-11-29,0.240933177558
2016-11-30,0.83778340333
2016-12-01,0.859183584871
2016-12-02,2.07531978085
2016-12-05,1.39329982592
2016-12-06,1.02108704526
2016-12-07,0.693719006426
2016-12-08,0.548908873265
2016-12-09,0.266068192935
2016-12-12,-0.00496918956663
2016-12-13,-0.226373114767
2016-12-14,-0.401616447992
2016-12-15,0.557206519075
2016-12-16,0.257193963843
2016-12-19,0.0450246861553
2016-12-20,-0.15906623147
2016-12-21,-0.338895858475
2016-12-22,-0.499616800941
2016-12-23,-0.682430073064
2016-12-26,-0.780945657887
2016-12-27,-0.545445651883
2016-12-28,-0.693952310229
2016-12-29,-0.828940906801
2016-12-30,-0.937520022719
2017-01-02,-0.386278579027
2017-01-03,-0.293363761381
2017-01-04,-0.524802090621
2017-01-05,-0.717242917215
2017-01-06,-0.827813755692
2017-01-09,-0.514448938894
2017-01-10,-0.679300195574
2017-01-11,-0.0801619396616
2017-01-12,-0.297259622888
2017-01-13,0.159736171201
2017-01-16,0.243108595404
2017-01-17,-0.0553596918011
2017-01-18,-0.321869088153
2017-01-19,-0.333269513068
2017-01-20,-0.530324837136
2017-01-23,-0.691581289021
2017-01-24,-0.816179579134
2017-01-25,-0.902667783313
2017-01-26,-0.47770456516
2017-01-27,-0.644719747168
2017-01-30,-0.829933604283
2017-01-31,-0.943840760915
2017-02-01,-0.230314859457
2017-02-02,-0.445424730055
2017-02-03,-0.417113895842
2017-02-06,-0.553548514937
2017-02-07,-0.348296506305
2017-02-08,-0.483052814838
2017-02-09,-0.605614457014
2017-02-10,-0.74139481988
2017-02-13,-0.856989043749
2017-02-14,-0.970836203193
2017-02-15,-1.11768496471
2017-02-16,-1.22150462992
2017-02-17,0.537138887267
2017-02-20,0.282462278984
2017-02-21,0.0596386808428
2017-02-22,-0.161414134168
2017-02-23,-0.419237116505
2017-02-24,0.633438902364
2017-02-27,0.539286389474
2017-02-28,0.276275982242
2017-03-01,0.427963269318
2017-03-02,0.0635157582045
2017-03-03,0.882675232434
2017-03-06,0.41828546873
2017-03-07,0.816931584859
2017-03-08,0.960560676173
2017-03-09,1.52959142677
2017-03-10,1.45005607149
2017-03-13,0.911074552962
2017-03-14,0.894864250935
2017-03-15,0.949330761378
2017-03-16,0.430190635026
2017-03-17,0.281522688404
2017-03-20,0.00384088816751
2017-03-21,-0.228817221939
2017-03-22,0.0284569987768
2017-03-23,0.638607153679
2017-03-24,0.705009869601
2017-03-26,0.3557131095
2017-03-27,0.168752739608
2017-03-28,-0.0515535371369
2017-03-29,-0.291128362241
2017-03-30,0.817586437421
2017-04-02,0.447531274021
2017-04-03,0.345599175687
2017-04-04,0.0553117757038
2017-04-05,0.781610509903
2017-04-06,1.15100030309
2017-04-09,1.15591836521
2017-04-10,0.816270709471
2017-04-11,0.546614936291
2017-04-12,0.300600553734
2017-04-13,0.413526267947
2017-04-16,0.0667461921976
2017-04-17,-0.276704551662
2017-04-18,-0.505490462949
2017-04-19,-0.284897149967
2017-04-20,-0.260417236622
2017-04-23,-0.5593510054
2017-04-24,-0.243421529277
2017-04-25,0.376108945357
2017-04-26,0.0823403596064
2017-04-27,0.486735298467
2017-04-30,0.279319471319
2017-05-01,0.470223962417
2017-05-02,0.161506199122
2017-05-03,0.736879168652
2017-05-04,0.680575013331
2017-05-07,0.568135310159
2017-05-08,0.388463261618
2017-05-09,0.069450004759
2017-05-10,-0.195285498061
2017-05-11,-0.440235578309
2017-05-14,-0.639740843748
2017-05-15,-0.887515657445
2017-05-16,-0.881656183412
2017-05-17,5.48250940181
2017-05-18,3.4001467611
2017-05-21,2.41986403088
2017-05-22,2.04637689217
2017-05-23,1.6960454267
2017-05-24,1.66160241615
2017-05-25,1.28260441606
2017-05-28,1.01639807573
2017-05-29,0.55623881427
2017-05-30,0.340017422822
2017-05-31,0.102572444317
2017-06-01,0.234016350493
2017-06-04,1.0053725748
2017-06-05,0.821880856457
2017-06-06,0.547769748163
2017-06-07,0.423002515494
2017-06-08,0.197179870883
2017-06-11,0.769548803431
2017-06-12,0.646177225416
2017-06-13,0.344304951412
2017-06-14,0.0828727096842
2017-06-15,0.186312600339
2017-06-18,0.429122498846
2017-06-19,0.362996146632
2017-06-20,0.301841973606
2017-06-21,0.562119427279
2017-06-22,0.34720504819
2017-06-25,0.0899314799586
2017-06-26,-0.22520146085
2017-06-27,-0.375706951888
2017-06-28,-0.54999316575
2017-06-29,-0.395736930292
2017-07-02,-0.579002367324
2017-07-03,-0.885595846523
2017-07-04,-0.483178107622
2017-07-05,-0.632703317757
2017-07-06,-0.754083251782
2017-07-09,-0.892129999563
2017-07-10,-1.01761018681
2017-07-11,-1.12635968242
2017-07-12,-1.22865869441
2017-07-13,-1.29143232028
2017-07-16,-1.35493829915
2017-07-17,-1.40684006805
2017-07-18,-1.45686668967
2017-07-19,-1.49716879734
2017-07-20,-1.54824220589
2017-07-23,-0.80134850392
2017-07-24,-0.405430138994
2017-07-25,-0.268982208272
2017-07-26,-0.514397784327
2017-07-27,-0.641393179887
2017-07-30,-0.782100291657
2017-07-31,-0.970325369709
2017-08-01,-0.78444008415
2017-08-02,-0.913078025874
2017-08-03,-0.935108509446
2017-08-06,-0.900075032004
2017-08-07,-0.844938281878
2017-08-08,-0.409722259769
2017-08-09,-0.153181377359
2017-08-10,0.331770097593
2017-08-13,1.19870579925
2017-08-14,0.847095480384
2017-08-15,0.536325785941
2017-08-16,0.18584424846
2017-08-17,0.393732630891
2017-08-20,0.0650009257196
2017-08-21,0.42761356472
2017-08-22,0.345589626104
2017-08-23,0.0707301223256
2017-08-24,0.141060376895
2017-08-27,0.444901467901
2017-08-28,0.923465333271
2017-08-29,0.675747503474
2017-08-30,0.339436226601
2017-08-31,-0.00154060141881
2017-09-03,-0.176589405922
2017-09-04,-0.538211381368
2017-09-05,-0.717921229505
2017-09-06,-0.847236741707
2017-09-07,-0.946929469166
2017-09-10,-1.0510573523
2017-09-11,-0.274322575316
2017-09-12,0.194779052975
2017-09-13,0.19697652265
2017-09-14,-0.0100205438118
2017-09-17,-0.231336437641
2017-09-18,-0.177866067569
2017-09-19,-0.342331744308
2017-09-20,-0.334663993879
2017-09-21,-0.49446993879
2017-09-24,-0.079092169542
2017-09-25,0.609701811322
2017-09-26,1.44876985254
2017-09-27,1.00271955473
2017-09-28,0.590995336391
2017-10-01,0.297524529353
2017-10-02,0.0407787774541
2017-10-03,-0.21851757693
2017-10-04,-0.404648548803
2017-10-05,0.926898104751
2017-10-08,0.376815635391
2017-10-09,0.116354880803
2017-10-10,-0.166627166274
2017-10-11,-0.379878114941
2017-10-12,-0.235174267965
2017-10-15,-0.474162585111
2017-10-16,-0.0981649176812
2017-10-17,-0.339593891791
2017-10-18,-0.505869821065
2017-10-19,-0.0415100703664
2017-10-22,0.582211571396
2017-10-23,1.94620624083
2017-10-24,1.44682100787
2017-10-25,1.40360615675
2017-10-26,2.159458842
2017-10-30,1.45219511474
2017-10-31,0.944522169707
2017-11-01,0.627633989596
2017-11-02,0.348451585319
2017-11-03,2.03950030913
2017-11-06,1.31210629883
2017-11-07,0.883914454652
2017-11-08,0.565394012117
2017-11-09,0.282782193888
2017-11-10,0.251921462429
2017-11-13,0.765568424209
2017-11-14,0.675958617202
2017-11-15,0.702733786389
2017-11-16,0.364605094351
2017-11-17,0.0715602279189
2017-11-20,-0.182411989656
2017-11-21,-0.336630884342
2017-11-22,-0.516771044104
2017-11-23,-0.686353744398
2017-11-24,-0.787295308513
2017-11-27,-0.890848484526
2017-11-28,-1.00898746303
2017-11-29,-1.10865091306
2017-11-30,0.767712547212
2017-12-01,0.435449453554
2017-12-04,0.174612583181
2017-12-05,-0.0974114758991
2017-12-06,-0.23740420574
2017-12-07,1.88392032531
2017-12-08,1.18417044316
2017-12-11,0.879623749262
2017-12-12,1.70082770217
2017-12-13,1.23496769429
2017-12-14,1.66718517081
2017-12-15,1.24411646582
2017-12-18,0.726821962073
2017-12-19,0.458090667861
2017-12-20,0.149614547978
2017-12-21,0.487781583826
2017-12-22,0.614742836914
2017-12-25,0.619190660892
2017-12-26,0.339402565551
2017-12-27,0.0365361230908
2017-12-28,-0.205815814354
2017-12-29,-0.402803107527
2018-01-01,-0.507387183978
2018-01-02,-0.726057724129
2018-01-03,-0.932081045556
2018-01-04,-1.04784890719
2018-01-05,-0.88130374745
2018-01-08,-0.986267329786
2018-01-09,-0.872518493306
2018-01-10,-0.953961763101
2018-01-11,-1.05762277959
2018-01-12,-1.15698018566
2018-01-15,-1.25200269186
2018-01-16,-0.128452754849
2018-01-17,-0.258244831895
2018-01-18,-0.43315696107
2018-01-19,-0.587688246503
2018-01-22,-0.732647374659
2018-01-23,0.382558941577
2018-01-24,-0.0347497487349
2018-01-25,-0.497120289677
2018-01-26,-0.430584762604
2018-01-29,-0.0501664316913
2018-01-30,0.494791218892
2018-01-31,0.185263000168
2018-02-01,0.31576602619
2018-02-02,0.874005975213
2018-02-05,1.14016683974
2018-02-06,1.60791629829
2018-02-07,1.21272870368
2018-02-08,1.64786457119
2018-02-09,1.68056372352
2018-02-12,1.27680342875
2018-02-13,1.04995495267
2018-02-14,0.63384610964
2018-02-15,0.0976992510939
2018-02-16,0.228823182673
2018-02-19,0.0436446421997
2018-02-20,0.476144210285
2018-02-21,0.371784992736
2018-02-22,0.514279944454
2018-02-23,0.210000203386
2018-02-26,-0.00988157070034
2018-02-27,0.115353959212
2018-02-28,-0.121969883515
2018-03-01,0.268415426667
2018-03-02,0.0480921657569
2018-03-05,-0.125099419928
2018-03-06,-0.351209896451
2018-03-07,-0.551831712794
2018-03-08,0.217568420663
2018-03-09,0.0554177012138
2018-03-12,-0.174621761412
2018-03-13,-0.369209566019
2018-03-14,-0.546947552496
