Date,cr-ma1
2010-01-04,
2010-01-05,
2010-01-06,
2010-01-07,
2010-01-08,-0.8342569665737164
2010-01-11,-0.8678988896022777
2010-01-12,-0.823499733573758
2010-01-13,-0.7729618772996488
2010-01-14,-0.806648891318909
2010-01-15,-0.7984874917171997
2010-01-18,-0.7662348511216829
2010-01-19,-0.7313470250863802
2010-01-20,-0.7295712438409241
2010-01-21,-0.6570843519458653
2010-01-22,-0.6228448288157039
2010-01-25,-0.5886014163174607
2010-01-26,-0.5775431723625478
2010-01-27,-0.5345219329986713
2010-01-28,-0.5062263229802745
2010-01-29,-0.4248264400121837
2010-02-01,-0.3601469453060318
2010-02-02,-0.30084987293320037
2010-02-03,-0.2654602645629882
2010-02-04,-0.21919071538574655
2010-02-05,-0.24638645766245196
2010-02-08,-0.28232477851111026
2010-02-09,-0.30658818603785193
2010-02-10,-0.3266590761582117
2010-02-11,-0.35408642423718795
2010-02-12,-0.36586931932437416
2010-02-15,-0.3713829786647853
2010-02-16,-0.3949403077349125
2010-02-17,-0.4189065116083207
2010-02-18,-0.4455207664504524
2010-02-19,-0.45029259857321874
2010-02-22,-0.4564721288220226
2010-02-23,-0.47883326900907414
2010-02-24,-0.5183463594162816
2010-02-25,-0.5571446902355305
2010-02-26,-0.6054903994079213
2010-03-01,-0.639055009804738
2010-03-02,-0.6594626745450382
2010-03-03,-0.678139348141933
2010-03-04,-0.7125533637516193
2010-03-05,-0.7560703529572617
2010-03-08,-0.8153696129697706
2010-03-09,-0.8767415420268223
2010-03-10,-0.9349124991905973
2010-03-11,-0.9756064326798787
2010-03-12,-1.0082204656860398
2010-03-15,-1.0261830177323492
2010-03-16,-1.0388625267355205
2010-03-17,-1.0640503459340882
2010-03-18,-1.090354487290679
2010-03-19,-1.1152997524790023
2010-03-22,-1.1384730116608566
2010-03-23,-1.149716912766015
2010-03-24,-1.1256281824080443
2010-03-25,-1.0950153335149355
2010-03-26,-1.0719525306204776
2010-03-28,-1.0526290756974601
2010-03-29,-1.0399164537178447
2010-03-30,-1.0148788208895534
2010-03-31,-0.9914120843172511
2010-04-01,-0.965601503182884
2010-04-04,-0.9520831662603465
2010-04-05,-0.9552767537275966
2010-04-06,-0.9946708423205792
2010-04-07,-1.031767202895077
2010-04-08,-1.054864414724534
2010-04-11,-1.053047111398283
2010-04-12,-1.0487273998252464
2010-04-13,-1.03040580184277
2010-04-14,-1.0191885985731584
2010-04-15,-1.0162743271962005
2010-04-18,-1.0319500129602277
2010-04-19,-1.0319692044805422
2010-04-20,-1.0266958920955351
2010-04-21,-1.0068069155170352
2010-04-22,-0.9932380261070377
2010-04-25,-0.9772972014672671
2010-04-26,-0.9628933513152355
2010-04-27,-0.9631474665562701
2010-04-28,-0.9936053260581008
2010-04-29,-1.0200863836333633
2010-05-02,-1.029071008015363
2010-05-03,-1.0552958443361493
2010-05-04,-1.0906458557925578
2010-05-05,-1.1147787045311295
2010-05-06,-1.12587630972249
2010-05-09,-1.119938102945302
2010-05-10,-1.0651928344695816
2010-05-11,-0.9586185397756803
2010-05-12,-0.853969256616419
2010-05-13,-0.7776453754326066
2010-05-16,-0.7285778912014307
2010-05-17,-0.7305478166113376
2010-05-18,-0.7548269815665527
2010-05-19,-0.7605346830182611
2010-05-20,-0.7386496483629074
2010-05-23,-0.6977532014545913
2010-05-24,-0.6244457735841564
2010-05-25,-0.545883883895062
2010-05-26,-0.49038143882438157
2010-05-27,-0.4279073344019328
2010-05-30,-0.40522359424844195
2010-05-31,-0.39162905364903966
2010-06-01,-0.4239060741128918
2010-06-02,-0.4547770593321255
2010-06-03,-0.47198107817520124
2010-06-06,-0.47558434901501145
2010-06-07,-0.5127340019594822
2010-06-08,-0.48894005643536703
2010-06-09,-0.4216946383030848
2010-06-10,-0.38595094200909746
2010-06-13,-0.3696677818418216
2010-06-14,-0.35600485394788184
2010-06-15,-0.4253950413496096
2010-06-16,-0.5497974266430954
2010-06-17,-0.6552692429174118
2010-06-20,-0.728486775793295
2010-06-21,-0.7848972544454895
2010-06-22,-0.7875339506017308
2010-06-23,-0.786266489115843
2010-06-24,-0.8100012133965254
2010-06-27,-0.8276051562487645
2010-06-28,-0.8592506156224287
2010-06-29,-0.9168737827471125
2010-06-30,-0.9688579160563228
2010-07-01,-0.9951721524718935
2010-07-04,-1.0521758503271461
2010-07-05,-1.0599282720535723
2010-07-06,-1.0677244774682322
2010-07-07,-1.0516648676309188
2010-07-08,-1.0422558883761899
2010-07-11,-1.0350983500597402
2010-07-12,-1.059740608931665
2010-07-13,-1.0537858257547734
2010-07-14,-1.0729152452758528
2010-07-15,-1.11725332492673
2010-07-18,-1.1483219725954168
2010-07-19,-1.1572478357290692
2010-07-20,-1.170310322200929
2010-07-21,-1.144294077688781
2010-07-22,-1.0966883027102876
2010-07-25,-1.0575092472027887
2010-07-26,-1.0239084840588
2010-07-27,-1.0004120049559633
2010-07-28,-0.9871295795981853
2010-07-29,-0.9795871563891967
2010-08-01,-0.9595707581600311
2010-08-02,-0.9684318983647374
2010-08-03,-0.9742948637407585
2010-08-04,-0.9949724678486543
2010-08-05,-1.0114743177518266
2010-08-08,-1.0386119033880377
2010-08-09,-1.0568749489323754
2010-08-10,-1.080361914361363
2010-08-11,-1.0846433923212475
2010-08-12,-1.0758220971147423
2010-08-15,-1.0520651369550071
2010-08-16,-1.0149515604638495
2010-08-17,-0.9680001206991621
2010-08-18,-0.9301318120344692
2010-08-19,-0.9126156149939606
2010-08-22,-0.9024174950821984
2010-08-23,-0.8922757275467623
2010-08-24,-0.8868153038129986
2010-08-25,-0.8912577398276906
2010-08-26,-0.8782181862964652
2010-08-29,-0.8700022161350257
2010-08-30,-0.8607556869592414
2010-08-31,-0.8557586496453937
2010-09-01,-0.8419530765487857
2010-09-02,-0.8320606551050271
2010-09-05,-0.8150084563367138
2010-09-06,-0.8151941446026899
2010-09-07,-0.8237248824473399
2010-09-08,-0.8303453560456696
2010-09-09,-0.8334780463755185
2010-09-12,-0.8404145763124454
2010-09-13,-0.8423190221955954
2010-09-14,-0.8265960925201339
2010-09-15,-0.8216233226084381
2010-09-16,-0.8288302921384666
2010-09-19,-0.84324920284406
2010-09-20,-0.8492579777420725
2010-09-21,-0.8760420580406133
2010-09-22,-0.8917437272877579
2010-09-23,-0.8898583529032114
2010-09-26,-0.8870010410119548
2010-09-27,-0.8825303174044152
2010-09-28,-0.8524565423894476
2010-09-29,-0.8414094519577896
2010-09-30,-0.8399941354405406
2010-10-03,-0.8541336269757294
2010-10-04,-0.8787437249657216
2010-10-05,-0.9180577444079779
2010-10-06,-0.9432667669390732
2010-10-07,-0.956168830241177
2010-10-10,-0.9819894397686827
2010-10-11,-0.9919186267714626
2010-10-12,-0.9845011430621693
2010-10-13,-0.9786893690548998
2010-10-14,-0.9858656513245161
2010-10-17,-0.969021766802529
2010-10-18,-0.9673155394883577
2010-10-19,-0.9678414594884706
2010-10-20,-0.9621419211559863
2010-10-21,-0.9360400612427147
2010-10-24,-0.9026404169785611
2010-10-25,-0.8614194453261369
2010-10-26,-0.8250757551099028
2010-10-27,-0.7801559884276882
2010-10-28,-0.7590776525057511
2010-11-01,-0.7479763907197573
2010-11-02,-0.7182183625494002
2010-11-03,-0.7027416275608421
2010-11-04,-0.7198351383270842
2010-11-05,-0.7227666897975665
2010-11-08,-0.7223563840121766
2010-11-09,-0.7523127311737057
2010-11-10,-0.7742718351750038
2010-11-11,-0.7553135311197741
2010-11-12,-0.746677912277118
2010-11-15,-0.7389048834671926
2010-11-16,-0.6916326824394312
2010-11-17,-0.6432198332219833
2010-11-18,-0.6201833439886615
2010-11-19,-0.5742889405639907
2010-11-22,-0.5163964217191201
2010-11-23,-0.4961385090675242
2010-11-24,-0.47623218894584496
2010-11-25,-0.456182235915858
2010-11-26,-0.45424416833187997
2010-11-29,-0.47793554032711594
2010-11-30,-0.5040107595568863
2010-12-01,-0.5240195891106413
2010-12-02,-0.5514875568747727
2010-12-03,-0.6105085892313112
2010-12-06,-0.6606070401921333
2010-12-07,-0.7140068195152421
2010-12-08,-0.7855697520157408
2010-12-09,-0.8479212234870163
2010-12-10,-0.8864375131545488
2010-12-13,-0.913165583654443
2010-12-14,-0.9145460262232337
2010-12-15,-0.8758720476772416
2010-12-16,-0.8300011755680745
2010-12-17,-0.8133183553761726
2010-12-20,-0.7979770292763213
2010-12-21,-0.7919651561801756
2010-12-22,-0.8175808504761702
2010-12-23,-0.8506236964155206
2010-12-24,-0.8583305961797231
2010-12-27,-0.8818033147572693
2010-12-28,-0.9164281861167681
2010-12-29,-0.9438822370905591
2010-12-30,-0.9564044693799905
2010-12-31,-0.9810629015620168
2011-01-03,-0.9987975218385287
2011-01-04,-1.0209280455244933
2011-01-05,-1.044642976159726
2011-01-06,-1.0836368536508134
2011-01-07,-1.109076468540434
2011-01-10,-1.1034500281825999
2011-01-11,-1.0658576609265904
2011-01-12,-1.0153268270422866
2011-01-13,-0.9562100648173093
2011-01-14,-0.8791650224043595
2011-01-17,-0.8277435964042575
2011-01-18,-0.7984463072160893
2011-01-19,-0.772514665444266
2011-01-20,-0.763500489563775
2011-01-21,-0.7709330731061375
2011-01-24,-0.7643433236123055
2011-01-25,-0.7571871681914298
2011-01-26,-0.7684690489888737
2011-01-27,-0.7595641341776639
2011-01-28,-0.7518489451166236
2011-01-31,-0.7545883599143914
2011-02-01,-0.7454612809250138
2011-02-02,-0.7050495977808001
2011-02-03,-0.6585124895126889
2011-02-04,-0.6304118029136219
2011-02-07,-0.5914276997501611
2011-02-08,-0.5607759662151768
2011-02-09,-0.5348022415151816
2011-02-10,-0.5090722123566106
2011-02-11,-0.4603255596504382
2011-02-14,-0.42269859499502227
2011-02-15,-0.3955629819689314
2011-02-16,-0.3945432314695123
2011-02-17,-0.4212196127578251
2011-02-18,-0.44382541435547435
2011-02-21,-0.47410786036375174
2011-02-22,-0.48386811830213555
2011-02-23,-0.49099104135514027
2011-02-24,-0.5077333035121607
2011-02-25,-0.5310831979655748
2011-02-28,-0.5445849326677513
2011-03-01,-0.5567116144333586
2011-03-02,-0.5479164883605898
2011-03-03,-0.5179767008976425
2011-03-04,-0.5066851499529454
2011-03-07,-0.49797111217845796
2011-03-08,-0.49738509289846794
2011-03-09,-0.5117175274822844
2011-03-10,-0.5463132384793713
2011-03-11,-0.569403129188905
2011-03-14,-0.5823601540350961
2011-03-15,-0.5802071775032563
2011-03-16,-0.5678451867978384
2011-03-17,-0.5297581857343009
2011-03-18,-0.48255722963625963
2011-03-21,-0.46371166169190636
2011-03-22,-0.4510235704189883
2011-03-23,-0.4386414423938628
2011-03-24,-0.4510021960490383
2011-03-25,-0.45281234152763655
2011-03-27,-0.4610007944919033
2011-03-28,-0.4793135140009476
2011-03-29,-0.5080749486849571
2011-03-30,-0.4906357488894818
2011-03-31,-0.4661994758204983
2011-04-03,-0.5057875271518518
2011-04-04,-0.5662908575781992
2011-04-05,-0.6628397160142186
2011-04-06,-0.8290761113647128
2011-04-07,-1.0199486300122405
2011-04-10,-1.1226415673178658
2011-04-11,-1.2076005933736278
2011-04-12,-1.2753505840305563
2011-04-13,-1.304215841310307
2011-04-14,-1.3217734408075332
2011-04-17,-1.3214888522356028
2011-04-18,-1.3165343752992744
2011-04-19,-1.307501206264803
2011-04-20,-1.308500647162994
2011-04-21,-1.3248667018380977
2011-04-24,-1.380281707690221
2011-04-25,-1.4415905412251937
2011-04-26,-1.502855092978187
2011-04-27,-1.5593498713674454
2011-04-28,-1.6005556704768389
2011-05-01,-1.6160300547162971
2011-05-02,-1.5869274481529294
2011-05-03,-1.5337224841615216
2011-05-04,-1.4762497873633398
2011-05-05,-1.4049988470343548
2011-05-08,-1.3113680438595796
2011-05-09,-1.186354292894096
2011-05-10,-1.04654377302544
2011-05-11,-0.8684520558075751
2011-05-12,-0.7001072331388849
2011-05-15,-0.5459881753469988
2011-05-16,-0.41702847237561147
2011-05-17,-0.2845306635337056
2011-05-18,-0.059100333486520704
2011-05-19,0.20261759640838237
2011-05-22,0.35155038023001256
2011-05-23,0.3910049019179394
2011-05-24,0.4393291025399569
2011-05-25,0.4057365507282925
2011-05-26,0.3262079590480249
2011-05-29,0.32278134502879674
2011-05-30,0.42814286147975583
2011-05-31,0.45017972621037233
2011-06-01,0.3903574809211583
2011-06-02,0.2996504620831812
2011-06-05,0.20098640390789174
2011-06-06,0.09456640337248651
2011-06-07,-0.07661684847079182
2011-06-08,-0.1894455188651825
2011-06-09,-0.2933712230982936
2011-06-12,-0.3689629576100828
2011-06-13,-0.5050874304784582
2011-06-14,-0.5534927597349244
2011-06-15,-0.6158942160168458
2011-06-16,-0.6813128921702604
2011-06-19,-0.7314047919886097
2011-06-20,-0.7165905391420445
2011-06-21,-0.7183027931635612
2011-06-22,-0.7419567876007325
2011-06-23,-0.7787565582919593
2011-06-26,-0.8278396611884379
2011-06-27,-0.8969068113650939
2011-06-28,-0.8989196951702092
2011-06-29,-0.8840594802754972
2011-06-30,-0.889939834306055
2011-07-03,-0.9144582057576855
2011-07-04,-0.9687408213504126
2011-07-05,-1.0548198345578508
2011-07-06,-1.1285239888108425
2011-07-07,-1.1252025561688157
2011-07-10,-1.0542555482898934
2011-07-11,-0.9692627788891401
2011-07-12,-0.9105960710327263
2011-07-13,-0.7836872793943341
2011-07-14,-0.6772190697898987
2011-07-17,-0.5944085126035858
2011-07-18,-0.5619674355118548
2011-07-19,-0.4916998179485783
2011-07-20,-0.5174982893588669
2011-07-21,-0.5693538594873435
2011-07-24,-0.6299326420977055
2011-07-25,-0.6686388375137066
2011-07-26,-0.7738275942124111
2011-07-27,-0.8665140139869176
2011-07-28,-0.9619588617508857
2011-07-31,-1.0101958500769033
2011-08-01,-0.9921766018563023
2011-08-02,-0.9205413382850504
2011-08-03,-0.8760953576318404
2011-08-04,-0.797231216860298
2011-08-07,-0.7430584887781679
2011-08-08,-0.6978815161546132
2011-08-09,-0.5632301433434259
2011-08-10,-0.34968882759972225
2011-08-11,-0.016797803282133567
2011-08-14,0.20969945736627604
2011-08-15,0.4104533246361855
2011-08-16,0.5067521327811676
2011-08-17,0.5235561792694986
2011-08-18,0.33681716458983435
2011-08-21,0.18631615482101307
2011-08-22,0.07562211255102047
2011-08-23,0.007034398068839246
2011-08-24,-0.05475058884188219
2011-08-25,-0.04005105581089004
2011-08-28,0.020608156384488794
2011-08-29,0.06653299914540046
2011-08-30,0.11364831408217009
2011-08-31,0.17328992388834724
2011-09-01,0.22461018233797325
2011-09-04,0.3045674571651108
2011-09-05,0.3323986081540311
2011-09-06,0.373542745697611
2011-09-07,0.5026189141418118
2011-09-08,0.7098178830799273
2011-09-11,0.8674985698050935
2011-09-12,1.013094052317619
2011-09-13,1.1857784613352123
2011-09-14,1.2865085736499973
2011-09-15,1.3622929073548355
2011-09-18,1.3823366880118808
2011-09-19,1.460558693502921
2011-09-20,1.4233383564217559
2011-09-21,1.6121210999499378
2011-09-22,2.033625022505619
2011-09-25,2.8113592557560003
2011-09-26,3.878243646177394
2011-09-27,5.0906903983382135
2011-09-28,5.475144541671618
2011-09-29,5.3862805929955435
2011-10-02,4.9171632704093415
2011-10-03,4.198852348545289
2011-10-04,3.4066629297066906
2011-10-05,3.3026624001870926
2011-10-06,3.5122148299632756
2011-10-09,3.6313484498695967
2011-10-10,3.5479380205389583
2011-10-11,3.262772446791694
2011-10-12,2.7622916776106896
2011-10-13,2.1132079888626345
2011-10-16,1.643036690480723
2011-10-17,1.291064593326721
2011-10-18,1.0823216286155186
2011-10-19,0.9756136345011791
2011-10-20,0.9019349711661626
2011-10-23,0.7802017653277954
2011-10-24,0.6854314528080322
2011-10-25,0.6496068574980368
2011-10-26,0.6043736638660706
2011-10-27,0.4685913444558058
2011-10-31,0.35799911721805694
2011-11-01,0.17680575404967644
2011-11-02,-0.13340971649275027
2011-11-03,-0.46326823215518387
2011-11-04,-0.638385432142152
2011-11-07,-0.73929717114323
2011-11-08,-0.7801482080956555
2011-11-09,-0.7135012095492536
2011-11-10,-0.6088824844291745
2011-11-11,-0.6198402807994194
2011-11-14,-0.6942821070357903
2011-11-15,-0.717851202260728
2011-11-16,-0.7234518744691544
2011-11-17,-0.6731552441739199
2011-11-18,-0.5200293625239543
2011-11-21,-0.3431751913260218
2011-11-22,-0.23061102587451657
2011-11-23,-0.1296431341726949
2011-11-24,0.010692231605051374
2011-11-25,0.11370307509154966
2011-11-28,0.22025971075283507
2011-11-29,0.44431619536715344
2011-11-30,0.668601592763301
2011-12-01,0.7506170114382701
2011-12-02,0.7915444556791899
2011-12-05,0.7947456964798278
2011-12-06,0.6257004349383241
2011-12-07,0.46348104855438854
2011-12-08,0.4171383510517115
2011-12-09,0.4358764701370543
2011-12-12,0.419858872456165
2011-12-13,0.4482794382129561
2011-12-14,0.5135616079524028
2011-12-15,0.4956755256894186
2011-12-16,0.4545540254058744
2011-12-19,0.5562455453060499
2011-12-20,0.6818112230907806
2011-12-21,0.6693193461743298
2011-12-22,0.7097496206125368
2011-12-23,0.7302155572671175
2011-12-26,0.6275684408891689
2011-12-27,0.5127288073590794
2011-12-28,0.46494954635681957
2011-12-29,0.39955222911719607
2011-12-30,0.269466358731586
2012-01-02,0.1889504265818315
2012-01-03,0.08395472592795711
2012-01-04,-0.07337172286403837
2012-01-05,-0.2757781563611578
2012-01-06,-0.40608460038656924
2012-01-09,-0.541574926184099
2012-01-10,-0.5920080856360941
2012-01-11,-0.4920797445307389
2012-01-12,-0.3106795350603126
2012-01-13,-0.192433281633476
2012-01-16,-0.09869295580966403
2012-01-17,-0.09275929121442063
2012-01-18,-0.18929626246286407
2012-01-19,-0.3534107566871725
2012-01-20,-0.4886140104773514
2012-01-23,-0.6324779801754543
2012-01-24,-0.7925687406814529
2012-01-25,-0.9293007945774531
2012-01-26,-1.031079240633365
2012-01-27,-1.1093915437706114
2012-01-30,-1.1634261874570366
2012-01-31,-1.165224109127982
2012-02-01,-1.1813935883341595
2012-02-02,-1.2240333282951739
2012-02-03,-1.2722078814275466
2012-02-06,-1.301265193657037
2012-02-07,-1.360728746366147
2012-02-08,-1.4108381346758878
2012-02-09,-1.438897041972212
2012-02-10,-1.4603940404045133
2012-02-13,-1.4917008299134842
2012-02-14,-1.4798371945555853
2012-02-15,-1.4626427838667158
2012-02-16,-1.474830562227893
2012-02-17,-1.4959391697175384
2012-02-20,-1.4940534237806893
2012-02-21,-1.474339269358758
2012-02-22,-1.4507617945236513
2012-02-23,-1.397687269241198
2012-02-24,-1.320429398231196
2012-02-27,-1.2607252748059898
2012-02-28,-1.249756277736709
2012-02-29,-1.212677762056628
2012-03-01,-1.181577052940456
2012-03-02,-1.1734433529343316
2012-03-05,-1.1643547851867686
2012-03-06,-1.101546605398157
2012-03-07,-1.0429443162233742
2012-03-08,-0.9373788503393483
2012-03-09,-0.7177143070426804
2012-03-12,-0.5081941519932346
2012-03-13,-0.28094357073955883
2012-03-14,-0.021383675884641143
2012-03-15,0.2973271594774383
2012-03-16,0.588699214562768
2012-03-19,0.8535107442570948
2012-03-20,1.068008235364227
2012-03-21,1.2188044648175278
2012-03-22,1.2803269406179152
2012-03-23,1.338700522509995
2012-03-25,1.3976754217881773
2012-03-26,1.4805760797886565
2012-03-27,1.4942156605990145
2012-03-28,1.4947211845324533
2012-03-29,1.431208183021581
2012-04-01,1.3610068997884408
2012-04-02,1.297491305518678
2012-04-03,1.3314012627043519
2012-04-04,1.3704421654131738
2012-04-05,1.3799928612490537
2012-04-08,1.43480364266805
2012-04-09,1.4276552900325703
2012-04-10,1.3762819411383809
2012-04-11,1.320983804215694
2012-04-12,1.1950179983311247
2012-04-15,1.0453048366160462
2012-04-16,0.9433150171106892
2012-04-17,0.7913929835299164
2012-04-18,0.6485964538743609
2012-04-19,0.5328928906137362
2012-04-22,0.4335725540191284
2012-04-23,0.3648062742974515
2012-04-24,0.3830565948812795
2012-04-25,0.38523284909593153
2012-04-26,0.43402402740180335
2012-04-29,0.4445225505608589
2012-04-30,0.41129670772120386
2012-05-01,0.3438571267116385
2012-05-02,0.29679832057107325
2012-05-03,0.3391477959644998
2012-05-06,0.38339082479399667
2012-05-07,0.4772117762874667
2012-05-08,0.5339835578771487
2012-05-09,0.6311820370154795
2012-05-10,0.6119540116898633
2012-05-13,0.7168127467759682
2012-05-14,0.8378387192371098
2012-05-15,0.9801696776961413
2012-05-16,1.1041798502938278
2012-05-17,1.3143669233439272
2012-05-20,1.505348342285342
2012-05-21,1.564800482675729
2012-05-22,1.713061580540916
2012-05-23,1.9291487057693881
2012-05-24,2.1364493578570487
2012-05-27,2.382150978132852
2012-05-28,2.390019563990009
2012-05-29,2.224959939150718
2012-05-30,1.8668802142310468
2012-05-31,1.486712848104203
2012-06-03,1.0269430680473726
2012-06-04,0.894774141848627
2012-06-05,0.9150181836816128
2012-06-06,1.042592303872887
2012-06-07,1.1539389544844858
2012-06-10,1.1443059814832153
2012-06-11,1.1311147851827381
2012-06-12,1.0381448828057356
2012-06-13,0.9302863578749032
2012-06-14,0.8449300694050517
2012-06-17,0.8630287635364768
2012-06-18,0.8006006004426203
2012-06-19,0.7217504721316772
2012-06-20,0.6516984507841969
2012-06-21,0.5190388860331437
2012-06-24,0.3033889142589528
2012-06-25,0.13734729194626502
2012-06-26,0.07653604395523618
2012-06-27,-0.017643159047433597
2012-06-28,-0.10540883689200647
2012-07-01,-0.1352428123140364
2012-07-02,-0.2032239488533878
2012-07-03,-0.30322498934592873
2012-07-04,-0.41523354400119156
2012-07-05,-0.47243094656952334
2012-07-08,-0.48338310038043564
2012-07-09,-0.45778802701460397
2012-07-10,-0.46444375715145525
2012-07-11,-0.4496553270955884
2012-07-12,-0.4677187085094453
2012-07-15,-0.5269402794415765
2012-07-16,-0.5454632820272062
2012-07-17,-0.5433271730884679
2012-07-18,-0.5326185442574675
2012-07-19,-0.5043435854351115
2012-07-22,-0.514274777849561
2012-07-23,-0.5704571028682917
2012-07-24,-0.6326787089127143
2012-07-25,-0.6616925183516212
2012-07-26,-0.6716594265276673
2012-07-29,-0.6287185943020226
2012-07-30,-0.5591862783681016
2012-07-31,-0.4957190268685076
2012-08-01,-0.5025621381774351
2012-08-02,-0.5125083944590906
2012-08-05,-0.5087091057010152
2012-08-06,-0.5543984694392391
2012-08-07,-0.5971978002234043
2012-08-08,-0.5848322738088151
2012-08-09,-0.5233639674723546
2012-08-12,-0.460398424027162
2012-08-13,-0.4238693390304355
2012-08-14,-0.4041251430996431
2012-08-15,-0.411711904250115
2012-08-16,-0.4935396001739785
2012-08-19,-0.5905352052157998
2012-08-20,-0.6372653593482885
2012-08-21,-0.6785727929133402
2012-08-22,-0.7251967150257077
2012-08-23,-0.7642977449134641
2012-08-26,-0.802529387203171
2012-08-27,-0.8015929108962506
2012-08-28,-0.7568379868464311
2012-08-29,-0.6941729892080365
2012-08-30,-0.6359970836200894
2012-09-02,-0.5920285953013033
2012-09-03,-0.5739881416909505
2012-09-04,-0.5662832458770806
2012-09-05,-0.5775978411206497
2012-09-06,-0.5786059514464051
2012-09-09,-0.5968031884733894
2012-09-10,-0.6403900365369792
2012-09-11,-0.6906384811546276
2012-09-12,-0.7388654976750861
2012-09-13,-0.7740764434053822
2012-09-16,-0.7951955631011042
2012-09-17,-0.7769337347328706
2012-09-18,-0.7654207945821385
2012-09-19,-0.7361492752124639
2012-09-20,-0.6985535069549885
2012-09-23,-0.6758912233474383
2012-09-24,-0.6725058267323789
2012-09-25,-0.6468795873266483
2012-09-26,-0.6250215417886744
2012-09-27,-0.6271291199411639
2012-09-30,-0.5912732110522322
2012-10-01,-0.5477987650308881
2012-10-02,-0.5397685014584427
2012-10-03,-0.5590108213477655
2012-10-04,-0.5812809260618711
2012-10-07,-0.6485821020590442
2012-10-08,-0.7431526091478508
2012-10-09,-0.8280831848174968
2012-10-10,-0.863722580450259
2012-10-11,-0.8497334914014336
2012-10-14,-0.8159786278935669
2012-10-15,-0.7633304029322157
2012-10-16,-0.6951964682198098
2012-10-17,-0.630465153798787
2012-10-18,-0.6168621962255358
2012-10-21,-0.5962101671302371
2012-10-22,-0.5698505680470949
2012-10-23,-0.5817433436456064
2012-10-24,-0.6021240148559421
2012-10-25,-0.6336707153065221
2012-10-29,-0.6880619680573077
2012-10-30,-0.730655178688601
2012-10-31,-0.7406274299361
2012-11-01,-0.7510855351126821
2012-11-02,-0.7341546799153775
2012-11-05,-0.7102181913961019
2012-11-06,-0.7027978316345086
2012-11-07,-0.6986063042145791
2012-11-08,-0.713191663763601
2012-11-09,-0.7238667945265987
2012-11-12,-0.7181431407497081
2012-11-13,-0.690374527403784
2012-11-14,-0.6057180530620405
2012-11-15,-0.5258984904123145
2012-11-16,-0.45377735028713817
2012-11-19,-0.40201452019024847
2012-11-20,-0.35628496021024
2012-11-21,-0.3639726950516566
2012-11-22,-0.3252335036436452
2012-11-23,-0.3119349769481125
2012-11-26,-0.21205813325124812
2012-11-27,-0.10049947950457594
2012-11-28,0.05784633260049591
2012-11-29,0.12341754976385716
2012-11-30,0.2127325180764033
2012-12-03,0.260119568766389
2012-12-04,0.3141403974385749
2012-12-05,0.3744730287588816
2012-12-06,0.5416151830305546
2012-12-07,0.604741424702903
2012-12-10,0.6207792792012522
2012-12-11,0.5659504214530594
2012-12-12,0.41422338785390767
2012-12-13,0.2095097982405583
2012-12-14,0.09197878255124745
2012-12-17,0.004996663899627144
2012-12-18,-0.04209560064049766
2012-12-19,-0.038635942411300236
2012-12-20,-0.06211688800870077
2012-12-21,-0.04673310424466299
2012-12-24,-0.09463150769963609
2012-12-25,-0.1791056443603163
2012-12-26,-0.2713532749846894
2012-12-27,-0.3274151666509991
2012-12-28,-0.42321273266394466
2012-12-31,-0.4785749091908363
2013-01-01,-0.5464347820389094
2013-01-02,-0.6274374440576855
2013-01-03,-0.7292620173369446
2013-01-04,-0.7877453513813714
2013-01-07,-0.8385921213419838
2013-01-08,-0.8515619155127926
2013-01-09,-0.8688417104053916
2013-01-10,-0.9034567074144911
2013-01-11,-1.0075613540478134
2013-01-14,-1.0651350995856996
2013-01-15,-1.1138977686171798
2013-01-16,-1.1333642352321516
2013-01-17,-1.1094529217042828
2013-01-18,-1.0502793319535428
2013-01-21,-1.0199627662928878
2013-01-22,-0.9924019339494838
2013-01-23,-0.9725746442889189
2013-01-24,-0.9853042948600139
2013-01-25,-0.9918083161097421
2013-01-28,-1.0255838641292498
2013-01-29,-1.0473151827276537
2013-01-30,-1.0540039654829654
2013-01-31,-1.059865041380515
2013-02-01,-1.1157698038564832
2013-02-04,-1.162295382224978
2013-02-05,-1.208891382677097
2013-02-06,-1.2491073847159202
2013-02-07,-1.2691234068303403
2013-02-08,-1.2465083356316646
2013-02-11,-1.2335230713194163
2013-02-12,-1.2196014285225683
2013-02-13,-1.2457489437779516
2013-02-14,-1.2662736846208338
2013-02-15,-1.2732808178710138
2013-02-18,-1.2556300190565362
2013-02-19,-1.2741466854541312
2013-02-20,-1.2818307193192118
2013-02-21,-1.2738702504058137
2013-02-22,-1.2900638870105203
2013-02-25,-1.3247979022608634
2013-02-26,-1.3038000620006174
2013-02-27,-1.2712198274583495
2013-02-28,-1.2652352858361993
2013-03-01,-1.233955783964377
2013-03-04,-1.195766052579483
2013-03-05,-1.1940862635845955
2013-03-06,-1.1757231008390332
2013-03-07,-1.155300068867653
2013-03-08,-1.1594238323805284
2013-03-11,-1.1254685739469084
2013-03-12,-1.0810114199895107
2013-03-13,-1.0641126821516667
2013-03-14,-1.063076521060377
2013-03-15,-1.030356530782439
2013-03-18,-1.0175067222356198
2013-03-19,-0.9801254958019248
2013-03-20,-0.9346191174534373
2013-03-21,-0.7702660712958512
2013-03-22,-0.6723582088670048
2013-03-25,-0.5719829387577468
2013-03-26,-0.470718044493104
2013-03-27,-0.30899367010435647
2013-03-28,-0.25024247149824663
2013-03-29,-0.15265386464315223
2013-03-31,-0.006256256531168247
2013-04-01,0.11204609176257131
2013-04-02,0.13842924241624835
2013-04-03,0.14921312823589522
2013-04-04,0.15528215063737874
2013-04-07,0.07255540686287909
2013-04-08,-0.021423824949878115
2013-04-09,-0.10952110890262753
2013-04-10,-0.24064030061717687
2013-04-11,-0.3462988697208949
2013-04-14,-0.41473156290999996
2013-04-15,-0.4932965174632337
2013-04-16,-0.5503516366559638
2013-04-17,-0.53503399058078
2013-04-18,-0.45789398868633924
2013-04-21,-0.4316307324172954
2013-04-22,-0.3633994222281768
2013-04-23,-0.3055812465926082
2013-04-24,-0.24302574772215926
2013-04-25,-0.2844402330928924
2013-04-28,-0.2493198629129039
2013-04-29,-0.26848370855029774
2013-04-30,-0.3025173689084486
2013-05-01,-0.39942218106970356
2013-05-02,-0.4429338402507339
2013-05-05,-0.5446181028059255
2013-05-06,-0.6246306729876853
2013-05-07,-0.6551391229576256
2013-05-08,-0.6524106628348764
2013-05-09,-0.6752345195338227
2013-05-12,-0.6747914307078876
2013-05-13,-0.6689482740389505
2013-05-14,-0.6606818119410187
2013-05-15,-0.6101011677045456
2013-05-16,-0.537585948139022
2013-05-19,-0.4423767491816002
2013-05-20,-0.31836853328084513
2013-05-21,-0.180347050370507
2013-05-22,-0.060235519717704945
2013-05-23,0.06394596349754098
2013-05-26,0.10464959172867579
2013-05-27,0.17904498246101777
2013-05-28,0.15913444501762286
2013-05-29,0.10995366325017916
2013-05-30,0.0534367575712902
2013-06-02,0.09317476083416146
2013-06-03,0.12043963885181348
2013-06-04,0.2769041638199393
2013-06-05,0.5309912790497812
2013-06-06,0.8175852324364873
2013-06-09,0.9862956144319489
2013-06-10,1.159210878926751
2013-06-11,1.261894723486959
2013-06-12,1.281283552479241
2013-06-13,1.2534837075350709
2013-06-16,1.3155535061359172
2013-06-17,1.3797546357795563
2013-06-18,1.3560287576153307
2013-06-19,1.3103126651990145
2013-06-20,1.3470160311771717
2013-06-23,1.418552003653856
2013-06-24,1.5445846868838153
2013-06-25,1.8249146172925157
2013-06-26,2.0539667289725916
2013-06-27,2.091745542850856
2013-06-30,2.0243983795293103
2013-07-01,1.8153701428528486
2013-07-02,1.5518979486645996
2013-07-03,1.4255656407943995
2013-07-04,1.458959590823936
2013-07-07,1.5730730885156041
2013-07-08,1.6933474860493687
2013-07-09,1.714419319681981
2013-07-10,1.6477695540529234
2013-07-11,1.504316357365185
2013-07-14,1.3223516796937211
2013-07-15,1.21168186770048
2013-07-16,1.1574741623185882
2013-07-17,1.1181782627654862
2013-07-18,1.0132799232896046
2013-07-21,0.96615370967017
2013-07-22,0.8295376764472598
2013-07-23,0.6937769927008006
2013-07-24,0.6530313221437827
2013-07-25,0.6572397754369165
2013-07-28,0.5376248172117247
2013-07-29,0.4997961514025187
2013-07-30,0.3953843805999594
2013-07-31,0.18604620227355664
2013-08-01,0.06174635181230311
2013-08-04,0.10326473459083527
2013-08-05,0.14500807880435962
2013-08-06,0.37408642359663563
2013-08-07,0.504564983115177
2013-08-08,0.5804322844144427
2013-08-11,0.5372957154418467
2013-08-12,0.40664772809224503
2013-08-13,0.13443733420476678
2013-08-14,-0.020650324084374914
2013-08-15,-0.12946395407605552
2013-08-18,-0.1828653864237882
2013-08-19,-0.13479172820598326
2013-08-20,-0.01675126080131069
2013-08-21,0.18999728928150483
2013-08-22,0.37744660727998736
2013-08-25,0.6335769174653142
2013-08-26,0.8621869034802538
2013-08-27,0.9936569325586747
2013-08-28,0.9732674984706248
2013-08-29,0.9343087983955087
2013-09-01,0.7754863421391548
2013-09-02,0.5874644769350245
2013-09-03,0.465023199325931
2013-09-04,0.4704213291570802
2013-09-05,0.4398541172119132
2013-09-08,0.3931580830589446
2013-09-09,0.3209371165114553
2013-09-10,0.21571587129496844
2013-09-11,0.0894512710595509
2013-09-12,-0.02278468599077223
2013-09-15,-0.07956406394594824
2013-09-16,-0.10636977682728985
2013-09-17,-0.08989846228337364
2013-09-18,-0.10618683219638925
2013-09-19,-0.08408529274923243
2013-09-22,-0.10788003168913113
2013-09-23,-0.17611492495320952
2013-09-24,-0.25663326838382505
2013-09-25,-0.27772513039298824
2013-09-26,-0.3773290740224671
2013-09-29,-0.43053527175767453
2013-09-30,-0.4175024449635902
2013-10-01,-0.40317728305241624
2013-10-02,-0.426337819715017
2013-10-03,-0.38375636309583405
2013-10-06,-0.36064658849357445
2013-10-07,-0.34407877408765997
2013-10-08,-0.2978171827680906
2013-10-09,-0.29518729972350444
2013-10-10,-0.336741669825657
2013-10-13,-0.35018430632062475
2013-10-14,-0.36694052418266376
2013-10-15,-0.41342332382186325
2013-10-16,-0.4083447138454502
2013-10-17,-0.42739042392979226
2013-10-20,-0.4194089399893882
2013-10-21,-0.4440943194522937
2013-10-22,-0.46426085606429823
2013-10-23,-0.5090713080922139
2013-10-24,-0.456007299188611
2013-10-28,-0.43313418252387204
2013-10-29,-0.3311618599738195
2013-10-30,-0.1425012152068614
2013-10-31,-0.017518042795897543
2013-11-01,-0.08611532177528078
2013-11-04,-0.08754407616414082
2013-11-05,-0.12426042552701193
2013-11-06,-0.2155500152928359
2013-11-07,-0.28998207522711805
2013-11-08,-0.14376692973976388
2013-11-11,0.027809268231144314
2013-11-12,0.20108974514432823
2013-11-13,0.5031387293621246
2013-11-14,0.7858598238829685
2013-11-15,1.0673306510332918
2013-11-18,1.1813668438310163
2013-11-19,1.2618589895987395
2013-11-20,1.1847074482955535
2013-11-21,1.1456996007501952
2013-11-22,0.9711384861461805
2013-11-25,0.8789042050817125
2013-11-26,0.8853140537559847
2013-11-27,0.9359821858761578
2013-11-28,0.9854531182507937
2013-11-29,1.13240230494835
2013-12-02,1.2604899417624316
2013-12-03,1.3378851411304358
2013-12-04,1.3010372544055933
2013-12-05,1.3308371335446083
2013-12-06,1.426640450859302
2013-12-09,1.5969962245832914
2013-12-10,1.7145215751806886
2013-12-11,1.748965991389412
2013-12-12,1.5816035702265339
2013-12-13,1.3012596465885922
2013-12-16,0.9112509997117368
2013-12-17,0.5409607490610944
2013-12-18,0.2973069286707898
2013-12-19,0.13739664497208584
2013-12-20,0.011723958280778915
2013-12-23,-0.11256462218391815
2013-12-24,-0.17899151263635998
2013-12-25,-0.16995493804449133
2013-12-26,-0.04241467510563808
2013-12-27,0.08235537175397467
2013-12-30,0.32127117888054885
2013-12-31,0.49360422640426
2014-01-01,0.5410605239868469
2014-01-02,0.47909785970347674
2014-01-03,0.4847136106731171
2014-01-06,0.3768387160420675
2014-01-07,0.2950876219188469
2014-01-08,0.253255351246423
2014-01-09,0.2728940971590157
2014-01-10,0.15849096980354704
2014-01-13,0.0639348074854184
2014-01-14,-0.04558147724687649
2014-01-15,-0.1509261639085543
2014-01-16,-0.25429889465323513
2014-01-17,-0.23860851048843787
2014-01-20,-0.21847607294571597
2014-01-21,-0.17487866119702172
2014-01-22,-0.14694529538273224
2014-01-23,-0.1405099247236278
2014-01-24,-0.14442377765425604
2014-01-27,-0.1305814576986847
2014-01-28,-0.09678983296348995
2014-01-29,0.0028605754728441373
2014-01-30,0.05970490478617407
2014-01-31,0.06911665343813866
2014-02-03,0.15316940293979384
2014-02-04,0.1674806775916471
2014-02-05,0.12147581674615432
2014-02-06,0.15555975253755672
2014-02-07,0.24002772221966345
2014-02-10,0.1690711200309928
2014-02-11,0.10499875671634175
2014-02-12,0.020760449395395356
2014-02-13,-0.07497952526636412
2014-02-14,-0.1839078424434811
2014-02-17,-0.19964990605831656
2014-02-18,-0.1705606987929731
2014-02-19,-0.15530087630683415
2014-02-20,-0.1391951092323519
2014-02-21,-0.10983322153608195
2014-02-24,-0.0801831642051042
2014-02-25,-0.08047707913048112
2014-02-26,-0.06401400695596204
2014-02-27,-0.08309718634227319
2014-02-28,-0.1313314347895313
2014-03-03,-0.21622917114051746
2014-03-04,-0.30023405627279537
2014-03-05,-0.3761459219152522
2014-03-06,-0.4647073345367882
2014-03-07,-0.5653073710870385
2014-03-10,-0.6738485050054219
2014-03-11,-0.8258921089902972
2014-03-12,-0.9023534277448794
2014-03-13,-0.9109164883065288
2014-03-14,-0.9153481569636638
2014-03-17,-0.883783826469786
2014-03-18,-0.7970640435063403
2014-03-19,-0.6975261775004276
2014-03-20,-0.631104359558231
2014-03-21,-0.5795612841750789
2014-03-24,-0.5824930116179678
2014-03-25,-0.5801340885369749
2014-03-26,-0.6633536196433528
2014-03-27,-0.7106434910335933
2014-03-28,-0.7559497818114898
2014-03-30,-0.7831991126747543
2014-03-31,-0.8703909152259364
2014-04-01,-0.9133156828471756
2014-04-02,-0.9651607591875107
2014-04-03,-0.9862243258211622
2014-04-06,-0.9789321457906696
2014-04-07,-0.9131770991437927
2014-04-08,-0.8617097549126193
2014-04-09,-0.8436270702094627
2014-04-10,-0.883487026149438
2014-04-13,-0.9389839660295477
2014-04-14,-1.0120215068733494
2014-04-15,-1.0285890275318872
2014-04-16,-1.0463237567239525
2014-04-17,-1.0371071799129303
2014-04-20,-1.0140855360972634
2014-04-21,-0.9996890359492652
2014-04-22,-1.0104436117621545
2014-04-23,-1.0280202095409618
2014-04-24,-1.0222112147671794
2014-04-27,-1.0230006902244115
2014-04-28,-1.0143086861893853
2014-04-29,-1.0270196850266877
2014-04-30,-0.9830433905892987
2014-05-01,-0.9807022297179706
2014-05-04,-0.9366006158758138
2014-05-05,-0.8890393751037469
2014-05-06,-0.8008258460216576
2014-05-07,-0.735193216834915
2014-05-08,-0.632876362690931
2014-05-11,-0.5948055815137415
2014-05-12,-0.5673653007859858
2014-05-13,-0.5898581970428824
2014-05-14,-0.6193147623585171
2014-05-15,-0.6283154112556659
2014-05-18,-0.5742551021658634
2014-05-19,-0.5005725908711697
2014-05-20,-0.36330625927918114
2014-05-21,-0.2853177925407242
2014-05-22,-0.26549283311066857
2014-05-25,-0.2858642125235341
2014-05-26,-0.3475453242735312
2014-05-27,-0.45657787902310015
2014-05-28,-0.5084787916791239
2014-05-29,-0.519952744031622
2014-06-01,-0.5110623095966664
2014-06-02,-0.4916776234628615
2014-06-03,-0.4426365194560618
2014-06-04,-0.34690457861166213
2014-06-05,-0.26941490326410433
2014-06-08,-0.14465944820496676
2014-06-09,-0.05848376563792241
2014-06-10,-0.016156854015657238
2014-06-11,-0.06106511016736162
2014-06-12,-0.1044746952236376
2014-06-15,-0.2548357691114489
2014-06-16,-0.3111614448034883
2014-06-17,-0.3293337226698407
2014-06-18,-0.33046100014579943
2014-06-19,-0.2862895991781128
2014-06-22,-0.16605591886277252
2014-06-23,-0.13462373832650326
2014-06-24,-0.10267164812713771
2014-06-25,-0.06676552067867707
2014-06-26,-0.09219345547685816
2014-06-29,-0.14332038747156808
2014-06-30,-0.17134459392636556
2014-07-01,-0.23044783768164592
2014-07-02,-0.292934790648695
2014-07-03,-0.3223024121474105
2014-07-06,-0.38590694904154554
2014-07-07,-0.39797528774830365
2014-07-08,-0.41369986530415775
2014-07-09,-0.41262465639383056
2014-07-10,-0.45689264203205593
2014-07-13,-0.5158891651573609
2014-07-14,-0.5997472255477819
2014-07-15,-0.6588622513576462
2014-07-16,-0.6985303648260189
2014-07-17,-0.6993855540236713
2014-07-20,-0.6386809318211419
2014-07-21,-0.5331887059749515
2014-07-22,-0.41405850890425644
2014-07-23,-0.35121801023178734
2014-07-24,-0.30227519761725213
2014-07-27,-0.3162501689055189
2014-07-28,-0.3875093458808458
2014-07-29,-0.4388907928032296
2014-07-30,-0.4551759095075871
2014-07-31,-0.4857283304416437
2014-08-03,-0.41962198515469273
2014-08-04,-0.2869351398851117
2014-08-05,-0.14043381090636442
2014-08-06,-0.000749653465446786
2014-08-07,0.20446621243098642
2014-08-10,0.36139496334742716
2014-08-11,0.4724351925614175
2014-08-12,0.51394993700677
2014-08-13,0.5666866600800404
2014-08-14,0.5479938360253147
2014-08-17,0.5009746634125872
2014-08-18,0.4820276162795866
2014-08-19,0.42876774683752816
2014-08-20,0.3331501190052889
2014-08-21,0.27014422232141405
2014-08-24,0.2210404717439833
2014-08-25,0.15672343240309058
2014-08-26,0.13829737679253423
2014-08-27,0.1275808442567431
2014-08-28,0.17255400835501408
2014-08-31,0.1958128405265264
2014-09-01,0.20251335671111517
2014-09-02,0.16835302180084652
2014-09-03,0.14418853629815576
2014-09-04,0.06367980762129541
2014-09-07,0.00937008264289685
2014-09-08,-0.08271361401918605
2014-09-09,-0.17657377356354384
2014-09-10,-0.271838902179143
2014-09-11,-0.2981796020102463
2014-09-14,-0.31513884473741094
2014-09-15,-0.33022642327571317
2014-09-16,-0.23014465523936686
2014-09-17,-0.09608553396930927
2014-09-18,0.04057036643902754
2014-09-21,0.18856355281144066
2014-09-22,0.43502719321109573
2014-09-23,0.6198988185010301
2014-09-24,0.8640899089822578
2014-09-25,1.1470272084694517
2014-09-28,1.4582526011306771
2014-09-29,1.6686414500463498
2014-09-30,1.9165679073310657
2014-10-01,2.0570372805892685
2014-10-02,2.109887981478778
2014-10-05,2.0871049151626164
2014-10-06,2.293749158976849
2014-10-07,2.530023550852449
2014-10-08,2.5102234255428577
2014-10-09,2.367128887542079
2014-10-12,2.179443685790897
2014-10-13,1.7669383776645333
2014-10-14,1.3268586531614976
2014-10-15,1.1757415883533755
2014-10-16,1.1077211811339018
2014-10-19,1.0970267136423022
2014-10-20,1.1747025504986224
2014-10-21,1.1622038510626675
2014-10-22,1.0776547790534599
2014-10-23,1.0124629622316332
2014-10-27,0.9381715611443998
2014-10-28,0.8358860111046825
2014-10-29,0.7092066327537458
2014-10-30,0.6922506135138081
2014-10-31,0.6472566073902364
2014-11-03,0.5345396003853653
2014-11-04,0.3527735297312725
2014-11-05,0.2335175925791994
2014-11-06,0.09925543072797167
2014-11-07,0.014720339429900893
2014-11-10,0.018389112647604008
2014-11-11,0.08284032573600385
2014-11-12,0.1575941207391111
2014-11-13,0.17858693831884262
2014-11-14,0.25619058278642387
2014-11-17,0.3868027358405478
2014-11-18,0.5477584784218619
2014-11-19,0.8036906938008541
2014-11-20,1.0415610928483239
2014-11-21,1.1817279250649362
2014-11-24,1.2455606649901514
2014-11-25,1.2062575893326244
2014-11-26,0.9517653616174279
2014-11-27,0.7324446287208694
2014-11-28,0.5595167340377613
2014-12-01,0.3456790047337009
2014-12-02,0.1697331914625556
2014-12-03,0.13628793525831195
2014-12-04,0.16244692687409834
2014-12-05,0.12559075318825821
2014-12-08,0.17127067879065433
2014-12-09,0.3136902275847483
2014-12-10,0.5284964613752452
2014-12-11,0.7431298794020995
2014-12-12,0.9084283525457996
2014-12-15,0.9683871785364662
2014-12-16,0.9963136342201138
2014-12-17,0.9293268186099133
2014-12-18,0.7698492267676502
2014-12-19,0.831049196934887
2014-12-22,0.9796979911535251
2014-12-23,0.9952387923754622
2014-12-24,0.9133785677357593
2014-12-25,0.8249271811745709
2014-12-26,0.6273589532916175
2014-12-29,0.4639720502857602
2014-12-30,0.41142962769728325
2014-12-31,0.4792988382160719
2015-01-01,0.6176821244114645
2015-01-02,0.7596539307033644
2015-01-05,0.7960235277004839
2015-01-06,0.861980535093966
2015-01-07,0.9805995831761372
2015-01-08,1.0543482338967662
2015-01-09,1.0717385857315638
2015-01-12,1.089058755097711
2015-01-13,1.0263361001265439
2015-01-14,0.821940465810561
2015-01-15,0.6009603968799936
2015-01-16,0.4175761583711986
2015-01-19,0.25524324803514437
2015-01-20,0.10002070596064053
2015-01-21,-0.019724263255568707
2015-01-22,-0.13922498966769176
2015-01-23,-0.2781594696027917
2015-01-26,-0.4445994054604107
2015-01-27,-0.6256062916831756
2015-01-28,-0.7610182308276727
2015-01-29,-0.8052038182135414
2015-01-30,-0.8568219119665927
2015-02-02,-0.8632642286910677
2015-02-03,-0.8327546209151518
2015-02-04,-0.7608683648534627
2015-02-05,-0.6788494314360031
2015-02-06,-0.5412262671532125
2015-02-09,-0.35449079456882326
2015-02-10,-0.09420053099153805
2015-02-11,0.13066362575370355
2015-02-12,0.29270031343726277
2015-02-13,0.3895128745657066
2015-02-16,0.52988989856496
2015-02-17,0.6600181911600185
2015-02-18,0.7213578105700679
2015-02-19,0.8462950006216137
2015-02-20,0.9945521419072593
2015-02-23,1.0702335110804246
2015-02-24,1.200800701240473
2015-02-25,1.490801629740244
2015-02-26,1.718017074636565
2015-02-27,1.9720501890849975
2015-03-02,2.1281476084366675
2015-03-03,2.2799728188779667
2015-03-04,2.5057839365849164
2015-03-05,2.590554803621864
2015-03-06,2.6821568744846225
2015-03-09,3.0680088464355864
2015-03-10,3.507921175860914
2015-03-11,3.7780282339376043
2015-03-12,4.180934635232813
2015-03-13,4.556355012546603
2015-03-16,4.526452920369173
2015-03-17,4.299379224936306
2015-03-18,4.16241745695561
2015-03-19,4.046598895216254
2015-03-20,3.8635446493171215
2015-03-23,3.8505832975379812
2015-03-24,3.758241039608654
2015-03-25,3.5074304939188705
2015-03-26,3.1274477255457453
2015-03-27,2.6545738933766514
2015-03-29,2.2609880446985637
2015-03-30,2.023899453154735
2015-03-31,1.8229118447150654
2015-04-01,1.774380570569286
2015-04-02,1.7635356306354664
2015-04-05,1.6682485220938206
2015-04-06,1.5223064546026108
2015-04-07,1.346958938420049
2015-04-08,1.100961723756509
2015-04-09,1.026081346504035
2015-04-12,0.9386396232195693
2015-04-13,0.751979247887286
2015-04-14,0.5962864449220389
2015-04-15,0.470802417622519
2015-04-16,0.25338651256587735
2015-04-19,0.049834871436503725
2015-04-20,-0.06568056895753513
2015-04-21,-0.16539465886129587
2015-04-22,-0.3119144821282213
2015-04-23,-0.4586305790059059
2015-04-26,-0.5602939579079476
2015-04-27,-0.6634901347406702
2015-04-28,-0.8032662523567611
2015-04-29,-0.9138997381010922
2015-04-30,-0.9872743358368559
2015-05-03,-0.99508414259519
2015-05-04,-0.9687006914897726
2015-05-05,-0.9027982423557617
2015-05-06,-0.8174143207683262
2015-05-07,-0.7533846144697616
2015-05-10,-0.7319114662407362
2015-05-11,-0.7145051855512689
2015-05-12,-0.7188646651008104
2015-05-13,-0.7055987295809523
2015-05-14,-0.6306976747558146
2015-05-17,-0.6027944860547415
2015-05-18,-0.566971628841564
2015-05-19,-0.5119688096301027
2015-05-20,-0.4689630826028102
2015-05-21,-0.48676853543376675
2015-05-24,-0.4633029317623674
2015-05-25,-0.45640218158615087
2015-05-26,-0.40221959354332315
2015-05-27,-0.3078756264757292
2015-05-28,-0.19320233154948238
2015-05-31,-0.022548677624250193
2015-06-01,0.14199301327833422
2015-06-02,0.29247958453732675
2015-06-03,0.4739435254711921
2015-06-04,0.6647219475703011
2015-06-07,0.795527446576425
2015-06-08,0.9027104517133434
2015-06-09,0.9123222972723914
2015-06-10,0.7679920204210563
2015-06-11,0.5763167775302
2015-06-14,0.33305869142333094
2015-06-15,0.18262502653710955
2015-06-16,0.0773998126090488
2015-06-17,0.11346013318491903
2015-06-18,0.20442729488969658
2015-06-21,0.25831939258492614
2015-06-22,0.2459763466702403
2015-06-23,0.25477169477176237
2015-06-24,0.2786642581506381
2015-06-25,0.26062848530651395
2015-06-28,0.29756490866621527
2015-06-29,0.3371628921971614
2015-06-30,0.4180548628256518
2015-07-01,0.42193900935790857
2015-07-02,0.3390784840040036
2015-07-05,0.27037478618731403
2015-07-06,0.16908101964934322
2015-07-07,-0.00787298009859987
2015-07-08,-0.16326848257688245
2015-07-09,-0.21695889125607992
2015-07-12,-0.15550846222053843
2015-07-13,0.0067381260806452245
2015-07-14,0.12755460027496682
2015-07-15,0.18403959002244896
2015-07-16,0.22783682250963574
2015-07-19,0.23072433571924406
2015-07-20,0.1873758022613508
2015-07-21,0.18836158065624325
2015-07-22,0.32548605376219714
2015-07-23,0.4328022404542722
2015-07-26,0.4874593565009878
2015-07-27,0.6536539316619389
2015-07-28,1.0075982702644617
2015-07-29,1.3237325533090112
2015-07-30,1.6504517699253463
2015-08-02,1.917001950246267
2015-08-03,2.037626560644417
2015-08-04,2.0054412516951996
2015-08-05,1.9642418067607454
2015-08-06,1.9597830288219995
2015-08-09,2.1557395636498025
2015-08-10,2.473142861024921
2015-08-11,2.756290773479967
2015-08-12,2.9557337940305057
2015-08-13,2.9458420329907637
2015-08-16,2.7966504100355256
2015-08-17,2.469731952405203
2015-08-18,2.1278285294520507
2015-08-19,1.8472303215168189
2015-08-20,1.8435784307424607
2015-08-23,1.9019647331547223
2015-08-24,2.0099720289472573
2015-08-25,2.096285347476568
2015-08-26,2.208348838251417
2015-08-27,2.214313004999816
2015-08-30,2.2807523102619407
2015-08-31,2.2650128083416337
2015-09-01,2.1855258977535748
2015-09-02,2.075443207978754
2015-09-03,1.9905888731031909
2015-09-06,1.8566477878473646
2015-09-07,1.9470880408624063
2015-09-08,2.1576517769752175
2015-09-09,2.371779267445413
2015-09-10,2.452293720907228
2015-09-13,2.362705445744101
2015-09-14,2.1511433930532013
2015-09-15,1.920777629534323
2015-09-16,1.6682602002068108
2015-09-17,1.5481520389112184
2015-09-20,1.648217903758387
2015-09-21,1.7031889102790811
2015-09-22,1.8168425127313328
2015-09-23,2.0164400749270617
2015-09-24,2.2924436803347192
2015-09-27,2.4714209483056124
2015-09-28,2.8466985593804943
2015-09-29,2.7311156686300344
2015-09-30,2.6277346572627143
2015-10-01,2.4793787758795602
2015-10-04,2.152207080443945
2015-10-05,1.5560365083979215
2015-10-06,1.4886031222044949
2015-10-07,1.272780481487675
2015-10-08,0.9479610713069825
2015-10-11,0.7083285298438207
2015-10-12,0.5572786624080278
2015-10-13,0.246722378849754
2015-10-14,-0.010467321116841387
2015-10-15,-0.18396180807866688
2015-10-18,-0.24076254962759838
2015-10-19,-0.29208758852766575
2015-10-20,-0.2858515415884463
2015-10-21,-0.26062157612218867
2015-10-22,-0.2549575970827712
2015-10-26,-0.24973480873603185
2015-10-27,-0.23231435161490369
2015-10-28,-0.2204131426641272
2015-10-29,-0.2623190996099975
2015-10-30,-0.29287564006050243
2015-11-02,-0.38093549115178466
2015-11-03,-0.4496934861347558
2015-11-04,-0.5567335400070039
2015-11-05,-0.5608190200950177
2015-11-06,-0.5936051699439836
2015-11-09,-0.6780567087707816
2015-11-10,-0.7428957127109367
2015-11-11,-0.7160399069561747
2015-11-12,-0.7817895818077176
2015-11-13,-0.7672360298639922
2015-11-16,-0.6973728076703091
2015-11-17,-0.603646106934863
2015-11-18,-0.5487459381341442
2015-11-19,-0.36992151648328286
2015-11-20,-0.24836982337647787
2015-11-23,-0.17001367040200258
2015-11-24,-0.22628896113473537
2015-11-25,-0.2526042856435454
2015-11-26,-0.3963496537326335
2015-11-27,-0.5595521772301935
2015-11-30,-0.6321528513741771
2015-12-01,-0.6539413509092047
2015-12-02,-0.7102077886724381
2015-12-03,-0.6552156375536988
2015-12-04,-0.502383148845798
2015-12-07,-0.4310688933036417
2015-12-08,-0.35170580127636325
2015-12-09,-0.3151862829733389
2015-12-10,-0.33980124939371786
2015-12-11,-0.39615472557325554
2015-12-14,-0.3976327055959024
2015-12-15,-0.3658499635230863
2015-12-16,-0.2296648020405537
2015-12-17,-0.0842246327135885
2015-12-18,0.047842673599692395
2015-12-21,0.18982135344178672
2015-12-22,0.32886763472242186
2015-12-23,0.39460958890079195
2015-12-24,0.48059036806971045
2015-12-25,0.5000038268689672
2015-12-28,0.5051542686394865
2015-12-29,0.4919630897141622
2015-12-30,0.5433080556485365
2015-12-31,0.5643181243620804
2016-01-01,0.6169314889689714
2016-01-04,0.7279280429328057
2016-01-05,0.8515504331921545
2016-01-06,0.914330390202119
2016-01-07,1.0270174579163158
2016-01-08,1.1102157091006115
2016-01-11,1.0779935893886876
2016-01-12,1.0745706660543644
2016-01-13,1.1445513720236618
2016-01-14,1.211847930370563
2016-01-15,1.3739955716166572
2016-01-18,1.4648379480079476
2016-01-19,1.5479505941771914
2016-01-20,1.6573580841311513
2016-01-21,1.6123721874051427
2016-01-22,1.4566205988495455
2016-01-25,1.46949233429651
2016-01-26,1.4537276936646282
2016-01-27,1.4425874910900076
2016-01-28,1.437016858384995
2016-01-29,1.3817295229699444
2016-02-01,1.2390077805122088
2016-02-02,1.1513220410463112
2016-02-03,0.9488159688276555
2016-02-04,0.7692835626245902
2016-02-05,0.6885932839279604
2016-02-08,0.6823541990468438
2016-02-09,0.4566751757207522
2016-02-10,0.25689292868775776
2016-02-11,0.11142400708156154
2016-02-12,-0.07093826964345189
2016-02-15,-0.3089881633289144
2016-02-16,-0.35017484556656003
2016-02-17,-0.3707484830614809
2016-02-18,-0.37534543222062733
2016-02-19,-0.28876133742069254
2016-02-22,-0.187979550624924
2016-02-23,-0.12173983899976977
2016-02-24,-0.03819370919197822
2016-02-25,-0.03449948399732604
2016-02-26,-0.10411397912587977
2016-02-29,-0.15171190069651366
2016-03-01,-0.25152171739948476
2016-03-02,-0.40530813414641903
2016-03-03,-0.4888630377355835
2016-03-04,-0.5035610684775453
2016-03-07,-0.5717292511437805
2016-03-08,-0.5968839002082367
2016-03-09,-0.666535700693449
2016-03-10,-0.7210352656712874
2016-03-11,-0.7767455612569177
2016-03-14,-0.8184670004519489
2016-03-15,-0.8688146718770876
2016-03-16,-0.8391639113565355
2016-03-17,-0.8522885939042775
2016-03-18,-0.8458393901226369
2016-03-21,-0.7617908405054667
2016-03-22,-0.7133675396587219
2016-03-23,-0.7201158625739102
2016-03-24,-0.7249035569210396
2016-03-25,-0.7868467965557989
2016-03-27,-0.9136228913274695
2016-03-28,-0.9709363230535155
2016-03-29,-0.9791596551221566
2016-03-30,-0.994870208559068
2016-03-31,-0.9971850752814628
2016-04-03,-0.9887350542170972
2016-04-04,-1.026002614469569
2016-04-05,-1.058414377513631
2016-04-06,-1.0754401617400682
2016-04-07,-1.0834323602008198
2016-04-10,-1.0847480337559292
2016-04-11,-1.043732585520531
2016-04-12,-0.9954216587726221
2016-04-13,-0.9251342671905625
2016-04-14,-0.8977343020543745
2016-04-17,-0.876912644485692
2016-04-18,-0.8522404722448028
2016-04-19,-0.8256654327844402
2016-04-20,-0.7580797394552513
2016-04-21,-0.6327143884936451
2016-04-24,-0.5804662337197027
2016-04-25,-0.5993476460187609
2016-04-26,-0.576003859281383
2016-04-27,-0.5747830862005462
2016-04-28,-0.6133634003776186
2016-05-01,-0.5880258436694497
2016-05-02,-0.5323840802783324
2016-05-03,-0.5962491575595512
2016-05-04,-0.6810879870714283
2016-05-05,-0.7072246880647577
2016-05-08,-0.6959876755459085
2016-05-09,-0.6595337985698575
2016-05-10,-0.5247297314807423
2016-05-11,-0.3698708866986889
2016-05-12,-0.2885783570680072
2016-05-15,-0.29580000505018483
2016-05-16,-0.3309931241358456
2016-05-17,-0.3760718867492261
2016-05-18,-0.43420762121068557
2016-05-19,-0.4253299070636996
2016-05-22,-0.2976244024262235
2016-05-23,-0.10584141016610879
2016-05-24,0.03895975613801413
2016-05-25,0.16609493075820767
2016-05-26,0.20434300605636443
2016-05-29,0.1684396768308352
2016-05-30,0.13915912712164688
2016-05-31,0.1519030320271037
2016-06-01,0.1355804647270875
2016-06-02,0.1362725951155858
2016-06-05,0.1964075276819738
2016-06-06,0.21587193857385562
2016-06-07,0.2026070149319033
2016-06-08,0.22970673571121403
2016-06-09,0.25358814881949227
2016-06-12,0.1194569040506119
2016-06-13,-0.06779278871523131
2016-06-14,-0.2000314135343932
2016-06-15,-0.33440605586125555
2016-06-16,-0.43119074224766984
2016-06-19,-0.38406543440492047
2016-06-20,-0.24710991881331024
2016-06-21,-0.1879141854572443
2016-06-22,-0.20316688747839332
2016-06-23,-0.2617034891178643
2016-06-26,-0.32819719123658814
2016-06-27,-0.4738307690527693
2016-06-28,-0.6142238398293627
2016-06-29,-0.6619356661861069
2016-06-30,-0.6876150614301892
2016-07-03,-0.7774164637587926
2016-07-04,-0.8647698016972812
2016-07-05,-0.9289918797192401
2016-07-06,-1.0197014929863277
2016-07-07,-1.0833354202399084
2016-07-10,-1.0797599156461863
2016-07-11,-1.0448056509384893
2016-07-12,-1.004047390538497
2016-07-13,-0.964737074325179
2016-07-14,-0.9283074860787571
2016-07-17,-0.9014001816759402
2016-07-18,-0.8622891176711869
2016-07-19,-0.7967707556211856
2016-07-20,-0.7517928423684753
2016-07-21,-0.7406163475443107
2016-07-24,-0.784710705487288
2016-07-25,-0.8300344149226344
2016-07-26,-0.9020636417770794
2016-07-27,-0.9382525949702264
2016-07-28,-0.9151253495472018
2016-07-31,-0.8448178184898854
2016-08-01,-0.801026785746238
2016-08-02,-0.7358379605704086
2016-08-03,-0.7159852179889361
2016-08-04,-0.7489852531618502
2016-08-07,-0.756248898138091
2016-08-08,-0.7160480302279396
2016-08-09,-0.690445093186518
2016-08-10,-0.6482557843248234
2016-08-11,-0.6219925127511199
2016-08-14,-0.6791746499368695
2016-08-15,-0.7923764852948032
2016-08-16,-0.9179777689056666
2016-08-17,-1.0058244809159032
2016-08-18,-1.0449827999798855
2016-08-21,-0.9987631584248137
2016-08-22,-0.9231882477918567
2016-08-23,-0.7844455941050429
2016-08-24,-0.6951056063516331
2016-08-25,-0.646377251423422
2016-08-28,-0.5945786696597749
2016-08-29,-0.5444398254108451
2016-08-30,-0.5799029233994274
2016-08-31,-0.5665759796331491
2016-09-01,-0.5517991069825167
2016-09-04,-0.5922855870307775
2016-09-05,-0.6246815577508528
2016-09-06,-0.6013927114293013
2016-09-07,-0.5852192808630243
2016-09-08,-0.5415238717355011
2016-09-11,-0.5238615983941464
2016-09-12,-0.5341658046152388
2016-09-13,-0.4947352261080534
2016-09-14,-0.3868376138087415
2016-09-15,-0.2581283338908673
2016-09-18,-0.00726857706763546
2016-09-19,0.338889514363672
2016-09-20,0.5657065801062027
2016-09-21,0.637389480981648
2016-09-22,0.638222631258356
2016-09-25,0.5451671312637575
2016-09-26,0.29889720334987746
2016-09-27,0.11157707002776276
2016-09-28,-0.007594611879049728
2016-09-29,-0.07442651523709334
2016-10-02,-0.10649356980104578
2016-10-03,-0.10734973451275205
2016-10-04,-0.09297729324931099
2016-10-05,-0.06310164989900693
2016-10-06,-0.11215043209826996
2016-10-09,-0.11981710157074375
2016-10-10,-0.10177201161301255
2016-10-11,-0.12949490315426396
2016-10-12,-0.19950833323761608
2016-10-13,-0.21850282371963164
2016-10-16,-0.29963827214989786
2016-10-17,-0.29672919663557157
2016-10-18,-0.3087447860812302
2016-10-19,-0.3319408374108543
2016-10-20,-0.38791389472174576
2016-10-23,-0.4649966746514124
2016-10-24,-0.6662967257584249
2016-10-25,-0.8756671999472916
2016-10-26,-1.0342298270549855
2016-10-27,-1.1370035934621778
2016-10-31,-1.2123942450558285
2016-11-01,-1.1854252381262802
2016-11-02,-1.052573406658863
2016-11-03,-0.930088002859367
2016-11-04,-0.8156312203457674
2016-11-07,-0.6639927133174446
2016-11-08,-0.5579369642792447
2016-11-09,-0.49965772475822223
2016-11-10,-0.5103012426801691
2016-11-11,-0.5274598774890189
2016-11-14,-0.5530296152926343
2016-11-15,-0.4680329111130574
2016-11-16,-0.21610900055770807
2016-11-17,0.12952931060221504
2016-11-18,0.5322321549468286
2016-11-21,0.8657936191267382
2016-11-22,1.0647745664362187
2016-11-23,1.0130519536520186
2016-11-24,0.9120909795146385
2016-11-25,0.7302402304507021
2016-11-28,0.6064013909285486
2016-11-29,0.5740393154238073
2016-11-30,0.629426111012118
2016-12-01,0.7133347184563409
2016-12-02,0.8267473302837878
2016-12-05,0.9714719430608567
2016-12-06,1.0380396498230917
2016-12-07,1.1426850743028065
2016-12-08,1.1318381196577496
2016-12-09,1.0732447175513862
2016-12-12,0.9071894008851435
2016-12-13,0.734642072494181
2016-12-14,0.48168098276283783
2016-12-15,0.3309880225228981
2016-12-16,0.23880055442096837
2016-12-19,0.19901760914065658
2016-12-20,0.21572888624885328
2016-12-21,0.15961783154572448
2016-12-22,0.030643942554094642
2016-12-23,-0.12359989455514542
2016-12-26,-0.30197324490709093
2016-12-27,-0.5143218283044969
2016-12-28,-0.6539551891896075
2016-12-29,-0.702114348046154
2016-12-30,-0.6985196909728373
2017-01-02,-0.6639838240127945
2017-01-03,-0.6501307634770334
2017-01-04,-0.658149602523832
2017-01-05,-0.677324634525054
2017-01-06,-0.7117731720946384
2017-01-09,-0.7606007382023209
2017-01-10,-0.8239654477085209
2017-01-11,-0.867517452405956
2017-01-12,-0.9685499013850517
2017-01-13,-1.0746250692840484
2017-01-16,-1.1444461033130005
2017-01-17,-1.1734305712398385
2017-01-18,-1.1731543049222073
2017-01-19,-1.0910314905707574
2017-01-20,-1.0063769805253433
2017-01-23,-0.9465387176316173
2017-01-24,-0.8668481952653918
2017-01-25,-0.8659202585420525
2017-01-26,-0.9082116726340148
2017-01-27,-0.9716778116311302
2017-01-30,-1.0239867737659283
2017-01-31,-1.0808339135408898
2017-02-01,-1.0627913347926659
2017-02-02,-1.0147051600061463
2017-02-03,-0.9577393087351345
2017-02-06,-0.8986926837184511
2017-02-07,-0.8839258725082624
2017-02-08,-0.8721643583274291
2017-02-09,-0.8649183971977503
2017-02-10,-0.8639098884960286
2017-02-13,-0.8943356784151829
2017-02-14,-0.8756779077081209
2017-02-15,-0.8324656012008514
2017-02-16,-0.7857926184948097
2017-02-17,-0.7657821417685391
2017-02-20,-0.7384839803483557
2017-02-21,-0.778677695275632
2017-02-22,-0.7840894164474367
2017-02-23,-0.8197759193731122
2017-02-24,-0.8516608602011859
2017-02-27,-0.9000287748988107
2017-02-28,-0.9043681161651312
2017-03-01,-0.9619705421822312
2017-03-02,-0.9444870730829934
2017-03-03,-0.8815269807923488
2017-03-06,-0.7935373488453578
2017-03-07,-0.721006636879579
2017-03-08,-0.614897321111345
2017-03-09,-0.5912311617927922
2017-03-10,-0.5257755852270036
2017-03-13,-0.4416826684702091
2017-03-14,-0.3293608656498161
2017-03-15,-0.21024323863457192
2017-03-16,-0.10739413317171767
2017-03-17,-0.04017852421012732
2017-03-20,0.010353382048218491
2017-03-21,-0.024185674603811106
2017-03-22,-0.10376936803311312
2017-03-23,-0.15860286417333094
2017-03-24,-0.2550218336608542
2017-03-26,-0.3188875805907476
2017-03-27,-0.2588914910165798
2017-03-28,-0.1300149215995137
2017-03-29,-0.06459920173351894
2017-03-30,0.03498476173599313
2017-04-02,0.1015386798982577
2017-04-03,0.09504097110932569
2017-04-04,0.09333404160078358
2017-04-05,0.10204928878398
2017-04-06,0.07252517394741206
2017-04-09,0.013637318023645905
2017-04-10,-0.01272254011382565
2017-04-11,-0.08507293508897977
2017-04-12,-0.12019237260777667
2017-04-13,-0.09733342137022077
2017-04-16,-0.06157297951304498
2017-04-17,-0.06585163649598064
2017-04-18,-0.13453870772149423
2017-04-19,-0.20378926922852283
2017-04-20,-0.3009437877859755
2017-04-23,-0.3935753103298185
2017-04-24,-0.44636768280647354
2017-04-25,-0.4038838144737313
2017-04-26,-0.38530455870694963
2017-04-27,-0.3355959685668716
2017-04-30,-0.19914009644397054
2017-05-01,-0.07693636319122756
2017-05-02,-0.019501140064711757
2017-05-03,0.04251038047867203
2017-05-04,0.10468993791693455
2017-05-07,0.03410827518812129
2017-05-08,-0.01765589732763508
2017-05-09,-0.01502108073247981
2017-05-10,-0.007037140095832293
2017-05-11,0.025179479608292164
2017-05-14,0.06435598456011582
2017-05-15,0.10278632994416013
2017-05-16,0.014597321951818006
2017-05-17,-0.07527136638953495
2017-05-18,-0.26334266812499174
2017-05-21,-0.3994894959881741
2017-05-22,-0.3365577024297095
2017-05-23,-0.06921541717857746
2017-05-24,0.1273408581633756
2017-05-25,0.39920275083208256
2017-05-28,0.6983316117213573
2017-05-29,0.807793398517321
2017-05-30,0.736947576347859
2017-05-31,0.767449499554518
2017-06-01,0.860687128387305
2017-06-04,0.883397681876611
2017-06-05,0.8038764286302721
2017-06-06,0.7640234140565382
2017-06-07,0.7699568547025737
2017-06-08,0.7187672407129038
2017-06-11,0.6838864982199213
2017-06-12,0.7667488356246503
2017-06-13,0.8242652194490455
2017-06-14,0.8710380023165396
2017-06-15,0.941810476746989
2017-06-18,0.9658476269868735
2017-06-19,0.9557848747991124
2017-06-20,1.0258155592589107
2017-06-21,1.1724135035213288
2017-06-22,1.31916072031502
2017-06-25,1.6650444410757403
2017-06-26,2.038503546339032
2017-06-27,2.035460653284459
2017-06-28,1.7622058575600965
2017-06-29,1.4861941380073376
2017-07-02,1.0926603089039157
2017-07-03,0.6301627980807172
2017-07-04,0.4977166196730445
2017-07-05,0.5587739712708427
2017-07-06,0.6309560572567301
2017-07-09,0.6451242847860383
2017-07-10,0.7023350230696428
2017-07-11,0.7787438220420277
2017-07-12,0.7793769556700288
2017-07-13,0.6519287875834091
2017-07-16,0.5319066403123777
2017-07-17,0.37995342599532717
2017-07-18,0.18448622967539519
2017-07-19,0.039272621867832064
2017-07-20,-0.1156508554119913
2017-07-23,-0.31228569855315935
2017-07-24,-0.47773573619045845
2017-07-25,-0.6302503170540963
2017-07-26,-0.7528588596043438
2017-07-27,-0.8412803564492277
2017-07-30,-0.8428575666733148
2017-07-31,-0.9032039253215436
2017-08-01,-0.9553872877048778
2017-08-02,-1.0377608765328503
2017-08-03,-1.1029267755926768
2017-08-06,-1.143759749162827
2017-08-07,-1.1601871487163458
2017-08-08,-1.1526386308827214
2017-08-09,-1.1408742288083122
2017-08-10,-1.1187327085942957
2017-08-13,-1.1514121180808619
2017-08-14,-1.1505903804736883
2017-08-15,-1.1526891490498334
2017-08-16,-1.108726770851376
2017-08-17,-1.040249366305807
2017-08-20,-0.9657515003334527
2017-08-21,-0.9217868544297281
2017-08-22,-0.8502593530264262
2017-08-23,-0.8230072747203621
2017-08-24,-0.8008796712905758
2017-08-27,-0.7398456301744172
2017-08-28,-0.6586934105623421
2017-08-29,-0.5927306855456487
2017-08-30,-0.4489725274379652
2017-08-31,-0.34882819986843866
2017-09-03,-0.2684716266358586
2017-09-04,-0.24249595650880357
2017-09-05,-0.2301662168327145
2017-09-06,-0.3096229262057077
2017-09-07,-0.3782843790212748
2017-09-10,-0.433577889413897
2017-09-11,-0.466514092985236
2017-09-12,-0.5001041883473384
2017-09-13,-0.5356003298872543
2017-09-14,-0.5999488066505888
2017-09-17,-0.6499834497598852
2017-09-18,-0.6786830178950243
2017-09-19,-0.7631637521950145
2017-09-20,-0.8464150337130434
2017-09-21,-0.9016955912151504
2017-09-24,-1.00433441597787
2017-09-25,-1.0735853950674268
2017-09-26,-1.0803687360716747
2017-09-27,-1.0822188216302109
2017-09-28,-1.0037891518107063
2017-10-01,-0.874103098694361
2017-10-02,-0.743032027909744
2017-10-03,-0.638814530339272
2017-10-04,-0.5442817235998237
2017-10-05,-0.5553904540006627
2017-10-08,-0.6383336280591931
2017-10-09,-0.7497722196704981
2017-10-10,-0.8037493874247637
2017-10-11,-0.802634267847361
2017-10-12,-0.7336006033565218
2017-10-15,-0.6178858058111487
2017-10-16,-0.4917529577464517
2017-10-17,-0.39907805861401185
2017-10-18,-0.35412607387012557
2017-10-19,-0.29641377898278054
2017-10-22,-0.22912677275780086
2017-10-23,-0.18855884732738912
2017-10-24,-0.15479185496912967
2017-10-25,-0.036858099598289215
2017-10-26,0.1262416230741363
2017-10-30,0.21833510163983105
2017-10-31,0.3597898191691818
2017-11-01,0.545399210299259
2017-11-02,0.6016122787594146
2017-11-03,0.6166260092873241
2017-11-06,0.6176622195153406
2017-11-07,0.5284576877940631
2017-11-08,0.41838780513646545
2017-11-09,0.4282957797727196
2017-11-10,0.35479196057937523
2017-11-13,0.36706280850249523
2017-11-14,0.4526950503556531
2017-11-15,0.531459357568227
2017-11-16,0.5546426115293319
2017-11-17,0.6458978164930714
2017-11-20,0.7179360532925633
2017-11-21,0.8292199208447273
2017-11-22,0.9456014212818222
2017-11-23,1.0721559543333261
2017-11-24,1.2139280870667308
2017-11-27,1.2769409099571445
2017-11-28,1.272611704245936
2017-11-29,1.2041009423180724
2017-11-30,1.0956733583863763
2017-12-01,0.8618015053382805
2017-12-04,0.6284733965692092
2017-12-05,0.511909332337848
2017-12-06,0.42315268636025155
2017-12-07,0.27608523320548295
2017-12-08,0.22358181531060134
2017-12-11,0.20244485981213825
2017-12-12,0.1795128662434488
2017-12-13,0.2517469292094324
2017-12-14,0.3349152139882309
2017-12-15,0.43154219678186767
2017-12-18,0.6241804139355603
2017-12-19,0.7981906632796522
2017-12-20,0.9329739930015238
2017-12-21,1.0171763718037086
2017-12-22,1.0234883394125085
2017-12-25,0.9214717756938315
2017-12-26,0.7429587755050656
2017-12-27,0.511355871580871
2017-12-28,0.44008325596352904
2017-12-29,0.3826594909776165
2018-01-01,0.36212842548008095
2018-01-02,0.3389178186017225
2018-01-03,0.33154481431457977
2018-01-04,0.30744051738496925
2018-01-05,0.2693999731745221
2018-01-08,0.22402303009653948
2018-01-09,0.1588492565275863
2018-01-10,0.024852582760327462
2018-01-11,-0.14050211693178669
2018-01-12,-0.22619293308339822
2018-01-15,-0.2454127791012501
2018-01-16,-0.2650492943041457
2018-01-17,-0.3151688178473381
2018-01-18,-0.40510221954272246
2018-01-19,-0.49774206175394803
2018-01-22,-0.6460466701489512
2018-01-23,-0.7806640674181335
2018-01-24,-0.8736895690088609
2018-01-25,-0.931152581121086
2018-01-26,-0.96404711966484
2018-01-29,-0.980492729102875
2018-01-30,-1.01897489359226
2018-01-31,-1.0322794633969092
2018-02-01,-1.0196201174930155
2018-02-02,-1.0596248392733567
2018-02-05,-1.081254047443926
2018-02-06,-1.0442972961201324
2018-02-07,-0.9683583217347126
2018-02-08,-0.8454777570039774
2018-02-09,-0.6972940248848091
2018-02-12,-0.5351125777936261
2018-02-13,-0.31036592014890335
2018-02-14,-0.04102430595312365
2018-02-15,0.14608421731536683
2018-02-16,0.3255319915454013
2018-02-19,0.4140373939699431
2018-02-20,0.32564400811291516
2018-02-21,0.21138473270644914
2018-02-22,0.15080750582874547
2018-02-23,0.13259006401360596
2018-02-26,0.14716549291436756
2018-02-27,0.2496916184397458
2018-02-28,0.3015018647070175
2018-03-01,0.3263629643649574
2018-03-02,0.3142372997547375
2018-03-05,0.3044175681017045
2018-03-06,0.32651498093780057
2018-03-07,0.510181694409095
2018-03-08,0.6916395253731192
2018-03-09,0.7571324137866773
2018-03-12,0.7928388850275985
2018-03-13,0.8377595683428652
2018-03-14,0.7422854498249354
2018-03-15,0.6316391785926133
2018-03-16,0.5312329617018247
2018-03-19,0.434467803978974
2018-03-20,0.34517931151627573
2018-03-21,0.2188937516659936
2018-03-22,0.07522630634117483
2018-03-23,0.04950801407128394
2018-03-25,0.08016660473470252
2018-03-26,0.07028123694051285
2018-03-27,0.25849742999853337
2018-03-28,0.4349546061583813
2018-03-29,0.6168795908093209
2018-04-01,0.7951395893902538
2018-04-02,0.9219009379153117
2018-04-03,0.8111118031581401
2018-04-04,0.8120718429329837
2018-04-05,0.8206419055605696
2018-04-08,0.9235508968452071
2018-04-09,0.9538519425063675
2018-04-10,1.0985890646214467
2018-04-11,1.2315322432212623
2018-04-12,1.3998038050217467
2018-04-15,1.5284680958834092
2018-04-16,1.7174894024921676
2018-04-17,1.8858079031038777
2018-04-18,1.9490354941361498
2018-04-19,1.8905618193746512
2018-04-22,1.7350724885551574
2018-04-23,1.5887773785270336
2018-04-24,1.3933405389122133
2018-04-25,1.2849441614770472
2018-04-26,1.2944643869420158
2018-04-29,1.3530883242259495
2018-04-30,1.4574355483344315
2018-05-01,1.597730343187041
2018-05-02,1.6690569803420365
2018-05-03,1.7146003609118794
2018-05-06,1.7352725074794508
2018-05-07,1.766720815036289
2018-05-08,1.7495407936289868
2018-05-09,1.8030424646672891
2018-05-10,1.8658587192002696
2018-05-13,1.9580118585741388
2018-05-14,1.9515793488500628
2018-05-15,2.0153184606646417
2018-05-16,2.048540218153311
2018-05-17,2.0601671680723115
2018-05-20,2.014269907078201
2018-05-21,2.147702801752994
2018-05-22,2.4431420441015286
2018-05-23,2.6491282989100293
2018-05-24,2.616084650118935
2018-05-27,2.635160842504288
2018-05-28,2.5209893958632814
2018-05-29,2.3163495322566345
2018-05-30,2.169975996148834
2018-05-31,2.262527514434482
2018-06-03,2.2162727066324113
2018-06-04,2.1561155563325736
2018-06-05,1.9895444149660115
2018-06-06,1.9156055138072636
2018-06-07,1.8346742924899417
2018-06-10,1.9175022517463784
2018-06-11,2.163111516325241
2018-06-12,2.177264828764402
2018-06-13,1.9784051510365352
2018-06-14,1.7294649406103328
2018-06-17,1.421205623136734
2018-06-18,0.9795852142131776
2018-06-19,0.8207514344791192
2018-06-20,0.7789130355734153
2018-06-21,0.7260461997571411
2018-06-24,0.6348411523655866
2018-06-25,0.5867370296792345
2018-06-26,0.43965084702245993
2018-06-27,0.2974135647784661
2018-06-28,0.165477881893569
2018-07-01,0.19272329044732434
2018-07-02,0.2408346543569685
2018-07-03,0.36459427588889765
2018-07-04,0.5215321825279452
2018-07-05,0.6925860445193179
2018-07-08,0.7094761212875075
2018-07-09,0.7253314871088825
2018-07-10,0.7444339430285993
2018-07-11,0.6718068507155512
2018-07-12,0.5701138568224096
2018-07-15,0.4873066317309035
2018-07-16,0.35061720918236167
2018-07-17,0.1259427816491051
2018-07-18,0.007498457676967597
2018-07-19,0.04816759322634134
2018-07-22,0.13032336343181053
2018-07-23,0.2548219488033326
2018-07-24,0.3590348627242315
2018-07-25,0.35602620238803684
2018-07-26,0.23666815240300593
2018-07-29,0.07050880859820985
2018-07-30,-0.13529587494568895
2018-07-31,-0.27669313342642443
2018-08-01,-0.33815558085069736
2018-08-02,-0.39797200489659823
2018-08-05,-0.3785741908331704
2018-08-06,-0.38973446668719064
2018-08-07,-0.44481238610573565
2018-08-08,-0.5109824339429876
2018-08-09,-0.6099229208406722
2018-08-12,-0.7285652599695545
2018-08-13,-0.7758942256722147
2018-08-14,-0.7391533326921486
2018-08-15,-0.6514152299336439
2018-08-16,-0.5031563657323872
2018-08-19,-0.3400128356506825
2018-08-20,-0.16882276310468816
2018-08-21,-0.03696796609671339
2018-08-22,0.06813095232375915
2018-08-23,0.22643319476528714
2018-08-26,0.43491547455015733
2018-08-27,0.6033341967369993
2018-08-28,0.7924403639554465
2018-08-29,1.0408207041951565
2018-08-30,1.2453805247419585
2018-09-02,1.4898532840165097
2018-09-03,1.8590318669816752
2018-09-04,2.3367087639750217
2018-09-05,2.474559081920633
2018-09-06,2.7243373208443655
2018-09-09,2.7692862431848844
2018-09-10,2.5950128356751874
2018-09-11,2.2056324782323347
2018-09-12,2.1804822549676004
2018-09-13,2.132191351563911
2018-09-16,2.167252768632016
2018-09-17,2.2841055158389127
2018-09-18,2.4968490894407362
2018-09-19,2.494671138817495
2018-09-20,2.229433347065404
2018-09-23,1.9791878139272343
2018-09-24,1.665920555054981
2018-09-25,1.2947418178572745
2018-09-26,0.99911429678421
2018-09-27,0.8511349192090162
2018-09-30,0.6187292251505492
2018-10-02,0.3669019415607409
