Date,boll_ub
2010-01-04,
2010-01-05,1.75345584412
2010-01-06,1.74761479214
2010-01-07,1.7495339529
2010-01-08,1.74721537898
2010-01-11,1.74547302013
2010-01-12,1.7457998504
2010-01-13,1.74974508068
2010-01-14,1.76222087621
2010-01-15,1.76906674168
2010-01-18,1.7730434725
2010-01-19,1.77959302109
2010-01-20,1.78975054249
2010-01-21,1.80076586409
2010-01-22,1.81473762216
2010-01-25,1.81604577196
2010-01-26,1.82952837826
2010-01-27,1.84422670529
2010-01-28,1.86046504168
2010-01-29,1.87416708067
2010-02-01,1.88422197959
2010-02-02,1.88818242829
2010-02-03,1.89364638846
2010-02-04,1.90388342759
2010-02-05,1.91172417614
2010-02-08,1.91507127688
2010-02-09,1.91336602835
2010-02-10,1.91184850691
2010-02-11,1.91124666556
2010-02-12,1.90998376376
2010-02-15,1.90588796509
2010-02-16,1.90111554448
2010-02-17,1.89740955661
2010-02-18,1.89541404904
2010-02-19,1.8970272486
2010-02-22,1.89260836768
2010-02-23,1.89328992181
2010-02-24,1.89349224035
2010-02-25,1.89090220575
2010-02-26,1.88849991973
2010-03-01,1.88781182894
2010-03-02,1.90157837076
2010-03-03,1.90076837579
2010-03-04,1.89423194885
2010-03-05,1.88644708103
2010-03-08,1.87919220112
2010-03-09,1.87650002487
2010-03-10,1.8726625522
2010-03-11,1.86744936253
2010-03-12,1.85992381558
2010-03-15,1.8524316743
2010-03-16,1.84533300829
2010-03-17,1.83945669997
2010-03-18,1.83532777577
2010-03-19,1.83438716593
2010-03-22,1.83320452387
2010-03-23,1.82833767094
2010-03-24,1.82416771861
2010-03-25,1.81493236291
2010-03-26,1.8191201516
2010-03-28,1.82092413035
2010-03-29,1.81743721231
2010-03-30,1.8170208347
2010-03-31,1.81666779783
2010-04-01,1.81681395725
2010-04-04,1.81675878629
2010-04-05,1.81731344343
2010-04-06,1.81744340507
2010-04-07,1.81745993395
2010-04-08,1.81719648125
2010-04-11,1.81754745166
2010-04-12,1.82487023235
2010-04-13,1.82563642195
2010-04-14,1.82592707764
2010-04-15,1.82376048519
2010-04-18,1.82061926536
2010-04-19,1.81969610741
2010-04-20,1.81706647718
2010-04-21,1.81304622545
2010-04-22,1.80161688807
2010-04-25,1.79271467609
2010-04-26,1.78727685215
2010-04-27,1.78419689088
2010-04-28,1.78453072818
2010-04-29,1.78463448281
2010-05-02,1.78453170906
2010-05-03,1.78436582249
2010-05-04,1.78498236441
2010-05-05,1.80378591564
2010-05-06,1.82327763562
2010-05-09,1.82458547815
2010-05-10,1.82416694736
2010-05-11,1.82516710523
2010-05-12,1.82582776196
2010-05-13,1.83017404514
2010-05-16,1.83418371875
2010-05-17,1.83996820845
2010-05-18,1.8475053916
2010-05-19,1.86804629265
2010-05-20,1.87622152349
2010-05-23,1.88563892506
2010-05-24,1.89561486065
2010-05-25,1.90298859116
2010-05-26,1.90122963637
2010-05-27,1.89772834908
2010-05-30,1.89287455982
2010-05-31,1.8905630675
2010-06-01,1.89052829232
2010-06-02,1.88961298347
2010-06-03,1.88834781661
2010-06-06,1.89331459595
2010-06-07,1.8944543625
2010-06-08,1.89188620255
2010-06-09,1.8866245265
2010-06-10,1.88592237548
2010-06-13,1.88608035436
2010-06-14,1.88913651255
2010-06-15,1.89122263153
2010-06-16,1.88468843842
2010-06-17,1.88549469788
2010-06-20,1.88364277534
2010-06-21,1.8783785585
2010-06-22,1.87127748691
2010-06-23,1.87113787844
2010-06-24,1.87077392077
2010-06-27,1.87011413893
2010-06-28,1.86747199282
2010-06-29,1.86451968988
2010-06-30,1.86302487657
2010-07-01,1.85837937635
2010-07-04,1.84263010476
2010-07-05,1.82814064998
2010-07-06,1.81678235656
2010-07-07,1.81271201562
2010-07-08,1.80901165415
2010-07-11,1.8064223292
2010-07-12,1.80647811306
2010-07-13,1.80541159618
2010-07-14,1.80438019703
2010-07-15,1.80506131663
2010-07-18,1.80602437038
2010-07-19,1.80604908476
2010-07-20,1.80231518444
2010-07-21,1.80219500107
2010-07-22,1.8017755154
2010-07-25,1.80087406748
2010-07-26,1.79361778201
2010-07-27,1.79031351041
2010-07-28,1.78333550996
2010-07-29,1.78260544412
2010-08-01,1.78383321326
2010-08-02,1.78378373077
2010-08-03,1.78377248092
2010-08-04,1.78344895723
2010-08-05,1.78353648346
2010-08-08,1.79243780502
2010-08-09,1.79239886169
2010-08-10,1.79197141793
2010-08-11,1.79180160498
2010-08-12,1.7893219338
2010-08-15,1.78737655086
2010-08-16,1.78528878986
2010-08-17,1.78318459873
2010-08-18,1.78250124627
2010-08-19,1.78251173205
2010-08-22,1.78416372104
2010-08-23,1.78423387164
2010-08-24,1.78406472769
2010-08-25,1.78407885524
2010-08-26,1.7838688814
2010-08-29,1.78856600066
2010-08-30,1.78867447886
2010-08-31,1.78841855264
2010-09-01,1.78786117864
2010-09-02,1.78717925169
2010-09-05,1.79408178378
2010-09-06,1.79345374019
2010-09-07,1.79165875329
2010-09-08,1.78852940002
2010-09-09,1.78516387682
2010-09-12,1.79136109348
2010-09-13,1.78907931302
2010-09-14,1.78793413285
2010-09-15,1.7860113701
2010-09-16,1.78205104429
2010-09-19,1.78590822138
2010-09-20,1.78169496343
2010-09-21,1.77709284227
2010-09-22,1.77222594393
2010-09-23,1.76705811921
2010-09-26,1.76956476876
2010-09-27,1.7636654998
2010-09-28,1.75822258299
2010-09-29,1.75413790304
2010-09-30,1.74952937217
2010-10-03,1.75604575626
2010-10-04,1.75363697946
2010-10-05,1.75056382754
2010-10-06,1.748152767
2010-10-07,1.74485965853
2010-10-10,1.75019910491
2010-10-11,1.74772862059
2010-10-12,1.74642868748
2010-10-13,1.74270813788
2010-10-14,1.73852171272
2010-10-17,1.74436486703
2010-10-18,1.7376283105
2010-10-19,1.73196281659
2010-10-20,1.73200012539
2010-10-21,1.72794425204
2010-10-24,1.72829777781
2010-10-25,1.72669720143
2010-10-26,1.72547416959
2010-10-27,1.72859094062
2010-10-28,1.73153143369
2010-11-01,1.73066150089
2010-11-02,1.73168551567
2010-11-03,1.73452350005
2010-11-04,1.73497474788
2010-11-05,1.73480765073
2010-11-08,1.73278584195
2010-11-09,1.7345284703
2010-11-10,1.73611498456
2010-11-11,1.73878239198
2010-11-12,1.74318071634
2010-11-15,1.73287065259
2010-11-16,1.73641198387
2010-11-17,1.74281558852
2010-11-18,1.74642342948
2010-11-19,1.74763051401
2010-11-22,1.74383866835
2010-11-23,1.74590575574
2010-11-24,1.74980996557
2010-11-25,1.75020230146
2010-11-26,1.75040959985
2010-11-29,1.74812824907
2010-11-30,1.74901012687
2010-12-01,1.74970564056
2010-12-02,1.74962746334
2010-12-03,1.74793796988
2010-12-06,1.75649803912
2010-12-07,1.75694452099
2010-12-08,1.75758310705
2010-12-09,1.75702743599
2010-12-10,1.75556483477
2010-12-13,1.75474098834
2010-12-14,1.75326233777
2010-12-15,1.74904467885
2010-12-16,1.74634231542
2010-12-17,1.74580033572
2010-12-20,1.74644082006
2010-12-21,1.74484176296
2010-12-22,1.74029219039
2010-12-23,1.73762998633
2010-12-24,1.73556062437
2010-12-27,1.73032873076
2010-12-28,1.72723648341
2010-12-29,1.72442386079
2010-12-30,1.72275158514
2010-12-31,1.7224799144
2011-01-03,1.7284108973
2011-01-04,1.7303548318
2011-01-05,1.73042494938
2011-01-06,1.72961698051
2011-01-07,1.72778440454
2011-01-10,1.72767254684
2011-01-11,1.72726609176
2011-01-12,1.72699145712
2011-01-13,1.72710490356
2011-01-14,1.72328231933
2011-01-17,1.72334572343
2011-01-18,1.71965548517
2011-01-19,1.71610846745
2011-01-20,1.71237502094
2011-01-21,1.70973404968
2011-01-24,1.70817450261
2011-01-25,1.70627102993
2011-01-26,1.70303537786
2011-01-27,1.70224101535
2011-01-28,1.70330740641
2011-01-31,1.7016368735
2011-02-01,1.70266543527
2011-02-02,1.70245248153
2011-02-03,1.70114415747
2011-02-04,1.69849340483
2011-02-07,1.69932006167
2011-02-08,1.69481072173
2011-02-09,1.6960094608
2011-02-10,1.69586197412
2011-02-11,1.69532140776
2011-02-14,1.69728089568
2011-02-15,1.69486708992
2011-02-16,1.6944661562
2011-02-17,1.69432980212
2011-02-18,1.6951
2011-02-21,1.69573691138
2011-02-22,1.69535110744
2011-02-23,1.69573988502
2011-02-24,1.69569769629
2011-02-25,1.69461163117
2011-02-28,1.69464716549
2011-03-01,1.69394465792
2011-03-02,1.69332698154
2011-03-03,1.69276966591
2011-03-04,1.69140110408
2011-03-07,1.69007530858
2011-03-08,1.68886789152
2011-03-09,1.68813805745
2011-03-10,1.68765172425
2011-03-11,1.68719344304
2011-03-14,1.68310103059
2011-03-15,1.68291158054
2011-03-16,1.68225176139
2011-03-17,1.68347945379
2011-03-18,1.68611820811
2011-03-21,1.67950065599
2011-03-22,1.67908980071
2011-03-23,1.67789636711
2011-03-24,1.67658098279
2011-03-25,1.67626984303
2011-03-27,1.67625127156
2011-03-28,1.67632139616
2011-03-29,1.67628292375
2011-03-30,1.67952739347
2011-03-31,1.68202746874
2011-04-03,1.6866705523
2011-04-04,1.69132437064
2011-04-05,1.69396489759
2011-04-06,1.69466167626
2011-04-07,1.69714795917
2011-04-10,1.70221434029
2011-04-11,1.7028292019
2011-04-12,1.70085695144
2011-04-13,1.69573534409
2011-04-14,1.6903209611
2011-04-17,1.68757153683
2011-04-18,1.68173609869
2011-04-19,1.67628891272
2011-04-20,1.67008749875
2011-04-21,1.66289437955
2011-04-24,1.65660057676
2011-04-25,1.64472754496
2011-04-26,1.63179448827
2011-04-27,1.62515966067
2011-04-28,1.61754460214
2011-05-01,1.61325909796
2011-05-02,1.60959514839
2011-05-03,1.60581907944
2011-05-04,1.60268774974
2011-05-05,1.61192366784
2011-05-08,1.61431356555
2011-05-09,1.61977316441
2011-05-10,1.62207491283
2011-05-11,1.62684340789
2011-05-12,1.62959787082
2011-05-15,1.63714782219
2011-05-16,1.64257903431
2011-05-17,1.64532313436
2011-05-18,1.64646577879
2011-05-19,1.64772417661
2011-05-22,1.64709900281
2011-05-23,1.65108445866
2011-05-24,1.65136158631
2011-05-25,1.65045380248
2011-05-26,1.65080028873
2011-05-29,1.64587597127
2011-05-30,1.64323549405
2011-05-31,1.64480661446
2011-06-01,1.64555228276
2011-06-02,1.64662760716
2011-06-05,1.64970104142
2011-06-06,1.64999991354
2011-06-07,1.65078622189
2011-06-08,1.64979494878
2011-06-09,1.64864786028
2011-06-12,1.64410072782
2011-06-13,1.63998446168
2011-06-14,1.63798264069
2011-06-15,1.63673043291
2011-06-16,1.635479654
2011-06-19,1.63382613649
2011-06-20,1.62617206476
2011-06-21,1.61962929796
2011-06-22,1.61226494566
2011-06-23,1.60465528763
2011-06-26,1.60417730319
2011-06-27,1.60444653578
2011-06-28,1.6044858197
2011-06-29,1.60484053956
2011-06-30,1.60673713358
2011-07-03,1.6103024726
2011-07-04,1.6126602417
2011-07-05,1.61310183889
2011-07-06,1.61301690472
2011-07-07,1.61347627765
2011-07-10,1.61197153429
2011-07-11,1.61115253258
2011-07-12,1.61095248165
2011-07-13,1.60844334141
2011-07-14,1.60372497798
2011-07-17,1.60185652661
2011-07-18,1.59923662767
2011-07-19,1.59734017409
2011-07-20,1.59533309185
2011-07-21,1.59270132486
2011-07-24,1.58941195873
2011-07-25,1.58471022159
2011-07-26,1.58538533897
2011-07-27,1.58476584802
2011-07-28,1.58484521152
2011-07-31,1.5850109931
2011-08-01,1.58494392675
2011-08-02,1.58491700251
2011-08-03,1.5843435918
2011-08-04,1.5862253117
2011-08-07,1.59142993925
2011-08-08,1.59523338802
2011-08-09,1.6089678883
2011-08-10,1.61829439905
2011-08-11,1.62616429458
2011-08-14,1.63101068094
2011-08-15,1.63204440424
2011-08-16,1.63290799845
2011-08-17,1.63333014278
2011-08-18,1.63629380332
2011-08-21,1.63737606465
2011-08-22,1.63800064518
2011-08-23,1.63559807924
2011-08-24,1.63702335754
2011-08-25,1.63816709027
2011-08-28,1.63540828416
2011-08-29,1.63317538996
2011-08-30,1.63110922125
2011-08-31,1.62865894925
2011-09-01,1.62781791527
2011-09-04,1.63238269334
2011-09-05,1.6414729713
2011-09-06,1.64952317579
2011-09-07,1.65557849985
2011-09-08,1.66046768932
2011-09-11,1.67146518945
2011-09-12,1.68867356956
2011-09-13,1.70444597056
2011-09-14,1.7200923657
2011-09-15,1.73076567064
2011-09-18,1.73982520354
2011-09-19,1.76572857956
2011-09-20,1.78826422856
2011-09-21,1.81829539139
2011-09-22,1.85443951571
2011-09-25,1.87813970179
2011-09-26,1.89503109709
2011-09-27,1.90005890666
2011-09-28,1.90375079066
2011-09-29,1.90744665804
2011-10-02,1.91467001438
2011-10-03,1.92848002732
2011-10-04,1.93337333874
2011-10-05,1.9325826471
2011-10-06,1.92576871361
2011-10-09,1.91863474133
2011-10-10,1.91492738819
2011-10-11,1.91233907171
2011-10-12,1.90943836104
2011-10-13,1.90550271717
2011-10-16,1.90269968134
2011-10-17,1.90304683442
2011-10-18,1.90367280484
2011-10-19,1.9009480566
2011-10-20,1.89006425589
2011-10-23,1.88224324663
2011-10-24,1.87572576184
2011-10-25,1.87419862413
2011-10-26,1.87071950144
2011-10-27,1.86801918029
2011-10-31,1.86218431751
2011-11-01,1.84015982109
2011-11-02,1.82274592
2011-11-03,1.80701916393
2011-11-04,1.79687348253
2011-11-07,1.79561289312
2011-11-08,1.7958118433
2011-11-09,1.79583142544
2011-11-10,1.79342447516
2011-11-11,1.79480022716
2011-11-14,1.79489533794
2011-11-15,1.79393282471
2011-11-16,1.79544618205
2011-11-17,1.79665905109
2011-11-18,1.79260183758
2011-11-21,1.79434340535
2011-11-22,1.80375192611
2011-11-23,1.81295560642
2011-11-24,1.83477983887
2011-11-25,1.85643600897
2011-11-28,1.87253864242
2011-11-29,1.8793248604
2011-11-30,1.88595980134
2011-12-01,1.8868690723
2011-12-02,1.88625543843
2011-12-05,1.88616602341
2011-12-06,1.88542041161
2011-12-07,1.88378988348
2011-12-08,1.88339639201
2011-12-09,1.88401547626
2011-12-12,1.88090733281
2011-12-13,1.87978471498
2011-12-14,1.88449431787
2011-12-15,1.89169286776
2011-12-16,1.89340380321
2011-12-19,1.89455411035
2011-12-20,1.89872973131
2011-12-21,1.89971252621
2011-12-22,1.89920397397
2011-12-23,1.89552155243
2011-12-26,1.89154347345
2011-12-27,1.89192962318
2011-12-28,1.89409153762
2011-12-29,1.89959375444
2011-12-30,1.90191806068
2012-01-02,1.90273187429
2012-01-03,1.90099166687
2012-01-04,1.89706237937
2012-01-05,1.89448760005
2012-01-06,1.89329708827
2012-01-09,1.88774305136
2012-01-10,1.88321082724
2012-01-11,1.88957205873
2012-01-12,1.88982181642
2012-01-13,1.89525908738
2012-01-16,1.89723886483
2012-01-17,1.89791460578
2012-01-18,1.89986591359
2012-01-19,1.90076108862
2012-01-20,1.90236944799
2012-01-23,1.90085933627
2012-01-24,1.89887458267
2012-01-25,1.89446156108
2012-01-26,1.88510234911
2012-01-27,1.88262225066
2012-01-30,1.87626855964
2012-01-31,1.86512229792
2012-02-01,1.86026661901
2012-02-02,1.85804495756
2012-02-03,1.85108710343
2012-02-06,1.84093466086
2012-02-07,1.82917296112
2012-02-08,1.82526358915
2012-02-09,1.81994076898
2012-02-10,1.8177376455
2012-02-13,1.812991309
2012-02-14,1.80961830696
2012-02-15,1.80550495495
2012-02-16,1.80248377958
2012-02-17,1.80090313968
2012-02-20,1.79864482877
2012-02-21,1.79686215579
2012-02-22,1.794054754
2012-02-23,1.79080092151
2012-02-24,1.74370787943
2012-02-27,1.74164265876
2012-02-28,1.7365806654
2012-02-29,1.7316190715
2012-03-01,1.7289718351
2012-03-02,1.72866134134
2012-03-05,1.73083472539
2012-03-06,1.73419889798
2012-03-07,1.74413475817
2012-03-08,1.75416394868
2012-03-09,1.76101754668
2012-03-12,1.77463985454
2012-03-13,1.78837316733
2012-03-14,1.79777889274
2012-03-15,1.80861855995
2012-03-16,1.8171101397
2012-03-19,1.82381562643
2012-03-20,1.83446916463
2012-03-21,1.84205372326
2012-03-22,1.84859430224
2012-03-23,1.85406706762
2012-03-25,1.85618859279
2012-03-26,1.85783329356
2012-03-27,1.85663561584
2012-03-28,1.85655976713
2012-03-29,1.85289374449
2012-04-01,1.85033857975
2012-04-02,1.84798347122
2012-04-03,1.84724964921
2012-04-04,1.8458520298
2012-04-05,1.84024737394
2012-04-08,1.83927860039
2012-04-09,1.8389282596
2012-04-10,1.83856923349
2012-04-11,1.83994075411
2012-04-12,1.83875233106
2012-04-15,1.8379414091
2012-04-16,1.84216424987
2012-04-17,1.84922461432
2012-04-18,1.86131518321
2012-04-19,1.87083346725
2012-04-22,1.8759472259
2012-04-23,1.88246949097
2012-04-24,1.88796541589
2012-04-25,1.89259048778
2012-04-26,1.89729225245
2012-04-29,1.90186524438
2012-04-30,1.91022469075
2012-05-01,1.91722081143
2012-05-02,1.92646437089
2012-05-03,1.93101021342
2012-05-06,1.93762571941
2012-05-07,1.9404050573
2012-05-08,1.94725512135
2012-05-09,1.96048608477
2012-05-10,1.96520488564
2012-05-13,1.97226784432
2012-05-14,1.98505629375
2012-05-15,1.99805878796
2012-05-16,2.00975383116
2012-05-17,2.0213524742
2012-05-20,2.03339497635
2012-05-21,2.04591695531
2012-05-22,2.06983031587
2012-05-23,2.07560670184
2012-05-24,2.07990821262
2012-05-27,2.07763808657
2012-05-28,2.07620288688
2012-05-29,2.07448762609
2012-05-30,2.07551778979
2012-05-31,2.07475301866
2012-06-03,2.07644320019
2012-06-04,2.07695824623
2012-06-05,2.07388720264
2012-06-06,2.07476904521
2012-06-07,2.07196836847
2012-06-10,2.06921898875
2012-06-11,2.07479041446
2012-06-12,2.08042197267
2012-06-13,2.08589277277
2012-06-14,2.08867599474
2012-06-17,2.09017428329
2012-06-18,2.09276381527
2012-06-19,2.0843507206
2012-06-20,2.08425698758
2012-06-21,2.08764096965
2012-06-24,2.08827785114
2012-06-25,2.08565921256
2012-06-26,2.08542649187
2012-06-27,2.08754834471
2012-06-28,2.09037408194
2012-07-01,2.09303094071
2012-07-02,2.09852933519
2012-07-03,2.09950545115
2012-07-04,2.09958841981
2012-07-05,2.09993617211
2012-07-08,2.09977628754
2012-07-09,2.09778244343
2012-07-10,2.0951531138
2012-07-11,2.09165231014
2012-07-12,2.08994038878
2012-07-15,2.08922075306
2012-07-16,2.08692329361
2012-07-17,2.08695598841
2012-07-18,2.08703068105
2012-07-19,2.08421946001
2012-07-22,2.07996630862
2012-07-23,2.07696281302
2012-07-24,2.07131630347
2012-07-25,2.06354028231
2012-07-26,2.05229706747
2012-07-29,2.05197062447
2012-07-30,2.04772050699
2012-07-31,2.05184298974
2012-08-01,2.05317006906
2012-08-02,2.05514129999
2012-08-05,2.05514058615
2012-08-06,2.05506304259
2012-08-07,2.05491525332
2012-08-08,2.05467508244
2012-08-09,2.0543964633
2012-08-12,2.05408252929
2012-08-13,2.05360494636
2012-08-14,2.05362515781
2012-08-15,2.05353737591
2012-08-16,2.0531899786
2012-08-19,2.05352146256
2012-08-20,2.05296103593
2012-08-21,2.05083985651
2012-08-22,2.050198034
2012-08-23,2.05024817591
2012-08-26,2.05029676161
2012-08-27,2.04899166705
2012-08-28,2.0445741818
2012-08-29,2.04581894529
2012-08-30,2.04501919837
2012-09-02,2.04507629983
2012-09-03,2.04508564759
2012-09-04,2.04627242815
2012-09-05,2.04754399029
2012-09-06,2.04758690892
2012-09-09,2.04741849767
2012-09-10,2.04742635056
2012-09-11,2.04771626236
2012-09-12,2.04772235437
2012-09-13,2.04760326194
2012-09-16,2.04803195344
2012-09-17,2.04826209407
2012-09-18,2.04771103188
2012-09-19,2.04747183683
2012-09-20,2.04755802641
2012-09-23,2.0476011012
2012-09-24,2.04717397518
2012-09-25,2.04541701304
2012-09-26,2.04242069523
2012-09-27,2.03864726965
2012-09-30,2.03830680968
2012-10-01,2.03785676668
2012-10-02,2.03591041207
2012-10-03,2.03355783493
2012-10-04,2.03333418084
2012-10-07,2.03607032717
2012-10-08,2.03696977837
2012-10-09,2.03792564636
2012-10-10,2.04052778832
2012-10-11,2.0428999822
2012-10-14,2.04496966271
2012-10-15,2.04564584069
2012-10-16,2.04644586704
2012-10-17,2.04681322652
2012-10-18,2.04682253506
2012-10-21,2.04682226195
2012-10-22,2.04681882516
2012-10-23,2.04669011519
2012-10-24,2.0460609573
2012-10-25,2.04594590337
2012-10-29,2.046000743
2012-10-30,2.0464062579
2012-10-31,2.04659818633
2012-11-01,2.0466388585
2012-11-02,2.04651630774
2012-11-05,2.04078347817
2012-11-06,2.04120589891
2012-11-07,2.04113369703
2012-11-08,2.04002158558
2012-11-09,2.03959247455
2012-11-12,2.04043984647
2012-11-13,2.04407000097
2012-11-14,2.04975857773
2012-11-15,2.05638869287
2012-11-16,2.06196095732
2012-11-19,2.07108796003
2012-11-20,2.07730123247
2012-11-21,2.08326336621
2012-11-22,2.09200981879
2012-11-23,2.10109907526
2012-11-26,2.10389428765
2012-11-27,2.10663305628
2012-11-28,2.10895311148
2012-11-29,2.11195707691
2012-11-30,2.1148892246
2012-12-03,2.12574076307
2012-12-04,2.13118977583
2012-12-05,2.13444647656
2012-12-06,2.13265868053
2012-12-07,2.13009797251
2012-12-10,2.12797403905
2012-12-11,2.12605259275
2012-12-12,2.12483594328
2012-12-13,2.12436247336
2012-12-14,2.12369775356
2012-12-17,2.12374613318
2012-12-18,2.12423486788
2012-12-19,2.12431515137
2012-12-20,2.1242296125
2012-12-21,2.12297820552
2012-12-24,2.12436816604
2012-12-25,2.12433850645
2012-12-26,2.12423625312
2012-12-27,2.12545201456
2012-12-28,2.12631189932
2012-12-31,2.11719362623
2013-01-01,2.11002756871
2013-01-02,2.10166751138
2013-01-03,2.10014988975
2013-01-04,2.09953967843
2013-01-07,2.10046112957
2013-01-08,2.10111622655
2013-01-09,2.09985401927
2013-01-10,2.09872883684
2013-01-11,2.09623858139
2013-01-14,2.09258058837
2013-01-15,2.08509030122
2013-01-16,2.07899080855
2013-01-17,2.07584759566
2013-01-18,2.07221797275
2013-01-21,2.07101134764
2013-01-22,2.06452382407
2013-01-23,2.05487035446
2013-01-24,2.05373989188
2013-01-25,2.05366430731
2013-01-28,2.05296804028
2013-01-29,2.05830767451
2013-01-30,2.06296882262
2013-01-31,2.06462199354
2013-02-01,2.06389882628
2013-02-04,2.06507593764
2013-02-05,2.06521489395
2013-02-06,2.06440197784
2013-02-07,2.06097978487
2013-02-08,2.06265072755
2013-02-11,2.06196693351
2013-02-12,2.05995494603
2013-02-13,2.0590514365
2013-02-14,2.05483100234
2013-02-15,2.05094726413
2013-02-18,2.04674347076
2013-02-19,2.03991131221
2013-02-20,2.03126494119
2013-02-21,2.0223203713
2013-02-22,2.01287735231
2013-02-25,2.00058974318
2013-02-26,1.99840479715
2013-02-27,1.9977908246
2013-02-28,1.996065341
2013-03-01,1.99399966924
2013-03-04,1.99312093597
2013-03-05,1.98899694415
2013-03-06,1.98732541164
2013-03-07,1.98482645838
2013-03-08,1.9849904859
2013-03-11,1.98737066417
2013-03-12,1.98707491873
2013-03-13,1.98688575609
2013-03-14,1.98736030254
2013-03-15,1.98768208561
2013-03-18,1.98895642609
2013-03-19,1.99070983603
2013-03-20,1.99166502017
2013-03-21,1.99311910896
2013-03-22,1.99946415652
2013-03-25,2.00510741706
2013-03-26,2.00934477904
2013-03-27,2.01515760093
2013-03-28,2.01953395211
2013-03-29,2.0252731239
2013-03-31,2.03019457584
2013-04-01,2.03395895266
2013-04-02,2.03746904587
2013-04-03,2.04117478136
2013-04-04,2.04228005356
2013-04-07,2.03799513625
2013-04-08,2.03554633241
2013-04-09,2.03411424037
2013-04-10,2.0339315069
2013-04-11,2.03364195324
2013-04-14,2.03495270401
2013-04-15,2.0349830846
2013-04-16,2.03490091475
2013-04-17,2.03487743365
2013-04-18,2.03451321003
2013-04-21,2.03439279099
2013-04-22,2.03558742134
2013-04-23,2.03611390148
2013-04-24,2.03595094392
2013-04-25,2.03372905767
2013-04-28,2.03110516813
2013-04-29,2.02983002118
2013-04-30,2.02742302246
2013-05-01,2.0243096308
2013-05-02,2.02336335332
2013-05-05,2.02438643068
2013-05-06,2.02543076189
2013-05-07,2.02602328942
2013-05-08,2.02502898121
2013-05-09,2.02453790356
2013-05-12,2.02135980811
2013-05-13,2.02167111025
2013-05-14,2.02228027289
2013-05-15,2.02420583881
2013-05-16,2.02364606817
2013-05-19,2.0279605353
2013-05-20,2.03222710289
2013-05-21,2.03491378297
2013-05-22,2.04125069582
2013-05-23,2.04517730693
2013-05-26,2.04917665721
2013-05-27,2.05479031578
2013-05-28,2.064703599
2013-05-29,2.08311377141
2013-05-30,2.09743649041
2013-06-02,2.10477872578
2013-06-03,2.11826617783
2013-06-04,2.1299216299
2013-06-05,2.13926417766
2013-06-06,2.14785088792
2013-06-09,2.15506698634
2013-06-10,2.15991264795
2013-06-11,2.16434895061
2013-06-12,2.17215911946
2013-06-13,2.17245067319
2013-06-16,2.17075896605
2013-06-17,2.17895542514
2013-06-18,2.18657003501
2013-06-19,2.20563359446
2013-06-20,2.2288361107
2013-06-23,2.24247322555
2013-06-24,2.25044108428
2013-06-25,2.25529332441
2013-06-26,2.25797924634
2013-06-27,2.26112474865
2013-06-30,2.26099570398
2013-07-01,2.26694109804
2013-07-02,2.27618261803
2013-07-03,2.28704511431
2013-07-04,2.29290966781
2013-07-07,2.2975583448
2013-07-08,2.30290897737
2013-07-09,2.30515338728
2013-07-10,2.31094236521
2013-07-11,2.3070895479
2013-07-14,2.29358699776
2013-07-15,2.28940683876
2013-07-16,2.28718438032
2013-07-17,2.28718497271
2013-07-18,2.28496240335
2013-07-21,2.28546925477
2013-07-22,2.28557280108
2013-07-23,2.28558311645
2013-07-24,2.28314703745
2013-07-25,2.28096525266
2013-07-28,2.27707375513
2013-07-29,2.27944523334
2013-07-30,2.28432246031
2013-07-31,2.28605924096
2013-08-01,2.29568002199
2013-08-04,2.29992641421
2013-08-05,2.30696819659
2013-08-06,2.31214006506
2013-08-07,2.31754320324
2013-08-08,2.31950607268
2013-08-11,2.31998197033
2013-08-12,2.3208081819
2013-08-13,2.32726904651
2013-08-14,2.33349056369
2013-08-15,2.34162170959
2013-08-18,2.36367029595
2013-08-19,2.38641956026
2013-08-20,2.39751335627
2013-08-21,2.42377288491
2013-08-22,2.44026977643
2013-08-25,2.44087138733
2013-08-26,2.44481099586
2013-08-27,2.44758065254
2013-08-28,2.44707453845
2013-08-29,2.4484824505
2013-09-01,2.45090274248
2013-09-02,2.45298951034
2013-09-03,2.45262266927
2013-09-04,2.45249135508
2013-09-05,2.44908305914
2013-09-08,2.44492516057
2013-09-09,2.4464976028
2013-09-10,2.4492815184
2013-09-11,2.45349508946
2013-09-12,2.45688984276
2013-09-15,2.45522898752
2013-09-16,2.44839419881
2013-09-17,2.44531616457
2013-09-18,2.43765505378
2013-09-19,2.42563557756
2013-09-22,2.42558720492
2013-09-23,2.41988810291
2013-09-24,2.41308149621
2013-09-25,2.4067171165
2013-09-26,2.39645653596
2013-09-29,2.37920908454
2013-09-30,2.36049066222
2013-10-01,2.34370433415
2013-10-02,2.32379471096
2013-10-03,2.31038365486
2013-10-06,2.2999171575
2013-10-07,2.29633637592
2013-10-08,2.28764374379
2013-10-09,2.28022768975
2013-10-10,2.27259684071
2013-10-13,2.26213257395
2013-10-14,2.24544242691
2013-10-15,2.23678787725
2013-10-16,2.23710337216
2013-10-17,2.23970820185
2013-10-20,2.24258854585
2013-10-21,2.24252783812
2013-10-22,2.24240534092
2013-10-23,2.23817824207
2013-10-24,2.23036365719
2013-10-28,2.22490396763
2013-10-29,2.2199741939
2013-10-30,2.21560206494
2013-10-31,2.21497801597
2013-11-01,2.22232166344
2013-11-04,2.23471248865
2013-11-05,2.24213903694
2013-11-06,2.25862477151
2013-11-07,2.2739098241
2013-11-08,2.29301172961
2013-11-11,2.31034293663
2013-11-12,2.32960167765
2013-11-13,2.34638436438
2013-11-14,2.36036157927
2013-11-15,2.36777586891
2013-11-18,2.37255180178
2013-11-19,2.37162275697
2013-11-20,2.37010387564
2013-11-21,2.36915271228
2013-11-22,2.37163125887
2013-11-25,2.36867196545
2013-11-26,2.36328998391
2013-11-27,2.35685346893
2013-11-28,2.3498016628
2013-11-29,2.34849542974
2013-12-02,2.35116844395
2013-12-03,2.3553746881
2013-12-04,2.3672676703
2013-12-05,2.38117729353
2013-12-06,2.38629007654
2013-12-09,2.38689539061
2013-12-10,2.38615257912
2013-12-11,2.38471596526
2013-12-12,2.38575175128
2013-12-13,2.38715702708
2013-12-16,2.38772181939
2013-12-17,2.38575857755
2013-12-18,2.38369068392
2013-12-19,2.38136220554
2013-12-20,2.38434780679
2013-12-23,2.38888953161
2013-12-24,2.38744225289
2013-12-25,2.38683245383
2013-12-26,2.38822565136
2013-12-27,2.38862574882
2013-12-30,2.38862204433
2013-12-31,2.3892788783
2014-01-01,2.38711185705
2014-01-02,2.38083782322
2014-01-03,2.38636284444
2014-01-06,2.38947302919
2014-01-07,2.39194535512
2014-01-08,2.39119826244
2014-01-09,2.39730334947
2014-01-10,2.40136056958
2014-01-13,2.40027391883
2014-01-14,2.39859470467
2014-01-15,2.39486102424
2014-01-16,2.39262583623
2014-01-17,2.39269138487
2014-01-20,2.39022901842
2014-01-21,2.39089331499
2014-01-22,2.39094412796
2014-01-23,2.39177921174
2014-01-24,2.39603870333
2014-01-27,2.39834139347
2014-01-28,2.40860083784
2014-01-29,2.41825352213
2014-01-30,2.42855730162
2014-01-31,2.43164234572
2014-02-03,2.43762466545
2014-02-04,2.44605896632
2014-02-05,2.44834476038
2014-02-06,2.44861721979
2014-02-07,2.44823565023
2014-02-10,2.44776366224
2014-02-11,2.44923123122
2014-02-12,2.44936246753
2014-02-13,2.45099648221
2014-02-14,2.45031637711
2014-02-17,2.44760822293
2014-02-18,2.44268712354
2014-02-19,2.43998290273
2014-02-20,2.43855129101
2014-02-21,2.44000089781
2014-02-24,2.44574356384
2014-02-25,2.44808295042
2014-02-26,2.44736549763
2014-02-27,2.44241344686
2014-02-28,2.44412111294
2014-03-03,2.44002566534
2014-03-04,2.43031056598
2014-03-05,2.42642928848
2014-03-06,2.42535628966
2014-03-07,2.42509090293
2014-03-10,2.42380332825
2014-03-11,2.41712772184
2014-03-12,2.41127758539
2014-03-13,2.39982212688
2014-03-14,2.39489312453
2014-03-17,2.38984510452
2014-03-18,2.38486613897
2014-03-19,2.37769860614
2014-03-20,2.36794680031
2014-03-21,2.36303859556
2014-03-24,2.36332549452
2014-03-25,2.36376352705
2014-03-26,2.36485352991
2014-03-27,2.36683086351
2014-03-28,2.37741750078
2014-03-30,2.38344926014
2014-03-31,2.38441230056
2014-04-01,2.38595139661
2014-04-02,2.38728453795
2014-04-03,2.38707333476
2014-04-06,2.38948019628
2014-04-07,2.39113848399
2014-04-08,2.38964402801
2014-04-09,2.38900755038
2014-04-10,2.38056742887
2014-04-13,2.37330392887
2014-04-14,2.36323764136
2014-04-15,2.35427214745
2014-04-16,2.34030739692
2014-04-17,2.32969340633
2014-04-20,2.3182807283
2014-04-21,2.30519459249
2014-04-22,2.29286788631
2014-04-23,2.28289662411
2014-04-24,2.28026529261
2014-04-27,2.27808956639
2014-04-28,2.27194732784
2014-04-29,2.26833481433
2014-04-30,2.26229030473
2014-05-01,2.25124956431
2014-05-04,2.25024082462
2014-05-05,2.25300971852
2014-05-06,2.25250956104
2014-05-07,2.24701170867
2014-05-08,2.24595704298
2014-05-11,2.24657316564
2014-05-12,2.24677946884
2014-05-13,2.24606939569
2014-05-14,2.24555723015
2014-05-15,2.24490021844
2014-05-18,2.24426733115
2014-05-19,2.24393829005
2014-05-20,2.24139140226
2014-05-21,2.24144931329
2014-05-22,2.24142148001
2014-05-25,2.2382533192
2014-05-26,2.23832606284
2014-05-27,2.23824224639
2014-05-28,2.23817831355
2014-05-29,2.23706115445
2014-06-01,2.24009037476
2014-06-02,2.25125802411
2014-06-03,2.26271629902
2014-06-04,2.27213572148
2014-06-05,2.27603607233
2014-06-08,2.27747131432
2014-06-09,2.27754329994
2014-06-10,2.27746441645
2014-06-11,2.27691889108
2014-06-12,2.27696723256
2014-06-15,2.27670251217
2014-06-16,2.27593225346
2014-06-17,2.2785312624
2014-06-18,2.27753609935
2014-06-19,2.27700667545
2014-06-22,2.27681711218
2014-06-23,2.27726066985
2014-06-24,2.27723879415
2014-06-25,2.27831495662
2014-06-26,2.28038431389
2014-06-29,2.2816790201
2014-06-30,2.27508772196
2014-07-01,2.2670786971
2014-07-02,2.25702244812
2014-07-03,2.25110023477
2014-07-06,2.24767231906
2014-07-07,2.24730825165
2014-07-08,2.24701740411
2014-07-09,2.24544531591
2014-07-10,2.24458818045
2014-07-13,2.24443321964
2014-07-14,2.24266579314
2014-07-15,2.23135378651
2014-07-16,2.23149303922
2014-07-17,2.24120091452
2014-07-20,2.24059689981
2014-07-21,2.24093506361
2014-07-22,2.2401161641
2014-07-23,2.240405091
2014-07-24,2.23980059842
2014-07-27,2.23903054758
2014-07-28,2.23934296204
2014-07-29,2.23945590625
2014-07-30,2.2433676771
2014-07-31,2.25149942825
2014-08-03,2.25598810186
2014-08-04,2.26024588605
2014-08-05,2.26944338028
2014-08-06,2.27533658477
2014-08-07,2.28667979328
2014-08-10,2.29245500861
2014-08-11,2.29553634801
2014-08-12,2.29889017244
2014-08-13,2.30246478341
2014-08-14,2.30326428193
2014-08-17,2.30306546019
2014-08-18,2.30286374631
2014-08-19,2.3006639808
2014-08-20,2.29937695613
2014-08-21,2.2979592828
2014-08-24,2.29727289703
2014-08-25,2.29626814809
2014-08-26,2.29312179301
2014-08-27,2.29313296152
2014-08-28,2.29460204204
2014-08-31,2.29649020368
2014-09-01,2.29689823198
2014-09-02,2.29583179204
2014-09-03,2.29556464436
2014-09-04,2.28977664647
2014-09-07,2.28682522762
2014-09-08,2.28573956861
2014-09-09,2.28749914408
2014-09-10,2.28898022669
2014-09-11,2.29483862001
2014-09-14,2.2964674691
2014-09-15,2.31519517617
2014-09-16,2.32788739708
2014-09-17,2.34433979782
2014-09-18,2.35990552366
2014-09-21,2.37347058906
2014-09-22,2.39247759255
2014-09-23,2.41257234268
2014-09-24,2.42283218404
2014-09-25,2.44043935419
2014-09-28,2.45324892625
2014-09-29,2.46919098621
2014-09-30,2.48013806698
2014-10-01,2.49717033743
2014-10-02,2.51274772412
2014-10-05,2.51637719999
2014-10-06,2.51614706123
2014-10-07,2.51316486182
2014-10-08,2.50813498167
2014-10-09,2.50356617246
2014-10-12,2.49154199071
2014-10-13,2.48911875679
2014-10-14,2.48521145009
2014-10-15,2.48798483001
2014-10-16,2.49255054791
2014-10-19,2.49140068996
2014-10-20,2.49572054115
2014-10-21,2.50243888699
2014-10-22,2.50772677607
2014-10-23,2.5160222559
2014-10-27,2.51917075403
2014-10-28,2.53059895714
2014-10-29,2.53184292234
2014-10-30,2.5291762764
2014-10-31,2.52350736587
2014-11-03,2.52187978608
2014-11-04,2.52845642279
2014-11-05,2.53355004593
2014-11-06,2.53637385643
2014-11-07,2.55480336918
2014-11-10,2.56389282936
2014-11-11,2.57079566368
2014-11-12,2.57671230003
2014-11-13,2.58723350673
2014-11-14,2.60138448628
2014-11-17,2.61402079091
2014-11-18,2.62786813746
2014-11-19,2.63551121971
2014-11-20,2.64088867292
2014-11-21,2.64585832864
2014-11-24,2.64533510098
2014-11-25,2.64662622964
2014-11-26,2.6454429895
2014-11-27,2.6433269864
2014-11-28,2.63057334008
2014-12-01,2.61464358004
2014-12-02,2.61325580779
2014-12-03,2.61166030652
2014-12-04,2.60900196507
2014-12-05,2.61191761649
2014-12-08,2.61524777953
2014-12-09,2.61998623807
2014-12-10,2.62307623121
2014-12-11,2.62972884631
2014-12-12,2.64198945978
2014-12-15,2.65234750932
2014-12-16,2.67227504543
2014-12-17,2.70370005471
2014-12-18,2.72372277678
2014-12-19,2.73137500002
2014-12-22,2.73563692785
2014-12-23,2.74132056071
2014-12-24,2.74899490684
2014-12-25,2.75062807084
2014-12-26,2.75386234155
2014-12-29,2.75457056423
2014-12-30,2.7571341803
2014-12-31,2.75420354879
2015-01-01,2.74687112489
2015-01-02,2.74386023791
2015-01-05,2.74195590861
2015-01-06,2.74119699256
2015-01-07,2.73528515997
2015-01-08,2.73010444518
2015-01-09,2.72917647896
2015-01-12,2.73222394367
2015-01-13,2.73100643845
2015-01-14,2.72194287696
2015-01-15,2.72114495547
2015-01-16,2.7217611503
2015-01-19,2.7243853245
2015-01-20,2.72423041585
2015-01-21,2.72375564118
2015-01-22,2.72373163383
2015-01-23,2.7252824256
2015-01-26,2.72354136841
2015-01-27,2.71835358428
2015-01-28,2.71960879824
2015-01-29,2.71932697403
2015-01-30,2.71702280946
2015-02-02,2.71470737744
2015-02-03,2.71985802879
2015-02-04,2.71874932608
2015-02-05,2.73174120791
2015-02-06,2.74680165998
2015-02-09,2.7716255923
2015-02-10,2.78742701465
2015-02-11,2.81915562292
2015-02-12,2.8549539666
2015-02-13,2.87441397796
2015-02-16,2.89405537504
2015-02-17,2.91068850935
2015-02-18,2.9244972015
2015-02-19,2.93644583049
2015-02-20,2.94780835541
2015-02-23,2.95581843786
2015-02-24,2.96129287016
2015-02-25,2.95665550385
2015-02-26,2.94674585244
2015-02-27,2.93985751284
2015-03-02,2.93284481509
2015-03-03,2.93720165658
2015-03-04,2.93880292565
2015-03-05,2.95596934284
2015-03-06,2.9764678263
2015-03-09,3.01326055821
2015-03-10,3.06056570831
2015-03-11,3.09525859637
2015-03-12,3.13109742061
2015-03-13,3.16858488977
2015-03-16,3.22109489695
2015-03-17,3.26304546363
2015-03-18,3.29818475963
2015-03-19,3.32180330634
2015-03-20,3.35679343247
2015-03-23,3.37354908563
2015-03-24,3.37527625447
2015-03-25,3.37300369494
2015-03-26,3.3745140404
2015-03-27,3.37380930584
2015-03-29,3.36373853775
2015-03-30,3.35268296965
2015-03-31,3.33594852899
2015-04-01,3.31919550979
2015-04-02,3.30269156288
2015-04-05,3.29498200206
2015-04-06,3.29505698575
2015-04-07,3.29299130777
2015-04-08,3.30332177014
2015-04-09,3.31024883015
2015-04-12,3.30515030929
2015-04-13,3.29577300382
2015-04-14,3.2870433406
2015-04-15,3.28481448099
2015-04-16,3.26344991503
2015-04-19,3.25214437616
2015-04-20,3.25306247994
2015-04-21,3.25260266089
2015-04-22,3.24383822714
2015-04-23,3.23936374872
2015-04-26,3.21921603123
2015-04-27,3.20214288558
2015-04-28,3.18591944016
2015-04-29,3.16953140398
2015-04-30,3.1578966015
2015-05-03,3.14501868354
2015-05-04,3.13764952836
2015-05-05,3.12465347388
2015-05-06,3.12312054842
2015-05-07,3.11996242241
2015-05-10,3.11331623199
2015-05-11,3.09949502879
2015-05-12,3.0933511635
2015-05-13,3.09452256411
2015-05-14,3.09316906796
2015-05-17,3.08976916393
2015-05-18,3.0876893952
2015-05-19,3.08834215679
2015-05-20,3.08815036479
2015-05-21,3.09147924188
2015-05-24,3.10197750719
2015-05-25,3.10525610674
2015-05-26,3.12366085679
2015-05-27,3.13672375533
2015-05-28,3.15633379618
2015-05-31,3.17705381567
2015-06-01,3.19119855444
2015-06-02,3.19837355302
2015-06-03,3.20586006037
2015-06-04,3.21328543463
2015-06-07,3.21526171067
2015-06-08,3.21774494098
2015-06-09,3.21754913232
2015-06-10,3.21917953625
2015-06-11,3.21405074351
2015-06-14,3.20858189185
2015-06-15,3.20329051393
2015-06-16,3.19897824358
2015-06-17,3.18978939158
2015-06-18,3.18645862263
2015-06-21,3.18632317597
2015-06-22,3.18666356901
2015-06-23,3.18402540111
2015-06-24,3.18140312994
2015-06-25,3.17649046318
2015-06-28,3.1669489693
2015-06-29,3.15678702654
2015-06-30,3.15457101036
2015-07-01,3.15695407294
2015-07-02,3.15200414907
2015-07-05,3.15003335261
2015-07-06,3.15347116974
2015-07-07,3.16776193844
2015-07-08,3.19540808329
2015-07-09,3.21418428079
2015-07-12,3.21747136645
2015-07-13,3.21795275266
2015-07-14,3.21918955578
2015-07-15,3.21690184084
2015-07-16,3.2154270145
2015-07-19,3.22089174541
2015-07-20,3.2260857875
2015-07-21,3.22506002795
2015-07-22,3.23333401266
2015-07-23,3.25891550678
2015-07-26,3.3018299744
2015-07-27,3.33595432307
2015-07-28,3.36117271795
2015-07-29,3.37723955555
2015-07-30,3.39712912364
2015-08-02,3.42685235008
2015-08-03,3.45853970417
2015-08-04,3.49079162583
2015-08-05,3.52274361468
2015-08-06,3.56128286984
2015-08-09,3.59171144953
2015-08-10,3.59828189766
2015-08-11,3.60633560545
2015-08-12,3.60984895926
2015-08-13,3.6167207801
2015-08-16,3.61627593974
2015-08-17,3.61178973132
2015-08-18,3.59407230786
2015-08-19,3.57996402919
2015-08-20,3.56933035102
2015-08-23,3.57091268629
2015-08-24,3.5793619541
2015-08-25,3.59868376485
2015-08-26,3.60123160135
2015-08-27,3.59872040568
2015-08-30,3.60587622342
2015-08-31,3.62272359093
2015-09-01,3.65764207918
2015-09-02,3.70429162485
2015-09-03,3.7361735436
2015-09-06,3.79192047377
2015-09-07,3.83340101049
2015-09-08,3.86495400889
2015-09-09,3.88440103939
2015-09-10,3.9156190184
2015-09-13,3.94375635946
2015-09-14,3.9562198313
2015-09-15,3.97099148843
2015-09-16,3.97785297369
2015-09-17,3.98488461402
2015-09-20,3.99946255875
2015-09-21,3.99761687117
2015-09-22,4.04305471613
2015-09-23,4.11329244751
2015-09-24,4.10897360011
2015-09-27,4.10601675043
2015-09-28,4.12894000566
2015-09-29,4.14267449539
2015-09-30,4.14303644814
2015-10-01,4.14419073553
2015-10-04,4.14507890398
2015-10-05,4.14458156671
2015-10-06,4.14283186374
2015-10-07,4.13633618514
2015-10-08,4.14174917109
2015-10-11,4.1495276252
2015-10-12,4.1540103846
2015-10-13,4.15401253456
2015-10-14,4.15520211623
2015-10-15,4.15785358395
2015-10-18,4.15674988236
2015-10-19,4.14928368643
2015-10-20,4.13400177785
2015-10-21,4.0851463533
2015-10-22,4.08297884254
2015-10-26,4.07572287473
2015-10-27,4.03688904916
2015-10-28,4.00568389297
2015-10-29,3.99951548244
2015-10-30,3.97755690597
2015-11-02,3.96999944996
2015-11-03,3.9657289414
2015-11-04,3.96943006235
2015-11-05,3.96761584494
2015-11-06,3.96775523591
2015-11-09,3.96695271686
2015-11-10,3.96362396821
2015-11-11,3.96515555714
2015-11-12,3.96758755529
2015-11-13,3.96906995285
2015-11-16,3.95964259692
2015-11-17,3.95442188885
2015-11-18,3.94602799894
2015-11-19,3.92950274493
2015-11-20,3.91888649413
2015-11-23,3.91824369282
2015-11-24,3.90478278643
2015-11-25,3.89674425848
2015-11-26,3.87799876475
2015-11-27,3.86955233357
2015-11-30,3.86744607873
2015-12-01,3.86649641988
2015-12-02,3.87660262052
2015-12-03,3.88109497126
2015-12-04,3.88050509415
2015-12-07,3.88039585567
2015-12-08,3.87829918468
2015-12-09,3.88194515489
2015-12-10,3.88206072117
2015-12-11,3.88469017375
2015-12-14,3.88064777784
2015-12-15,3.89225849995
2015-12-16,3.90987770439
2015-12-17,3.92436457435
2015-12-18,3.93410933272
2015-12-21,3.96144893703
2015-12-22,3.99424890989
2015-12-23,4.01072037945
2015-12-24,4.01897410572
2015-12-25,4.0206894722
2015-12-28,4.02507999291
2015-12-29,4.02455591191
2015-12-30,4.02510828269
2015-12-31,4.03563955123
2016-01-01,4.03960692931
2016-01-04,4.03993082013
2016-01-05,4.05421544745
2016-01-06,4.06809811813
2016-01-07,4.06562108289
2016-01-08,4.07365842563
2016-01-11,4.07008376706
2016-01-12,4.08229877868
2016-01-13,4.08921704988
2016-01-14,4.09253742483
2016-01-15,4.09168406547
2016-01-18,4.09365644538
2016-01-19,4.09958455028
2016-01-20,4.10831635041
2016-01-21,4.12517221513
2016-01-22,4.15014852228
2016-01-25,4.15683891237
2016-01-26,4.15162442941
2016-01-27,4.13829949593
2016-01-28,4.14355125134
2016-01-29,4.14027955989
2016-02-01,4.1340479674
2016-02-02,4.13927182685
2016-02-03,4.14077193474
2016-02-04,4.15555336945
2016-02-05,4.16575967212
2016-02-08,4.17249788908
2016-02-09,4.17550349544
2016-02-10,4.17941872485
2016-02-11,4.17907201926
2016-02-12,4.17833863126
2016-02-15,4.17729542295
2016-02-16,4.17288313674
2016-02-17,4.17338938399
2016-02-18,4.16079369216
2016-02-19,4.13751798051
2016-02-22,4.12680477223
2016-02-23,4.11186327278
2016-02-24,4.09962349185
2016-02-25,4.07568805787
2016-02-26,4.0588466041
2016-02-29,4.05560000479
2016-03-01,4.06145127218
2016-03-02,4.05875505844
2016-03-03,4.05900143036
2016-03-04,4.07333803391
2016-03-07,4.09012097365
2016-03-08,4.10056798016
2016-03-09,4.1129547164
2016-03-10,4.13373250916
2016-03-11,4.15230760155
2016-03-14,4.17011176977
2016-03-15,4.1648109285
2016-03-16,4.13792500667
2016-03-17,4.12297539697
2016-03-18,4.10416726078
2016-03-21,4.0810632125
2016-03-22,4.06734929384
2016-03-23,4.05017993537
2016-03-24,4.02375885739
2016-03-25,3.99423754596
2016-03-27,3.95715768804
2016-03-28,3.89664500378
2016-03-29,3.85467064
2016-03-30,3.81557694574
2016-03-31,3.79811331269
2016-04-03,3.78714835372
2016-04-04,3.76539434218
2016-04-05,3.75133259464
2016-04-06,3.74802429827
2016-04-07,3.75243550655
2016-04-10,3.75136744866
2016-04-11,3.763052684
2016-04-12,3.75160852352
2016-04-13,3.73940159506
2016-04-14,3.74530898397
2016-04-17,3.74382212798
2016-04-18,3.74363144285
2016-04-19,3.74427689665
2016-04-20,3.73385427994
2016-04-21,3.7221814187
2016-04-24,3.70746660541
2016-04-25,3.69204992558
2016-04-26,3.68358195059
2016-04-27,3.67984492611
2016-04-28,3.67830614856
2016-05-01,3.68320883977
2016-05-02,3.67453883477
2016-05-03,3.65334959464
2016-05-04,3.63887045494
2016-05-05,3.60443992174
2016-05-08,3.59479838796
2016-05-09,3.59486514996
2016-05-10,3.5956460985
2016-05-11,3.59898982453
2016-05-12,3.59874182695
2016-05-15,3.59867192023
2016-05-16,3.58046220814
2016-05-17,3.57890280708
2016-05-18,3.58382713729
2016-05-19,3.58889337455
2016-05-22,3.58798281097
2016-05-23,3.59082484649
2016-05-24,3.59691901229
2016-05-25,3.60426888297
2016-05-26,3.61218657647
2016-05-29,3.61845147964
2016-05-30,3.62180227925
2016-05-31,3.62548243954
2016-06-01,3.63101635804
2016-06-02,3.63515483933
2016-06-05,3.63471769854
2016-06-06,3.63602172221
2016-06-07,3.64085874954
2016-06-08,3.65879140632
2016-06-09,3.66729582733
2016-06-12,3.67086564617
2016-06-13,3.67095376029
2016-06-14,3.67107895052
2016-06-15,3.66752860781
2016-06-16,3.66329100739
2016-06-19,3.66111169593
2016-06-20,3.65779626901
2016-06-21,3.65091660736
2016-06-22,3.64328089404
2016-06-23,3.63537801102
2016-06-26,3.6150562931
2016-06-27,3.59963431921
2016-06-28,3.58439333448
2016-06-29,3.57135687358
2016-06-30,3.55892193855
2016-07-03,3.54852677774
2016-07-04,3.53629825134
2016-07-05,3.52976101013
2016-07-06,3.52909332523
2016-07-07,3.5266511028
2016-07-10,3.52106138659
2016-07-11,3.5035031506
2016-07-12,3.48391783164
2016-07-13,3.46347477588
2016-07-14,3.44173873719
2016-07-17,3.42761198492
2016-07-18,3.41695580569
2016-07-19,3.3989678547
2016-07-20,3.38747110326
2016-07-21,3.38176443174
2016-07-24,3.36885625766
2016-07-25,3.34715407467
2016-07-26,3.34433424928
2016-07-27,3.3438036028
2016-07-28,3.33987486377
2016-07-31,3.33852176091
2016-08-01,3.33746652616
2016-08-02,3.33513017186
2016-08-03,3.32772788617
2016-08-04,3.31346452639
2016-08-07,3.32061496885
2016-08-08,3.31923819913
2016-08-09,3.32224868241
2016-08-10,3.32943486484
2016-08-11,3.33238700418
2016-08-14,3.32668790626
2016-08-15,3.3240729527
2016-08-16,3.32121170052
2016-08-17,3.31762831739
2016-08-18,3.31362354022
2016-08-21,3.30974665952
2016-08-22,3.2998807871
2016-08-23,3.29445164019
2016-08-24,3.28960566322
2016-08-25,3.27970359857
2016-08-28,3.28312596724
2016-08-29,3.27818006717
2016-08-30,3.27541824693
2016-08-31,3.27424879788
2016-09-01,3.28103352754
2016-09-04,3.2866598375
2016-09-05,3.29366121715
2016-09-06,3.28998747131
2016-09-07,3.28141610789
2016-09-08,3.27308655663
2016-09-11,3.2794266594
2016-09-12,3.27952950847
2016-09-13,3.29607507683
2016-09-14,3.31819760392
2016-09-15,3.32551835152
2016-09-18,3.32671619316
2016-09-19,3.32740215786
2016-09-20,3.32806781371
2016-09-21,3.32874269928
2016-09-22,3.32907269085
2016-09-25,3.32787129642
2016-09-26,3.32793303633
2016-09-27,3.32790922247
2016-09-28,3.32813929441
2016-09-29,3.32853835708
2016-10-02,3.3287949056
2016-10-03,3.32766370302
2016-10-04,3.32679118301
2016-10-05,3.32446936712
2016-10-06,3.32394488066
2016-10-09,3.3222609766
2016-10-10,3.32313262116
2016-10-11,3.31386477807
2016-10-12,3.29093217697
2016-10-13,3.28167028986
2016-10-16,3.27683272719
2016-10-17,3.26955992313
2016-10-18,3.26636453346
2016-10-19,3.26958152128
2016-10-20,3.27594953591
2016-10-23,3.27552189414
2016-10-24,3.27737127959
2016-10-25,3.28012606442
2016-10-26,3.27921366323
2016-10-27,3.26920958723
2016-10-31,3.25943910433
2016-11-01,3.25834400858
2016-11-02,3.25392660104
2016-11-03,3.26068567179
2016-11-04,3.26704975738
2016-11-07,3.26901824
2016-11-08,3.26885911283
2016-11-09,3.26775950487
2016-11-10,3.27186755006
2016-11-11,3.32377959349
2016-11-14,3.35974221507
2016-11-15,3.40370882443
2016-11-16,3.44067821452
2016-11-17,3.47391247494
2016-11-18,3.49711846773
2016-11-21,3.50852817961
2016-11-22,3.51613846226
2016-11-23,3.51565664375
2016-11-24,3.52428163821
2016-11-25,3.52618959835
2016-11-28,3.53300353787
2016-11-29,3.53485643753
2016-11-30,3.54414413204
2016-12-01,3.54639194632
2016-12-02,3.57731197375
2016-12-05,3.58080090999
2016-12-06,3.56906073606
2016-12-07,3.53875666956
2016-12-08,3.5137406911
2016-12-09,3.51451051953
2016-12-12,3.51495809861
2016-12-13,3.5163400064
2016-12-14,3.51642231019
2016-12-15,3.51206529505
2016-12-16,3.5094453283
2016-12-19,3.50958381357
2016-12-20,3.50965539827
2016-12-21,3.51001834674
2016-12-22,3.50887987381
2016-12-23,3.51394081562
2016-12-26,3.5168071074
2016-12-27,3.51867069449
2016-12-28,3.51224472965
2016-12-29,3.50957723465
2016-12-30,3.46340450445
2017-01-02,3.44228918889
2017-01-03,3.42967941122
2017-01-04,3.41918353119
2017-01-05,3.4170329685
2017-01-06,3.41557720224
2017-01-09,3.40767366212
2017-01-10,3.40708746065
2017-01-11,3.40500151172
2017-01-12,3.39462977516
2017-01-13,3.38310897729
2017-01-16,3.36157368415
2017-01-17,3.34211905821
2017-01-18,3.32204447096
2017-01-19,3.30677786975
2017-01-20,3.3001124564
2017-01-23,3.30161552863
2017-01-24,3.2979423365
2017-01-25,3.29218338812
2017-01-26,3.28190585041
2017-01-27,3.27634383791
2017-01-30,3.27687283067
2017-01-31,3.26395363397
2017-02-01,3.25145209395
2017-02-02,3.24985827933
2017-02-03,3.24987109902
2017-02-06,3.24533759385
2017-02-07,3.24433415985
2017-02-08,3.242253811
2017-02-09,3.23913361216
2017-02-10,3.23609895885
2017-02-13,3.23345887197
2017-02-14,3.21730309058
2017-02-15,3.20945209007
2017-02-16,3.19616616458
2017-02-17,3.18582456953
2017-02-20,3.18418882288
2017-02-21,3.17950264955
2017-02-22,3.17181509203
2017-02-23,3.16513490979
2017-02-24,3.15392507134
2017-02-27,3.15323858362
2017-02-28,3.15110747622
2017-03-01,3.14361585431
2017-03-02,3.13978352311
2017-03-03,3.14739236344
2017-03-06,3.14746215104
2017-03-07,3.15119673251
2017-03-08,3.15110401209
2017-03-09,3.15941057483
2017-03-10,3.17426878585
2017-03-13,3.17879731774
2017-03-14,3.18367464774
2017-03-15,3.19024239221
2017-03-16,3.18781428359
2017-03-17,3.1881281299
2017-03-20,3.18838400449
2017-03-21,3.18930078067
2017-03-22,3.18947890344
2017-03-23,3.18775414438
2017-03-24,3.18680759959
2017-03-26,3.18661281226
2017-03-27,3.18713761824
2017-03-28,3.18860423162
2017-03-29,3.18801048375
2017-03-30,3.18707208293
2017-04-02,3.18713119097
2017-04-03,3.18594033606
2017-04-04,3.18620132656
2017-04-05,3.18193686716
2017-04-06,3.17083537842
2017-04-09,3.17038675475
2017-04-10,3.16732795822
2017-04-11,3.16204862927
2017-04-12,3.16260949505
2017-04-13,3.16509061436
2017-04-16,3.16653144398
2017-04-17,3.16260070672
2017-04-18,3.16028418978
2017-04-19,3.15892914835
2017-04-20,3.16021302767
2017-04-23,3.16151335179
2017-04-24,3.16153690426
2017-04-25,3.16265537589
2017-04-26,3.16933954943
2017-04-27,3.17645783778
2017-04-30,3.18232742181
2017-05-01,3.18655460391
2017-05-02,3.18373142763
2017-05-03,3.18475598664
2017-05-04,3.1904673394
2017-05-07,3.1940004794
2017-05-08,3.20083184356
2017-05-09,3.20483486923
2017-05-10,3.20457179221
2017-05-11,3.20467247719
2017-05-14,3.20663256885
2017-05-15,3.20935474286
2017-05-16,3.21131055537
2017-05-17,3.21156014309
2017-05-18,3.2772148049
2017-05-21,3.28833318103
2017-05-22,3.29995571176
2017-05-23,3.31107859479
2017-05-24,3.32190491508
2017-05-25,3.33137069244
2017-05-28,3.33140118807
2017-05-29,3.33747274673
2017-05-30,3.34274009898
2017-05-31,3.34452239866
2017-06-01,3.34833906258
2017-06-04,3.3518318171
2017-06-05,3.36104278704
2017-06-06,3.36659847112
2017-06-07,3.3699305655
2017-06-08,3.36958323463
2017-06-11,3.36958323463
2017-06-12,3.36996333586
2017-06-13,3.36168753369
2017-06-14,3.35059865351
2017-06-15,3.33071655234
2017-06-18,3.33352462274
2017-06-19,3.33481564079
2017-06-20,3.34294317003
2017-06-21,3.35161989931
2017-06-22,3.36083706297
2017-06-25,3.3625022364
2017-06-26,3.363885472
2017-06-27,3.36679002774
2017-06-28,3.36465764639
2017-06-29,3.36542981516
2017-07-02,3.37556620572
2017-07-03,3.37590747677
2017-07-04,3.37796052174
2017-07-05,3.3783998256
2017-07-06,3.37921890257
2017-07-09,3.37921890257
2017-07-10,3.37944992521
2017-07-11,3.37691695365
2017-07-12,3.38051687645
2017-07-13,3.38278647465
2017-07-16,3.38696150373
2017-07-17,3.38936502194
2017-07-18,3.38803348511
2017-07-19,3.38277071012
2017-07-20,3.3765876362
2017-07-23,3.36105018966
2017-07-24,3.35467976899
2017-07-25,3.34160463908
2017-07-26,3.33465190203
2017-07-27,3.32012429958
2017-07-30,3.32012429958
2017-07-31,3.30475483904
2017-08-01,3.28312122885
2017-08-02,3.26435084015
2017-08-03,3.23566510986
2017-08-06,3.23400688939
2017-08-07,3.23185618002
2017-08-08,3.2113487692
2017-08-09,3.20257664868
2017-08-10,3.19406187305
2017-08-13,3.19406187305
2017-08-14,3.19535270629
2017-08-15,3.19696033123
2017-08-16,3.19718562658
2017-08-17,3.19933403193
2017-08-20,3.19933403193
2017-08-21,3.20053520293
2017-08-22,3.19929915447
2017-08-23,3.19929774544
2017-08-24,3.19900787297
2017-08-27,3.19650786672
2017-08-28,3.19775255864
2017-08-29,3.19819766534
2017-08-30,3.19624361675
2017-08-31,3.19273287584
2017-09-03,3.19373283607
2017-09-04,3.19174559117
2017-09-05,3.1937920351
2017-09-06,3.20089990357
2017-09-07,3.20375649729
2017-09-10,3.20375649729
2017-09-11,3.20210744278
2017-09-12,3.20036918744
2017-09-13,3.1997387742
2017-09-14,3.19667171087
2017-09-17,3.1926006732
2017-09-18,3.1900518443
2017-09-19,3.18761786571
2017-09-20,3.18723814692
2017-09-21,3.18641311361
2017-09-24,3.18372307797
2017-09-25,3.18228725513
2017-09-26,3.18223267339
2017-09-27,3.18943835495
2017-09-28,3.19477809779
2017-10-01,3.1922656604
2017-10-02,3.19342771615
2017-10-03,3.19381986951
2017-10-04,3.19237070198
2017-10-05,3.19141951217
2017-10-08,3.18789853645
2017-10-09,3.19209427973
2017-10-10,3.19555163367
2017-10-11,3.19763959674
2017-10-12,3.19826847298
2017-10-15,3.1954252358
2017-10-16,3.19660521596
2017-10-17,3.19616543452
2017-10-18,3.19625600332
2017-10-19,3.19581441906
2017-10-22,3.19670236833
2017-10-23,3.21297128317
2017-10-24,3.22778278624
2017-10-25,3.23517875673
2017-10-26,3.25850181842
2017-10-30,3.26535816569
2017-10-31,3.28289475316
2017-11-01,3.29276209019
2017-11-02,3.29938591762
2017-11-03,3.30562687929
2017-11-06,3.31596313132
2017-11-07,3.31904920061
2017-11-08,3.32424451783
2017-11-09,3.32577663208
2017-11-10,3.32620823142
2017-11-13,3.32573995592
2017-11-14,3.32651325341
2017-11-15,3.32902397502
2017-11-16,3.32526353769
2017-11-17,3.31657592514
2017-11-20,3.30851148281
2017-11-21,3.30748857478
2017-11-22,3.30705239651
2017-11-23,3.30835893538
2017-11-24,3.30811286923
2017-11-27,3.30827065897
2017-11-28,3.3057390483
2017-11-29,3.307096696
2017-11-30,3.30576842529
2017-12-01,3.30655674292
2017-12-04,3.3009984223
2017-12-05,3.30086791136
2017-12-06,3.29857447542
2017-12-07,3.29817321722
2017-12-08,3.30350571743
2017-12-11,3.30568647094
2017-12-12,3.31147355933
2017-12-13,3.30901335603
2017-12-14,3.31607119108
2017-12-15,3.32984515456
2017-12-18,3.33310283667
2017-12-19,3.33594607254
2017-12-20,3.33827155732
2017-12-21,3.34037579248
2017-12-22,3.34276332549
2017-12-25,3.3510105179
2017-12-26,3.35638710988
2017-12-27,3.3531550102
2017-12-28,3.35392342215
2017-12-29,3.35561790034
2018-01-01,3.35582512535
2018-01-02,3.35366641958
2018-01-03,3.35084881922
2018-01-04,3.35057075151
2018-01-05,3.35630620104
2018-01-08,3.36152009205
2018-01-09,3.36280019201
2018-01-10,3.36260252482
2018-01-11,3.36304674453
2018-01-12,3.35837694081
2018-01-15,3.36085158843
2018-01-16,3.36079089837
2018-01-17,3.3595232891
2018-01-18,3.35683145217
2018-01-19,3.35290253557
2018-01-22,3.3420031646
2018-01-23,3.32871874299
2018-01-24,3.31926497836
2018-01-25,3.31415258
2018-01-26,3.30566497742
2018-01-29,3.2941161374
2018-01-30,3.27727403815
2018-01-31,3.27040129952
2018-02-01,3.26675531451
2018-02-02,3.26372437438
2018-02-05,3.26233833581
2018-02-06,3.26706458941
2018-02-07,3.26465763082
2018-02-08,3.27324460494
2018-02-09,3.28579527477
2018-02-12,3.29897637246
2018-02-13,3.31076464694
2018-02-14,3.32086785896
2018-02-15,3.32053106776
2018-02-16,3.32156227823
2018-02-19,3.32280052111
2018-02-20,3.32424633463
2018-02-21,3.32609920384
2018-02-22,3.32769216372
2018-02-23,3.32565097964
2018-02-26,3.32168705876
2018-02-27,3.31600885185
2018-02-28,3.31388298338
2018-03-01,3.31115749005
2018-03-02,3.30226405382
2018-03-05,3.30117019879
2018-03-06,3.30027018571
2018-03-07,3.30224377925
2018-03-08,3.30016444038
2018-03-09,3.29716081144
2018-03-12,3.29136046787
2018-03-13,3.28438129302
2018-03-14,3.27494104447
