Date,wr_6
2010-01-04,32.2206095791
2010-01-05,6.00858369099
2010-01-06,13.8769670959
2010-01-07,10.9354413702
2010-01-08,22.0795892169
2010-01-11,23.3632862644
2010-01-12,15.2759948652
2010-01-13,4.53920220083
2010-01-14,6.10932475884
2010-01-15,6.38977635783
2010-01-18,10.6995884774
2010-01-19,4.80349344978
2010-01-20,0.952380952381
2010-01-21,2.52100840336
2010-01-22,9.29276315789
2010-01-25,38.8009991674
2010-01-26,9.11764705882
2010-01-27,11.5331491713
2010-01-28,2.42976461655
2010-01-29,0.0
2010-02-01,25.2891287587
2010-02-02,59.3406593407
2010-02-03,39.1341991342
2010-02-04,12.8138528139
2010-02-05,10.8225108225
2010-02-08,20.5194805195
2010-02-09,44.8606271777
2010-02-10,38.2404181185
2010-02-11,41.7475728155
2010-02-12,32.2974472808
2010-02-15,38.9580973952
2010-02-16,40.4761904762
2010-02-17,47.9274611399
2010-02-18,56.3535911602
2010-02-19,68.2051282051
2010-02-22,45.6
2010-02-23,34.0579710145
2010-02-24,34.9637681159
2010-02-25,2.19298245614
2010-02-26,35.0877192982
2010-03-01,43.8596491228
2010-03-02,100.0
2010-03-03,47.3933649289
2010-03-04,46.9194312796
2010-03-05,52.6041666667
2010-03-08,31.6985645933
2010-03-09,24.1477272727
2010-03-10,40.6077348066
2010-03-11,35.9949302915
2010-03-12,43.75
2010-03-15,42.9594272076
2010-03-16,37.23150358
2010-03-17,25.6528417819
2010-03-18,22.9551451187
2010-03-19,5.06912442396
2010-03-22,11.0195674562
2010-03-23,29.9691040165
2010-03-24,16.8898043254
2010-03-25,11.0195674562
2010-03-26,0.0
2010-03-28,15.057113188
2010-03-29,30.3219106957
2010-03-30,44.1329179647
2010-03-31,62.0689655172
2010-04-01,55.1330798479
2010-04-04,58.8631984586
2010-04-05,54.2669584245
2010-04-06,14.2857142857
2010-04-07,17.3493975904
2010-04-08,19.7590361446
2010-04-11,37.5903614458
2010-04-12,88.9290012034
2010-04-13,47.0989761092
2010-04-14,40.4761904762
2010-04-15,26.1761158022
2010-04-18,8.79888268156
2010-04-19,18.7853107345
2010-04-20,25.1412429379
2010-04-21,4.86111111111
2010-04-22,6.18556701031
2010-04-25,35.5486862442
2010-04-26,2.828854314
2010-04-27,14.7586206897
2010-04-28,52.1379310345
2010-04-29,44.6547884187
2010-05-02,40.7327586207
2010-05-03,21.0129310345
2010-05-04,8.38481906443
2010-05-05,4.6441495778
2010-05-06,9.20983778127
2010-05-09,48.2469911041
2010-05-10,48.2359136388
2010-05-11,60.9375
2010-05-12,66.6895604396
2010-05-13,44.3681318681
2010-05-16,27.9295154185
2010-05-17,2.27507755946
2010-05-18,19.2073170732
2010-05-19,5.12367491166
2010-05-20,29.7775242442
2010-05-23,24.58249833
2010-05-24,25.5037783375
2010-05-25,33.2369942197
2010-05-26,70.5614567527
2010-05-27,65.4457498272
2010-05-30,53.6889897843
2010-05-31,42.5652667423
2010-06-01,28.6855482934
2010-06-02,37.1096586783
2010-06-03,5.68888888889
2010-06-06,0.0
2010-06-07,15.3705397987
2010-06-08,31.8389752973
2010-06-09,59.0118938701
2010-06-10,52.4537409493
2010-06-13,60.4183427192
2010-06-14,74.17538214
2010-06-15,55.5269922879
2010-06-16,55.2304964539
2010-06-17,49.7578692494
2010-06-20,51.7673888255
2010-06-21,47.6783691959
2010-06-22,4.05727923628
2010-06-23,31.0262529833
2010-06-24,29.2362768496
2010-06-27,26.8496420048
2010-06-28,0.0
2010-06-29,22.2358722359
2010-06-30,12.4078624079
2010-07-01,42.3832923833
2010-07-04,40.4545454545
2010-07-05,47.7272727273
2010-07-06,50.0
2010-07-07,43.669527897
2010-07-08,46.2799495586
2010-07-11,29.9589603283
2010-07-12,35.4309165527
2010-07-13,19.875
2010-07-14,6.58436213992
2010-07-15,1.94410692588
2010-07-18,0.0
2010-07-19,24.0211640212
2010-07-20,26.455026455
2010-07-21,42.0441347271
2010-07-22,40.5191873589
2010-07-25,34.762979684
2010-07-26,40.2934537246
2010-07-27,23.9888423989
2010-07-28,20.5020920502
2010-07-29,19.3958664547
2010-08-01,41.6791604198
2010-08-02,23.0205278592
2010-08-03,23.0205278592
2010-08-04,24.633431085
2010-08-05,15.5088852989
2010-08-08,89.2857142857
2010-08-09,16.5354330709
2010-08-10,14.9519890261
2010-08-11,10.6463878327
2010-08-12,13.3079847909
2010-08-15,69.5817490494
2010-08-16,27.2496831432
2010-08-17,39.218328841
2010-08-18,38.231292517
2010-08-19,15.8823529412
2010-08-22,85.8858858859
2010-08-23,22.5935828877
2010-08-24,23.128342246
2010-08-25,17.8284182306
2010-08-26,30.5865921788
2010-08-29,100.636942675
2010-08-30,29.5541401274
2010-08-31,30.2904564315
2010-09-01,35.3868194842
2010-09-02,28.2828282828
2010-09-05,101.795735129
2010-09-06,44.6689113356
2010-09-07,33.4963325183
2010-09-08,36.2573099415
2010-09-09,13.7931034483
2010-09-12,106.397306397
2010-09-13,17.4927113703
2010-09-14,39.3586005831
2010-09-15,3.46456692913
2010-09-16,8.71632329636
2010-09-19,90.8794788274
2010-09-20,7.1129707113
2010-09-21,9.91620111732
2010-09-22,81.5078236131
2010-09-23,19.7724039829
2010-09-26,94.6478873239
2010-09-27,31.520223152
2010-09-28,21.7791411043
2010-09-29,27.0976616231
2010-09-30,29.8561151079
2010-10-03,105.555555556
2010-10-04,18.8346883469
2010-10-05,43.062692703
2010-10-06,20.3619909502
2010-10-07,23.5714285714
2010-10-10,85.4761904762
2010-10-11,43.2142857143
2010-10-12,20.7759699625
2010-10-13,40.7407407407
2010-10-14,31.0633213859
2010-10-17,95.0564971751
2010-10-18,26.4893617021
2010-10-19,7.34042553192
2010-10-20,23.2978723404
2010-10-21,5.49943883277
2010-10-24,68.1473456121
2010-10-25,8.30367734282
2010-10-26,14.398200225
2010-10-27,-1.08932461874
2010-10-28,6.23268698061
2010-11-01,99.4459833795
2010-11-02,18.9750692521
2010-11-03,25.4491017964
2010-11-04,37.1318822023
2010-11-05,38.4701912261
2010-11-08,30.8323563892
2010-11-09,6.97674418605
2010-11-10,18.9765458422
2010-11-11,9.09090909091
2010-11-12,-0.89463220676
2010-11-15,54.7128927411
2010-11-16,12.4371859296
2010-11-17,2.84738041002
2010-11-18,15.2039555006
2010-11-19,35.4381443299
2010-11-22,84.4072164948
2010-11-23,22.8092783505
2010-11-24,6.44329896907
2010-11-25,16.0714285714
2010-11-26,26.0162601626
2010-11-29,7.35930735931
2010-11-30,26.656626506
2010-12-01,28.5310734463
2010-12-02,36.2720403023
2010-12-03,37.4295377678
2010-12-06,98.5462097612
2010-12-07,42.799188641
2010-12-08,40.252293578
2010-12-09,15.4911838791
2010-12-10,14.549402823
2010-12-13,13.0293159609
2010-12-14,26.0586319218
2010-12-15,28.2352941176
2010-12-16,23.4455958549
2010-12-17,17.2789115646
2010-12-20,66.7642752562
2010-12-21,7.61346998536
2010-12-22,17.4298375185
2010-12-23,18.9069423929
2010-12-24,28.8035450517
2010-12-27,29.802259887
2010-12-28,28.4057971014
2010-12-29,14.1509433962
2010-12-30,29.3628808864
2010-12-31,41.4244186047
2011-01-03,92.7070457355
2011-01-04,46.0599334073
2011-01-05,22.7524972253
2011-01-06,16.5584415584
2011-01-07,4.7619047619
2011-01-10,60.5870020964
2011-01-11,4.50733752621
2011-01-12,63.6699507389
2011-01-13,97.7207977208
2011-01-14,34.3705799151
2011-01-17,63.9321074965
2011-01-18,10.3915662651
2011-01-19,24.4204018547
2011-01-20,26.3318112633
2011-01-21,79.299847793
2011-01-24,103.668261563
2011-01-25,13.0052724077
2011-01-26,14.9362477231
2011-01-27,97.9591836735
2011-01-28,12.2416534181
2011-01-31,73.8601823708
2011-02-01,24.0909090909
2011-02-02,25.0708215297
2011-02-03,28.611898017
2011-02-04,20.5382436261
2011-02-07,83.1444759207
2011-02-08,76.2557077626
2011-02-09,20.5479452055
2011-02-10,23.7741456166
2011-02-11,20.6537890045
2011-02-14,92.867756315
2011-02-15,14.5482388974
2011-02-16,9.81308411215
2011-02-17,9.19003115265
2011-02-18,20.64
2011-02-21,96.568627451
2011-02-22,9.96732026144
2011-02-23,4.7385620915
2011-02-24,4.24836601307
2011-02-25,17.8104575163
2011-02-28,22.3333333333
2011-03-01,23.6797274276
2011-03-02,26.0647359455
2011-03-03,38.3817427386
2011-03-04,70.7317073171
2011-03-07,100.0
2011-03-08,42.9906542056
2011-03-09,33.3333333333
2011-03-10,23.1155778894
2011-03-11,17.6470588235
2011-03-14,36.5019011407
2011-03-15,29.5580110497
2011-03-16,34.2541436464
2011-03-17,-1.49253731343
2011-03-18,-12.6126126126
2011-03-21,58.5585585586
2011-03-22,59.009009009
2011-03-23,78.3783783784
2011-03-24,67.0682730924
2011-03-25,71.6417910448
2011-03-27,100.0
2011-03-28,28.8732394366
2011-03-29,14.2487046632
2011-03-30,76.511627907
2011-03-31,51.7397881997
2011-04-03,74.7352496218
2011-04-04,84.9772382398
2011-04-05,77.3694390716
2011-04-06,35.1898734177
2011-04-07,56.3106796117
2011-04-10,88.1040892193
2011-04-11,72.3849372385
2011-04-12,43.3054393305
2011-04-13,41.2133891213
2011-04-14,
2011-04-17,85.7575757576
2011-04-18,30.7392996109
2011-04-19,48.6772486772
2011-04-20,72.8459530026
2011-04-21,72.8459530026
2011-04-24,92.9503916449
2011-04-25,39.0334572491
2011-04-26,45.2631578947
2011-04-27,67.1087533157
2011-04-28,14.5888594164
2011-05-01,75.5968169761
2011-05-02,43.2911392405
2011-05-03,35.145631068
2011-05-04,27.4410774411
2011-05-05,-6.52557319224
2011-05-08,44.1666666667
2011-05-09,21.9873150106
2011-05-10,39.9577167019
2011-05-11,26.3888888889
2011-05-12,54.4757033248
2011-05-15,5.62659846547
2011-05-16,17.9028132992
2011-05-17,50.6393861893
2011-05-18,75.0708215297
2011-05-19,62.0396600567
2011-05-22,74.4186046512
2011-05-23,-1.16279069767
2011-05-24,24.4186046512
2011-05-25,30.2325581395
2011-05-26,34.2723004695
2011-05-29,89.8734177215
2011-05-30,70.0900900901
2011-05-31,85.910652921
2011-06-01,61.9469026549
2011-06-02,50.136239782
2011-06-05,47.947761194
2011-06-06,24.4230769231
2011-06-07,28.2306163022
2011-06-08,19.2842942346
2011-06-09,16.5154264973
2011-06-12,2.60869565217
2011-06-13,15.2173913043
2011-06-14,76.8181818182
2011-06-15,39.3139841689
2011-06-16,16.384180791
2011-06-19,62.4293785311
2011-06-20,50.5649717514
2011-06-21,68.9265536723
2011-06-22,82.7242524917
2011-06-23,62.660944206
2011-06-26,64.8068669528
2011-06-27,26.2548262548
2011-06-28,63.2978723404
2011-06-29,68.0084745763
2011-06-30,76.2264150943
2011-07-03,100.0
2011-07-04,91.3636363636
2011-07-05,42.4460431655
2011-07-06,2.7149321267
2011-07-07,69.2307692308
2011-07-10,53.9944903581
2011-07-11,5.42005420054
2011-07-12,19.783197832
2011-07-13,38.7533875339
2011-07-14,14.9051490515
2011-07-17,38.7700534759
2011-07-18,40.1069518717
2011-07-19,84.5410628019
2011-07-20,66.4556962025
2011-07-21,87.0317002882
2011-07-24,61.6379310345
2011-07-25,59.4420600858
2011-07-26,80.5491990847
2011-07-27,13.2723112128
2011-07-28,17.3626373626
2011-07-31,53.1868131868
2011-08-01,30.0429184549
2011-08-02,22.0779220779
2011-08-03,46.2962962963
2011-08-04,35.0476190476
2011-08-07,17.1334431631
2011-08-08,53.021978022
2011-08-09,24.358974359
2011-08-10,30.1282051282
2011-08-11,36.9718309859
2011-08-14,52.4154589372
2011-08-15,80.0242130751
2011-08-16,81.6923076923
2011-08-17,90.3076923077
2011-08-18,34.4632768362
2011-08-21,40.7692307692
2011-08-22,17.4386920981
2011-08-23,33.5260115607
2011-08-24,25.0793650794
2011-08-25,19.6825396825
2011-08-28,48.253968254
2011-08-29,62.9518072289
2011-08-30,80.1675977654
2011-08-31,91.3407821229
2011-09-01,66.4957264957
2011-09-04,32.3489932886
2011-09-05,16.2874251497
2011-09-06,3.47305389222
2011-09-07,11.9440914867
2011-09-08,33.0558858502
2011-09-11,37.9644588045
2011-09-12,16.2404092072
2011-09-13,25.6976744186
2011-09-14,11.1627906977
2011-09-15,30.9734513274
2011-09-18,66.5847665848
2011-09-19,12.2023809524
2011-09-20,34.0924775707
2011-09-21,44.9240607514
2011-09-22,28.2176207877
2011-09-25,39.0086206897
2011-09-26,55.444997236
2011-09-27,80.6595863611
2011-09-28,78.6544342508
2011-09-29,71.4968152866
2011-10-02,44.3995963673
2011-10-03,10.7176141659
2011-10-04,47.9024390244
2011-10-05,65.0446871897
2011-10-06,62.4577987846
2011-10-09,82.8191167574
2011-10-10,92.1355111918
2011-10-11,96.0925039872
2011-10-12,60.2182539683
2011-10-13,65.0709219858
2011-10-16,87.0567375887
2011-10-17,27.4542429285
2011-10-18,43.2612312812
2011-10-19,49.6679946879
2011-10-20,15.5378486056
2011-10-23,45.7352941176
2011-10-24,76.2345679012
2011-10-25,57.4074074074
2011-10-26,48.2227488152
2011-10-27,75.1417769376
2011-10-31,81.0996563574
2011-11-01,73.7247353224
2011-11-02,25.9865255053
2011-11-03,26.0303687636
2011-11-04,28.1385281385
2011-11-07,9.97854077253
2011-11-08,12.2627737226
2011-11-09,39.6624472574
2011-11-10,34.3390804598
2011-11-11,36.2190812721
2011-11-14,76.3157894737
2011-11-15,39.4736842105
2011-11-16,22.3659889094
2011-11-17,29.7008547009
2011-11-18,42.094017094
2011-11-21,44.9591280654
2011-11-22,14.1104294479
2011-11-23,47.3195876289
2011-11-24,20.9134615385
2011-11-25,23.6646382691
2011-11-28,23.3204633205
2011-11-29,48.0206540448
2011-11-30,58.524173028
2011-12-01,79.2117465224
2011-12-02,76.0054533061
2011-12-05,74.9401436552
2011-12-06,82.1266968326
2011-12-07,66.3782447466
2011-12-08,31.8359375
2011-12-09,8.5910652921
2011-12-12,60.7491856678
2011-12-13,53.4979423868
2011-12-14,19.6907216495
2011-12-15,3.1124497992
2011-12-16,23.596792669
2011-12-19,30.5202312139
2011-12-20,26.875
2011-12-21,84.3049327354
2011-12-22,54.0358744395
2011-12-23,39.8351648352
2011-12-26,20.6043956044
2011-12-27,21.978021978
2011-12-28,39.0532544379
2011-12-29,13.9240506329
2011-12-30,34.7197106691
2012-01-02,46.1377870564
2012-01-03,26.0
2012-01-04,69.9859747546
2012-01-05,92.5666199158
2012-01-06,47.1731448763
2012-01-09,39.0459363958
2012-01-10,36.5605095541
2012-01-11,87.7551020408
2012-01-12,68.4420772304
2012-01-13,83.0527497194
2012-01-16,71.9416386083
2012-01-17,77.2519083969
2012-01-18,65.6818181818
2012-01-19,75.1046025105
2012-01-20,101.882845188
2012-01-23,64.6464646465
2012-01-24,85.101010101
2012-01-25,61.7647058824
2012-01-26,21.188630491
2012-01-27,-217.829457364
2012-01-30,78.0361757106
2012-01-31,53.8461538462
2012-02-01,50.1628664495
2012-02-02,70.7774798928
2012-02-03,90.9560723514
2012-02-06,90.0473933649
2012-02-07,68.578553616
2012-02-08,65.92039801
2012-02-09,65.6976744186
2012-02-10,74.1279069767
2012-02-13,51.7786561265
2012-02-14,62.2807017544
2012-02-15,55.6074766355
2012-02-16,26.9896193772
2012-02-17,66.2251655629
2012-02-20,86.7549668874
2012-02-21,60.5960264901
2012-02-22,69.5364238411
2012-02-23,70.3703703704
2012-02-24,38.622754491
2012-02-27,57.1856287425
2012-02-28,59.2814371257
2012-02-29,69.1011235955
2012-03-01,21.7277486911
2012-03-02,33.9901477833
2012-03-05,22.2627737226
2012-03-06,29.5172413793
2012-03-07,13.8790035587
2012-03-08,16.8115942029
2012-03-09,25.1063829787
2012-03-12,27.1251193887
2012-03-13,20.8831646734
2012-03-14,27.7828886845
2012-03-15,25.746799431
2012-03-16,34.4236760125
2012-03-19,48.2897384306
2012-03-20,19.8396793587
2012-03-21,33.0661322645
2012-03-22,22.8456913828
2012-03-23,25.0501002004
2012-03-25,54.0609137056
2012-03-26,34.2639593909
2012-03-27,18.9189189189
2012-03-28,24.9417249417
2012-03-29,31.0023310023
2012-04-01,19.5804195804
2012-04-02,4.27631578947
2012-04-03,33.2460732984
2012-04-04,37.6963350785
2012-04-05,49.7382198953
2012-04-08,57.8034682081
2012-04-09,51.9274376417
2012-04-10,21.3151927438
2012-04-11,9.58230958231
2012-04-12,30.2211302211
2012-04-15,23.6994219653
2012-04-16,9.62264150943
2012-04-17,19.2495921697
2012-04-18,13.3501259446
2012-04-19,11.0831234257
2012-04-22,25.3129346314
2012-04-23,16.9154228856
2012-04-24,22.2453222453
2012-04-25,30.1886792453
2012-04-26,16.7115902965
2012-04-29,18.6732186732
2012-04-30,4.48717948718
2012-05-01,13.0952380952
2012-05-02,14.8571428571
2012-05-03,34.4410876133
2012-05-06,8.71559633028
2012-05-07,40.503875969
2012-05-08,40.9952606635
2012-05-09,4.96453900709
2012-05-10,25.6501182033
2012-05-13,26.6360505166
2012-05-14,6.26283367556
2012-05-15,6.28019323672
2012-05-16,7.94979079498
2012-05-17,16.1399548533
2012-05-20,23.0847803882
2012-05-21,32.2424242424
2012-05-22,11.9502074689
2012-05-23,61.9087136929
2012-05-24,65.4049295775
2012-05-27,85.0290697674
2012-05-28,85.5714285714
2012-05-29,78.3571428571
2012-05-30,39.4077448747
2012-05-31,17.1875
2012-06-03,3.98505603985
2012-06-04,5.19750519751
2012-06-05,52.5252525253
2012-06-06,45.3448275862
2012-06-07,50.7168458781
2012-06-10,63.7655417407
2012-06-11,0.16077170418
2012-06-12,1.36157337368
2012-06-13,4.54545454545
2012-06-14,22.5895316804
2012-06-17,35.8126721763
2012-06-18,32.1184510251
2012-06-19,69.2077727952
2012-06-20,76.5925925926
2012-06-21,11.0576923077
2012-06-24,13.6826783115
2012-06-25,21.9796215429
2012-06-26,6.84931506849
2012-06-27,19.8581560284
2012-06-28,17.1597633136
2012-07-01,74.8866727108
2012-07-02,92.2212618842
2012-07-03,71.650821089
2012-07-04,56.1797752809
2012-07-05,57.91015625
2012-07-08,17.9810725552
2012-07-09,11.9873817035
2012-07-10,13.7130801688
2012-07-11,28.8844621514
2012-07-12,25.8964143426
2012-07-15,29.5942720764
2012-07-16,41.3793103448
2012-07-17,80.1652892562
2012-07-18,66.8094218415
2012-07-19,65.2495378928
2012-07-22,39.0
2012-07-23,12.0
2012-07-24,3.10218978102
2012-07-25,26.4598540146
2012-07-26,49.4525547445
2012-07-29,58.0573951435
2012-07-30,21.9512195122
2012-07-31,0.182149362477
2012-08-01,26.7759562842
2012-08-02,15.3005464481
2012-08-05,54.2805100182
2012-08-06,58.7136929461
2012-08-07,61.6182572614
2012-08-08,69.806763285
2012-08-09,78.855721393
2012-08-12,51.1873350923
2012-08-13,35.8839050132
2012-08-14,19.7889182058
2012-08-15,15.0602409639
2012-08-16,40.6626506024
2012-08-19,42.4698795181
2012-08-20,43.4650455927
2012-08-21,53.7993920973
2012-08-22,31.4685314685
2012-08-23,19.5845697329
2012-08-26,18.6943620178
2012-08-27,31.8091451292
2012-08-28,16.7608286252
2012-08-29,12.3173277662
2012-08-30,15.4488517745
2012-09-02,52.6096033403
2012-09-03,57.4468085106
2012-09-04,38.2978723404
2012-09-05,39.4799054374
2012-09-06,57.9852579853
2012-09-09,31.5352697095
2012-09-10,43.9834024896
2012-09-11,59.3360995851
2012-09-12,32.4034334764
2012-09-13,24.7093023256
2012-09-16,55.2631578947
2012-09-17,2.36842105263
2012-09-18,29.7368421053
2012-09-19,25.5263157895
2012-09-20,34.4736842105
2012-09-23,32.6315789474
2012-09-24,27.6978417266
2012-09-25,19.2182410423
2012-09-26,2.93159609121
2012-09-27,23.1270358306
2012-09-30,37.4592833876
2012-10-01,40.5109489051
2012-10-02,33.8345864662
2012-10-03,53.4965034965
2012-10-04,51.6891891892
2012-10-07,115.384615385
2012-10-08,17.2307692308
2012-10-09,19.7222222222
2012-10-10,2.33766233766
2012-10-11,5.56962025317
2012-10-14,0.9900990099
2012-10-15,27.8008298755
2012-10-16,32.0
2012-10-17,44.0860215054
2012-10-18,48.0712166172
2012-10-21,48.0712166172
2012-10-22,41.8006430868
2012-10-23,31.4381270903
2012-10-24,27.8195488722
2012-10-25,22.9838709677
2012-10-29,45.7219251337
2012-10-30,30.4812834225
2012-10-31,36.3387978142
2012-11-01,39.3442622951
2012-11-02,36.5714285714
2012-11-05,39.7058823529
2012-11-06,13.9534883721
2012-11-07,30.8970099668
2012-11-08,20.2247191011
2012-11-09,49.0
2012-11-12,34.4
2012-11-13,27.7227722772
2012-11-14,19.1256830601
2012-11-15,14.6572104019
2012-11-16,22.6611226611
2012-11-19,21.130952381
2012-11-20,32.5925925926
2012-11-21,29.009009009
2012-11-22,7.52895752896
2012-11-23,16.4556962025
2012-11-26,58.0310880829
2012-11-27,56.25
2012-11-28,53.2986111111
2012-11-29,37.8472222222
2012-11-30,31.4236111111
2012-12-03,7.60095011876
2012-12-04,29.2817679558
2012-12-05,30.3867403315
2012-12-06,70.0
2012-12-07,78.9926289926
2012-12-10,82.0638820639
2012-12-11,66.8091168091
2012-12-12,66.0687593423
2012-12-13,60.7623318386
2012-12-14,7.64705882353
2012-12-17,23.6966824645
2012-12-18,20.527306968
2012-12-19,35.4330708661
2012-12-20,59.0690208668
2012-12-21,58.9085072231
2012-12-24,79.7752808989
2012-12-25,49.9197431782
2012-12-26,26.0299625468
2012-12-27,61.7246596067
2012-12-28,70.8270676692
2012-12-31,65.7142857143
2013-01-01,54.9206349206
2013-01-02,60.6418918919
2013-01-03,29.8192771084
2013-01-04,16.7192429022
2013-01-07,54.9618320611
2013-01-08,54.9800796813
2013-01-09,21.935483871
2013-01-10,2.44444444444
2013-01-11,46.8888888889
2013-01-14,41.0022779043
2013-01-15,34.8519362187
2013-01-16,
2013-01-17,19.2737430168
2013-01-18,20.7547169811
2013-01-21,43.7106918239
2013-01-22,32.3333333333
2013-01-23,33.6956521739
2013-01-24,48.9552238806
2013-01-25,65.0746268657
2013-01-28,46.2845010616
2013-01-29,73.6566186107
2013-01-30,83.74836173
2013-01-31,68.7924016282
2013-02-01,63.4393063584
2013-02-04,69.5086705202
2013-02-05,4.54545454545
2013-02-06,42.4836601307
2013-02-07,26.2390670554
2013-02-08,55.4770318021
2013-02-11,43.816254417
2013-02-12,42.7561837456
2013-02-13,41.5708812261
2013-02-14,50.5747126437
2013-02-15,49.1477272727
2013-02-18,29.9180327869
2013-02-19,44.7552447552
2013-02-20,47.3988439306
2013-02-21,40.487804878
2013-02-22,11.9512195122
2013-02-25,18.5365853659
2013-02-26,5.28541226216
2013-02-27,12.9455909944
2013-02-28,44.376899696
2013-03-01,38.0471380471
2013-03-04,26.5993265993
2013-03-05,44.0886699507
2013-03-06,65.2709359606
2013-03-07,38.904109589
2013-03-08,63.184079602
2013-03-11,76.0869565217
2013-03-12,33.6426914153
2013-03-13,12.5592417062
2013-03-14,4.46428571429
2013-03-15,8.06794055202
2013-03-18,36.0969387755
2013-03-19,36.7624810893
2013-03-20,48.0392156863
2013-03-21,49.8901098901
2013-03-22,15.5339805825
2013-03-25,17.5925925926
2013-03-26,18.5185185185
2013-03-27,16.7924528302
2013-03-28,30.0220750552
2013-03-29,12.6373626374
2013-03-31,13.1868131868
2013-04-01,30.74204947
2013-04-02,18.3745583039
2013-04-03,7.27272727273
2013-04-04,26.6318537859
2013-04-07,74.9529190207
2013-04-08,62.7118644068
2013-04-09,72.602739726
2013-04-10,73.9970282318
2013-04-11,67.6818950931
2013-04-14,60.7052896725
2013-04-15,4.6277665996
2013-04-16,32.4055666004
2013-04-17,29.6520423601
2013-04-18,53.0920060332
2013-04-21,17.6470588235
2013-04-22,7.2265625
2013-04-23,8.25688073394
2013-04-24,33.971291866
2013-04-25,56.4593301435
2013-04-28,69.9763593381
2013-04-29,40.6619385343
2013-04-30,50.5910165485
2013-05-01,33.855799373
2013-05-02,17.5548589342
2013-05-05,26.409495549
2013-05-06,29.2682926829
2013-05-07,29.6167247387
2013-05-08,47.8873239437
2013-05-09,43.8356164384
2013-05-12,31.5068493151
2013-05-13,52.3287671233
2013-05-14,27.2277227723
2013-05-15,23.5148514851
2013-05-16,29.3617021277
2013-05-19,13.6363636364
2013-05-20,13.9405204461
2013-05-21,24.5862884161
2013-05-22,14.5454545455
2013-05-23,25.8278145695
2013-05-26,16.2983425414
2013-05-27,26.4529058116
2013-05-28,26.735218509
2013-05-29,2.37580993521
2013-05-30,26.7150928168
2013-06-02,41.2711182623
2013-06-03,19.07957814
2013-06-04,28.7166454892
2013-06-05,36.3790186125
2013-06-06,34.1584158416
2013-06-09,43.4042553191
2013-06-10,46.4429530201
2013-06-11,46.4429530201
2013-06-12,18.1286549708
2013-06-13,73.8562091503
2013-06-16,99.5447647951
2013-06-17,16.0421545667
2013-06-18,4.56674473068
2013-06-19,27.0501138952
2013-06-20,9.11161731207
2013-06-23,18.9066059226
2013-06-24,38.8374052233
2013-06-25,56.1131386861
2013-06-26,83.8235294118
2013-06-27,73.9303482587
2013-06-30,78.6885245902
2013-07-01,28.0323450135
2013-07-02,20.2674897119
2013-07-03,5.63947633434
2013-07-04,25.6124721604
2013-07-07,34.4551282051
2013-07-08,12.0192307692
2013-07-09,40.586797066
2013-07-10,1.45631067961
2013-07-11,46.1165048544
2013-07-14,23.8845144357
2013-07-15,77.1509167842
2013-07-16,31.3117066291
2013-07-17,67.8420310296
2013-07-18,68.8665710187
2013-07-21,35.8680057389
2013-07-22,51.1363636364
2013-07-23,82.9855537721
2013-07-24,22.591943958
2013-07-25,27.6707530648
2013-07-28,13.112164297
2013-07-29,9.18918918919
2013-07-30,18.3673469388
2013-07-31,33.8571428571
2013-08-01,11.1405835544
2013-08-04,33.9522546419
2013-08-05,11.2359550562
2013-08-06,23.113964687
2013-08-07,8.82825040128
2013-08-08,49.9197431782
2013-08-11,62.7622377622
2013-08-12,35.5285961872
2013-08-13,2.46153846154
2013-08-14,26.2425447316
2013-08-15,21.0985178727
2013-08-18,14.250764526
2013-08-19,0.84388185654
2013-08-20,22.7699530516
2013-08-21,2.60095824778
2013-08-22,14.737654321
2013-08-25,87.4690849134
2013-08-26,62.1599340478
2013-08-27,65.8227848101
2013-08-28,86.3132911392
2013-08-29,74.356846473
2013-09-01,53.9419087137
2013-09-02,58.8381742739
2013-09-03,74.4398340249
2013-09-04,66.7425968109
2013-09-05,76.2165450122
2013-09-08,84.0185292415
2013-09-09,90.1364113326
2013-09-10,85.7292759706
2013-09-11,91.2381951731
2013-09-12,90.8184679958
2013-09-15,84.2052815147
2013-09-16,38.3050847458
2013-09-17,79.3205317578
2013-09-18,86.4730290456
2013-09-19,73.6301369863
2013-09-22,80.596308566
2013-09-23,86.1334595362
2013-09-24,86.6540463796
2013-09-25,73.1187884524
2013-09-26,69.9244332494
2013-09-29,78.1360201511
2013-09-30,53.2837670384
2013-10-01,58.7360594796
2013-10-02,81.8604651163
2013-10-03,64.0697674419
2013-10-06,58.7945879459
2013-10-07,
2013-10-08,32.2440087146
2013-10-09,33.2603938731
2013-10-10,72.6296958855
2013-10-13,80.9688581315
2013-10-14,62.7218934911
2013-10-15,56.6101694915
2013-10-16,49.2307692308
2013-10-17,67.6724137931
2013-10-20,95.6896551724
2013-10-21,38.4090909091
2013-10-22,37.8571428571
2013-10-23,30.7443365696
2013-10-24,7.60517799353
2013-10-28,37.8623188406
2013-10-29,54.9407114625
2013-10-30,55.3444180523
2013-10-31,68.9236111111
2013-11-01,26.4737406217
2013-11-04,5.14469453376
2013-11-05,38.9457120378
2013-11-06,14.1501294219
2013-11-07,14.5334434352
2013-11-08,31.4751286449
2013-11-11,26.7195767196
2013-11-12,16.1320754717
2013-11-13,18.4713375796
2013-11-14,20.4896907216
2013-11-15,59.4690265487
2013-11-18,35.1941747573
2013-11-19,86.3125638407
2013-11-20,75.2553916005
2013-11-21,75.3688989784
2013-11-22,20.3757225434
2013-11-25,61.2716763006
2013-11-26,49.7023809524
2013-11-27,39.0804597701
2013-11-28,13.6786188579
2013-11-29,29.7476759628
2013-12-02,24.4785949506
2013-12-03,7.22291407223
2013-12-04,7.94701986755
2013-12-05,3.7403740374
2013-12-06,38.7238723872
2013-12-09,74.5980707395
2013-12-10,74.4744744745
2013-12-11,83.7254901961
2013-12-12,51.6666666667
2013-12-13,46.6165413534
2013-12-16,38.1944444444
2013-12-17,41.8402777778
2013-12-18,53.125
2013-12-19,51.8072289157
2013-12-20,36.7178276269
2013-12-23,3.42384887839
2013-12-24,37.3081463991
2013-12-25,35.8913813459
2013-12-26,44.8773448773
2013-12-27,66.3346613546
2013-12-30,67.1447196871
2013-12-31,3.04182509506
2014-01-01,3.2319391635
2014-01-02,49.8973305955
2014-01-03,21.5605749487
2014-01-06,35.112936345
2014-01-07,51.3643659711
2014-01-08,60.3588907015
2014-01-09,22.3491027732
2014-01-10,20.8711433757
2014-01-13,72.1003134796
2014-01-14,66.9278996865
2014-01-15,62.6963350785
2014-01-16,57.5916230366
2014-01-17,47.1086036671
2014-01-20,47.9353680431
2014-01-21,60.5026929982
2014-01-22,29.4434470377
2014-01-23,26.5804597701
2014-01-24,34.8920863309
2014-01-27,32.8237410072
2014-01-28,12.1505376344
2014-01-29,21.2534059946
2014-01-30,16.3450624291
2014-01-31,62.7062706271
2014-02-03,40.4290429043
2014-02-04,15.8415841584
2014-02-05,66.6666666667
2014-02-06,68.992248062
2014-02-07,80.0
2014-02-10,85.9310344828
2014-02-11,43.1724137931
2014-02-12,29.5938104449
2014-02-13,19.7530864198
2014-02-14,59.8765432099
2014-02-17,74.9180327869
2014-02-18,78.6885245902
2014-02-19,71.6393442623
2014-02-20,59.2162554427
2014-02-21,65.2960526316
2014-02-24,81.4946619217
2014-02-25,82.114735658
2014-02-26,79.3025871766
2014-02-27,61.3445378151
2014-02-28,91.0447761194
2014-03-03,45.3038674033
2014-03-04,24.0331491713
2014-03-05,33.1491712707
2014-03-06,60.9037328094
2014-03-07,53.0145530146
2014-03-10,25.6809338521
2014-03-11,18.6500888099
2014-03-12,15.1846785226
2014-03-13,24.8974008208
2014-03-14,17.3274596182
2014-03-17,50.5460218409
2014-03-18,59.2920353982
2014-03-19,93.347639485
2014-03-20,58.8357588358
2014-03-21,76.8992248062
2014-03-24,75.8985200846
2014-03-25,64.7469458988
2014-03-26,67.4208144796
2014-03-27,64.0378548896
2014-03-28,86.6589327146
2014-03-30,86.7749419954
2014-03-31,70.0365408039
2014-04-01,78.6684782609
2014-04-02,63.5179153094
2014-04-03,18.320610687
2014-04-06,77.9971791255
2014-04-07,74.4813278008
2014-04-08,85.0731707317
2014-04-09,89.3435635124
2014-04-10,67.8571428571
2014-04-13,40.7358738502
2014-04-14,33.282208589
2014-04-15,4.0
2014-04-16,11.2531969309
2014-04-17,31.8644067797
2014-04-20,37.0808678501
2014-04-21,37.0808678501
2014-04-22,35.0877192982
2014-04-23,73.1155778894
2014-04-24,71.1610486891
2014-04-27,15.3558052434
2014-04-28,50.0
2014-04-29,35.0819672131
2014-04-30,43.606557377
2014-05-01,39.1803278689
2014-05-04,73.8805970149
2014-05-05,22.947761194
2014-05-06,52.5714285714
2014-05-07,65.4377880184
2014-05-08,66.6666666667
2014-05-11,73.9406779661
2014-05-12,68.5654008439
2014-05-13,54.1436464088
2014-05-14,61.5189873418
2014-05-15,21.2658227848
2014-05-18,34.6835443038
2014-05-19,53.417721519
2014-05-20,28.3544303797
2014-05-21,47.8481012658
2014-05-22,28.3076923077
2014-05-25,4.83383685801
2014-05-26,36.3636363636
2014-05-27,20.695970696
2014-05-28,30.2197802198
2014-05-29,43.0672268908
2014-06-01,51.0416666667
2014-06-02,0.583941605839
2014-06-03,13.1979695431
2014-06-04,14.7208121827
2014-06-05,38.9593908629
2014-06-08,67.7914110429
2014-06-09,79.6854521625
2014-06-10,81.6105769231
2014-06-11,66.6248431619
2014-06-12,57.6642335766
2014-06-15,62.9976580796
2014-06-16,49.6124031008
2014-06-17,0.542495479205
2014-06-18,71.5063520871
2014-06-19,71.8693284936
2014-06-22,58.6206896552
2014-06-23,77.6094276094
2014-06-24,59.8086124402
2014-06-25,69.1382765531
2014-06-26,74.5484400657
2014-06-29,68.5064935065
2014-06-30,20.9255533199
2014-07-01,48.2897384306
2014-07-02,26.7254038179
2014-07-03,49.4860499266
2014-07-06,45.080763583
2014-07-07,32.315978456
2014-07-08,55.8348294434
2014-07-09,66.3326653307
2014-07-10,18.6046511628
2014-07-13,21.8023255814
2014-07-14,51.3043478261
2014-07-15,24.251497006
2014-07-16,44.4852941176
2014-07-17,0.764525993884
2014-07-20,51.376146789
2014-07-21,57.6452599388
2014-07-22,77.6508972268
2014-07-23,65.2528548124
2014-07-24,66.2316476346
2014-07-27,25.8760107817
2014-07-28,33.423180593
2014-07-29,44.804088586
2014-07-30,38.6013986014
2014-07-31,24.9379652605
2014-08-03,36.684073107
2014-08-04,34.4647519582
2014-08-05,19.3853427896
2014-08-06,34.1614906832
2014-08-07,14.6627565982
2014-08-10,36.8035190616
2014-08-11,63.7826961771
2014-08-12,59.5918367347
2014-08-13,52.2448979592
2014-08-14,71.6577540107
2014-08-17,90.1149425287
2014-08-18,64.0091116173
2014-08-19,71.3261648746
2014-08-20,44.2990654206
2014-08-21,24.2774566474
2014-08-24,15.4562383613
2014-08-25,3.65217391304
2014-08-26,45.9130434783
2014-08-27,90.1960784314
2014-08-28,75.2755905512
2014-08-31,78.2991202346
2014-09-01,61.4369501466
2014-09-02,48.4304932735
2014-09-03,53.2608695652
2014-09-04,38.0165289256
2014-09-07,42.9347826087
2014-09-08,33.2298136646
2014-09-09,18.2910547397
2014-09-10,15.6208277704
2014-09-11,38.698630137
2014-09-14,61.3506916192
2014-09-15,7.94297352342
2014-09-16,17.6470588235
2014-09-17,17.3624288425
2014-09-18,11.4136125654
2014-09-21,34.3575418994
2014-09-22,14.8959474261
2014-09-23,5.07246376812
2014-09-24,50.5980861244
2014-09-25,15.834218916
2014-09-28,42.8685258964
2014-09-29,27.3387829246
2014-09-30,35.3571428571
2014-10-01,9.49464012251
2014-10-02,10.592808552
2014-10-05,37.3447204969
2014-10-06,60.3260869565
2014-10-07,84.0735068913
2014-10-08,88.1147540984
2014-10-09,73.8387978142
2014-10-12,78.9699570815
2014-10-13,51.6405135521
2014-10-14,54.4405997693
2014-10-15,32.6774420239
2014-10-16,27.1828665568
2014-10-19,56.1779242175
2014-10-20,30.4817275748
2014-10-21,17.3588039867
2014-10-22,24.2672919109
2014-10-23,10.9026963658
2014-10-27,62.8398791541
2014-10-28,31.8315377081
2014-10-29,70.9214501511
2014-10-30,57.8172900061
2014-10-31,92.2746781116
2014-11-03,84.9785407725
2014-11-04,25.5227108868
2014-11-05,24.3691420332
2014-11-06,28.8339670469
2014-11-07,9.67067433351
2014-11-10,22.4148606811
2014-11-11,37.6979936642
2014-11-12,33.5519125683
2014-11-13,25.4335260116
2014-11-14,40.942408377
2014-11-17,29.5287958115
2014-11-18,21.9222462203
2014-11-19,49.5680345572
2014-11-20,69.0036900369
2014-11-21,50.6874427131
2014-11-24,89.2454466609
2014-11-25,59.5283018868
2014-11-26,67.71037182
2014-11-27,91.1220715166
2014-11-28,58.5698070375
2014-12-01,53.6889897843
2014-12-02,24.7446083995
2014-12-03,19.347826087
2014-12-04,40.8906882591
2014-12-05,19.1919191919
2014-12-08,27.9742765273
2014-12-09,18.085106383
2014-12-10,28.8753799392
2014-12-11,33.5849056604
2014-12-12,19.1295546559
2014-12-15,33.711790393
2014-12-16,34.8526959422
2014-12-17,10.8949416342
2014-12-18,27.1229404309
2014-12-19,76.2779552716
2014-12-22,78.5143769968
2014-12-23,74.8178137652
2014-12-24,47.0380194518
2014-12-25,26.5931372549
2014-12-26,14.6862483311
2014-12-29,18.6980609418
2014-12-30,10.502283105
2014-12-31,73.7833594976
2015-01-01,73.6263736264
2015-01-02,76.311844078
2015-01-05,30.5806451613
2015-01-06,19.1881918819
2015-01-07,27.1832718327
2015-01-08,57.250755287
2015-01-09,63.5091496233
2015-01-12,94.4728761515
2015-01-13,49.6417604913
2015-01-14,59.8377281947
2015-01-15,81.9128787879
2015-01-16,46.8604651163
2015-01-19,72.2093023256
2015-01-20,35.9302325581
2015-01-21,57.2932330827
2015-01-22,50.1446480231
2015-01-23,75.6027000964
2015-01-26,68.756027001
2015-01-27,66.730954677
2015-01-28,63.95173454
2015-01-29,52.4054982818
2015-01-30,61.8287373004
2015-02-02,18.6608803472
2015-02-03,1.06801573918
2015-02-04,22.3064428803
2015-02-05,9.88654781199
2015-02-06,20.8797327394
2015-02-09,8.68945868946
2015-02-10,47.2088215024
2015-02-11,21.5675375208
2015-02-12,5.19713261649
2015-02-13,43.007518797
2015-02-16,36.0232945092
2015-02-17,40.0998336106
2015-02-18,71.9584569733
2015-02-19,59.6439169139
2015-02-20,23.6486486486
2015-02-23,36.8942731278
2015-02-24,25.2202643172
2015-02-25,44.7136563877
2015-02-26,36.7346938776
2015-02-27,11.8119266055
2015-03-02,90.0229357798
2015-03-03,25.9174311927
2015-03-04,40.7363420428
2015-03-05,15.4981549815
2015-03-06,28.6512027491
2015-03-09,17.0386904762
2015-03-10,15.8376005852
2015-03-11,26.9230769231
2015-03-12,20.0615700359
2015-03-13,36.1914257228
2015-03-16,12.5
2015-03-17,17.2917681442
2015-03-18,15.6356551388
2015-03-19,35.2232142857
2015-03-20,13.3110367893
2015-03-23,56.1231172233
2015-03-24,82.8402366864
2015-03-25,79.2444242148
2015-03-26,51.4337733273
2015-03-27,59.5357305416
2015-03-29,22.5308641975
2015-03-30,30.3497942387
2015-03-31,55.6837853433
2015-04-01,79.3035479632
2015-04-02,98.6666666667
2015-04-05,82.3173803526
2015-04-06,80.1358234295
2015-04-07,50.9697439876
2015-04-08,83.1552482715
2015-04-09,70.9208400646
2015-04-12,57.5928917609
2015-04-13,19.3053311793
2015-04-14,57.7425373134
2015-04-15,80.1169590643
2015-04-16,85.5721393035
2015-04-19,70.5638474295
2015-04-20,76.6169154229
2015-04-21,65.6842105263
2015-04-22,63.8095238095
2015-04-23,86.5298840321
2015-04-26,67.3535093368
2015-04-27,78.731582319
2015-04-28,63.9527248851
2015-04-29,50.5434782609
2015-04-30,34.5962113659
2015-05-03,34.5962113659
2015-05-04,1.69409486931
2015-05-05,19.0857142857
2015-05-06,38.9750505732
2015-05-07,58.4753363229
2015-05-10,85.9165424739
2015-05-11,22.4292101341
2015-05-12,45.9369817579
2015-05-13,30.1824212272
2015-05-14,68.8225538972
2015-05-17,67.5787728027
2015-05-18,64.1491395794
2015-05-19,12.9298486933
2015-05-20,54.0577716644
2015-05-21,32.5443786982
2015-05-24,27.7932960894
2015-05-25,34.4785276074
2015-05-26,16.7276529012
2015-05-27,22.0073183481
2015-05-28,18.3981427742
2015-05-31,24.1353383459
2015-06-01,29.6296296296
2015-06-02,72.3540145985
2015-06-03,68.1569343066
2015-06-04,61.7700729927
2015-06-07,62.3175182482
2015-06-08,72.5252525253
2015-06-09,71.7138103161
2015-06-10,56.3227953411
2015-06-11,78.7021630616
2015-06-14,47.0813397129
2015-06-15,40.6698564593
2015-06-16,75.6937799043
2015-06-17,84.133915575
2015-06-18,72.607879925
2015-06-21,39.3996247655
2015-06-22,47.6547842402
2015-06-23,45.7382953181
2015-06-24,29.1666666667
2015-06-25,11.8134715026
2015-06-28,37.9155435759
2015-06-29,47.5292003594
2015-06-30,53.8185085355
2015-07-01,23.6536430834
2015-07-02,87.8715814507
2015-07-05,46.016646849
2015-07-06,53.1078610603
2015-07-07,38.8706500328
2015-07-08,4.07091267236
2015-07-09,11.0308601445
2015-07-12,73.6135957066
2015-07-13,83.8177533386
2015-07-14,79.65435978
2015-07-15,79.7077922078
2015-07-16,64.3493761141
2015-07-19,32.2434150772
2015-07-20,23.7965485922
2015-07-21,48.8174077578
2015-07-22,44.2330558859
2015-07-23,24.9503968254
2015-07-26,8.76724521584
2015-07-27,15.4494382022
2015-07-28,18.3386837881
2015-07-29,37.8284581061
2015-07-30,27.5382475661
2015-08-02,25.1175285426
2015-08-03,17.4575278266
2015-08-04,15.2034261242
2015-08-05,31.0196078431
2015-08-06,13.5637149028
2015-08-09,19.3588162762
2015-08-10,88.1578947368
2015-08-11,63.7119113573
2015-08-12,60.8725761773
2015-08-13,30.2631578947
2015-08-16,43.3078393881
2015-08-17,44.5506692161
2015-08-18,75.322997416
2015-08-19,48.0716253444
2015-08-20,79.3969849246
2015-08-23,57.82414307
2015-08-24,20.4918032787
2015-08-25,18.3781190019
2015-08-26,26.7274472169
2015-08-27,47.792706334
2015-08-30,51.144640999
2015-08-31,34.693877551
2015-09-01,27.1872060207
2015-09-02,20.9217264082
2015-09-03,27.8346744696
2015-09-06,0.391041592606
2015-09-07,2.58697591436
2015-09-08,15.5140186916
2015-09-09,67.3831273509
2015-09-10,30.0913487372
2015-09-13,25.406935598
2015-09-14,66.1004953999
2015-09-15,31.4225053079
2015-09-16,57.8987730061
2015-09-17,21.029082774
2015-09-20,26.0240963855
2015-09-21,
2015-09-22,27.3303167421
2015-09-23,15.1968685241
2015-09-24,81.5079365079
2015-09-27,76.226309922
2015-09-28,38.2943143813
2015-09-29,52.0345596433
2015-09-30,82.3299888517
2015-10-01,55.534351145
2015-10-04,83.1926323868
2015-10-05,73.8965952081
2015-10-06,77.2610765287
2015-10-07,62.6996805112
2015-10-08,80.5170239596
2015-10-11,82.6512455516
2015-10-12,81.4338235294
2015-10-13,8.11546840959
2015-10-14,52.614379085
2015-10-15,57.4117647059
2015-10-18,3.39780449556
2015-10-19,20.5959226346
2015-10-20,31.8331503842
2015-10-21,12.9527991218
2015-10-22,34.0975896531
2015-10-26,62.4170965365
2015-10-27,41.5622697126
2015-10-28,56.6691230656
2015-10-29,45.6993268512
2015-10-30,84.2845973417
2015-11-02,79.0461297889
2015-11-03,46.5497737557
2015-11-04,89.0917827967
2015-11-05,75.3964440173
2015-11-06,74.4269340974
2015-11-09,82.64659271
2015-11-10,56.6561014263
2015-11-11,68.4644194757
2015-11-12,55.3558052434
2015-11-13,52.3595505618
2015-11-16,13.5934550031
2015-11-17,23.0333543109
2015-11-18,33.9207048458
2015-11-19,65.003417635
2015-11-20,62.9283489097
2015-11-23,93.3946008041
2015-11-24,70.4347826087
2015-11-25,93.305785124
2015-11-26,54.6819787986
2015-11-27,55.5653710247
2015-11-30,31.0701438849
2015-12-01,19.9908925319
2015-12-02,27.276867031
2015-12-03,39.554881133
2015-12-04,78.1992918563
2015-12-07,83.9473684211
2015-12-08,78.1390134529
2015-12-09,32.1503131524
2015-12-10,77.6909722222
2015-12-11,45.628742515
2015-12-14,52.5768087215
2015-12-15,17.046580773
2015-12-16,22.1993410214
2015-12-17,29.9194991055
2015-12-18,52.3839397742
2015-12-21,30.2981895634
2015-12-22,12.7263045793
2015-12-23,27.8953229399
2015-12-24,52.5055679287
2015-12-25,74.8012232416
2015-12-28,79.3383270911
2015-12-29,89.2029395138
2015-12-30,82.7818627451
2015-12-31,26.0416666667
2016-01-01,30.1470588235
2016-01-04,49.3733213966
2016-01-05,9.89256938227
2016-01-06,15.5057251908
2016-01-07,41.1120471778
2016-01-08,22.9149115417
2016-01-11,66.814159292
2016-01-12,23.9842726081
2016-01-13,42.6889106968
2016-01-14,53.5819430815
2016-01-15,55.8690744921
2016-01-18,57.6749435666
2016-01-19,3.82452193476
2016-01-20,35.7643758766
2016-01-21,36.3686840644
2016-01-22,7.93838862559
2016-01-25,45.8530805687
2016-01-26,46.8009478673
2016-01-27,71.4796283059
2016-01-28,44.3173695497
2016-01-29,57.0680628272
2016-02-01,77.9129321383
2016-02-02,95.6129807692
2016-02-03,73.1106243154
2016-02-04,79.8097251586
2016-02-05,80.0
2016-02-08,65.0907091809
2016-02-09,68.3798882682
2016-02-10,69.6276943174
2016-02-11,35.4314002829
2016-02-12,8.09806835067
2016-02-15,27.9944289694
2016-02-16,33.2991803279
2016-02-17,2.46669955599
2016-02-18,58.7118644068
2016-02-19,42.7290836653
2016-02-22,40.5877680699
2016-02-23,94.3981831945
2016-02-24,86.2982588948
2016-02-25,73.9251040222
2016-02-26,75.6588072122
2016-02-29,58.9545844045
2016-03-01,1.23329907503
2016-03-02,74.8172217709
2016-03-03,68.6091258933
2016-03-04,59.9559955996
2016-03-07,67.4642464246
2016-03-08,64.0814081408
2016-03-09,64.3156424581
2016-03-10,84.6979332273
2016-03-11,87.1090047393
2016-03-14,100.39964476
2016-03-15,63.4103019538
2016-03-16,30.8673469388
2016-03-17,40.2332361516
2016-03-18,82.5072886297
2016-03-21,82.3250728863
2016-03-22,89.3633244377
2016-03-23,98.4998170509
2016-03-24,35.980746089
2016-03-25,27.1639690359
2016-03-27,22.7304714989
2016-03-28,27.1639690359
2016-03-29,56.9317382125
2016-03-30,64.3202579258
2016-03-31,62.8758169935
2016-04-03,86.6995073892
2016-04-04,38.4236453202
2016-04-05,17.8082191781
2016-04-06,39.098173516
2016-04-07,12.860438293
2016-04-10,59.1724825523
2016-04-11,90.2795160617
2016-04-12,92.7826449729
2016-04-13,88.1837160752
2016-04-14,88.9406779661
2016-04-17,45.4193548387
2016-04-18,1.38721351025
2016-04-19,52.4125452352
2016-04-20,52.9553679131
2016-04-21,52.9553679131
2016-04-24,36.4766081871
2016-04-25,56.64527956
2016-04-26,81.6326530612
2016-04-27,62.8787878788
2016-04-28,67.9300291545
2016-05-01,86.9764397906
2016-05-02,49.0864799026
2016-05-03,13.5200974421
2016-05-04,19.3057247259
2016-05-05,26.796589525
2016-05-08,65.724522293
2016-05-09,76.1976802824
2016-05-10,87.6470588235
2016-05-11,89.8592715232
2016-05-12,77.4006622517
2016-05-15,55.4221854305
2016-05-16,32.647333957
2016-05-17,49.5238095238
2016-05-18,28.5338938518
2016-05-19,34.1672152732
2016-05-22,40.8088235294
2016-05-23,34.0441176471
2016-05-24,36.4620938628
2016-05-25,37.9406307978
2016-05-26,36.3397548161
2016-05-29,13.3975481611
2016-05-30,67.1394799054
2016-05-31,56.5064478312
2016-06-01,50.4369538077
2016-06-02,48.5795454545
2016-06-05,81.2927756654
2016-06-06,80.8475509081
2016-06-07,75.3450920245
2016-06-08,91.9229344202
2016-06-09,76.3271726308
2016-06-12,58.7326120556
2016-06-13,18.9003436426
2016-06-14,20.1603665521
2016-06-15,23.4822451317
2016-06-16,40.8485856905
2016-06-19,69.6926375983
2016-06-20,75.1584283904
2016-06-21,60.8152531229
2016-06-22,78.0707010186
2016-06-23,86.3693467337
2016-06-26,59.0304925723
2016-06-27,39.3430656934
2016-06-28,64.5412844037
2016-06-29,81.4580031696
2016-06-30,94.0174326466
2016-07-03,81.5996301433
2016-07-04,51.585728444
2016-07-05,24.6870653686
2016-07-06,13.4138588684
2016-07-07,1.16482236459
2016-07-10,42.8852459016
2016-07-11,51.6158818098
2016-07-12,67.9024390244
2016-07-13,67.1740569159
2016-07-14,75.9099933819
2016-07-17,37.1595330739
2016-07-18,61.4035087719
2016-07-19,60.9782608696
2016-07-20,40.9288824383
2016-07-21,34.9417637271
2016-07-24,63.7123745819
2016-07-25,12.5418060201
2016-07-26,32.7759197324
2016-07-27,58.3804143126
2016-07-28,12.2222222222
2016-07-31,68.3870967742
2016-08-01,48.7096774194
2016-08-02,57.7419354839
2016-08-03,57.6923076923
2016-08-04,77.8117827085
2016-08-07,85.9164420485
2016-08-08,72.7493917275
2016-08-09,81.6750983699
2016-08-10,82.8341855369
2016-08-11,63.2295719844
2016-08-14,1.32596685083
2016-08-15,7.62430939227
2016-08-16,23.1950844854
2016-08-17,20.4301075269
2016-08-18,4.94417862839
2016-08-21,44.4943820225
2016-08-22,51.0112359551
2016-08-23,17.9758308157
2016-08-24,36.4048338369
2016-08-25,30.3174603175
2016-08-28,22.16796875
2016-08-29,57.8125
2016-08-30,49.6524329692
2016-08-31,60.3773584906
2016-09-01,33.3664349553
2016-09-04,35.8644859813
2016-09-05,16.8765743073
2016-09-06,79.4533459001
2016-09-07,76.7719897523
2016-09-08,56.1058923997
2016-09-11,22.4372759857
2016-09-12,45.3114754098
2016-09-13,16.4725457571
2016-09-14,10.4031856645
2016-09-15,42.5559947299
2016-09-18,81.6680429397
2016-09-19,76.9611890999
2016-09-20,79.8672566372
2016-09-21,83.7209302326
2016-09-22,72.7668845316
2016-09-25,33.714880333
2016-09-26,34.0172786177
2016-09-27,33.1234256927
2016-09-28,47.9619565217
2016-09-29,0.168634064081
2016-10-02,2.8
2016-10-03,90.9878682842
2016-10-04,11.6117850953
2016-10-05,74.0034662045
2016-10-06,47.1567267684
2016-10-09,58.1137309293
2016-10-10,80.6543385491
2016-10-11,90.3271692745
2016-10-12,78.0718336484
2016-10-13,74.154589372
2016-10-16,32.4046920821
2016-10-17,29.1788856305
2016-10-18,57.2139303483
2016-10-19,74.776119403
2016-10-20,93.7052932761
2016-10-23,62.7959413754
2016-10-24,75.2112676056
2016-10-25,87.3326467559
2016-10-26,42.676056338
2016-10-27,28.8888888889
2016-10-31,1.5009380863
2016-11-01,24.1666666667
2016-11-02,4.68401486989
2016-11-03,-0.0796812749006
2016-11-04,1.88857412653
2016-11-07,28.9094650206
2016-11-08,68.4695051784
2016-11-09,93.8008130081
2016-11-10,68.2042095835
2016-11-11,29.6597410419
2016-11-14,31.3459801265
2016-11-15,16.1999397772
2016-11-16,15.778380006
2016-11-17,15.090403338
2016-11-18,49.3995196157
2016-11-21,66.568914956
2016-11-22,51.5662650602
2016-11-23,70.6827309237
2016-11-24,16.4658634538
2016-11-25,52.9933481153
2016-11-28,30.5986696231
2016-11-29,40.7982261641
2016-11-30,7.63087843833
2016-12-01,70.2404809619
2016-12-02,2.14250124564
2016-12-05,51.1210762332
2016-12-06,78.3756851021
2016-12-07,80.1687763713
2016-12-08,91.7487107361
2016-12-09,89.6126760563
2016-12-12,75.8641239571
2016-12-13,86.3004172462
2016-12-14,71.4412811388
2016-12-15,40.4804270463
2016-12-16,39.9433427762
2016-12-19,15.5023923445
2016-12-20,40.8612440191
2016-12-21,51.1961722488
2016-12-22,88.6462882096
2016-12-23,81.5807560137
2016-12-26,92.9378531073
2016-12-27,91.389599318
2016-12-28,84.6820809249
2016-12-29,61.1164581328
2016-12-30,80.2707930368
2017-01-02,78.5299806576
2017-01-03,18.9555125725
2017-01-04,40.4
2017-01-05,84.0934371524
2017-01-06,91.7248255234
2017-01-09,67.298105683
2017-01-10,85.4034451496
2017-01-11,82.2143698469
2017-01-12,44.0845070423
2017-01-13,57.1022727273
2017-01-16,59.2991913747
2017-01-17,0.944510035419
2017-01-18,37.1900826446
2017-01-19,13.813459268
2017-01-20,75.5700325733
2017-01-23,114.849187935
2017-01-24,92.343387471
2017-01-25,82.6309067688
2017-01-26,76.2632197415
2017-01-27,40.9594095941
2017-01-30,112.517985612
2017-01-31,75.7907542579
2017-02-01,45.8637469586
2017-02-02,72.7493917275
2017-02-03,76.1968085106
2017-02-06,73.249551167
2017-02-07,83.6624775583
2017-02-08,78.276481149
2017-02-09,63.5483870968
2017-02-10,21.935483871
2017-02-13,97.3977695167
2017-02-14,55.106888361
2017-02-15,67.5561797753
2017-02-16,83.1818181818
2017-02-17,47.5
2017-02-20,31.9949811794
2017-02-21,40.1894451962
2017-02-22,18.0685358255
2017-02-23,67.2897196262
2017-02-24,82.0326678766
2017-02-27,28.1300813008
2017-02-28,10.7317073171
2017-03-01,13.3834586466
2017-03-02,49.7340425532
2017-03-03,2.46548323471
2017-03-06,46.5495608532
2017-03-07,24.9686323714
2017-03-08,51.6938519448
2017-03-09,22.2222222222
2017-03-10,2.72452068618
2017-03-13,46.9223007064
2017-03-14,49.5238095238
2017-03-15,38.6479591837
2017-03-16,87.9439252336
2017-03-17,69.8130841121
2017-03-20,92.2300706357
2017-03-21,85.9437751004
2017-03-22,73.2530120482
2017-03-23,60.1781170483
2017-03-24,9.42184154176
2017-03-26,39.8286937901
2017-03-27,23.2334047109
2017-03-28,11.3333333333
2017-03-29,33.0666666667
2017-03-30,32.4519230769
2017-04-02,63.5817307692
2017-04-03,78.6989795918
2017-04-04,76.8707482993
2017-04-05,53.547133139
2017-04-06,32.2643343052
2017-04-09,9.66542750929
2017-04-10,25.6505576208
2017-04-11,19.4547707559
2017-04-12,53.4069981584
2017-04-13,29.0229885057
2017-04-16,16.5413533835
2017-04-17,30.4532577904
2017-04-18,63.4393063584
2017-04-19,3.03468208092
2017-04-20,10.0954979536
2017-04-23,10.0522193211
2017-04-24,42.5058548009
2017-04-25,38.0697050938
2017-04-26,16.7113494191
2017-04-27,21.1009174312
2017-04-30,24.9235474006
2017-05-01,33.8709677419
2017-05-02,74.8081841432
2017-05-03,64.0990371389
2017-05-04,32.7372764787
2017-05-07,30.2675585284
2017-05-08,1.94805194805
2017-05-09,17.5324675325
2017-05-10,52.8145695364
2017-05-11,74.0834386852
2017-05-14,19.3768257059
2017-05-15,82.2447102116
2017-05-16,93.1411530815
2017-05-17,85.9310780904
2017-05-18,11.4448308568
2017-05-21,48.0240278217
2017-05-22,44.1985456845
2017-05-23,43.7259923175
2017-05-24,47.792776359
2017-05-25,68.6471009306
2017-05-28,169.333333333
2017-05-29,85.6435643564
2017-05-30,63.7735849057
2017-05-31,91.1516853933
2017-06-01,57.5842696629
2017-06-04,58.4131326949
2017-06-05,3.61596009975
2017-06-06,28.6783042394
2017-06-07,39.5261845387
2017-06-08,55.7284299859
2017-06-11,195.125553914
2017-06-12,19.0600522193
2017-06-13,22.0626631854
2017-06-14,76.6318537859
2017-06-15,75.3263707572
2017-06-18,69.8854337152
2017-06-19,82.1603927987
2017-06-20,3.49040139616
2017-06-21,14.3631436314
2017-06-22,5.91471801926
2017-06-25,3.84024577573
2017-06-26,69.1011235955
2017-06-27,44.9438202247
2017-06-28,90.5898876404
2017-06-29,57.0402298851
2017-07-02,236.637931034
2017-07-03,46.1089494163
2017-07-04,37.9310344828
2017-07-05,80.4597701149
2017-07-06,57.9524680073
2017-07-09,211.312849162
2017-07-10,
2017-07-11,67.1681415929
2017-07-12,93.4651762683
2017-07-13,76.726342711
2017-07-16,97.7617905675
2017-07-17,72.0238095238
2017-07-18,95.3773584906
2017-07-19,76.2693156733
2017-07-20,79.5513373598
2017-07-23,8.3885209713
2017-07-24,43.0698739977
2017-07-25,3.53089533417
2017-07-26,46.0277427491
2017-07-27,26.9861286255
2017-07-30,-6.39032815199
2017-07-31,74.9611197512
2017-08-01,79.6267496112
2017-08-02,69.5384615385
2017-08-03,70.2028081123
2017-08-06,24.693877551
2017-08-07,24.2857142857
2017-08-08,39.7482014388
2017-08-09,10.0600600601
2017-08-10,2.37762237762
2017-08-13,26.3713080169
2017-08-14,18.7424425635
2017-08-15,44.4303797468
2017-08-16,69.1374663073
2017-08-17,39.6226415094
2017-08-20,33.692722372
2017-08-21,52.9331514325
2017-08-22,30.7359307359
2017-08-23,76.4192139738
2017-08-24,67.8048780488
2017-08-27,23.7237237237
2017-08-28,20.5378973105
2017-08-29,24.4498777506
2017-08-30,37.6528117359
2017-08-31,54.8638132296
2017-09-03,-6.8093385214
2017-09-04,57.4257425743
2017-09-05,88.1967213115
2017-09-06,96.0507757405
2017-09-07,79.7077922078
2017-09-10,-52.8593508501
2017-09-11,66.1812297735
2017-09-12,26.9491525424
2017-09-13,18.6440677966
2017-09-14,39.4453004622
2017-09-17,52.3882896764
2017-09-18,14.3556280587
2017-09-19,28.5340314136
2017-09-20,34.2931937173
2017-09-21,13.1736526946
2017-09-24,59.6412556054
2017-09-25,25.3258845438
2017-09-26,41.9154228856
2017-09-27,7.08955223881
2017-09-28,20.7711442786
2017-10-01,42.5373134328
2017-10-02,77.3356401384
2017-10-03,74.4429882045
2017-10-04,82.1094793057
2017-10-05,52.3391812865
2017-10-08,46.5568862275
2017-10-09,0.887573964497
2017-10-10,14.201183432
2017-10-11,26.1834319527
2017-10-12,28.7051482059
2017-10-15,64.2745709828
2017-10-16,29.1311754685
2017-10-17,46.6926070039
2017-10-18,19.4552529183
2017-10-19,42.9921259843
2017-10-22,27.4212368728
2017-10-23,23.5392320534
2017-10-24,16.694490818
2017-10-25,29.5947219604
2017-10-26,7.68083519761
2017-10-30,56.6727605119
2017-10-31,11.6707616708
2017-11-01,33.4152334152
2017-11-02,45.3333333333
2017-11-03,66.7664670659
2017-11-06,38.8223552894
2017-11-07,93.8271604938
2017-11-08,67.6211453744
2017-11-09,84.8677248677
2017-11-10,87.619047619
2017-11-13,58.3068783069
2017-11-14,40.8814589666
2017-11-15,1.70603674541
2017-11-16,
2017-11-17,
2017-11-20,96.5460526316
2017-11-21,84.8137535817
2017-11-22,67.7575757576
2017-11-23,95.785440613
2017-11-24,96.6911764706
2017-11-27,66.1157024793
2017-11-28,60.0638977636
2017-11-29,85.6687898089
2017-11-30,48.178613396
2017-12-01,17.1562867215
2017-12-04,33.3725029377
2017-12-05,50.7638072855
2017-12-06,53.4665099882
2017-12-07,84.5041322314
2017-12-08,29.8553719008
2017-12-11,29.2355371901
2017-12-12,24.5960502693
2017-12-13,26.1859582543
2017-12-14,31.4863676341
2017-12-15,4.62427745665
2017-12-18,73.2867132867
2017-12-19,81.7905918058
2017-12-20,63.8857142857
2017-12-21,54.7428571429
2017-12-22,40.8066429419
2017-12-25,3.79596678529
2017-12-26,1.1320754717
2017-12-27,33.5849056604
2017-12-28,40.4553415061
2017-12-29,44.3082311734
2018-01-01,50.6151142355
2018-01-02,32.3453608247
2018-01-03,77.6298268975
2018-01-04,85.110876452
2018-01-05,87.1851040526
2018-01-08,94.30449069
2018-01-09,80.7228915663
2018-01-10,40.0943396226
2018-01-11,81.8452380952
2018-01-12,70.0176366843
2018-01-15,68.3804627249
2018-01-16,52.3136246787
2018-01-17,40.1028277635
2018-01-18,24.7960848287
2018-01-19,52.691680261
2018-01-22,69.6574225122
2018-01-23,67.2161172161
2018-01-24,4.32
2018-01-25,79.7772065124
2018-01-26,78.23479006
2018-01-29,74.7215081405
2018-01-30,72.4935732648
2018-01-31,50.2999143102
2018-02-01,12.5864453665
2018-02-02,63.6465324385
2018-02-05,26.334208224
2018-02-06,11.2036336109
2018-02-07,32.1725965178
2018-02-08,17.3150266972
2018-02-09,15.728021978
2018-02-12,17.8228388474
2018-02-13,15.0
2018-02-14,17.4770039422
2018-02-15,78.7748058671
2018-02-16,69.9741156169
2018-02-19,65.8263305322
2018-02-20,61.2511671335
2018-02-21,41.4565826331
2018-02-22,4.0404040404
2018-02-23,40.7749077491
2018-02-26,68.154158215
2018-02-27,96.0238568588
2018-02-28,44.3339960239
2018-03-01,51.689860835
2018-03-02,39.4250513347
2018-03-05,40.2464065708
2018-03-06,53.3081285444
2018-03-07,96.9889064976
2018-03-08,41.6798732171
2018-03-09,2.1207177814
2018-03-12,18.4339314845
2018-03-13,11.5823817292
2018-03-14,26.264274062
