Date,boll
2010-01-01,0.9444739999999999
2010-01-04,0.9471890000000001
2010-01-05,0.9474073333333334
2010-01-06,0.948014
2010-01-07,0.9482056
2010-01-08,0.9489441666666667
2010-01-11,0.9506861428571429
2010-01-12,0.951419625
2010-01-13,0.9515596666666666
2010-01-14,0.951719
2010-01-15,0.9515115454545454
2010-01-18,0.9514176666666666
2010-01-19,0.9514502307692307
2010-01-20,0.951539
2010-01-21,0.9514589999999999
2010-01-22,0.9515525625
2010-01-25,0.9518418823529411
2010-01-26,0.9520768888888888
2010-01-27,0.9521414210526313
2010-01-28,0.9521663999999997
2010-01-29,0.9522543499999998
2010-02-01,0.9521099499999999
2010-02-02,0.9516201499999998
2010-02-03,0.9509656999999997
2010-02-04,0.9500933999999998
2010-02-05,0.9489698499999998
2010-02-08,0.9473070499999998
2010-02-09,0.9463027999999998
2010-02-10,0.9452273499999997
2010-02-11,0.9443158999999997
2010-02-12,0.9435514499999996
2010-02-15,0.9426822499999996
2010-02-16,0.9421113999999996
2010-02-17,0.9414884999999996
2010-02-18,0.9406935499999995
2010-02-19,0.9398101999999996
2010-02-22,0.9388945499999997
2010-02-23,0.9381849499999998
2010-02-24,0.9375951999999999
2010-02-25,0.9369888499999999
2010-02-26,0.9367789499999999
2010-03-01,0.9363169499999998
2010-03-02,0.93622495
2010-03-03,0.93608815
2010-03-04,0.9359037999999998
2010-03-05,0.9360996999999998
2010-03-08,0.9363900999999997
2010-03-09,0.9365640999999997
2010-03-10,0.9368616999999997
2010-03-11,0.9369704499999998
2010-03-12,0.9368732999999997
2010-03-15,0.9367695999999996
2010-03-16,0.9363111999999998
2010-03-17,0.9359470499999997
2010-03-18,0.9359131999999997
2010-03-19,0.9357130999999997
2010-03-22,0.9355035499999996
2010-03-23,0.9350604499999996
2010-03-24,0.9346519999999996
2010-03-25,0.9341322999999996
2010-03-26,0.9334382499999995
2010-03-28,0.9333641499999995
2010-03-29,0.9333523999999995
2010-03-30,0.9331452499999996
2010-03-31,0.9331673999999996
2010-04-01,0.9329134499999997
2010-04-04,0.9323611999999997
2010-04-05,0.9317962999999997
2010-04-06,0.9315001999999998
2010-04-07,0.9311613999999999
2010-04-08,0.93133515
2010-04-11,0.9312444999999998
2010-04-12,0.9311460499999997
2010-04-13,0.9312178499999997
2010-04-14,0.9313168499999996
2010-04-15,0.9315543999999996
2010-04-18,0.9317929499999996
2010-04-19,0.9316121999999997
2010-04-20,0.9312767499999997
2010-04-21,0.9311325499999997
2010-04-22,0.9310735499999998
2010-04-25,0.9306588999999997
2010-04-26,0.9304092999999997
2010-04-27,0.9306150499999996
2010-04-28,0.9309290499999996
2010-04-29,0.9315517499999997
2010-05-02,0.9322634999999997
2010-05-03,0.9324336499999998
2010-05-04,0.9325955999999996
2010-05-05,0.9326925999999995
2010-05-06,0.9321922499999994
2010-05-09,0.9319639999999995
2010-05-10,0.9311875999999994
2010-05-11,0.9300639499999995
2010-05-12,0.9290052999999997
2010-05-13,0.9280695999999997
2010-05-16,0.9264512499999997
2010-05-17,0.9248212499999996
2010-05-18,0.9227196499999997
2010-05-19,0.9199278999999996
2010-05-20,0.9176373499999995
2010-05-23,0.9150594999999996
2010-05-24,0.9127106499999996
2010-05-25,0.9101935999999997
2010-05-26,0.9079301999999997
2010-05-27,0.9055144999999996
2010-05-30,0.9028247499999997
2010-05-31,0.9001230499999997
2010-06-01,0.8971252499999997
2010-06-02,0.8943806999999998
2010-06-03,0.8918413999999999
2010-06-06,0.8886010499999999
2010-06-07,0.88620955
2010-06-08,0.88390175
2010-06-09,0.8818671
2010-06-10,0.87991415
2010-06-13,0.87894355
2010-06-14,0.8784211000000001
2010-06-15,0.8784490500000001
2010-06-16,0.8795042000000001
2010-06-17,0.87998255
2010-06-20,0.8810183
2010-06-21,0.88168585
2010-06-22,0.8829544
2010-06-23,0.8837135500000001
2010-06-24,0.8843037499999999
2010-06-27,0.8852146999999999
2010-06-28,0.8860994999999999
2010-06-29,0.88707495
2010-06-30,0.88804285
2010-07-01,0.8890226999999999
2010-07-04,0.8906293999999999
2010-07-05,0.8921678499999999
2010-07-06,0.8941259999999998
2010-07-07,0.8961941999999997
2010-07-08,0.8976572499999997
2010-07-11,0.8987052999999998
2010-07-12,0.8999465999999996
2010-07-13,0.9012208499999996
2010-07-14,0.9024701499999997
2010-07-15,0.9038937999999996
2010-07-18,0.9048142499999997
2010-07-19,0.9059930999999997
2010-07-20,0.9064566499999998
2010-07-21,0.9075689999999998
2010-07-22,0.9087200499999998
2010-07-25,0.9101909999999999
2010-07-26,0.9120568499999997
2010-07-27,0.9136791499999998
2010-07-28,0.9155189499999997
2010-07-29,0.9173353999999998
2010-08-01,0.9194143499999997
2010-08-02,0.9213176499999998
2010-08-03,0.9227941999999999
2010-08-04,0.9236774499999999
2010-08-05,0.9248280999999998
2010-08-08,0.9266348499999998
2010-08-09,0.9281125999999997
2010-08-10,0.9296392999999996
2010-08-11,0.9306037499999997
2010-08-12,0.9313898499999997
2010-08-15,0.9321381999999996
2010-08-16,0.9328382999999996
2010-08-17,0.9336597999999995
2010-08-18,0.9334775999999995
2010-08-19,0.9334108999999995
2010-08-22,0.9334380999999994
2010-08-23,0.9336448999999994
2010-08-24,0.9341505499999995
2010-08-25,0.9343458499999995
2010-08-26,0.9346103499999995
2010-08-29,0.9352732999999995
2010-08-30,0.9358011999999996
2010-08-31,0.9366135999999994
2010-09-01,0.9377801499999995
2010-09-02,0.9391428999999996
2010-09-05,0.9395133999999995
2010-09-06,0.9399463999999995
2010-09-07,0.9405974999999996
2010-09-08,0.9413710499999995
2010-09-09,0.9423172499999997
2010-09-12,0.9437415999999997
2010-09-13,0.9450058999999997
2010-09-14,0.9465359499999997
2010-09-15,0.9485133999999997
2010-09-16,0.9502156999999997
2010-09-19,0.9520442999999998
2010-09-20,0.9539176499999998
2010-09-21,0.9560125499999998
2010-09-22,0.9582403499999999
2010-09-23,0.9605423499999999
2010-09-26,0.9624206499999998
2010-09-27,0.9645929499999998
2010-09-28,0.9668659499999999
2010-09-29,0.9690637999999998
2010-09-30,0.9708847999999998
2010-10-03,0.9728742999999997
2010-10-04,0.9748518999999998
2010-10-05,0.9765005999999998
2010-10-06,0.9782533999999998
2010-10-07,0.9805609499999999
2010-10-10,0.9825677999999998
2010-10-11,0.9844042499999999
2010-10-12,0.9859807499999999
2010-10-13,0.9875716999999998
2010-10-14,0.9894183999999999
2010-10-17,0.9911154499999999
2010-10-18,0.9927116999999999
2010-10-19,0.9939299499999998
2010-10-20,0.9952199499999999
2010-10-21,0.9963232499999999
2010-10-24,0.9976059999999999
2010-10-25,0.9986329499999999
2010-10-26,0.9993082499999998
2010-10-27,0.9993004999999998
2010-10-28,0.9995917499999999
2010-11-01,1.0002559500000001
2010-11-02,1.0008679
2010-11-03,1.0018989
2010-11-04,1.0031519999999998
2010-11-05,1.0040605499999997
2010-11-08,1.0049137
2010-11-09,1.0058033499999997
2010-11-10,1.0065484999999996
2010-11-11,1.0070662
2010-11-12,1.0072153
2010-11-15,1.0070916999999997
2010-11-16,1.0064193999999997
2010-11-17,1.0061419999999999
2010-11-18,1.0059734999999999
2010-11-19,1.0061988999999998
2010-11-22,1.0060041499999999
2010-11-23,1.0058179999999999
2010-11-24,1.0051153499999999
2010-11-25,1.0048375999999997
2010-11-26,1.0041270999999996
2010-11-29,1.0031080499999996
2010-11-30,1.0020111999999997
2010-12-01,1.0008345999999997
2010-12-02,0.9993900999999997
2010-12-03,0.9974899499999997
2010-12-06,0.9964075499999998
2010-12-07,0.9953787999999999
2010-12-08,0.99447205
2010-12-09,0.9937129499999999
2010-12-10,0.99340745
2010-12-13,0.9931517
2010-12-14,0.9936203499999999
2010-12-15,0.9939325499999999
2010-12-16,0.9932624999999998
2010-12-17,0.9925743499999997
2010-12-20,0.9922822499999999
2010-12-21,0.9925292499999999
2010-12-22,0.99345115
2010-12-23,0.9943215999999999
2010-12-24,0.9957171
2010-12-27,0.99702585
2010-12-28,0.9986407500000001
2010-12-29,1.0000123
2010-12-30,1.0016981
2010-12-31,1.00345815
2011-01-03,1.0044286
2011-01-04,1.0051788499999998
2011-01-05,1.0057072999999999
2011-01-06,1.0060463
2011-01-07,1.0058502
2011-01-10,1.0054936500000002
2011-01-11,1.0047376000000001
2011-01-12,1.00314125
2011-01-13,1.0027041000000003
2011-01-14,1.00231905
2011-01-17,1.0012310500000001
2011-01-18,0.9997168500000001
2011-01-19,0.9985054000000002
2011-01-20,0.9975204500000002
2011-01-21,0.9959757500000002
2011-01-24,0.9946130000000002
2011-01-25,0.9935897000000002
2011-01-26,0.9926070500000004
2011-01-27,0.9914370500000004
2011-01-28,0.9899359500000005
2011-01-31,0.9887184500000006
2011-02-01,0.9881252000000005
2011-02-02,0.9879748500000005
2011-02-03,0.9881027500000006
2011-02-04,0.9888382500000004
2011-02-07,0.9894821000000004
2011-02-08,0.9902820000000003
2011-02-09,0.9921990500000003
2011-02-10,0.9933213500000002
2011-02-11,0.9938185000000003
2011-02-14,0.9943252000000002
2011-02-15,0.9948923000000004
2011-02-16,0.9947384500000004
2011-02-17,0.9944978500000003
2011-02-18,0.9951506500000002
2011-02-21,0.9959648000000003
2011-02-22,0.9959694500000003
2011-02-23,0.9958673500000004
2011-02-24,0.9957354500000003
2011-02-25,0.9961006500000001
2011-02-28,0.9962076000000002
2011-03-01,0.9958104500000001
2011-03-02,0.99513655
2011-03-03,0.9946114999999999
2011-03-04,0.9936002499999999
2011-03-07,0.9929051999999998
2011-03-08,0.99198685
2011-03-09,0.9904773500000001
2011-03-10,0.9891373000000001
2011-03-11,0.9881153000000003
2011-03-14,0.9878680000000003
2011-03-15,0.9874217500000002
2011-03-16,0.9869711500000002
2011-03-17,0.9862157500000002
2011-03-18,0.9848514500000002
2011-03-21,0.9839329000000001
2011-03-22,0.9835921500000001
2011-03-23,0.98362915
2011-03-24,0.9837491
2011-03-25,0.9839227000000001
2011-03-27,0.9845830000000001
2011-03-28,0.9851988000000003
2011-03-29,0.9859468000000003
2011-03-30,0.9866493500000002
2011-03-31,0.9875011500000003
2011-04-03,0.9882512500000002
2011-04-04,0.9890905000000002
2011-04-05,0.98981585
2011-04-06,0.9910044500000001
2011-04-07,0.992322
2011-04-10,0.99363995
2011-04-11,0.9947156500000001
2011-04-12,0.9961037999999999
2011-04-13,0.9980170999999999
2011-04-17,1.0002839499999998
2011-04-18,1.0017871
2011-04-19,1.00291
2011-04-20,1.0042645499999998
2011-04-21,1.00580035
2011-04-24,1.0072692499999998
2011-04-25,1.0081781999999997
2011-04-26,1.0093938499999997
2011-04-27,1.0108665999999995
2011-04-28,1.0127123999999996
2011-05-01,1.0144192499999998
2011-05-02,1.0164455499999998
2011-05-03,1.0180485499999998
2011-05-04,1.0198290999999997
2011-05-05,1.0209748499999995
2011-05-08,1.0224756499999996
2011-05-09,1.0240048499999996
2011-05-10,1.0256805999999998
2011-05-11,1.02682255
2011-05-12,1.0276598
2011-05-15,1.02812245
2011-05-16,1.0291013999999998
2011-05-17,1.0304250999999998
2011-05-18,1.0310575499999997
2011-05-19,1.0314172999999998
2011-05-22,1.0319554499999997
2011-05-23,1.0321433499999997
2011-05-24,1.0323926999999995
2011-05-25,1.0322813499999997
2011-05-26,1.0323284999999998
2011-05-29,1.0328208999999995
2011-05-30,1.0330083999999995
2011-05-31,1.0329852999999996
2011-06-01,1.0334296499999995
2011-06-02,1.0342204499999996
2011-06-05,1.0350566999999997
2011-06-06,1.0355942999999996
2011-06-07,1.0359217499999995
2011-06-08,1.0366183499999997
2011-06-09,1.0369756499999998
2011-06-12,1.0374352499999997
2011-06-13,1.0376824499999997
2011-06-14,1.0378043499999996
2011-06-15,1.0380096999999997
2011-06-16,1.0382641499999998
2011-06-19,1.0384465999999999
2011-06-20,1.0389750999999998
2011-06-21,1.0389425499999998
2011-06-22,1.0388350499999999
2011-06-23,1.0383217499999997
2011-06-26,1.0378011499999997
2011-06-27,1.0370719499999999
2011-06-28,1.0371236
2011-06-29,1.03690705
2011-06-30,1.036536
2011-07-03,1.0357023499999998
2011-07-04,1.0346797999999997
2011-07-05,1.0339322499999999
2011-07-06,1.03341095
2011-07-07,1.0333026499999998
2011-07-10,1.0332889499999998
2011-07-11,1.0330282499999996
2011-07-12,1.0323709999999997
2011-07-13,1.0321981999999996
2011-07-14,1.0318280999999998
2011-07-17,1.0306182499999998
2011-07-18,1.0296551499999997
2011-07-19,1.0291722499999998
2011-07-20,1.0287500499999997
2011-07-21,1.02838675
2011-07-24,1.0280733999999998
2011-07-25,1.02788835
2011-07-26,1.02785495
2011-07-27,1.0284888
2011-07-28,1.0290668000000003
2011-07-31,1.0299663000000003
2011-08-01,1.0308588000000003
2011-08-02,1.0310698000000003
2011-08-03,1.0311892000000003
2011-08-04,1.0307148000000004
2011-08-07,1.0302814000000002
2011-08-08,1.0290155000000003
2011-08-09,1.0287725500000005
2011-08-10,1.0276280000000004
2011-08-11,1.0271173500000004
2011-08-14,1.0276548500000002
2011-08-15,1.0282051000000003
2011-08-16,1.0286507500000002
2011-08-17,1.0293299500000002
2011-08-18,1.02959565
2011-08-21,1.0295835500000001
2011-08-22,1.0297231
2011-08-23,1.03001905
2011-08-24,1.02932735
2011-08-25,1.0286869499999998
2011-08-28,1.0280435999999997
2011-08-29,1.0277290999999997
2011-08-30,1.0282915999999998
2011-08-31,1.02884995
2011-09-01,1.0300395999999998
2011-09-04,1.0312264999999998
2011-09-05,1.0330872999999996
2011-09-06,1.0341257999999998
2011-09-07,1.03612
2011-09-08,1.03758245
2011-09-11,1.0383543499999999
2011-09-12,1.03826815
2011-09-13,1.0376423499999998
2011-09-14,1.0368635
2011-09-15,1.03630125
2011-09-18,1.03546505
2011-09-19,1.03440435
2011-09-20,1.03333865
2011-09-21,1.0322747499999998
2011-09-22,1.0308823999999999
2011-09-25,1.0294391499999997
2011-09-26,1.0276761499999998
2011-09-27,1.0259529999999997
2011-09-28,1.0240827999999995
2011-09-29,1.0223987499999996
2011-10-02,1.0208422499999996
2011-10-03,1.0188863999999997
2011-10-04,1.0173238499999997
2011-10-05,1.0151409999999996
2011-10-06,1.0132721999999996
2011-10-09,1.0118606999999995
2011-10-10,1.0117334999999996
2011-10-11,1.0120519499999996
2011-10-12,1.0128893999999995
2011-10-13,1.0139973499999995
2011-10-16,1.0155726499999995
2011-10-17,1.0171314999999994
2011-10-18,1.0182553499999996
2011-10-19,1.0198010999999996
2011-10-20,1.0215869499999994
2011-10-23,1.0231947499999994
2011-10-24,1.0253452499999995
2011-10-25,1.0278346999999994
2011-10-26,1.0296380999999994
2011-10-27,1.0320561999999993
2011-10-31,1.0342865999999993
2011-11-01,1.0367968499999993
2011-11-02,1.0390314999999992
2011-11-03,1.0410009499999993
2011-11-04,1.0429654499999992
2011-11-07,1.0451245499999993
2011-11-08,1.0463971499999993
2011-11-09,1.0476014999999992
2011-11-10,1.0478007999999992
2011-11-11,1.0474411499999994
2011-11-14,1.0473952999999994
2011-11-15,1.0472889999999997
2011-11-16,1.0471188499999995
2011-11-17,1.0465059499999996
2011-11-18,1.0459075999999996
2011-11-21,1.0452028499999997
2011-11-22,1.0438913999999997
2011-11-23,1.0419973999999999
2011-11-24,1.0406144499999999
2011-11-25,1.0384110999999998
2011-11-28,1.0365343
2011-11-29,1.03513015
2011-11-30,1.0342323500000001
2011-12-01,1.03423685
2011-12-02,1.0335739
2011-12-05,1.03280675
2011-12-06,1.0324359499999998
2011-12-07,1.0317682499999998
2011-12-08,1.03173495
2011-12-09,1.0321673999999998
2011-12-12,1.0319906499999996
2011-12-13,1.0317012999999995
2011-12-14,1.0314931999999994
2011-12-15,1.0313975999999996
2011-12-16,1.0313614499999995
2011-12-19,1.0317204999999994
2011-12-20,1.0319857999999995
2011-12-21,1.0327071499999994
2011-12-22,1.0336328999999993
2011-12-23,1.0345076499999994
2011-12-26,1.0351767999999995
2011-12-27,1.0357550499999992
2011-12-28,1.0357801499999995
2011-12-29,1.0352525999999993
2011-12-30,1.0351444999999995
2012-01-02,1.0351757999999995
2012-01-03,1.0351880499999995
2012-01-04,1.0359050999999995
2012-01-05,1.0364359999999995
2012-01-06,1.0367004499999994
2012-01-09,1.0372004499999996
2012-01-10,1.0380252499999996
2012-01-11,1.0387120999999997
2012-01-12,1.0397909999999997
2012-01-13,1.0410579999999998
2012-01-16,1.0419793499999996
2012-01-17,1.0430247999999998
2012-01-18,1.0438605499999998
2012-01-19,1.0448084999999998
2012-01-20,1.0457529999999997
2012-01-23,1.0470523499999997
2012-01-24,1.0482447499999998
2012-01-25,1.0493920999999997
2012-01-26,1.0509199999999996
2012-01-27,1.0523923999999996
2012-01-30,1.0535457499999996
2012-01-31,1.0544409499999996
2012-02-01,1.0552137499999996
2012-02-02,1.0562706
2012-02-03,1.0574732499999997
2012-02-06,1.0584097499999998
2012-02-07,1.05939775
2012-02-08,1.0607709
2012-02-09,1.06199625
2012-02-10,1.0629697999999999
2012-02-13,1.0638653
2012-02-14,1.0649303499999998
2012-02-15,1.0657029999999998
2012-02-16,1.06646175
2012-02-17,1.06735895
2012-02-20,1.0677864
2012-02-21,1.0680892
2012-02-22,1.06838615
2012-02-23,1.0683082000000002
2012-02-24,1.0685915000000001
2012-02-27,1.0687857500000002
2012-02-28,1.0694221000000002
2012-02-29,1.0698815500000003
2012-03-01,1.0695082500000002
2012-03-02,1.0692570000000001
2012-03-05,1.0688911500000002
2012-03-06,1.0685389
2012-03-07,1.0677039499999998
2012-03-08,1.0667126999999998
2012-03-09,1.0658324499999998
2012-03-12,1.06458625
2012-03-13,1.0632248
2012-03-14,1.06187785
2012-03-15,1.0602966999999999
2012-03-16,1.0589157500000002
2012-03-19,1.0578932
2012-03-20,1.05689855
2012-03-21,1.0556839999999998
2012-03-22,1.05443615
2012-03-23,1.0528862499999998
2012-03-25,1.05168625
2012-03-26,1.0501696499999997
2012-03-27,1.0484929499999998
2012-03-28,1.0472506499999998
2012-03-29,1.04569685
2012-04-01,1.0445788999999999
2012-04-02,1.0431496499999997
2012-04-03,1.0413413999999999
2012-04-04,1.03980715
2012-04-05,1.0382208499999999
2012-04-08,1.0372225
2012-04-09,1.0363807999999999
2012-04-10,1.03570335
2012-04-11,1.03560235
2012-04-12,1.0353257999999999
2012-04-15,1.03445995
2012-04-16,1.0338724
2012-04-17,1.03337495
2012-04-18,1.0328875
2012-04-19,1.0323899
2012-04-22,1.0316971000000001
2012-04-23,1.030611
2012-04-24,1.02961265
2012-04-25,1.0286757999999998
2012-04-26,1.0280866999999998
2012-04-29,1.0274429499999997
2012-04-30,1.0272916999999997
2012-05-01,1.0271472499999998
2012-05-02,1.0267808999999999
2012-05-03,1.0263738499999997
2012-05-06,1.0255916999999997
2012-05-07,1.0249079999999995
2012-05-08,1.0239821499999995
2012-05-09,1.0225802499999994
2012-05-10,1.0211092999999996
2012-05-13,1.0195783499999993
2012-05-14,1.0178038999999992
2012-05-15,1.0164220499999992
2012-05-16,1.0152761999999993
2012-05-17,1.0142346499999992
2012-05-20,1.0129089999999992
2012-05-21,1.0122742999999992
2012-05-22,1.0112231499999993
2012-05-23,1.0102320499999995
2012-05-24,1.0092454499999994
2012-05-27,1.0083159499999994
2012-05-28,1.0071958499999993
2012-05-29,1.0065649999999995
2012-05-30,1.0057020999999993
2012-05-31,1.0051974999999995
2012-06-03,1.0050009999999996
2012-06-04,1.0049042999999995
2012-06-05,1.0050937499999997
2012-06-06,1.0056814499999995
2012-06-07,1.0061310999999997
2012-06-10,1.0070013499999997
2012-06-11,1.0079250999999998
2012-06-12,1.0089254499999998
2012-06-13,1.0098411999999997
2012-06-14,1.0106757999999996
2012-06-17,1.0120397999999995
2012-06-18,1.0132658999999995
2012-06-19,1.0151502499999994
2012-06-20,1.0172184499999992
2012-06-21,1.0187644999999992
2012-06-24,1.0199207499999994
2012-06-25,1.0210747999999994
2012-06-26,1.0222314499999994
2012-06-27,1.0238889999999994
2012-06-28,1.0255241999999996
2012-07-01,1.0273091499999996
2012-07-02,1.0287746499999995
2012-07-03,1.0301629499999996
2012-07-04,1.0312327499999996
2012-07-05,1.0324696499999995
2012-07-08,1.0334450999999993
2012-07-09,1.0345535999999993
2012-07-10,1.0355560499999994
2012-07-11,1.0366291999999995
2012-07-12,1.0370821499999994
2012-07-15,1.0373683499999995
2012-07-16,1.0376527999999996
2012-07-17,1.0380253999999995
2012-07-18,1.0383572999999997
2012-07-19,1.0392169499999997
2012-07-22,1.0401406999999998
2012-07-23,1.0409224499999998
2012-07-24,1.0416866999999999
2012-07-25,1.0423756499999999
2012-07-26,1.0430106499999998
2012-07-29,1.0434384499999998
2012-07-30,1.0439474499999999
2012-07-31,1.04447315
2012-08-01,1.04504425
2012-08-02,1.0455733
2012-08-05,1.0464193000000002
2012-08-06,1.04725375
2012-08-07,1.0477263000000003
2012-08-08,1.0480250500000001
2012-08-09,1.0487455000000003
2012-08-12,1.0491739500000004
2012-08-13,1.0493883500000003
2012-08-14,1.0492123000000002
2012-08-15,1.0488184000000003
2012-08-16,1.04821
2012-08-19,1.0473572
2012-08-20,1.0467271
2012-08-21,1.0463043
2012-08-22,1.04601845
2012-08-23,1.0453863
2012-08-26,1.0444584
2012-08-27,1.0432219999999999
2012-08-28,1.0418760999999999
2012-08-29,1.0404413499999998
2012-08-30,1.0388030499999998
2012-09-02,1.0366491499999997
2012-09-03,1.0342959999999999
2012-09-04,1.0321218499999998
2012-09-05,1.0300743999999997
2012-09-06,1.0282107999999996
2012-09-09,1.0265825499999996
2012-09-10,1.0248772999999995
2012-09-11,1.0236298499999996
2012-09-12,1.0227907999999997
2012-09-13,1.0218857499999996
2012-09-16,1.0215011999999997
2012-09-17,1.0208858999999997
2012-09-18,1.0200355999999995
2012-09-19,1.0190414499999998
2012-09-20,1.0181231499999996
2012-09-23,1.0175199999999998
2012-09-24,1.0171726499999996
2012-09-25,1.0167494999999998
2012-09-26,1.0166316999999996
2012-09-27,1.0167881999999997
2012-09-30,1.0170759499999997
2012-10-01,1.0174495499999998
2012-10-02,1.0175569999999998
2012-10-03,1.0175480999999997
2012-10-04,1.0172088
2012-10-07,1.0162172
2012-10-08,1.0155595
2012-10-09,1.0146823999999999
2012-10-10,1.0137877999999998
2012-10-11,1.0129242499999997
2012-10-14,1.0118594999999997
2012-10-15,1.0111795999999997
2012-10-16,1.0110348499999997
2012-10-17,1.0107467999999997
2012-10-18,1.0108990999999998
2012-10-21,1.0111204999999999
2012-10-22,1.0114103499999998
2012-10-23,1.0115517499999997
2012-10-24,1.0119318499999999
2012-10-25,1.0122434999999999
2012-10-29,1.0130084
2012-10-30,1.0138762
2012-10-31,1.0151976499999997
2012-11-01,1.0166081499999997
2012-11-02,1.0182777999999997
2012-11-05,1.0200701999999997
2012-11-06,1.0219336999999995
2012-11-07,1.0237766999999995
2012-11-08,1.0254295499999997
2012-11-09,1.0273037499999997
2012-11-12,1.0291473999999998
2012-11-13,1.0309119499999997
2012-11-14,1.0324139499999998
2012-11-15,1.0336823
2012-11-16,1.03433525
2012-11-19,1.0349194000000002
2012-11-20,1.0354996
2012-11-21,1.0362990500000002
2012-11-22,1.0365678500000002
2012-11-23,1.0368533500000001
2012-11-26,1.0370906000000002
2012-11-27,1.0373322000000003
2012-11-28,1.0374445000000003
2012-11-29,1.0375153500000003
2012-11-30,1.0374217000000003
2012-12-03,1.0377308000000003
2012-12-05,1.0380655500000002
2012-12-06,1.0381463000000004
2012-12-07,1.0382273000000004
2012-12-10,1.0379348000000004
2012-12-11,1.0376866000000002
2012-12-12,1.0375052500000002
2012-12-13,1.0371150000000002
2012-12-14,1.03691105
2012-12-17,1.0372010500000002
2012-12-18,1.0372671000000002
2012-12-19,1.0372795500000003
2012-12-20,1.0373068500000002
2012-12-21,1.0373632000000002
2012-12-24,1.03724235
2012-12-25,1.0367375
2012-12-26,1.03617435
2012-12-27,1.03576555
2012-12-28,1.0353887
2012-12-31,1.0352758
2013-01-01,1.0350585
2013-01-02,1.0346834
2013-01-03,1.034581
2013-01-04,1.03432105
2013-01-07,1.03434005
2013-01-08,1.0344149
2013-01-09,1.03432645
2013-01-10,1.03428655
2013-01-11,1.03447275
2013-01-14,1.03432135
2013-01-15,1.0344024499999998
2013-01-16,1.0345425999999998
2013-01-17,1.0348088999999998
2013-01-18,1.0350407
2013-01-21,1.0354984999999999
2013-01-22,1.03623855
2013-01-23,1.0372065
2013-01-24,1.03836675
2013-01-25,1.03914295
2013-01-28,1.03994775
2013-01-29,1.04078765
2013-01-30,1.0415594000000001
2013-01-31,1.0420589
2013-02-01,1.0423889
2013-02-04,1.0426103999999998
2013-02-05,1.0428937499999997
2013-02-06,1.04274725
2013-02-07,1.0422356
2013-02-08,1.0415161999999998
2013-02-11,1.0414444
2013-02-12,1.04107035
2013-02-13,1.0408418
2013-02-14,1.0406748499999998
2013-02-15,1.0404927
2013-02-18,1.0402505499999999
2013-02-19,1.0401908499999997
2013-02-20,1.0401596999999998
2013-02-21,1.0395993499999998
2013-02-22,1.0396218499999998
2013-02-25,1.0397772499999998
2013-02-26,1.0400243999999996
2013-02-27,1.0400858499999996
2013-02-28,1.0402381499999998
2013-03-01,1.0409076999999995
2013-03-04,1.0413059499999997
2013-03-05,1.0415948499999996
2013-03-06,1.0425847999999998
2013-03-07,1.0440321499999996
2013-03-08,1.0455999999999996
2013-03-11,1.0463296499999997
2013-03-12,1.0474935999999997
2013-03-13,1.0487014499999998
2013-03-14,1.0497475999999997
2013-03-15,1.0509962999999998
2013-03-18,1.0520902499999998
2013-03-19,1.05307705
2013-03-20,1.0539248
2013-03-21,1.0550354499999999
2013-03-22,1.0561312999999999
2013-03-25,1.05690585
2013-03-26,1.0576766
2013-03-27,1.0584342
2013-03-28,1.05915755
2013-03-29,1.05941885
2013-03-31,1.0600067
2013-04-01,1.0606868999999999
2013-04-02,1.06101515
2013-04-03,1.0612135000000003
2013-04-04,1.0611467500000002
2013-04-07,1.0612502500000003
2013-04-08,1.0614646500000002
2013-04-09,1.0617678500000003
2013-04-10,1.0622935500000001
2013-04-11,1.0625089000000003
2013-04-14,1.0628881000000001
2013-04-15,1.0626454500000002
2013-04-16,1.0625042500000001
2013-04-17,1.0621451
2013-04-18,1.0614831500000002
2013-04-21,1.0607640000000003
2013-04-22,1.0599643500000002
2013-04-23,1.0594242000000003
2013-04-24,1.0590328500000001
2013-04-25,1.0586196500000002
2013-04-28,1.05793285
2013-04-29,1.0572040500000002
2013-04-30,1.05637525
2013-05-01,1.05516065
2013-05-02,1.0541915
2013-05-05,1.0534908
2013-05-06,1.05209215
2013-05-07,1.04995255
2013-05-08,1.0475854
2013-05-09,1.04505495
2013-05-12,1.04223805
2013-05-13,1.0397212999999998
2013-05-14,1.0371104
2013-05-15,1.03450815
2013-05-16,1.0317406999999998
2013-05-19,1.02926615
2013-05-20,1.0268987499999997
2013-05-21,1.0245946
2013-05-22,1.0220396999999999
2013-05-23,1.0194943999999997
2013-05-26,1.0169557999999999
2013-05-27,1.01443545
2013-05-28,1.01205185
2013-05-29,1.0101083000000002
2013-05-30,1.0080878500000001
2013-06-02,1.0059862
2013-06-03,1.0045650499999998
2013-06-04,1.0033225
2013-06-05,1.0014271499999998
2013-06-06,0.9998163499999997
2013-06-09,0.9973879999999996
2013-06-10,0.9952317499999996
2013-06-11,0.9929594499999995
2013-06-12,0.9910809499999994
2013-06-13,0.9899863499999993
2013-06-16,0.9884443499999993
2013-06-17,0.9867904999999993
2013-06-18,0.9848611999999992
2013-06-19,0.9824120999999992
2013-06-20,0.9801868999999993
2013-06-23,0.9788604999999991
2013-06-24,0.9776708499999993
2013-06-25,0.9765562999999992
2013-06-26,0.9753135999999991
2013-06-27,0.974133299999999
2013-06-30,0.972289649999999
2013-07-01,0.9706687999999991
2013-07-02,0.9689956999999991
2013-07-03,0.9675445499999992
2013-07-04,0.9665208499999991
2013-07-07,0.9663252999999992
2013-07-08,0.9663627499999992
2013-07-09,0.9664431999999993
2013-07-10,0.9662138499999994
2013-07-11,0.9648654999999995
2013-07-14,0.9633669499999995
2013-07-15,0.9621856999999995
2013-07-16,0.9616801999999994
2013-07-17,0.9620380999999995
2013-07-18,0.9619427499999995
2013-07-21,0.9612680999999996
2013-07-22,0.9604955499999995
2013-07-23,0.9595857999999996
2013-07-24,0.9580797999999996
2013-07-25,0.9569726499999996
2013-07-28,0.9565147999999997
2013-07-29,0.9551665999999998
2013-07-30,0.9536663499999998
2013-07-31,0.9519383999999997
2013-08-01,0.9501020499999997
2013-08-04,0.9484497499999996
2013-08-05,0.9463678999999997
2013-08-06,0.9447295999999996
2013-08-07,0.9434872999999996
2013-08-08,0.9429173499999995
2013-08-11,0.9429739499999995
2013-08-12,0.9425405499999995
2013-08-13,0.9416520999999995
2013-08-14,0.9408465499999995
2013-08-15,0.9402507999999996
2013-08-18,0.9400527999999995
2013-08-19,0.9393612999999995
2013-08-20,0.9386676499999995
2013-08-21,0.9385749499999994
2013-08-22,0.9384791499999995
2013-08-25,0.9383623999999996
2013-08-26,0.9385052999999995
2013-08-27,0.9386998499999996
2013-08-28,0.9396142999999995
2013-08-29,0.9403885999999995
2013-09-01,0.9412246499999994
2013-09-02,0.9425426999999994
2013-09-03,0.9436302499999994
2013-09-04,0.9448565999999994
2013-09-05,0.9457054499999995
2013-09-08,0.9463596499999994
2013-09-09,0.9472349499999995
2013-09-10,0.9483148999999994
2013-09-11,0.9491909999999996
2013-09-12,0.9499549499999997
2013-09-15,0.9504903999999998
2013-09-16,0.9514359499999998
2013-09-17,0.9524837999999998
2013-09-18,0.9540170999999997
2013-09-19,0.9550767999999996
2013-09-22,0.9560740499999996
2013-09-23,0.9572037499999995
2013-09-24,0.9586362499999994
2013-09-25,0.9600273999999995
2013-09-26,0.9612452999999996
2013-09-29,0.9621145999999998
2013-09-30,0.9627444499999998
2013-10-01,0.9635831499999996
2013-10-02,0.9639077999999996
2013-10-03,0.9645832499999996
2013-10-06,0.9653280999999995
2013-10-08,0.9663696499999993
2013-10-09,0.9673311499999994
2013-10-10,0.9684268999999993
2013-10-13,0.9695745499999993
2013-10-14,0.9707437499999992
2013-10-15,0.9721103999999994
2013-10-16,0.9732465999999993
2013-10-17,0.9742231999999994
2013-10-20,0.9754676999999996
2013-10-21,0.9768022499999995
2013-10-22,0.9782650999999994
2013-10-23,0.9799415999999995
2013-10-24,0.9817302999999995
2013-10-28,0.9835910999999994
2013-10-29,0.9854790499999992
2013-10-30,0.9869839499999994
2013-10-31,0.9880569999999995
2013-11-01,0.9889411499999996
2013-11-04,0.9896904499999997
2013-11-05,0.9906215999999997
2013-11-06,0.9913423999999997
2013-11-07,0.9918704999999998
2013-11-08,0.9920775499999996
2013-11-11,0.9922388499999997
2013-11-12,0.9920270499999996
2013-11-13,0.9913720499999995
2013-11-14,0.9910098499999995
2013-11-15,0.9902155499999994
2013-11-18,0.9893925999999993
2013-11-19,0.9885267499999992
2013-11-20,0.9879602999999992
2013-11-21,0.9866858999999991
2013-11-22,0.9850927499999991
2013-11-25,0.9833047999999991
2013-11-26,0.9818566499999992
2013-11-27,0.9803305999999992
2013-11-28,0.9788228499999991
2013-11-29,0.9775591499999992
2013-12-02,0.9767122999999991
2013-12-03,0.9756654999999992
2013-12-04,0.9746108499999991
2013-12-05,0.9731906499999992
2013-12-06,0.9720384999999994
2013-12-09,0.9714281999999994
2013-12-10,0.9707483499999995
2013-12-11,0.9704388999999995
2013-12-12,0.9694344499999996
2013-12-13,0.9681962999999996
2013-12-16,0.9666869499999995
2013-12-17,0.9651654999999997
2013-12-18,0.9631097999999996
2013-12-19,0.9617522499999996
2013-12-20,0.9605224499999997
2013-12-23,0.9596706499999996
2013-12-24,0.9586702499999996
2013-12-25,0.9580297499999995
2013-12-26,0.9573394999999995
2013-12-27,0.9565726499999994
2013-12-30,0.9555249499999994
2013-12-31,0.9544911999999993
2014-01-01,0.9532425999999994
2014-01-02,0.9523543499999994
2014-01-03,0.9515972999999993
2014-01-06,0.9507430499999993
2014-01-07,0.9502033499999992
2014-01-08,0.9497379999999993
2014-01-09,0.9499280999999993
2014-01-10,0.9506828999999992
2014-01-13,0.9524273499999992
2014-01-14,0.9543092999999991
2014-01-15,0.9560697499999993
2014-01-16,0.9574175999999994
2014-01-17,0.9583341499999994
2014-01-20,0.9589634499999995
2014-01-21,0.9597801499999996
2014-01-22,0.9606222499999996
2014-01-23,0.9623029999999997
2014-01-24,0.9636679499999996
2014-01-27,0.9643539499999998
2014-01-28,0.9654051499999998
2014-01-29,0.9670455999999998
2014-01-30,0.9686306499999997
2014-01-31,0.9701822999999996
2014-02-03,0.9712255999999997
2014-02-04,0.9720229999999995
2014-02-05,0.9733875999999995
2014-02-06,0.9747330499999995
2014-02-07,0.9760208999999996
2014-02-10,0.9762544499999997
2014-02-11,0.9764662999999997
2014-02-12,0.9770697999999995
2014-02-13,0.9779271499999995
2014-02-14,0.9790183499999994
2014-02-17,0.9806191499999993
2014-02-18,0.9819228999999993
2014-02-19,0.9830241999999993
2014-02-20,0.9837373999999993
2014-02-21,0.9850818499999991
2014-02-24,0.986869199999999
2014-02-25,0.988314299999999
2014-02-26,0.989270099999999
2014-02-27,0.9902696999999991
2014-02-28,0.9910473999999991
2014-03-03,0.991591449999999
2014-03-04,0.9924407499999992
2014-03-05,0.9926842999999993
2014-03-06,0.9927378499999993
2014-03-07,0.9932205499999993
2014-03-10,0.9940664999999992
2014-03-11,0.9947650999999993
2014-03-12,0.9949070999999995
2014-03-13,0.9953122499999996
2014-03-14,0.9960263999999996
2014-03-17,0.9964097999999997
2014-03-18,0.9971186999999997
2014-03-19,0.9985422499999996
2014-03-20,0.9995055999999997
2014-03-21,1.0002842999999997
2014-03-24,1.0014499999999997
2014-03-25,1.0025918499999997
2014-03-26,1.0038097499999998
2014-03-27,1.0050544499999998
2014-03-28,1.0063194999999998
2014-03-30,1.008241
2014-03-31,1.0100149999999999
2014-04-01,1.0113154999999998
2014-04-02,1.0128029499999998
2014-04-03,1.01372325
2014-04-06,1.01450695
2014-04-07,1.0152116
2014-04-08,1.01651385
2014-04-09,1.0175192499999999
2014-04-10,1.0188783
2014-04-13,1.02029665
2014-04-14,1.0216836499999997
2014-04-15,1.02218175
2014-04-16,1.0230056499999998
2014-04-17,1.0235591999999998
2014-04-20,1.02394645
2014-04-21,1.0242752999999998
2014-04-22,1.0247853499999997
2014-04-23,1.0248586999999998
2014-04-24,1.0248377999999998
2014-04-27,1.0248394999999997
2014-04-28,1.0246279499999997
2014-04-29,1.0244739499999995
2014-04-30,1.0243756999999998
2014-05-01,1.0242887499999997
2014-05-04,1.0241901999999998
2014-05-05,1.0241948499999998
2014-05-06,1.0240077999999997
2014-05-07,1.0237967999999997
2014-05-08,1.0231592999999997
2014-05-11,1.0226582499999997
2014-05-12,1.0220504
2014-05-13,1.0218033999999998
2014-05-14,1.0212172499999999
2014-05-15,1.0207527999999997
2014-05-18,1.0202058499999995
2014-05-19,1.0195047499999996
2014-05-20,1.0182113999999998
2014-05-21,1.0173838499999996
2014-05-22,1.0165575999999998
2014-05-25,1.0156108999999998
2014-05-26,1.0148488999999996
2014-05-27,1.0143431499999997
2014-05-28,1.0136041999999996
2014-05-29,1.0132083999999995
2014-06-01,1.0127225499999994
2014-06-02,1.0122149499999993
2014-06-03,1.0118542999999993
2014-06-04,1.0117803999999992
2014-06-05,1.0119709999999993
2014-06-08,1.0119603499999994
2014-06-09,1.0119071999999993
2014-06-10,1.0119089499999994
2014-06-11,1.0118781999999995
2014-06-12,1.0121490499999994
2014-06-15,1.0122409499999994
2014-06-16,1.0124627999999996
2014-06-17,1.0128057999999995
2014-06-18,1.0133308999999997
2014-06-19,1.0139138499999996
2014-06-22,1.0141613499999997
2014-06-23,1.0144543999999998
2014-06-24,1.0144855999999998
2014-06-25,1.0147514999999996
2014-06-26,1.0145958499999996
2014-06-29,1.0143962999999998
2014-06-30,1.0143554999999997
2014-07-01,1.0142733499999999
2014-07-02,1.0138596
2014-07-03,1.0126590500000001
2014-07-06,1.011509
2014-07-07,1.0106168
2014-07-08,1.0097653
2014-07-09,1.00894125
2014-07-10,1.0077593500000002
2014-07-13,1.0071125
2014-07-14,1.00647785
2014-07-15,1.0061390499999998
2014-07-16,1.0054978499999998
2014-07-17,1.0049716499999997
2014-07-20,1.0049593999999997
2014-07-21,1.0047142499999997
2014-07-22,1.0048088499999996
2014-07-23,1.0050393499999997
2014-07-24,1.0053291499999997
2014-07-27,1.0059305499999998
2014-07-28,1.0064334999999998
2014-07-29,1.0068858499999997
2014-07-30,1.0074248999999997
2014-07-31,1.0084206999999996
2014-08-03,1.0094300499999995
2014-08-04,1.0102576499999993
2014-08-05,1.0110405499999995
2014-08-06,1.0118992499999995
2014-08-07,1.0125666999999994
2014-08-10,1.0131229999999996
2014-08-11,1.0134121499999995
2014-08-12,1.0136800999999998
2014-08-13,1.0141855499999997
2014-08-14,1.0146720499999997
2014-08-17,1.0149617499999999
2014-08-18,1.0154344499999999
2014-08-19,1.0158865999999998
2014-08-20,1.0161620499999997
2014-08-21,1.0164879999999998
2014-08-24,1.0166762999999999
2014-08-25,1.0168595999999996
2014-08-26,1.0169492499999997
2014-08-27,1.0168218499999997
2014-08-28,1.0168760499999996
2014-08-31,1.0167586999999996
2014-09-01,1.0166029999999995
2014-09-02,1.0163167999999996
2014-09-03,1.0161460499999995
2014-09-04,1.0163082499999996
2014-09-07,1.0163841999999996
2014-09-08,1.0167079999999995
2014-09-09,1.0165912999999995
2014-09-10,1.0159246999999996
2014-09-11,1.0153327999999995
2014-09-14,1.0145645499999993
2014-09-15,1.0137245499999994
2014-09-16,1.0127140999999993
2014-09-17,1.0110981999999993
2014-09-18,1.0093298499999992
2014-09-21,1.0072549499999992
2014-09-22,1.005257449999999
2014-09-23,1.0032635499999991
2014-09-24,1.0015938499999992
2014-09-25,0.9997034999999993
2014-09-28,0.9977297999999992
2014-09-29,0.9956353999999992
2014-09-30,0.9938758499999991
2014-10-01,0.9917907999999992
2014-10-02,0.9900421499999993
2014-10-05,0.9878528999999994
2014-10-06,0.9857776499999993
2014-10-07,0.9844097999999993
2014-10-08,0.9833580499999993
2014-10-09,0.9821431999999992
2014-10-12,0.9807135499999994
2014-10-13,0.9798420499999994
2014-10-14,0.9792646999999993
2014-10-15,0.9794730999999993
2014-10-16,0.9797172999999993
2014-10-19,0.9802142499999993
2014-10-20,0.9807754499999994
2014-10-21,0.9809997499999994
2014-10-22,0.9812550499999994
2014-10-23,0.9815063999999992
2014-10-27,0.9822142999999993
2014-10-28,0.9830916499999993
2014-10-29,0.9836182499999995
2014-10-30,0.9839198499999993
2014-10-31,0.9842519999999993
2014-11-03,0.9848795499999994
2014-11-04,0.9853895999999995
2014-11-05,0.9860774499999995
2014-11-06,0.9858825999999995
2014-11-07,0.9858016499999996
2014-11-10,0.9862183999999996
2014-11-11,0.9862211999999996
2014-11-12,0.9862867499999997
2014-11-13,0.9860880999999997
2014-11-14,0.9862462999999997
2014-11-17,0.9862105499999997
2014-11-18,0.9858308499999996
2014-11-19,0.9858919499999995
2014-11-20,0.9853844999999997
2014-11-21,0.9850094999999996
2014-11-24,0.9842883999999996
2014-11-25,0.9833441999999997
2014-11-26,0.9819885499999996
2014-11-27,0.9809297499999996
2014-11-28,0.9798678499999995
2014-12-01,0.9787920499999995
2014-12-02,0.9774019499999994
2014-12-03,0.9757832499999994
2014-12-04,0.9746353999999993
2014-12-05,0.9734696999999993
2014-12-08,0.9720575499999994
2014-12-09,0.9706476999999992
2014-12-10,0.9687819999999994
2014-12-11,0.9672425499999994
2014-12-12,0.9652372999999995
2014-12-15,0.9633105499999995
2014-12-16,0.9620044499999996
2014-12-17,0.9605388499999995
2014-12-18,0.9590040499999996
2014-12-19,0.9575770499999996
2014-12-22,0.9561452999999995
2014-12-23,0.9548586999999996
2014-12-24,0.9538416499999995
2014-12-25,0.9529942999999996
2014-12-26,0.9517701999999995
2014-12-29,0.9506458999999994
2014-12-30,0.9500202999999994
2014-12-31,0.9492836499999994
2015-01-01,0.9490074999999993
2015-01-02,0.9487485999999994
2015-01-05,0.9487713999999994
2015-01-06,0.9487386499999992
2015-01-07,0.9490884499999993
2015-01-08,0.9490259499999991
2015-01-09,0.949467899999999
2015-01-12,0.950693599999999
2015-01-13,0.951591649999999
2015-01-14,0.952612549999999
2015-01-15,0.9539906999999989
2015-01-16,0.955824599999999
2015-01-19,0.9577459499999991
2015-01-20,0.959448849999999
2015-01-21,0.961793299999999
2015-01-22,0.9646368499999991
2015-01-23,0.9671836999999991
2015-01-26,0.969038299999999
2015-01-27,0.9711082499999991
2015-01-28,0.9727105999999992
2015-01-29,0.9746735499999992
2015-01-30,0.9762581499999993
2015-02-02,0.9780565999999992
2015-02-03,0.9795252999999992
2015-02-04,0.9799911999999992
2015-02-05,0.9810753499999991
2015-02-06,0.9815847499999991
2015-02-09,0.9814628499999992
2015-02-10,0.9813320499999992
2015-02-11,0.9814507499999993
2015-02-12,0.9815167499999993
2015-02-13,0.9808626999999991
2015-02-16,0.979980749999999
2015-02-17,0.979374049999999
2015-02-18,0.9783184999999991
2015-02-19,0.9769450499999991
2015-02-20,0.9759768499999991
2015-02-23,0.976089849999999
2015-02-24,0.9756918999999991
2015-02-25,0.9755453499999991
2015-02-26,0.975132849999999
2015-02-27,0.974856799999999
2015-03-02,0.9742040499999991
2015-03-03,0.9737516999999991
2015-03-04,0.9742746999999993
2015-03-05,0.9740710499999994
2015-03-06,0.9741641999999994
2015-03-09,0.9742561999999992
2015-03-10,0.9741111999999994
2015-03-11,0.9735628999999995
2015-03-12,0.9732890999999995
2015-03-13,0.9736747999999995
2015-03-16,0.9741230499999995
2015-03-17,0.9745616499999995
2015-03-18,0.9749021999999995
2015-03-19,0.9750968499999993
2015-03-20,0.9750460999999995
2015-03-23,0.9748417499999995
2015-03-24,0.9751119499999994
2015-03-25,0.9753477999999994
2015-03-26,0.9753890499999993
2015-03-27,0.9754724499999995
2015-03-29,0.9755137499999995
2015-03-30,0.9754097499999993
2015-03-31,0.9749005499999994
2015-04-01,0.9742622999999992
2015-04-02,0.9732963999999994
2015-04-05,0.9723123999999995
2015-04-06,0.9711563999999996
2015-04-07,0.9705118499999996
2015-04-08,0.9702559499999996
2015-04-09,0.9698028999999997
2015-04-12,0.9691959999999996
2015-04-13,0.9681455999999997
2015-04-14,0.9669352499999997
2015-04-15,0.9653543499999998
2015-04-16,0.9642419999999998
2015-04-19,0.9629578499999998
2015-04-20,0.9608514999999997
2015-04-21,0.9589939499999997
2015-04-22,0.9573878499999996
2015-04-23,0.9557413499999996
2015-04-26,0.9546460999999995
2015-04-27,0.9536881999999997
2015-04-28,0.9535148499999997
2015-04-29,0.9535947999999997
2015-04-30,0.9537006999999997
2015-05-03,0.9536363999999997
2015-05-04,0.9537163999999997
2015-05-05,0.9538244499999997
2015-05-06,0.9535275499999998
2015-05-07,0.9529145499999998
2015-05-10,0.9526280499999998
2015-05-11,0.9526254999999997
2015-05-12,0.9530519499999996
2015-05-13,0.9543034499999996
2015-05-14,0.9552341999999996
2015-05-17,0.9558842499999995
2015-05-18,0.9572364999999996
2015-05-19,0.9583554499999997
2015-05-20,0.9590000499999995
2015-05-21,0.9599517499999994
2015-05-24,0.9603119999999994
2015-05-25,0.9609555999999992
2015-05-26,0.9609386999999993
2015-05-27,0.9610625999999993
2015-05-28,0.9609113999999993
2015-05-31,0.9609107499999991
2015-06-01,0.9611757499999992
2015-06-02,0.9614739999999993
2015-06-03,0.9620042499999991
2015-06-04,0.9621972499999991
2015-06-07,0.9617537999999992
2015-06-08,0.9616920999999993
2015-06-09,0.9611918999999993
2015-06-10,0.9601494999999994
2015-06-11,0.9593265499999994
2015-06-14,0.9585956499999995
2015-06-15,0.9578201499999995
2015-06-16,0.9570074499999995
2015-06-17,0.9561623499999996
2015-06-18,0.9556037999999998
2015-06-21,0.9552387999999997
2015-06-22,0.9546090499999996
2015-06-23,0.9542023499999995
2015-06-24,0.9537728499999995
2015-06-25,0.9538841999999995
2015-06-28,0.9533672499999997
2015-06-29,0.9532978999999996
2015-06-30,0.9531075999999995
2015-07-01,0.9527949499999997
2015-07-02,0.9526777499999997
2015-07-05,0.9524129999999996
2015-07-06,0.9520461999999996
2015-07-07,0.9520143999999997
2015-07-08,0.9518046999999996
2015-07-09,0.9515894999999995
2015-07-12,0.9511248999999996
2015-07-13,0.9504970499999995
2015-07-14,0.9502899499999995
2015-07-15,0.9507107499999995
2015-07-16,0.9511626499999994
2015-07-19,0.9513559499999996
2015-07-20,0.9516979499999996
2015-07-21,0.9520437499999996
2015-07-22,0.9523955999999997
2015-07-23,0.9525908999999995
2015-07-26,0.9529352999999995
2015-07-27,0.9527489999999995
2015-07-28,0.9522430499999995
2015-07-29,0.9513849499999993
2015-07-30,0.9509086999999994
2015-08-02,0.9515940999999992
2015-08-03,0.9521242999999993
2015-08-04,0.9533556999999993
2015-08-05,0.9545322499999994
2015-08-06,0.9552796999999995
2015-08-09,0.9567948999999996
2015-08-10,0.9578817999999995
2015-08-11,0.9583454499999995
2015-08-12,0.9585792499999994
2015-08-13,0.9586777499999994
2015-08-16,0.9590951999999995
2015-08-17,0.9594307999999995
2015-08-18,0.9593062999999994
2015-08-19,0.9594778499999993
2015-08-20,0.9595680499999993
2015-08-23,0.9601004499999993
2015-08-24,0.9603099499999994
2015-08-25,0.9602299999999995
2015-08-26,0.9603571999999995
2015-08-27,0.9602359499999995
2015-08-30,0.9596106499999996
2015-08-31,0.9584611999999995
2015-09-01,0.9562536999999995
2015-09-02,0.9545788999999993
2015-09-03,0.9527016499999993
2015-09-06,0.9500921499999994
2015-09-07,0.9480432999999995
2015-09-08,0.9466091499999996
2015-09-09,0.9449657499999995
2015-09-10,0.9435774499999996
2015-09-13,0.9423347499999994
2015-09-14,0.9415178499999997
2015-09-15,0.9407935999999998
2015-09-16,0.9399373499999998
2015-09-17,0.9393218999999998
2015-09-20,0.9388699999999999
2015-09-22,0.9382103499999997
2015-09-23,0.9374267499999999
2015-09-24,0.9368127499999999
2015-09-27,0.9363083999999997
2015-09-28,0.9357455999999997
2015-09-29,0.9360184499999997
2015-09-30,0.9362492999999997
2015-10-01,0.9361123499999998
2015-10-04,0.9362307999999999
2015-10-05,0.9365584499999999
2015-10-06,0.9370672499999998
2015-10-07,0.9376179499999997
2015-10-08,0.9386015499999998
2015-10-11,0.9391745499999997
2015-10-12,0.9399262499999997
2015-10-13,0.9394959999999996
2015-10-14,0.9395816999999995
2015-10-15,0.9392785999999995
2015-10-18,0.9388092999999996
2015-10-19,0.9385252499999996
2015-10-20,0.9387305499999996
2015-10-21,0.9394830499999998
2015-10-22,0.9399783999999999
2015-10-26,0.9407465499999998
2015-10-27,0.9417420999999999
2015-10-28,0.9424737000000001
2015-10-29,0.94262955
2015-10-30,0.94267575
2015-11-02,0.94292505
2015-11-03,0.9434256
2015-11-04,0.9437070999999999
2015-11-05,0.9436618999999998
2015-11-06,0.9434697499999999
2015-11-09,0.9429005499999998
2015-11-10,0.9418923999999999
2015-11-11,0.94160515
2015-11-12,0.9411741499999999
2015-11-13,0.9414713000000001
2015-11-16,0.9419072500000001
2015-11-17,0.9419579
2015-11-18,0.94214185
2015-11-19,0.94209005
2015-11-20,0.9426385500000001
2015-11-23,0.94333805
2015-11-24,0.9436643499999999
2015-11-25,0.9442170999999998
2015-11-26,0.9456252499999998
2015-11-27,0.9469626499999997
2015-11-30,0.9483250999999997
2015-12-01,0.9497314999999998
2015-12-02,0.95167735
2015-12-03,0.95346225
2015-12-04,0.95533635
2015-12-07,0.9576908
2015-12-08,0.9599493500000001
2015-12-09,0.9622793000000002
2015-12-10,0.9645035000000002
2015-12-11,0.9666760000000002
2015-12-14,0.9685596500000001
2015-12-15,0.97106295
2015-12-16,0.9731361499999999
2015-12-17,0.9755098499999997
2015-12-18,0.9773276499999997
2015-12-21,0.9790259499999996
2015-12-22,0.9812278999999997
2015-12-23,0.9832843499999997
2015-12-24,0.9851443999999997
2015-12-25,0.9874352499999997
2015-12-28,0.9898075999999996
2015-12-29,0.9919542999999995
2015-12-30,0.9934646499999996
2015-12-31,0.9952529499999997
2016-01-01,0.9968750999999996
2016-01-04,0.9982423499999996
2016-01-05,0.9992793499999995
2016-01-06,1.0003056499999992
2016-01-07,1.001024899999999
2016-01-08,1.000938099999999
2016-01-11,1.000969549999999
2016-01-12,1.000862249999999
2016-01-13,1.001219899999999
2016-01-14,1.001283099999999
2016-01-15,1.0018412999999993
2016-01-18,1.001876699999999
2016-01-19,1.0016764499999993
2016-01-20,1.001711049999999
2016-01-21,1.0018178999999992
2016-01-22,1.0016021999999993
2016-01-25,1.0007367499999993
2016-01-26,0.9999167999999994
2016-01-27,0.9989505999999994
2016-01-28,0.9978674999999992
2016-01-29,0.9970551999999993
2016-02-01,0.9959239499999992
2016-02-02,0.9954564499999993
2016-02-03,0.9947941499999994
2016-02-04,0.9943398499999994
2016-02-05,0.9943704499999994
2016-02-08,0.9943193499999993
2016-02-09,0.9939222999999993
2016-02-10,0.9931786999999994
2016-02-11,0.9928640499999993
2016-02-12,0.9922500999999994
2016-02-15,0.9914775499999994
2016-02-16,0.9908509499999993
2016-02-17,0.9898435499999995
2016-02-18,0.9887111499999994
2016-02-19,0.9877617499999994
2016-02-22,0.9874876499999994
2016-02-23,0.9874561999999993
2016-02-24,0.9876324499999993
2016-02-25,0.9874822999999994
2016-02-26,0.9867590499999993
2016-02-29,0.9856568999999993
2016-03-01,0.9844064999999993
2016-03-02,0.9832017499999994
2016-03-03,0.9827916499999996
2016-03-04,0.9825962999999996
2016-03-07,0.9828047499999997
2016-03-08,0.9830873499999997
2016-03-09,0.9838999999999997
2016-03-10,0.9839340999999997
2016-03-11,0.9841282499999998
2016-03-14,0.9849422999999998
2016-03-15,0.9854558499999998
2016-03-16,0.9859280499999998
2016-03-17,0.9863466999999998
2016-03-18,0.9868970499999998
2016-03-21,0.9872099499999998
2016-03-22,0.9872050499999997
2016-03-23,0.9872870999999996
2016-03-24,0.9877511499999997
2016-03-25,0.9886172499999997
2016-03-27,0.9901399499999997
2016-03-28,0.9915717999999997
2016-03-29,0.9932571999999997
2016-03-30,0.9940285999999995
2016-03-31,0.9945274499999994
2016-04-03,0.9951149999999995
2016-04-04,0.9952348999999995
2016-04-05,0.9949469499999994
2016-04-06,0.9952459499999995
2016-04-07,0.9948468499999994
2016-04-10,0.9938876499999993
2016-04-11,0.9929943999999994
2016-04-12,0.9922169999999992
2016-04-13,0.9918295999999993
2016-04-14,0.9915697499999994
2016-04-17,0.9915901999999994
2016-04-18,0.9916416499999995
2016-04-19,0.9914133999999996
2016-04-20,0.9909853999999996
2016-04-21,0.9903795499999996
2016-04-24,0.9894234999999997
2016-04-25,0.9885517999999995
2016-04-26,0.9874927999999995
2016-04-27,0.9856289499999995
2016-04-28,0.9837265499999995
2016-05-01,0.9815138499999995
2016-05-02,0.9798324999999994
2016-05-03,0.9778735499999994
2016-05-04,0.9761086499999994
2016-05-05,0.9747847999999995
2016-05-08,0.9733727499999993
2016-05-09,0.9717549999999994
2016-05-10,0.9703162499999994
2016-05-11,0.9685199999999995
2016-05-12,0.9661014499999994
2016-05-15,0.9636436999999992
2016-05-16,0.9610318499999991
2016-05-17,0.9587491499999992
2016-05-18,0.9564767999999992
2016-05-19,0.9545355499999992
2016-05-22,0.9531171999999992
2016-05-23,0.9516880499999993
2016-05-24,0.9500347999999994
2016-05-25,0.9490256499999994
2016-05-26,0.9479892499999993
2016-05-29,0.9470846499999993
2016-05-30,0.9459843499999993
2016-05-31,0.9456771499999993
2016-06-01,0.9450535499999994
2016-06-02,0.9443548499999993
2016-06-05,0.9442802999999994
2016-06-06,0.9441197499999994
2016-06-07,0.9439970999999995
2016-06-08,0.9442311999999994
2016-06-09,0.9444515499999995
2016-06-12,0.9444583999999996
2016-06-13,0.9447976499999996
2016-06-14,0.9448888499999996
2016-06-15,0.9456943999999996
2016-06-16,0.9460835499999997
2016-06-19,0.9463899499999997
2016-06-20,0.9466541499999996
2016-06-21,0.9471773999999996
2016-06-22,0.9484869999999997
2016-06-23,0.9499535499999998
2016-06-26,0.9514661999999999
2016-06-27,0.95262075
2016-06-28,0.9535092000000001
2016-06-29,0.95442075
2016-06-30,0.9553389000000001
2016-07-03,0.95591545
2016-07-04,0.9571204
2016-07-05,0.95803265
2016-07-06,0.95920965
2016-07-07,0.9607041000000001
2016-07-10,0.9628797499999999
2016-07-11,0.9649973
2016-07-12,0.9673510000000001
2016-07-13,0.9687663000000001
2016-07-14,0.9702049500000001
2016-07-17,0.9716404000000001
2016-07-18,0.97297695
2016-07-19,0.9741639
2016-07-20,0.97483645
2016-07-21,0.9755621999999999
2016-07-24,0.9762831999999998
2016-07-25,0.9776469499999998
2016-07-26,0.9789597499999998
2016-07-27,0.9800300499999997
2016-07-28,0.9811716999999996
2016-07-31,0.9825312499999997
2016-08-01,0.9834809499999997
2016-08-02,0.9848754999999997
2016-08-03,0.9857532999999996
2016-08-04,0.9867723499999996
2016-08-07,0.9876291499999997
2016-08-08,0.9885560999999997
2016-08-09,0.9891673999999997
2016-08-10,0.9902544499999996
2016-08-11,0.9910680999999995
2016-08-14,0.9915041499999994
2016-08-15,0.9920426499999995
2016-08-16,0.9926726999999994
2016-08-17,0.9930755999999994
2016-08-18,0.9930547499999992
2016-08-21,0.9929935999999993
2016-08-22,0.9929325999999993
2016-08-23,0.9925989499999993
2016-08-24,0.9924257499999992
2016-08-25,0.9922509999999992
2016-08-28,0.9918028499999991
2016-08-29,0.9916984999999992
2016-08-30,0.9911335499999991
2016-08-31,0.9908240499999991
2016-09-01,0.9905538499999992
2016-09-04,0.9895414499999993
2016-09-05,0.9882392499999991
2016-09-06,0.9873524499999992
2016-09-07,0.9863842999999992
2016-09-08,0.9858485999999992
2016-09-11,0.9854631499999993
2016-09-12,0.9851450999999993
2016-09-13,0.9847562999999994
2016-09-14,0.9848956499999995
2016-09-15,0.9852774999999996
2016-09-18,0.9857451499999996
2016-09-19,0.9861334999999996
2016-09-20,0.9867641499999994
2016-09-21,0.9874838499999996
2016-09-22,0.9881564499999996
2016-09-25,0.9891447499999997
2016-09-26,0.9903410499999996
2016-09-27,0.9917539999999997
2016-09-28,0.9927223999999997
2016-09-29,0.9934404499999996
2016-10-02,0.9944848999999996
2016-10-03,0.9958060999999997
2016-10-04,0.9966441999999998
2016-10-05,0.9974745499999997
2016-10-06,0.9981392999999997
2016-10-09,0.9992712999999996
2016-10-10,1.0000054499999995
2016-10-11,1.0008889999999995
2016-10-12,1.0016980499999995
2016-10-13,1.0021945999999995
2016-10-16,1.0026023999999993
2016-10-17,1.0029497499999995
2016-10-18,1.0034345999999994
2016-10-19,1.0042437999999994
2016-10-20,1.0048244999999993
2016-10-23,1.0054986499999994
2016-10-24,1.0056980999999994
2016-10-25,1.0061248999999992
2016-10-26,1.0070211499999995
2016-10-27,1.0076601499999993
2016-10-31,1.0083823499999993
2016-11-01,1.0090167999999993
2016-11-02,1.0099868499999993
2016-11-03,1.0110132999999992
2016-11-04,1.0123868999999992
2016-11-07,1.0133231999999992
2016-11-08,1.0149017499999993
2016-11-09,1.0163713499999993
2016-11-10,1.0175016499999994
2016-11-11,1.0188178999999993
2016-11-14,1.0199606499999994
2016-11-15,1.0211070999999994
2016-11-16,1.0216235999999994
2016-11-17,1.0212009999999991
2016-11-18,1.0207914999999992
2016-11-21,1.0194968499999992
2016-11-22,1.0182636999999992
2016-11-23,1.0169553999999992
2016-11-24,1.0155849499999992
2016-11-25,1.0148088999999991
2016-11-28,1.0142097499999991
2016-11-29,1.0133942499999993
2016-11-30,1.0124680999999993
2016-12-01,1.0108117499999993
2016-12-02,1.0087234499999993
2016-12-05,1.0070094499999995
2016-12-06,1.0049967999999994
2016-12-07,1.0031077499999994
2016-12-08,1.0013155499999995
2016-12-09,0.9992841499999996
2016-12-12,0.9971196499999996
2016-12-13,0.9950786999999996
2016-12-14,0.9934815999999997
2016-12-15,0.9923975999999998
2016-12-16,0.9914460999999998
2016-12-19,0.9906146999999997
2016-12-20,0.9897560499999998
2016-12-21,0.9885907999999997
2016-12-22,0.9873984999999997
2016-12-23,0.9860486999999999
2016-12-26,0.9842647999999998
2016-12-27,0.9825900999999998
2016-12-28,0.9811397999999997
2016-12-29,0.9802282999999996
2016-12-30,0.9796079999999995
2017-01-02,0.9784590499999994
2017-01-03,0.9772266999999996
2017-01-04,0.9761419999999996
2017-01-05,0.9750912499999996
2017-01-06,0.9744182499999996
2017-01-09,0.9739372499999994
2017-01-10,0.9733570999999994
2017-01-11,0.9728872999999993
2017-01-12,0.9726727499999994
2017-01-13,0.9727912999999994
2017-01-16,0.9733698999999995
2017-01-17,0.9740046999999994
2017-01-18,0.9747158499999993
2017-01-19,0.9759285999999993
2017-01-20,0.9776478999999991
2017-01-23,0.9794932499999991
2017-01-24,0.981130449999999
2017-01-25,0.982251999999999
2017-01-26,0.9830591499999992
2017-01-27,0.9836100999999993
2017-01-30,0.9847769999999991
2017-01-31,0.9859715999999992
2017-02-01,0.986861049999999
2017-02-02,0.987885249999999
2017-02-03,0.9892150999999991
2017-02-06,0.9907664499999992
2017-02-07,0.9921616499999992
2017-02-08,0.9936848999999992
2017-02-09,0.9948334499999991
2017-02-10,0.995670499999999
2017-02-13,0.996769499999999
2017-02-14,0.9974880499999991
2017-02-15,0.9983373499999992
2017-02-16,0.998983549999999
2017-02-17,0.9989123499999991
2017-02-20,0.998714649999999
2017-02-21,0.9989075499999991
2017-02-22,0.9994314999999991
2017-02-23,1.0006012999999991
2017-02-24,1.0018173499999992
2017-02-27,1.002537849999999
2017-02-28,1.0035892499999988
2017-03-01,1.0050448499999987
2017-03-02,1.0066873499999986
2017-03-03,1.0075232499999986
2017-03-06,1.0083757999999985
2017-03-07,1.0092058999999984
2017-03-08,1.0098603499999985
2017-03-09,1.0104657499999985
2017-03-10,1.0110914499999986
2017-03-13,1.0115472999999986
2017-03-14,1.0124883499999986
2017-03-15,1.0132896499999986
2017-03-16,1.0140708999999986
2017-03-17,1.0148343999999985
2017-03-20,1.0160179499999986
2017-03-21,1.0171892499999986
2017-03-22,1.0179829999999987
2017-03-23,1.0184430999999987
2017-03-24,1.0188724999999987
2017-03-26,1.0194098499999988
2017-03-27,1.0198660499999987
2017-03-28,1.0201862999999989
2017-03-29,1.0201919999999989
2017-03-30,1.020516649999999
2017-04-02,1.0205375999999988
2017-04-03,1.0205804499999989
2017-04-04,1.0203577999999989
2017-04-05,1.020424199999999
2017-04-06,1.0203202999999992
2017-04-09,1.019881199999999
2017-04-10,1.0189969999999993
2017-04-11,1.018028999999999
2017-04-12,1.0167149999999991
2017-04-13,1.016075249999999
2017-04-16,1.015173949999999
2017-04-17,1.014203999999999
2017-04-18,1.013530999999999
2017-04-19,1.012942649999999
2017-04-20,1.0126534999999988
2017-04-23,1.0127373999999987
2017-04-24,1.0128807999999987
2017-04-25,1.0128489999999988
2017-04-27,1.0126025999999988
2017-04-30,1.0126153499999986
2017-05-01,1.0132809999999988
2017-05-02,1.0140811999999986
2017-05-03,1.0143667999999986
2017-05-04,1.0144967999999985
2017-05-07,1.0145913999999983
2017-05-08,1.0148566999999984
2017-05-09,1.0151722999999984
2017-05-10,1.0156398499999986
2017-05-11,1.0162820999999986
2017-05-14,1.0165367999999986
2017-05-15,1.0166390499999987
2017-05-16,1.0165657999999986
2017-05-17,1.0165143999999988
2017-05-18,1.0164626999999986
2017-05-21,1.0161616499999986
2017-05-22,1.0156240999999988
2017-05-23,1.0149232999999989
2017-05-24,1.0140519999999988
2017-05-25,1.013437049999999
2017-05-28,1.012468699999999
2017-05-29,1.011078699999999
2017-05-30,1.0096220499999988
2017-05-31,1.0087271999999987
2017-06-01,1.0076318499999988
2017-06-04,1.007077749999999
2017-06-05,1.006943349999999
2017-06-06,1.0071237499999988
2017-06-07,1.0076094999999987
2017-06-08,1.0079482999999987
2017-06-11,1.0079049499999988
2017-06-12,1.0075757499999987
2017-06-13,1.0069697999999987
2017-06-14,1.0066903499999986
2017-06-15,1.0064828999999986
2017-06-18,1.0064667499999989
2017-06-19,1.0062727499999988
2017-06-20,1.006027249999999
2017-06-21,1.006053449999999
2017-06-22,1.005677899999999
2017-06-25,1.0057820499999988
2017-06-26,1.0059435499999987
2017-06-27,1.0057116999999987
2017-06-28,1.0053982499999987
2017-06-29,1.0054546999999987
2017-07-02,1.0051930999999985
2017-07-03,1.0045304999999984
2017-07-04,1.0032466999999985
2017-07-05,1.0015492499999985
2017-07-06,0.9998370499999985
2017-07-09,0.9981548999999983
2017-07-11,0.9972322499999983
2017-07-12,0.9962828499999983
2017-07-13,0.9952911999999984
2017-07-16,0.9944767499999984
2017-07-17,0.9935915999999982
2017-07-18,0.9933973499999983
2017-07-19,0.9932795499999981
2017-07-20,0.9930282999999982
2017-07-23,0.9928075499999981
2017-07-24,0.992196949999998
2017-07-25,0.991527749999998
2017-07-26,0.991328949999998
2017-07-27,0.991541699999998
2017-07-30,0.991374299999998
2017-07-31,0.9915180999999981
2017-08-01,0.9916355999999981
2017-08-02,0.992424099999998
2017-08-03,0.9931942499999981
2017-08-06,0.9941340999999981
2017-08-07,0.9953253999999981
2017-08-08,0.9960512499999983
2017-08-09,0.9971898999999983
2017-08-10,0.9980414999999981
2017-08-13,0.9986656499999981
2017-08-14,0.9991894999999982
2017-08-15,0.9990801999999981
2017-08-16,0.9990003499999981
2017-08-17,0.9988887499999981
2017-08-20,0.9991054999999982
2017-08-21,0.9993788499999982
2017-08-22,0.9994897999999981
2017-08-23,0.9992945499999981
2017-08-24,0.9987277999999982
2017-08-27,0.9984865499999982
2017-08-28,0.9980512999999982
2017-08-29,0.9979279499999982
2017-08-30,0.9978440999999982
2017-08-31,0.9973346999999982
2017-09-03,0.9965032999999982
2017-09-04,0.9956434499999982
2017-09-05,0.9951203499999982
2017-09-06,0.9940270499999982
2017-09-07,0.9927053499999984
2017-09-10,0.9915374999999983
2017-09-11,0.9901257999999983
2017-09-12,0.9890422499999983
2017-09-13,0.9875253499999985
2017-09-14,0.9862433999999987
2017-09-17,0.9851292499999985
2017-09-18,0.9842294499999985
2017-09-19,0.9837073999999986
2017-09-20,0.9835783999999986
2017-09-21,0.9830194499999985
2017-09-24,0.9826702999999986
2017-09-25,0.9821755999999986
2017-09-26,0.9810866499999985
2017-09-27,0.9801588499999987
2017-09-28,0.9794364499999986
2017-10-01,0.9790707999999986
2017-10-02,0.9787448499999988
2017-10-03,0.9781677999999987
2017-10-04,0.9782213999999987
2017-10-05,0.9783945499999988
2017-10-08,0.9782381499999987
2017-10-09,0.9783646999999988
2017-10-10,0.9782433499999987
2017-10-11,0.9782680999999986
2017-10-12,0.9784310499999986
2017-10-15,0.9788533999999987
2017-10-16,0.9790266999999988
2017-10-17,0.9788976999999986
2017-10-18,0.9782947999999987
2017-10-19,0.9785700999999987
2017-10-22,0.9787310499999986
2017-10-23,0.9790120999999985
2017-10-24,0.9795752499999987
2017-10-25,0.9798841499999986
2017-10-26,0.9803008999999985
2017-10-30,0.9805670499999986
2017-10-31,0.9809390499999985
2017-11-01,0.9813731499999985
2017-11-02,0.9817377999999986
2017-11-03,0.9821765499999986
2017-11-06,0.9822320499999986
2017-11-07,0.9824158999999986
2017-11-08,0.9825638499999986
2017-11-09,0.9828531999999987
2017-11-10,0.9827285999999986
2017-11-13,0.9820609499999987
2017-11-14,0.9814394999999987
2017-11-15,0.9809662999999988
2017-11-20,0.9804000999999987
2017-11-21,0.9796637499999987
2017-11-22,0.9787798499999987
2017-11-23,0.9777755999999987
2017-11-24,0.9769852999999987
2017-11-27,0.9760709999999987
2017-11-28,0.9753925999999987
2017-11-29,0.9749275999999988
2017-11-30,0.9742298999999986
2017-12-01,0.9736088999999988
2017-12-04,0.9724572499999986
2017-12-05,0.9712578999999986
2017-12-06,0.9707065999999986
2017-12-07,0.9702015999999987
2017-12-08,0.9696514999999986
2017-12-11,0.9690617999999984
2017-12-12,0.9687488499999984
2017-12-13,0.9688406999999983
2017-12-14,0.9692580999999982
2017-12-15,0.9697010499999982
2017-12-18,0.9706372999999981
2017-12-19,0.9715401499999983
2017-12-20,0.9723767999999984
2017-12-21,0.9732135499999984
2017-12-22,0.9738252999999985
2017-12-25,0.9745256499999984
2017-12-26,0.9751153499999985
2017-12-27,0.9754222999999984
2017-12-28,0.9759362999999984
2017-12-29,0.9761542499999984
2018-01-01,0.9769667499999984
2018-01-02,0.9777391999999985
2018-01-03,0.9784499999999984
2018-01-04,0.9791826999999984
2018-01-05,0.9799985499999984
2018-01-08,0.9804332499999985
2018-01-09,0.9807601999999985
2018-01-10,0.9808531499999986
2018-01-11,0.9811066999999987
2018-01-12,0.9814329499999987
2018-01-15,0.9814551999999989
2018-01-16,0.9816131999999987
2018-01-17,0.9818543499999987
2018-01-18,0.9822297999999986
2018-01-19,0.9828279499999985
2018-01-22,0.9836958999999984
2018-01-23,0.9844383999999984
2018-01-24,0.9850854999999985
2018-01-25,0.9856230499999985
2018-01-26,0.9864487999999983
