Date,close_-1_r
2010-01-01,
2010-01-04,0.5749231847568259
2010-01-05,-0.21686401994307491
2010-01-06,0.20995016057494542
2010-01-07,-0.0907526999454844
2010-01-08,0.38620739073440546
2010-01-11,0.8923650876461631
2010-01-12,-0.4769346337362368
2010-01-13,-0.40499543151772954
2010-01-14,0.049649410085228496
2010-01-15,-0.38986395678343166
2010-01-18,0.09984864714562836
2010-01-19,0.15320107114484838
2010-01-20,0.08951074811864856
2010-01-21,-0.2470890412756388
2010-01-22,0.27537541866637927
2010-01-25,0.36885228698912975
2010-01-26,-0.0417158491998193
2010-01-27,-0.28962253888827894
2010-01-28,-0.06944276898321888
2010-01-29,-0.6726563311887701
2010-02-01,0.08274917488610978
2010-02-02,-0.9469744967350091
2010-02-03,-0.13890547178821988
2010-02-04,-0.5571420183721254
2010-02-05,-0.14599699847348546
2010-02-08,-0.24554756892855023
2010-02-09,0.9254409504656946
2010-02-10,-0.5657421655175021
2010-02-11,0.40304090226179756
2010-02-12,-0.08300139904420245
2010-02-15,-0.12278568278260016
2010-02-16,0.795604720680898
2010-02-17,-0.020097317805578552
2010-02-18,-0.6163352778826736
2010-02-19,0.09085655579812446
2010-02-22,0.30675010611693754
2010-02-23,0.39673487834670507
2010-02-24,-0.039495477130835344
2010-02-25,-0.10557531109667284
2010-02-26,0.16172008072183885
2010-03-01,-0.45210634424410756
2010-03-02,-0.16720410844380806
2010-03-03,-0.23488370105788636
2010-03-04,-0.6605932062753173
2010-03-05,0.673069357938183
2010-03-08,-0.04218036065279929
2010-03-09,0.6703509730210166
2010-03-10,-0.3006546099841634
2010-03-11,-0.002561029875469689
2010-03-12,-0.5222500504215688
2010-03-15,-0.13709430865527228
2010-03-16,0.03534111697265363
2010-03-17,0.18211963198089265
2010-03-18,0.08692837359263184
2010-03-19,-0.26516364430800854
2010-03-22,0.2877738012019737
2010-03-23,-0.10160958577765111
2010-03-24,0.034404480942473725
2010-03-25,-0.3448907631632081
2010-03-26,-0.21137057583967556
2010-03-28,0.877009634177095
2010-03-29,-0.034284103070203464
2010-03-30,-0.652476086382836
2010-03-31,-0.17034712528471996
2010-04-01,0.07788581487091495
2010-04-04,-0.6846034197878326
2010-04-05,0.6509545925030613
2010-04-06,0.2745918542057302
2010-04-07,-0.0942868403277064
2010-04-08,0.5758215157531277
2010-04-11,-0.7017356361149085
2010-04-12,0.018619889486126695
2010-04-13,0.5489154588409928
2010-04-14,0.14501470481214085
2010-04-15,0.03152575012583814
2010-04-18,0.28844982789160145
2010-04-19,-0.9944201683536713
2010-04-20,-0.29836357317548634
2010-04-21,0.06539827115461527
2010-04-22,-0.02825602112084269
2010-04-25,0.1107905939109477
2010-04-26,0.32112034362030695
2010-04-27,0.32224073316211577
2010-04-28,0.06220683290132367
2010-04-29,0.7379927709451062
2010-05-02,-0.48637274698102306
2010-05-03,-0.5151139953889383
2010-05-04,0.2559937514349908
2010-05-05,-0.23297375968494016
2010-05-06,-0.7068820708319379
2010-05-09,-0.12142516849903418
2010-05-10,-1.1670555049002274
2010-05-11,-0.20180375788365623
2010-05-12,0.2911455563292753
2010-05-13,0.3011251189083408
2010-05-16,-1.1940165088889065
2010-05-17,-1.0556383644225065
2010-05-18,-1.3609454919307873
2010-05-19,-1.491864100981466
2010-05-20,1.1202649526452113
2010-05-23,-0.5355422322544046
2010-05-24,0.8625765023207554
2010-05-25,-0.0411762842702279
2010-05-26,0.6398533339369017
2010-05-27,0.4330401419553098
2010-05-30,-1.1263568625475173
2010-05-31,-0.5735574718175429
2010-06-01,-0.40272431151909815
2010-06-02,0.3302518971187496
2010-06-03,-0.2832321979730157
2010-06-06,-1.7310806995646355
2010-06-07,0.7196344949996769
2010-06-08,-0.019632094548172052
2010-06-09,0.9376743412427668
2010-06-10,0.5021301624828167
2010-06-13,0.9899062355894994
2010-06-14,-0.06821059372529303
2010-06-15,-0.1350476220562169
2010-06-16,0.8300222446413485
2010-06-17,-0.1987666161720414
2010-06-20,0.7217675389848965
2010-06-21,0.02184674065577319
2010-06-22,1.2989285176992604
2010-06-23,-0.4987838430998037
2010-06-24,0.05218485378841731
2010-06-27,-0.4027851293277207
2010-06-28,-0.6199905914097914
2010-06-29,-0.1923600784177082
2010-06-30,0.30615452246269825
2010-07-01,-0.25046558049801604
2010-07-04,-0.2915647457081505
2010-07-05,0.5406581183931447
2010-07-06,0.9171426723378229
2010-07-07,1.1403192761365144
2010-07-08,-0.8429473767018636
2010-07-11,0.04341473412332597
2010-07-12,0.35906247246451084
2010-07-13,-0.05904431616143846
2010-07-14,0.7519969428161577
2010-07-15,0.18670503220745704
2010-07-18,-0.3954512768126306
2010-07-19,0.585865823182985
2010-07-20,-0.2877519730012712
2010-07-21,0.9193254359771919
2010-07-22,0.13445211303473315
2010-07-25,0.29666907335366144
2010-07-26,0.2481941458414516
2010-07-27,-0.7067274147859792
2010-07-28,0.7649721136523846
2010-07-29,-0.2906185794503968
2010-08-01,0.28383789225119305
2010-08-02,0.14023171979367088
2010-08-03,-0.03327042975551642
2010-08-04,-0.16555139744858227
2010-08-05,-0.25372331188779906
2010-08-08,1.452491512983345
2010-08-09,-0.35167442574849384
2010-08-10,0.04687823882389974
2010-08-11,-0.4671814835907284
2010-08-12,-0.1979122076818718
2010-08-15,-0.4695563815279358
2010-08-16,0.47273880079738984
2010-08-17,-0.023744991625074263
2010-08-18,-1.2444474875683897
2010-08-19,0.3852320492265138
2010-08-22,0.4997647404158645
2010-08-23,0.633760242766046
2010-08-24,-0.06583657803448384
2010-08-25,0.09396168071820199
2010-08-26,-0.14177028307118533
2010-08-29,1.1335291095103672
2010-08-30,-0.14703490177604417
2010-08-31,0.5690124634780691
2010-09-01,0.5823071607161445
2010-09-02,0.16282574299049113
2010-09-05,-0.6607892720146502
2010-09-06,-0.21755923759675388
2010-09-07,0.505901126506858
2010-09-08,-0.20415050125864864
2010-09-09,0.1679180887371956
2010-09-12,0.5423290269214398
2010-09-13,0.12491892782440228
2010-09-14,0.530399283497518
2010-09-15,-0.27804453063408063
2010-09-16,-0.20225860637900217
2010-09-19,0.7449915788991568
2010-09-20,0.7022862273580843
2010-09-21,0.3913255820634509
2010-09-22,0.361592314374759
2010-09-23,0.015784306936539316
2010-09-26,0.21758542289667115
2010-09-27,0.45596781403665076
2010-09-28,0.7476981455710741
2010-09-29,0.404854235409724
2010-09-30,-0.59788401050197
2010-10-03,-0.2976220411299857
2010-10-04,-0.23283615215055065
2010-10-05,-0.1794838348263328
2010-10-06,0.01357412892586396
2010-10-07,1.2857209416331061
2010-10-10,-0.08409999999999807
2010-10-11,-0.22118601744067767
2010-10-12,-0.010632439573132757
2010-10-13,-0.24025849607209881
2010-10-14,0.31856869338566796
2010-10-17,0.41739506984650454
2010-10-18,0.4772504941204847
2010-10-19,-0.37215826959320353
2010-10-20,0.4959040301550921
2010-10-21,-0.3551342147356418
2010-10-24,0.5702000280818131
2010-10-25,-0.062182219647810566
2010-10-26,0.03566803757431014
2010-10-27,-0.9535817254599954
2010-10-28,0.0
2010-11-01,0.44998245068441634
2010-11-02,-0.3337849501114154
2010-11-03,0.659817456496592
2010-11-04,0.454061949291118
2010-11-05,0.5732105321385017
2010-11-08,-0.19142167671245547
2010-11-09,-0.1456374689782325
2010-11-10,-0.295247461916448
2010-11-11,-0.6863382706726595
2010-11-12,-0.4183908869608288
2010-11-15,-0.12892290410333462
2010-11-16,-0.6197288523658417
2010-11-17,0.418078470267802
2010-11-18,0.7170597242263099
2010-11-19,0.4280090559906302
2010-11-22,-0.26538662479169695
2010-11-23,-0.04532622957337251
2010-11-24,-0.9914636668841292
2010-11-25,-0.11349780135673226
2010-11-26,-0.8703005779881812
2010-11-29,-0.16950201302661227
2010-11-30,-0.4988020216266098
2010-12-01,0.5117186742085167
2010-12-02,-0.07945055168349091
2010-12-03,-0.33656065514430233
2010-12-06,1.469748043192598
2010-12-07,-0.04092204300534252
2010-12-08,-0.055926217627422226
2010-12-09,-0.40166624564341724
2010-12-10,0.4919059841151041
2010-12-13,-0.029663505240884458
2010-12-14,0.834345041656892
2010-12-15,0.10204610928012947
2010-12-16,-1.2450287042194863
2010-12-17,0.39726866441243125
2010-12-20,0.5270595424511804
2010-12-21,1.0323955856740508
2010-12-22,0.3491258000799524
2010-12-23,-0.21290821377996094
2010-12-24,0.1824303557787177
2010-12-27,-0.33598391696482155
2010-12-28,0.12015840321952798
2010-12-29,0.014235621281066813
2010-12-30,0.5439407882446678
2010-12-31,-0.17941513614907478
2011-01-03,-0.13650209923681267
2011-01-04,-0.47446554823898923
2011-01-05,-0.49466295140968564
2011-01-06,-0.7747614969427663
2011-01-07,-0.585507828181453
2011-01-10,-0.3537371563328229
2011-01-11,0.030899781371362955
2011-01-12,-1.5984937718193981
2011-01-13,1.1002651340491276
2011-01-14,0.5068850442951911
2011-01-17,-0.892881561261416
2011-01-18,0.1841710971977939
2011-01-19,0.9776177262711183
2011-01-20,0.23953777594580838
2011-01-21,-0.9422552444380727
2011-01-24,0.023706688236702078
2011-01-25,0.81407579052728
2011-01-26,0.09656122960686186
2011-01-27,0.17700934843223326
2011-01-28,-0.849974944505616
2011-01-31,0.43497366917442104
2011-02-01,0.7754389758627633
2011-02-02,0.387643925090253
2011-02-03,-0.2212404849111893
2011-02-04,0.6324590223012461
2011-02-07,-0.5308989769973738
2011-02-08,0.3426208998749125
2011-02-09,0.6537999631240687
2011-02-10,-0.5153848058023991
2011-02-11,-0.7488653555219549
2011-02-14,-0.8648249692136734
2011-02-15,0.3044795927863664
2011-02-16,-0.4877055049405943
2011-02-17,0.06445427698720252
2011-02-18,0.8627866418468244
2011-02-21,0.3474240913504456
2011-02-22,-0.819223483806153
2011-02-23,-0.1188489609291743
2011-02-24,0.1171721905947054
2011-02-25,0.1508339756809418
2011-02-28,-0.08855075953180247
2011-03-01,-0.24279773980310226
2011-03-02,-0.1686942318499418
2011-03-03,0.07714932241227324
2011-03-04,-0.3445774575929872
2011-03-07,0.10019785777588552
2011-03-08,-0.10547260856073049
2011-03-09,-0.5343158057173669
2011-03-10,-0.18535624429053543
2011-03-11,-0.11892600511904661
2011-03-14,0.7033486356879282
2011-03-15,-0.09851305272532418
2011-03-16,-0.5009886460891289
2011-03-17,-0.5584340935264609
2011-03-18,-0.37633424322772724
2011-03-21,1.2775973942175112
2011-03-22,0.34342857725360165
2011-03-23,0.6478327520752059
2011-03-24,0.2845359409570092
2011-03-25,0.2584658121593586
2011-03-27,0.8889464453687212
2011-03-28,-0.32816638772193985
2011-03-29,0.09733647472245366
2011-03-30,-0.014661074846278321
2011-03-31,-0.0419946773491886
2011-04-03,-0.1044819461783475
2011-04-04,0.07422280827940053
2011-04-05,-0.7527578327841566
2011-04-06,0.7492139740626458
2011-04-07,0.14136095861898568
2011-04-10,0.685669624476759
2011-04-11,-0.5756521136452752
2011-04-12,0.13204922269214325
2011-04-13,0.501543018029893
2011-04-17,0.3376412611079127
2011-04-18,-0.2859109701445428
2011-04-19,-0.4189691341601187
2011-04-20,1.0935453016784447
2011-04-21,0.6331134858870824
2011-04-24,0.12008540708465798
2011-04-25,-0.22857120568386957
2011-04-26,0.2771813123499278
2011-04-27,0.5962028980704748
2011-04-28,0.7086453963240258
2011-05-01,-0.3078628163290298
2011-05-02,0.5155256006423192
2011-05-03,-0.7414796565940018
2011-05-04,-0.38593867734268983
2011-05-05,-0.5094901893765602
2011-05-08,0.8312463522563984
2011-05-09,0.7207273480505316
2011-05-10,-0.2770599546978558
2011-05-11,-0.9010432828427839
2011-05-12,-0.1022039489038784
2011-05-15,-0.39716339672049017
2011-05-16,0.7258564999193862
2011-05-17,0.25799703482911607
2011-05-18,-0.27243051570177146
2011-05-19,0.09607210648283626
2011-05-22,0.465163175519101
2011-05-23,-0.9021832274401009
2011-05-24,0.39584581002323205
2011-05-25,-0.1064036159770465
2011-05-26,1.0179797122585876
2011-05-29,0.5483641830238639
2011-05-30,-0.07227035997522391
2011-05-31,-1.141760003673531
2011-06-01,0.5185889812179711
2011-06-02,0.1619269499586018
2011-06-05,0.9059785356326566
2011-06-06,0.14030602525318958
2011-06-07,-0.67400917512348
2011-06-08,-0.188367560941749
2011-06-09,-0.7519179328157488
2011-06-12,-0.19662983804621392
2011-06-13,0.3079241803298549
2011-06-14,0.014774386428428876
2011-06-15,-0.11064670391580655
2011-06-16,0.19060819673240026
2011-06-19,0.3239577253498327
2011-06-20,-0.2334810700510448
2011-06-21,-0.6897449119746213
2011-06-22,-0.2519583550496973
2011-06-23,0.2304100384049157
2011-06-26,0.5396558201574475
2011-06-27,-0.47583183670316664
2011-06-28,0.35722185786410954
2011-06-29,-0.00048336546102367706
2011-06-30,-0.1361163717639613
2011-07-03,0.016844126965986916
2011-07-04,-0.22309870060732706
2011-07-05,-0.15385063102041352
2011-07-06,0.24852227373590718
2011-07-07,0.04099464840547906
2011-07-10,-0.013756157575828265
2011-07-11,-0.17061919945586812
2011-07-12,-0.7548803236144264
2011-07-13,0.8354325903789039
2011-07-14,-0.19144101551022974
2011-07-17,-1.30563677120894
2011-07-18,0.2468209617648931
2011-07-19,0.24041884734482544
2011-07-20,-0.1354011233786423
2011-07-21,0.3478895583097774
2011-07-24,0.6411591312381892
2011-07-25,-0.22945561121942015
2011-07-26,0.6538264180925291
2011-07-27,1.2904523935280077
2011-07-28,-0.24114542645016224
2011-07-31,0.6322273184619975
2011-08-01,-0.23259906865238378
2011-08-02,-1.450911587459014
2011-08-03,0.07024646251974076
2011-08-04,-1.107393906577836
2011-08-07,0.0662901101608604
2011-08-08,-1.7989066446497337
2011-08-09,1.2617358046015825
2011-08-10,-0.9323736765825652
2011-08-11,1.0616561995405727
2011-08-14,0.7386107130940012
2011-08-15,0.26907856665492336
2011-08-16,0.03458903177915307
2011-08-17,0.3194494086932176
2011-08-18,-0.457365039070623
2011-08-21,0.09745669158847114
2011-08-22,0.06519937307547519
2011-08-23,0.9557962443995205
2011-08-24,-0.6168333068825027
2011-08-25,-0.14507593500906468
2011-08-28,0.6343572541102072
2011-08-29,0.3979589674640627
2011-08-30,0.22294062910701573
2011-08-31,0.061545588722289324
2011-09-01,0.11220617621823248
2011-09-04,0.05952779078322035
2011-09-05,-0.4710688478628211
2011-09-06,-0.36123424097631585
2011-09-07,0.9268219875878003
2011-09-08,0.006583215662314679
2011-09-11,-0.5996056054776266
2011-09-12,-1.3820851057295025
2011-09-13,-1.0156651458291255
2011-09-14,0.022417380155492772
2011-09-15,-0.03853352416601785
2011-09-18,-0.4402578807832458
2011-09-19,-0.37721238173221705
2011-09-20,0.9659848028173545
2011-09-21,-0.6262084487568709
2011-09-22,-0.7972536843831923
2011-09-25,0.5505495534442462
2011-09-26,-0.22418526043828102
2011-09-27,0.3098781734960365
2011-09-28,-0.22745921719582451
2011-09-29,0.48571765875355943
2011-10-02,0.31336108892485726
2011-10-03,-1.2715746956635354
2011-10-04,0.40881509415904294
2011-10-05,-0.2760999320919444
2011-10-06,0.632178586966381
2011-10-09,0.28303949395189765
2011-10-10,1.1133757006690725
2011-10-11,-0.1485911645332405
2011-10-12,1.036507376614293
2011-10-13,0.48527868709773436
2011-10-16,0.4686915037875661
2011-10-17,-0.39734350767721693
2011-10-18,0.10030919853625253
2011-10-19,0.19801542617992052
2011-10-20,-0.3131685155371322
2011-10-23,0.18910701283061382
2011-10-24,0.8247974969013638
2011-10-25,0.9426955379077784
2011-10-26,-1.5111123688777983
2011-10-27,1.6464555231926026
2011-10-31,-0.05465248089283614
2011-11-01,-0.6904120127730451
2011-11-02,-0.13395383102259295
2011-11-03,-0.7685821489309852
2011-11-04,0.5988396822538045
2011-11-07,0.6430797740793137
2011-11-08,-0.6097330194463457
2011-11-09,-0.27493973793142334
2011-11-10,-0.9062322199777761
2011-11-11,-0.593527553608697
2011-11-14,1.0801748282244672
2011-11-15,-0.5136066944322892
2011-11-16,-0.02255076089544561
2011-11-17,-0.6548907149914629
2011-11-18,-0.28865811333056435
2011-11-21,-0.015764029986664596
2011-11-22,-0.3448195317928948
2011-11-23,-0.17100427657182893
2011-11-24,-0.5672079827822363
2011-11-25,0.07693806190858243
2011-11-28,0.5850465599144261
2011-11-29,0.20818367077655164
2011-11-30,0.8501216758594277
2011-12-01,0.9633639302849772
2011-12-02,-0.6799228309618544
2011-12-05,0.4503088217706619
2011-12-06,0.14238900522605125
2011-12-07,-0.8462160928708995
2011-12-08,0.3089434038890948
2011-12-09,0.30403956177431635
2011-12-12,-0.09975790927413408
2011-12-13,-0.7319999114942966
2011-12-14,0.13480354152453078
2011-12-15,-0.43977186834326387
2011-12-16,-0.17361398010535822
2011-12-19,0.7538953368914969
2011-12-20,-0.5236426897335056
2011-12-21,0.7160505102224324
2011-12-22,-0.1649580803895545
2011-12-23,-0.022997013287051615
2011-12-26,0.1777362834270324
2011-12-27,0.030100779725961146
2011-12-28,-0.2263630489086843
2011-12-29,-0.10555997536935147
2011-12-30,0.12492851205399003
2012-01-02,0.7207045256417022
2012-01-03,0.10574405141734466
2012-01-04,0.5051565266319002
2012-01-05,-0.05035712548557836
2012-01-06,-0.2075415345477727
2012-01-09,0.35121169468963487
2012-01-10,-0.10605242019625649
2012-01-11,-0.13048853074493216
2012-01-12,0.3148997134670539
2012-01-13,0.18813726022257615
2012-01-16,0.07878183703278197
2012-01-17,-0.2787954063329101
2012-01-18,0.30242837798977185
2012-01-19,0.05069578541443409
2012-01-20,-0.02913056184978835
2012-01-23,0.8481646669558529
2012-01-24,-0.17195213198997195
2012-01-25,-0.30621922958712355
2012-01-26,0.6164947088696415
2012-01-27,0.017012093624790836
2012-01-30,0.10111546521569537
2012-01-31,-0.38124081163641854
2012-02-01,0.2659391506344644
2012-02-02,0.4843195324667038
2012-02-03,0.06930933852138388
2012-02-06,-0.1542256423965327
2012-02-07,-0.007770000496165608
2012-02-08,0.5930937116150892
2012-02-09,0.031736783863212104
2012-02-10,-0.284703071443726
2012-02-13,-0.06829989251163626
2012-02-14,0.04248318412864993
2012-02-15,-0.2493777223190108
2012-02-16,0.02395220786024499
2012-02-17,0.23029771264420074
2012-02-20,-0.04283662447397418
2012-02-21,-0.40334100801641126
2012-02-22,-0.3154488372921538
2012-02-23,-0.09206587741414918
2012-02-24,0.6971074652434517
2012-02-27,-0.06590041465849295
2012-02-28,0.4472023429249683
2012-02-29,-0.06667461298924815
2012-03-01,-1.0717919855081526
2012-03-02,0.29972100138087043
2012-03-05,-0.370197852063614
2012-03-06,0.017815163437617798
2012-03-07,-0.3127936268887632
2012-03-08,-0.26329124454980146
2012-03-09,-0.07962243798219637
2012-03-12,-0.7637512699938065
2012-03-13,-0.17684936640128823
2012-03-14,-0.22810891769884378
2012-03-15,-0.42501075004606204
2012-03-16,0.6232721692493337
2012-03-19,0.6426897750154703
2012-03-20,-0.3580800740146661
2012-03-21,-0.7415643827476948
2012-03-22,-0.15831342786587488
2012-03-23,0.13157476193641493
2012-03-25,0.6057963145866818
2012-03-26,-0.14840812905287937
2012-03-27,-0.37545278571018414
2012-03-28,-0.2706753031390119
2012-03-29,-0.29397921312335207
2012-04-01,0.4619060516947826
2012-04-02,-0.5812996191750908
2012-04-03,-1.0555952650755707
2012-04-04,0.2638021376293542
2012-04-05,-0.18363868186282994
2012-04-08,0.3626714449053159
2012-04-09,0.12503398721983583
2012-04-10,0.08789142343224032
2012-04-11,0.690552529546129
2012-04-12,0.28539474294191347
2012-04-15,-0.48894269152500724
2012-04-16,0.17458864244748185
2012-04-17,-0.5758919514245009
2012-04-18,-0.1404099971918149
2012-04-19,0.11306977631255766
2012-04-22,0.23220190388066886
2012-04-23,-0.9131769189370087
2012-04-24,-0.21168153232768994
2012-04-25,-0.1553466613707588
2012-04-26,0.38376498299235173
2012-04-29,0.36028172817810233
2012-04-30,0.3717606224284742
2012-05-01,-1.0454863799244762
2012-05-02,-0.17109874252732027
2012-05-03,-0.2650036825187163
2012-05-06,-0.3740613957597061
2012-05-07,0.32182788739587576
2012-05-08,-0.3886636481114314
2012-05-09,-0.2396537894017392
2012-05-10,0.15624844893136203
2012-05-13,-0.6221356190234673
2012-05-14,-0.3057844728109993
2012-05-15,0.18917548101693438
2012-05-16,0.32701209794985253
2012-05-17,0.32325902423147035
2012-05-20,-0.326681646602478
2012-05-21,0.43813114473456594
2012-05-22,-1.0397136526333672
2012-05-23,-0.038352466173730004
2012-05-24,0.40040110233017234
2012-05-27,0.4813189576212018
2012-05-28,9.929796336294316e-05
2012-05-29,-0.09711331177242322
2012-05-30,-0.6345337856440758
2012-05-31,0.4472301439718773
2012-06-03,0.235814296241732
2012-06-04,0.5213859647031249
2012-06-05,0.176221293620471
2012-06-06,0.5470713185651954
2012-06-07,-0.11647257841046477
2012-06-10,0.20973793073635338
2012-06-11,-0.1956724623359829
2012-06-12,0.3362224431181948
2012-06-13,0.1549683357497278
2012-06-14,0.1588337982683763
2012-06-17,0.7119108193854418
2012-06-18,0.159302016856544
2012-06-19,0.25859917225048434
2012-06-20,0.3178557953680272
2012-06-21,-0.6200384181421326
2012-06-24,-0.2876592070788164
2012-06-25,-0.004173967064491357
2012-06-26,-0.08988964735301419
2012-06-27,0.35308085882013174
2012-06-28,0.3895978157736568
2012-07-01,0.5172227558724041
2012-07-02,-0.10947500928283338
2012-07-03,0.02295635602906909
2012-07-04,-0.07922446451462672
2012-07-05,0.20710798446930134
2012-07-08,-0.29673675881748407
2012-07-09,0.06396807944739624
2012-07-10,0.12516270189935064
2012-07-11,0.287744779885335
2012-07-12,-1.0319325639393306
2012-07-15,0.38306541325598964
2012-07-16,0.15505056247990812
2012-07-17,0.42681137458084883
2012-07-18,0.23760000996386754
2012-07-19,0.3927355863936999
2012-07-22,-0.16089721619254593
2012-07-23,-0.2749196601409376
2012-07-24,-0.12201337366022358
2012-07-25,0.2037316983736881
2012-07-26,0.28137686442031296
2012-07-29,0.11614125215324567
2012-07-30,0.04596484783541133
2012-07-31,0.054504673323907404
2012-08-01,0.007890791446363288
2012-08-02,0.12491182973966009
2012-08-05,0.3080922396834218
2012-08-06,0.04107899566587747
2012-08-07,-0.5616239409235169
2012-08-08,-0.04557568560958902
2012-08-09,-0.22322278490652936
2012-08-12,-0.1793593627018475
2012-08-13,-0.2553773075471111
2012-08-14,-0.3232010026609333
2012-08-15,-0.1804373948569915
2012-08-16,-0.01743111579365353
2012-08-19,-0.6336014918242427
2012-08-20,0.15228564172258263
2012-08-21,0.27778181061475227
2012-08-22,0.46976270564786926
2012-08-23,-0.3824494054309513
2012-08-26,-0.45287051047261384
2012-08-27,-0.5509350977723315
2012-08-28,-0.15751667221922672
2012-08-29,-0.16527780623468713
2012-08-30,-0.269436411736379
2012-09-02,-0.6925104606610444
2012-09-03,-0.35039662608802313
2012-09-04,-0.2332968930715773
2012-09-05,0.20396698414715253
2012-09-06,0.1319372287833298
2012-09-09,0.2796509655228929
2012-09-10,-0.41549525021453704
2012-09-11,0.5728476361986479
2012-09-12,0.6196192065210271
2012-09-13,-0.14692754054456136
2012-09-16,0.3756527603909765
2012-09-17,-0.2972879796625194
2012-09-18,-0.1792572871026077
2012-09-19,0.19528010919986905
2012-09-20,-0.2413228094127695
2012-09-23,0.15776943278598132
2012-09-24,-0.055970405280614255
2012-09-25,-0.3072740486322778
2012-09-26,0.43414613990662154
2012-09-27,0.2673155116462045
2012-09-30,-0.43395009866941114
2012-10-01,-0.17994893924320188
2012-10-02,-0.754808599647705
2012-10-03,-0.02693962849064091
2012-10-04,-0.5226903693606011
2012-10-07,-1.017710087569479
2012-10-08,0.24811399157660396
2012-10-09,0.140009072989411
2012-10-10,0.5954343684196228
2012-10-11,-0.08767560027896915
2012-10-14,-0.019146008256709646
2012-10-15,0.4640803967174145
2012-10-16,0.8808862670893314
2012-10-17,-0.0862074055704043
2012-10-18,0.6247549932136609
2012-10-21,0.2925742520954566
2012-10-22,0.07788329217948142
2012-10-23,-0.5950802022219537
2012-10-24,0.901299511628495
2012-10-25,0.13223230493548677
2012-10-29,0.4488990176267693
2012-10-30,0.021653474802696415
2012-10-31,0.1347250410747236
2012-11-01,0.14564315592986432
2012-11-02,-0.008962965604386586
2012-11-05,-0.7483301365770023
2012-11-06,0.3775688373637953
2012-11-07,0.09529485291699391
2012-11-08,0.20664611803957733
2012-11-09,0.34212452869863963
2012-11-12,-0.07718897553024018
2012-11-13,0.29543021122633295
2012-11-14,0.3474100589695661
2012-11-15,-0.5303987596946724
2012-11-16,-0.5732021967145617
2012-11-19,0.15589360961845156
2012-11-20,0.06938192190817372
2012-11-21,-0.1655718545204854
2012-11-22,-0.13773851897284084
2012-11-23,0.1638505458621875
2012-11-26,0.35323780397715776
2012-11-27,0.029926262075141707
2012-11-28,-0.11466698475851578
2012-11-29,0.06548914613710988
2012-11-30,-0.325595272468282
2012-12-03,0.02809864846464727
2012-12-05,0.424836475121837
2012-12-06,-0.39362547809395076
2012-12-07,0.20680657071665554
2012-12-10,-0.37780112618057693
2012-12-11,0.008023556388203623
2012-12-12,0.42608432564519294
2012-12-13,-0.05351582615056305
2012-12-14,-0.17556041136800316
2012-12-17,0.3775929366774511
2012-12-18,-0.27544979240349265
2012-12-19,-0.0340203582449794
2012-12-20,-0.13689900613249595
2012-12-21,-0.08157622646720597
2012-12-24,-0.17874465215323987
2012-12-25,-0.3892963821182982
2012-12-26,-0.08308036738039482
2012-12-27,0.1842902975777605
2012-12-28,0.12803786581554455
2012-12-31,0.18381301485337342
2013-01-01,-0.1738955407454612
2013-01-02,0.12068841837100663
2013-01-03,0.13158060352800316
2013-01-04,-0.09746796030887239
2013-01-07,0.160282158543823
2013-01-08,0.11596062750161007
2013-01-09,0.1102280427090152
2013-01-10,0.04001249546845553
2013-01-11,0.2601217628140473
2013-01-14,-0.27280854377144115
2013-01-15,0.17195976295771853
2013-01-16,0.07967391429857251
2013-01-17,0.10605116608208842
2013-01-18,-0.14743071956756504
2013-01-21,0.25682164458193935
2013-01-22,0.1557130275102514
2013-01-23,0.35471896927461444
2013-01-24,0.5479998625466331
2013-01-25,-0.6039668909945117
2013-01-28,0.2357195319610872
2013-01-29,-0.1043378832273345
2013-01-30,-0.011255460806181006
2013-01-31,-0.3897880491709138
2013-02-01,-0.4211933620385744
2013-02-04,-0.049433629101613974
2013-02-05,0.2344928718785555
2013-02-06,-0.7156564119646602
2013-02-07,-0.6659924234659886
2013-02-08,-0.14172274903196946
2013-02-11,0.985864146867832
2013-02-12,-0.41128708436936057
2013-02-13,0.3622953123561423
2013-02-14,0.22549645434590815
2013-02-15,-0.17719699217981777
2013-02-18,0.141893398482007
2013-02-19,0.5081646600010092
2013-02-20,0.40988519570244186
2013-02-21,-0.4625574853988179
2013-02-22,0.508078398559908
2013-02-25,0.48937569752267596
2013-02-26,0.07030324449472936
2013-02-27,-0.363801037288658
2013-02-28,-0.2162000436402134
2013-03-01,0.5678834096304541
2013-03-04,-0.5640120436510965
2013-03-05,0.02387252453854849
2013-03-06,0.6268383423438717
2013-03-07,0.21441209815518114
2013-03-08,0.09031482384349587
2013-03-11,-0.6289849507074452
2013-03-12,0.42118428454354095
2013-03-13,0.4375214448065101
2013-03-14,-0.08483933374227037
2013-03-15,0.2089254225025483
2013-03-18,-0.15316273988819074
2013-03-19,0.2953731481359245
2013-03-20,0.14052201150718258
2013-03-21,0.03900522576036902
2013-03-22,0.46966529653551525
2013-03-25,-0.12156644915624071
2013-03-26,0.062167977125171525
2013-03-27,-0.38316219690887054
2013-03-28,-0.27746390104477214
2013-03-29,-0.31026034931131985
2013-03-31,0.05583926605852163
2013-04-01,0.19801961499019693
2013-04-02,-0.04457709717335945
2013-04-03,-0.0318684530600466
2013-04-04,-0.4100834502844375
2013-04-07,-0.30731378394656117
2013-04-08,0.631056570901456
2013-04-09,0.6034048193089614
2013-04-10,0.3332038426819839
2013-04-11,-0.37362113227308313
2013-04-14,0.15507805532868346
2013-04-15,-0.8724161653804186
2013-04-16,0.33301374603591505
2013-04-17,-0.3716771460020363
2013-04-18,-0.09998183868208388
2013-04-21,-0.23140981029888819
2013-04-22,-0.08977964128001892
2013-04-23,0.10401379251383513
2013-04-24,0.0020876034312777847
2013-04-25,-0.35403117296194386
2013-04-28,-0.4647991536293916
2013-04-29,0.12025831140876075
2013-04-30,-0.23630993390394428
2013-05-01,-0.7714308154715299
2013-05-02,0.05415162454873723
2013-05-05,0.2049122996581998
2013-05-06,-0.7043657002016923
2013-05-07,-0.8170851961848191
2013-05-08,-0.09775916443285348
2013-05-09,-0.7105238951700787
2013-05-12,-0.40180907712035197
2013-05-13,-0.3270386232119171
2013-05-14,0.16271559319711582
2013-05-15,-0.3737667481400808
2013-05-16,-0.43386688713193955
2013-05-19,0.3411318703498978
2013-05-20,0.11919936267674736
2013-05-21,0.23473314521529343
2013-05-22,-0.49545674205190293
2013-05-23,-0.35292451663601065
2013-05-26,-0.47506817783782296
2013-05-27,0.16310064174369643
2013-05-28,0.026302580062242953
2013-05-29,0.07497275086765232
2013-05-30,-0.0979832696325067
2013-06-02,0.05019415097597957
2013-06-03,0.6315269828783387
2013-06-04,-0.48408357146988434
2013-06-05,-1.408316642803964
2013-06-06,-0.15955041335750098
2013-06-09,-2.0793021492297337
2013-06-10,0.222137446635573
2013-06-11,-0.07073558788328604
2013-06-12,0.4260632379560647
2013-06-13,1.1696226760247619
2013-06-16,-0.5653318949753516
2013-06-17,-0.10684638777018751
2013-06-18,-0.3238645713345534
2013-06-19,-1.5878518857869173
2013-06-20,0.0984501699549778
2013-06-23,1.385640412225153
2013-06-24,0.4501265561237533
2013-06-25,0.18142417981152903
2013-06-26,-0.18643404844204126
2013-06-27,0.027873345984330555
2013-06-30,-1.3127669594437563
2013-07-01,1.1200728516221226
2013-07-02,-0.6079284169441035
2013-07-03,-0.9969842703105747
2013-07-04,0.7307914621274225
2013-07-07,-0.4017792636160533
2013-07-08,0.7094204607841048
2013-07-09,0.01844745015819882
2013-07-10,-0.21666575137215816
2013-07-11,-1.1488177447325443
2013-07-14,-0.896917515733886
2013-07-15,0.5624403082927776
2013-07-16,1.0926588629643907
2013-07-17,0.19592080170083293
2013-07-18,-0.8456303203113746
2013-07-21,0.1724365930811267
2013-07-22,0.2513471010218371
2013-07-23,-0.10241875475514028
2013-07-24,-1.4375295540425714
2013-07-25,0.8754584003354049
2013-07-28,0.02304334147391618
2013-07-29,-0.7423716760536991
2013-07-30,-0.9475965640218464
2013-07-31,-1.516257152762046
2013-08-01,0.5226887779990586
2013-08-04,-0.01988664611713986
2013-08-05,-0.19393336648433346
2013-08-06,0.9801075746317833
2013-08-07,0.6252178716421142
2013-08-08,0.2541187706791126
2013-08-11,0.42454876409845355
2013-08-12,-0.47579672659473493
2013-08-13,0.13457060275927635
2013-08-14,0.3757601254446241
2013-08-15,-0.4159482827051475
2013-08-18,1.0200882347627171
2013-08-19,-0.7860098453756237
2013-08-20,-0.10848057211572115
2013-08-21,-0.18280196559884443
2013-08-22,0.8705908127464079
2013-08-25,-0.021086658787294876
2013-08-26,-0.19656910975494046
2013-08-27,-0.8355848407073929
2013-08-28,0.024187662161212486
2013-08-29,0.21390784492107962
2013-09-01,0.11172174800420098
2013-09-02,0.8331023879224686
2013-09-03,0.46744669222757995
2013-09-04,0.9019292166370096
2013-09-05,-0.5366319334435099
2013-09-08,0.010443809692906036
2013-09-09,-0.007518757734137349
2013-09-10,0.559562960232185
2013-09-11,-0.05608111406170124
2013-09-12,-0.6414499491349868
2013-09-15,0.5258435144920526
2013-09-16,0.07605029515007633
2013-09-17,0.10634792091372969
2013-09-18,0.8294217828362482
2013-09-19,-0.13244801209538748
2013-09-22,-0.14943366805513225
2013-09-23,0.08107728472688258
2013-09-24,-0.1911254627207204
2013-09-25,-0.06203826727119166
2013-09-26,-0.15074311077085678
2013-09-29,-0.6135191816704744
2013-09-30,0.31871405083785387
2013-10-01,0.8954255973661063
2013-10-02,-0.1726340076634636
2013-10-03,0.19088616580889006
2013-10-06,0.15324186880931734
2013-10-08,0.6027751099740408
2013-10-09,0.3840084058693849
2013-10-10,0.21840486050090924
2013-10-13,-0.521708562522738
2013-10-14,0.5575352021333302
2013-10-15,0.47532475446634415
2013-10-16,-0.3624895124687999
2013-10-17,0.4864642217992987
2013-10-20,0.4111142184740846
2013-10-21,0.03539285567055739
2013-10-22,0.33681675500023545
2013-10-23,0.24252344593660435
2013-10-24,0.16428910485422055
2013-10-28,-0.0014965295479618668
2013-10-29,-0.5365637571036475
2013-10-30,-0.4618196335535507
2013-10-31,-0.0021162485564052425
2013-11-01,-0.54963161379461
2013-11-04,-0.08582890762194317
2013-11-05,0.5197768762677635
2013-11-06,0.16698196493880602
2013-11-07,-0.009770543322784597
2013-11-08,-0.4307518110010955
2013-11-11,-0.612096029267295
2013-11-12,-0.20389736114262424
2013-11-13,-0.42678461045703164
2013-11-14,0.23254146306481704
2013-11-15,-0.3931768938309932
2013-11-18,0.3590216634020482
2013-11-19,-0.051733374774554086
2013-11-20,0.9553123714946876
2013-11-21,-1.1893507612027232
2013-11-22,-0.48513772230351915
2013-11-25,-0.4030064217233842
2013-11-26,0.14670812015993295
2013-11-27,-0.6365945805779649
2013-11-28,0.03587020599895574
2013-11-29,-0.05955437116611506
2013-12-02,0.7789320207618022
2013-12-03,0.11619471592663189
2013-12-04,0.1544029050009943
2013-12-05,-0.7623854183497314
2013-12-06,0.11251930198623583
2013-12-09,0.4958751310386589
2013-12-10,-0.3498424472066719
2013-12-11,0.3334860776803339
2013-12-12,-1.198992557586176
2013-12-13,-0.8891314351422541
2013-12-16,-0.20266784582504416
2013-12-17,-0.07891086132049141
2013-12-18,-0.14210949187936084
2013-12-19,0.2352478454997975
2013-12-20,-0.22952714875806857
2013-12-23,0.38578648002876026
2013-12-24,-0.1636635355747207
2013-12-25,0.10928788813817647
2013-12-26,-0.06849380025732987
2013-12-27,-0.22196657109625484
2013-12-30,0.19794216242035034
2013-12-31,0.14818971236429945
2014-01-01,-0.29478238340877594
2014-01-02,-0.021231310373237555
2014-01-03,0.3918589688055363
2014-01-06,0.29919292629203564
2014-01-07,0.30396635699940777
2014-01-08,0.49280149963963904
2014-01-09,0.1539544111738289
2014-01-10,0.2882078006304578
2014-01-13,1.8517482169617239
2014-01-14,0.2037049473236241
2014-01-15,-0.38342966462087125
2014-01-16,-0.6143605634951532
2014-01-17,-1.1079053900899805
2014-01-20,-0.21738431493345534
2014-01-21,0.228044008128081
2014-01-22,0.16011797293133956
2014-01-23,1.6693362102972342
2014-01-24,-0.8575740664551024
2014-01-27,-1.2024221009003244
2014-01-28,0.9054624054795513
2014-01-29,0.9258782242426378
2014-01-30,-0.13363633764971183
2014-01-31,0.3108723542370573
2014-02-03,-0.7463903405431238
2014-02-04,-0.2075093538357886
2014-02-05,1.6519002254321569
2014-02-06,0.11093499169001486
2014-02-07,0.16389265789200635
2014-02-10,-0.3248264076399887
2014-02-11,0.15879043814210902
2014-02-12,0.41019864857896327
2014-02-13,-0.09566101763183177
2014-02-14,-0.6173523897836986
2014-02-17,0.8210828435673001
2014-02-18,-0.37691967999551323
2014-02-19,-0.25293730385997915
2014-02-20,0.846375849184966
2014-02-21,0.42199514163536733
2014-02-24,-0.28467929597849606
2014-02-25,0.18685293150597637
2014-02-26,-0.08004482510205468
2014-02-27,-0.04335896819674945
2014-02-28,-0.13995093202110453
2014-03-03,-1.2035392903361863
2014-03-04,0.4146980188116878
2014-03-05,0.3984236983224809
2014-03-06,-0.2723508491323412
2014-03-07,1.0305686205792641
2014-03-10,0.404563662045887
2014-03-11,-0.13729808519450382
2014-03-12,-0.7053803321020236
2014-03-13,0.433062564638087
2014-03-14,0.005498663824687888
2014-03-17,0.1480558793479858
2014-03-18,0.27580933519266715
2014-03-19,1.1734700988111912
2014-03-20,-0.08294549998523193
2014-03-21,0.0503206835734904
2014-03-24,0.4814970108208749
2014-03-25,0.13586184603633367
2014-03-26,0.07052882927032211
2014-03-27,0.01006844588162803
2014-03-28,-0.09676464005020646
2014-03-30,0.11075118064478584
2014-03-31,0.11082411509288903
2014-04-01,-0.5398403126974038
2014-04-02,0.10158541959686129
2014-04-03,-0.11167958646196574
2014-04-06,0.12908064153569487
2014-04-07,-0.29017957802397465
2014-04-08,0.4795014836328493
2014-04-09,-0.1589079967709628
2014-04-10,0.6985831346272064
2014-04-13,0.25956734882173205
2014-04-14,0.20734924952383604
2014-04-15,-0.5802677950405011
2014-04-16,0.5527666590015246
2014-04-17,-0.47443469497512325
2014-04-20,0.15247271604925672
2014-04-21,0.021290350804736846
2014-04-22,0.4223145363676295
2014-04-23,-0.8353666621822131
2014-04-24,-0.2806060700704993
2014-04-27,0.15503678698003398
2014-04-28,-0.3059777557787413
2014-04-29,-0.42925228349666167
2014-04-30,0.2116627139885363
2014-05-01,-0.08969297103791352
2014-05-04,0.10648925667944287
2014-05-05,-0.08800819576325614
2014-05-06,0.10253728159215214
2014-05-07,-0.20653405798668478
2014-05-08,-0.1379743359862018
2014-05-11,0.531767595091881
2014-05-12,0.0
2014-05-13,0.12027937752727702
2014-05-14,-0.10867947583202975
2014-05-15,-0.24131529578278466
2014-05-18,-0.008253257088952637
2014-05-19,-0.2814199918246718
2014-05-20,-0.7390385797846455
2014-05-21,0.06800141363523249
2014-05-22,-0.2826341222419759
2014-05-25,-0.08207583209971503
2014-05-26,0.05605654641889224
2014-05-27,0.07423579916929768
2014-05-28,-0.24998707306306267
2014-05-29,0.5931387306632008
2014-06-01,-0.07115335827995173
2014-06-02,-0.13199520017453947
2014-06-03,0.3954166621153554
2014-06-04,0.3592408070653308
2014-06-05,0.38318518744830943
2014-06-08,0.13460430164324855
2014-06-09,-0.08334052349614485
2014-06-10,0.22815098590662775
2014-06-11,-0.17231470539570415
2014-06-12,0.35012803701743866
2014-06-15,-0.3579955766093934
2014-06-16,-0.02599226705534141
2014-06-17,-0.49810207119023175
2014-06-18,0.42664505340210823
2014-06-19,-0.166123557832476
2014-06-22,-0.740932331655253
2014-06-23,0.14604282403622992
2014-06-24,-0.44431604909934697
2014-06-25,0.216640365068832
2014-06-26,-0.24601965777385493
2014-06-29,-0.1586520539774816
2014-06-30,0.1835960329716002
2014-07-01,0.31354878590532653
2014-07-02,-0.2972127389342827
2014-07-03,-1.1772912364936494
2014-07-06,0.23940957034982446
2014-07-07,0.43203455473956875
2014-07-08,0.31351813491167224
2014-07-09,-0.12057465622284935
2014-07-10,-0.3575750688334378
2014-07-13,0.7041105127361114
2014-07-14,-0.002086237093901211
2014-07-15,0.08345122474608946
2014-07-16,-0.1708331017176712
2014-07-17,0.06045570476140849
2014-07-20,0.2727806634780672
2014-07-21,-0.31554494929875165
2014-07-22,0.22905681086111684
2014-07-23,0.48583172645828565
2014-07-24,-0.12782977614489432
2014-07-27,0.45820645185521425
2014-07-28,-0.012298223054363344
2014-07-29,0.2108666688970251
2014-07-30,-0.12430959569924571
2014-07-31,-0.266723294981408
2014-08-03,0.26142347645907726
2014-08-04,0.06607032950609604
2014-08-05,0.22058028827729448
2014-08-06,0.02990152105608601
2014-08-07,-0.7264387643092562
2014-08-10,0.47536400146903635
2014-08-11,-0.5270589345037768
2014-08-12,0.04109214221437174
2014-08-13,0.29907926242256355
2014-08-14,0.022543719063894407
2014-08-17,-0.11722060208674279
2014-08-18,0.04690385301355793
2014-08-19,0.1864440500414899
2014-08-20,0.1340921401754347
2014-08-21,-0.027980266548865984
2014-08-24,0.1849178524781836
2014-08-25,-0.022055082814398386
2014-08-26,0.026471937785088606
2014-08-27,-0.5495884212981861
2014-08-28,0.09057658550908343
2014-08-31,-0.0767087136765876
2014-09-01,-0.00936190257511127
2014-09-02,-0.03597278289390049
2014-09-03,0.2577169668270596
2014-09-04,-0.07404821492666969
2014-09-07,0.3040883647328352
2014-09-08,-0.03993163547028056
2014-09-09,-0.8238821791556106
2014-09-10,-0.7886655430648482
2014-09-11,0.17187512469176713
2014-09-14,-0.4698290670636762
2014-09-15,-0.09595018194515914
2014-09-16,-0.15182500465690252
2014-09-17,-1.0777310376508864
2014-09-18,-0.33804576291980304
2014-09-21,-0.4321803437298821
2014-09-22,0.13518277262625222
2014-09-23,0.03489803040415129
2014-09-24,0.08945875920598478
2014-09-25,-0.3560884085783256
2014-09-28,-0.25017310628878686
2014-09-29,-0.2572602450380712
2014-09-30,0.6509260173031883
2014-10-01,-0.39791645388621566
2014-10-02,0.612692318735375
2014-10-05,-0.5831759546423343
2014-10-06,0.1920125643672499
2014-10-07,0.5887468920426242
2014-10-08,-0.16753400523250583
2014-10-09,-0.15681088037237112
2014-10-12,-0.9198916621934061
2014-10-13,1.0510009434700818
2014-10-14,0.44511807299651984
2014-10-15,0.5043355607308397
2014-10-16,-0.2643309690284479
2014-10-19,0.08169612080093369
2014-10-20,0.2638036685703282
2014-10-21,-0.645264128520151
2014-10-22,0.15200654734948138
2014-10-23,-0.36225455555634056
2014-10-27,0.6802340371406812
2014-10-28,0.08893964737450855
2014-10-29,-0.06896795464069738
2014-10-30,-0.8483961715061605
2014-10-31,0.6711942896509893
2014-11-03,0.018829303255052388
2014-11-04,-0.048278961303960255
2014-11-05,0.9427552147730056
2014-11-06,-1.9362165079486071
2014-11-07,0.07559792949651811
2014-11-10,0.09608710807447185
2014-11-11,0.19658523782728476
2014-11-12,0.5730045742520895
2014-11-13,-0.0318211207114949
2014-11-14,0.4581064258575074
2014-11-17,-0.3099989807976211
2014-11-18,-0.4323316452390258
2014-11-19,0.2460279699235679
2014-11-20,-1.0013711300058348
2014-11-21,-0.09465525613261416
2014-11-24,-0.02430146116381149
2014-11-25,-0.3673797169883808
2014-11-26,-0.9174094711821956
2014-11-27,-0.2554754763282596
2014-11-28,0.6795408620294596
2014-12-01,-0.009518055337143227
2014-12-02,-0.6997471267222055
2014-12-03,0.4936810287070603
2014-12-04,-1.0248147422358689
2014-12-05,0.04001747359840824
2014-12-08,-0.4177116438822237
2014-12-09,0.20726075105996777
2014-12-10,-0.36675701796636817
2014-12-11,0.6541668246525134
2014-12-12,-0.5019551871318639
2014-12-15,-0.15796126899058072
2014-12-16,0.8576267901458268
2014-12-17,-0.08041725064907856
2014-12-18,-1.1767091444243705
2014-12-19,0.1303044597547487
2014-12-22,-0.035068817272443376
2014-12-23,-0.07174722996520222
2014-12-24,-0.37231719606343194
2014-12-25,0.09923814820551602
2014-12-26,-0.10719818303850381
2014-12-29,0.20210125867474726
2014-12-30,0.34014614313893077
2014-12-31,0.2657258051745215
2015-01-01,-0.07096723924803205
2015-01-02,0.07660211156301777
2015-01-05,0.1731967272662116
2015-01-06,0.09039006466042832
2015-01-07,0.4364207616991411
2015-01-08,-0.2127664023553799
2015-01-09,0.5544769402763716
2015-01-12,1.476807977451422
2015-01-13,0.16316212092273297
2015-01-14,0.17294280585606892
2015-01-15,-0.42091625270941346
2015-01-16,1.0633673195682425
2015-01-19,0.1440936842833196
2015-01-20,-0.5125887866125667
2015-01-21,0.950235619648554
2015-01-22,1.1037674899678107
2015-01-23,-0.6945111121778091
2015-01-26,-1.2024703964295447
2015-01-27,0.7662843059510926
2015-01-28,-0.6913705624833177
2015-01-29,0.6659326265226362
2015-01-30,-0.6920842359602442
2015-02-02,0.6033751104200791
2015-02-03,-0.5808177224855937
2015-02-04,-1.6196954972465205
2015-02-05,1.0696172778913215
2015-02-06,-0.6354907713995273
2015-02-09,0.15950213064739316
2015-02-10,0.14524829119657579
2015-02-11,0.686333261722516
2015-02-12,-0.5274989586821488
2015-02-13,-0.4160675560700877
2015-02-16,-0.32371197981668764
2015-02-17,0.047251454248820046
2015-02-18,0.03441422950880568
2015-02-19,0.47099248312940656
2015-02-20,0.1192783658863883
2015-02-23,0.9944796775104736
2015-02-24,-0.27467107604758345
2015-02-25,-0.18426422286283994
2015-02-26,0.12453389181181773
2015-02-27,-0.4194602624917332
2015-03-02,-0.16517104219649914
2015-03-03,-0.17724709702712227
2015-03-04,0.3708543633221151
2015-03-05,-0.4305355522184473
2015-03-06,-0.027468485828008316
2015-03-09,0.15682949217703523
2015-03-10,-0.34203928982409204
2015-03-11,-0.14320311026020383
2015-03-12,0.033348407226374555
2015-03-13,0.9429395645510041
2015-03-16,-0.1932473842586102
2015-03-17,0.02704555023866906
2015-03-18,-0.16673579852417575
2015-03-19,0.16834792314470715
2015-03-20,-0.3838559290788135
2015-03-23,0.6796825200995116
2015-03-24,0.693372927412339
2015-03-25,-0.25292552894802256
2015-03-26,-0.27176592951979606
2015-03-27,-0.3331654592647171
2015-03-29,-0.2510162372932001
2015-03-30,-0.4750956754295599
2015-03-31,-0.4633507772485168
2015-04-01,-0.7022469002382903
2015-04-02,-0.7109661842799375
2015-04-05,0.12200269203874736
2015-04-06,-0.7098364093959808
2015-04-07,0.9336407447580353
2015-04-08,0.847153465994066
2015-04-09,0.5388231802915033
2015-04-12,-0.5126114597093889
2015-04-13,-0.8927450718003049
2015-04-14,-0.505240284826991
2015-04-15,-0.607010604275382
2015-04-16,0.5951587125181179
2015-04-19,0.33406529582402644
2015-04-20,-1.0123869008418551
2015-04-21,0.26294211247819277
2015-04-22,0.24893915572010705
2015-04-23,-0.42960795638995464
2015-04-26,0.9072759914300565
2015-04-27,-0.19784593403527895
2015-04-28,1.1766053768153872
2015-04-29,-0.17847959899228716
2015-04-30,-0.6557687564330617
2015-05-03,-0.23487359568217236
2015-05-04,-0.40774366437961174
2015-05-05,0.9912160188775054
2015-05-06,-0.000313207326541054
2015-05-07,-0.11787072640314644
2015-05-10,0.16337409846345352
2015-05-11,-0.30544850422064007
2015-05-12,0.3928460771916775
2015-05-13,1.1188742650577899
2015-05-14,-0.08166463879895058
2015-05-17,-0.2516955134423515
2015-05-18,0.45417442160009536
2015-05-19,-0.2249276245933185
2015-05-20,-0.7360690342126164
2015-05-21,0.21483595101823294
2015-05-24,-0.33806149025142895
2015-05-25,0.3936606168633894
2015-05-26,-0.20907375968753916
2015-05-27,0.11410910201956614
2015-05-28,-1.2252227937322058
2015-05-31,0.08081704030975523
2015-06-01,0.15016260615077215
2015-06-02,1.055433869717981
2015-06-03,0.4811179117594433
2015-06-04,-0.8130652166280727
2015-06-07,-1.1624469059715148
2015-06-08,0.49589527635522934
2015-06-09,-0.5258347639979677
2015-06-10,-0.011906204396883169
2015-06-11,0.37904174201135454
2015-06-14,-0.0627776045619921
2015-06-15,0.3674481680639552
2015-06-16,-0.30644636299033134
2015-06-17,-0.8166577606633085
2015-06-18,0.8252872151928159
2015-06-21,0.06435296921238898
2015-06-22,-0.15883806909979814
2015-06-23,0.256920027993246
2015-06-24,0.06728833260141176
2015-06-25,-0.10327364898481406
2015-06-28,-1.236895274382721
2015-06-29,1.1021676033640349
2015-06-30,0.802966155086815
2015-07-01,0.2281271386919137
2015-07-02,-0.41208462856781036
2015-07-05,-1.4732586389707425
2015-07-06,0.28249156073674175
2015-07-07,0.17776303754042377
2015-07-08,-0.3870529675290779
2015-07-09,0.3690814138347598
2015-07-12,-0.5890758385050487
2015-07-13,0.024716791187673337
2015-07-14,0.5819206882508476
2015-07-15,0.5039018387830607
2015-07-16,0.8832558032182636
2015-07-19,-0.47410713635753776
2015-07-20,0.15255402606793034
2015-07-21,0.2630156766107117
2015-07-22,0.07939489229660257
2015-07-23,-0.42805958106930664
2015-07-26,-0.9204680133449661
2015-07-27,-0.02445065078778841
2015-07-28,0.13219230501633206
2015-07-29,-0.5109109437903103
2015-07-30,0.3885636161812478
2015-08-02,0.9609029705140992
2015-08-03,-0.045625058075360325
2015-08-04,1.64064050471604
2015-08-05,-0.4899920561271198
2015-08-06,-0.5261750123152886
2015-08-09,1.0142086805216888
2015-08-10,-0.856438396148751
2015-08-11,-0.7233711708909962
2015-08-12,0.019004419049539756
2015-08-13,0.5964374528894867
2015-08-16,0.18888152043397
2015-08-17,-0.018334616065895926
2015-08-18,-0.6921809761606168
2015-08-19,0.6973184953193767
2015-08-20,-0.5951018065442404
2015-08-23,0.003022505156491384
2015-08-24,-0.697239598206556
2015-08-25,-0.4759615788280658
2015-08-26,-0.07487295325291354
2015-08-27,-0.13687744244973432
2015-08-30,-0.10197978158360543
2015-08-31,-1.1551876069104128
2015-09-01,-0.5837019374323571
2015-09-02,0.6336342898849878
2015-09-03,-0.9781635471479144
2015-09-06,-0.5267541637453577
2015-09-07,0.3127738807744862
2015-09-08,0.5755283525663346
2015-09-09,-0.4308985359352868
2015-09-10,1.1692068852933835
2015-09-13,0.505663062980255
2015-09-14,0.8866249243779878
2015-09-15,-0.5088146767951662
2015-09-16,0.4283698641164735
2015-09-17,-0.0978812093392123
2015-09-20,0.3484099835297183
2015-09-22,-1.1410264503503686
2015-09-23,-0.7464759502562202
2015-09-24,0.28758279264122777
2015-09-27,0.09579988089167824
2015-09-28,-0.2279478603984919
2015-09-29,0.6202056646092968
2015-09-30,-0.6696898827244557
2015-10-01,-0.15746445802233833
2015-10-04,-0.43301282945346076
2015-10-05,-0.07456591217169795
2015-10-06,0.7012485091864251
2015-10-07,0.658993049197476
2015-10-08,0.4952111854962027
2015-10-11,0.2755494581107687
2015-10-12,0.8768438687964508
2015-10-13,-1.6011436142102098
2015-10-14,0.5839830601307883
2015-10-15,-0.3946041164864522
2015-10-18,-0.45136758433419466
2015-10-19,0.7469816821537023
2015-10-20,-0.1119838607759216
2015-10-21,0.4164366375231765
2015-10-22,-0.2596947610460032
2015-10-26,0.6720341941831798
2015-10-27,0.2536934785852818
2015-10-28,0.053880891781177276
2015-10-29,-1.8658522530828558
2015-10-30,-0.39106998156217543
2015-11-02,0.002786715512792526
2015-11-03,0.4644039167266856
2015-11-04,0.22638119734530449
2015-11-05,-0.04044795040656357
2015-11-06,0.18272833854577897
2015-11-09,-0.5248640806109428
2015-11-10,-0.050540829617562455
2015-11-11,-0.09429080910495768
2015-11-12,0.27992920444890323
2015-11-13,1.1557529414024659
2015-11-16,-0.15570129402966426
2015-11-17,-0.07406288266263994
2015-11-18,0.1700162403572847
2015-11-19,-0.08285834916613721
2015-11-20,1.0083296799649366
2015-11-23,0.9801706827309076
2015-11-24,-0.5230277194334332
2015-11-25,0.5250488817073018
2015-11-26,-0.07260298801169407
2015-11-27,-0.5263136074558861
2015-11-30,0.05491036169986696
2015-12-01,0.5427623186323061
2015-12-02,1.337255369063195
2015-12-03,-0.367846965850227
2015-12-04,0.3590491148413477
2015-12-07,0.4772579288293777
2015-12-08,-0.24324340821554324
2015-12-09,0.05568161537872207
2015-12-10,0.05106403797288106
2015-12-11,0.9980420161732395
2015-12-14,-0.7315776679688524
2015-12-15,1.1880109656297932
2015-12-16,-0.7023089637277713
2015-12-17,0.5283840851724841
2015-12-18,-0.15823532902988768
2015-12-21,0.7034647300396157
2015-12-22,0.5025522812451833
2015-12-23,0.21234001081114062
2015-12-24,-0.45984022315515016
2015-12-25,0.3530850028691912
2015-12-28,0.21450669923219756
2015-12-29,0.06936450601355837
2015-12-30,0.018246383695674773
2015-12-31,0.19432819454232586
2016-01-01,0.017514989169420403
2016-01-04,-0.042444149830822564
2016-01-05,-0.8904188908167909
2016-01-06,0.03315639933487713
2016-01-07,-0.5630726193958546
2016-01-08,-0.6349352966394828
2016-01-11,-0.49389552008065607
2016-01-12,0.9054676353961844
2016-01-13,0.2319585553963277
2016-01-14,-0.06666552880121301
2016-01-15,0.8365876226825941
2016-01-18,-0.3461262553801969
2016-01-19,0.030993615315244583
2016-01-20,0.6826477537590581
2016-01-21,-0.3160780903482818
2016-01-22,-0.2900926344553856
2016-01-25,-1.0824480224200017
2016-01-26,0.16245780792014664
2016-01-27,-0.2763049132073925
2016-01-28,-0.038209645610598475
2016-01-29,0.5655773429291688
2016-02-01,-0.6845692382256741
2016-02-02,0.4332348539920483
2016-02-03,-0.35928687000045256
2016-02-04,-0.14973679710967858
2016-02-05,0.3418713351929892
2016-02-08,-0.658591631786487
2016-02-09,0.2030956328339828
2016-02-10,-0.4692773473757961
2016-02-11,0.8067105269863317
2016-02-12,0.23668938183729615
2016-02-15,-0.670364464026163
2016-02-16,0.3278988174723718
2016-02-17,-0.07955594422582868
2016-02-18,-0.5757710206057975
2016-02-19,0.07610691238231215
2016-02-22,0.271618235886395
2016-02-23,0.6560879007522447
2016-02-24,0.14252701507277976
2016-02-25,-0.6956055777374126
2016-02-26,-0.5952948479457154
2016-02-29,-1.46791574535039
2016-03-01,0.13607513335673893
2016-03-02,-0.2741590370616276
2016-03-03,1.4946500384732664
2016-03-04,0.7835752652191275
2016-03-07,0.15754449567513262
2016-03-08,0.35234861965580677
2016-03-09,0.6026690928090384
2016-03-10,-0.7675972881437509
2016-03-11,0.5599439045731236
2016-03-14,0.5779254966421732
2016-03-15,-0.27781218657472184
2016-03-16,-0.16158196052109552
2016-03-17,-0.6777759717130127
2016-03-18,0.34155413698735426
2016-03-21,-0.20951042417555188
2016-03-22,0.01069424841124711
2016-03-23,0.3179685521838671
2016-03-24,0.07381001463127035
2016-03-25,0.21825219382642924
2016-03-27,-0.12573306689420694
2016-03-28,-0.05049709014280923
2016-03-29,0.24307097069686812
2016-03-30,-0.3874695144557183
2016-03-31,0.22310583847258147
2016-04-03,0.3340141414040154
2016-04-04,-0.587380325760023
2016-04-05,-0.219556640481533
2016-04-06,0.41174257970895134
2016-04-07,-0.8456175518869569
2016-04-10,-0.5520094155587629
2016-04-11,-0.14890227855115512
2016-04-12,0.07180815797795947
2016-04-13,0.10651374893739796
2016-04-14,0.6039878265703624
2016-04-17,0.3567557392130771
2016-04-18,0.07321530139290378
2016-04-19,-0.24608947498896416
2016-04-20,-0.3294338707722111
2016-04-21,-0.1403784034161082
2016-04-24,-0.8381765144118036
2016-04-25,0.12119028512471708
2016-04-26,-0.135560644475341
2016-04-27,-2.0437454060771687
2016-04-28,0.15122221409384906
2016-05-01,-0.30031816194433514
2016-05-02,0.497676984087958
2016-05-03,-0.8054622295077918
2016-05-04,0.8361505995002183
2016-05-05,0.04175239269323949
2016-05-08,-0.7508131033226562
2016-05-09,-0.5847247986862647
2016-05-10,0.4518820507681598
2016-05-11,-0.6410667013889371
2016-05-12,-0.6884277763803848
2016-05-15,0.29168883686283564
2016-05-16,-0.24998912398759288
2016-05-17,0.4404920831626802
2016-05-18,-0.32343951553972516
2016-05-19,0.5564338930610147
2016-05-22,0.23245763723718227
2016-05-23,0.10204415096208841
2016-05-24,-0.6116407621498787
2016-05-25,-0.7503954887265851
2016-05-26,0.09629684195466837
2016-05-29,-0.025810883020171982
2016-05-30,0.08972130918432075
2016-05-31,0.8663508806337372
2016-06-01,0.17288094040468494
2016-06-02,-0.11614512127195997
2016-06-05,0.556476150946672
2016-06-06,-0.7662899634499953
2016-06-07,0.5336443612778741
2016-06-08,0.10843634786379397
2016-06-09,-0.7139582036311043
2016-06-12,-0.1619519821376092
2016-06-13,0.4553469315006442
2016-06-14,-0.0866011173656478
2016-06-15,1.1873579620527597
2016-06-16,-0.3228930211859993
2016-06-19,0.05711638747758485
2016-06-20,0.012987869957914455
2016-06-21,-0.06566400764090874
2016-06-22,0.9059622692128011
2016-06-23,0.4196789004641266
2016-06-26,0.07032639722002187
2016-06-27,-0.653265812319126
2016-06-28,0.29190276704265106
2016-06-29,0.2176156666683804
2016-06-30,-0.10029155967349324
2016-07-03,-0.16193300138620526
2016-07-04,0.5470860301084013
2016-07-05,-0.08380438899684428
2016-07-06,0.6533341734573872
2016-07-07,-0.04515432516862816
2016-07-10,1.241791547398563
2016-07-11,0.31741492418042583
2016-07-12,0.39455288555338974
2016-07-13,-0.758716937663384
2016-07-14,-0.2662367376259245
2016-07-17,0.04893358359656652
2016-07-18,-0.1885207728741456
2016-07-19,-0.36868678636338137
2016-07-20,-0.16800054807240006
2016-07-21,0.5228764864338986
2016-07-24,0.05960659646335742
2016-07-25,0.6653632308914137
2016-07-26,0.18076908292312677
2016-07-27,-0.2778840823514428
2016-07-28,0.046375567164069764
2016-07-31,0.2828812799391178
2016-08-01,-0.2952034734094777
2016-08-02,0.8183885893248144
2016-08-03,-0.40260963331399946
2016-08-04,0.24042532601069588
2016-08-07,0.8900044952769415
2016-08-08,0.4518419061687817
2016-08-09,-0.23914424069223505
2016-08-10,0.1969463370965263
2016-08-11,-0.8033117250553334
2016-08-14,-0.7076392210864646
2016-08-15,0.01965394938554521
2016-08-16,-0.18017618570643767
2016-08-17,-0.6244864088902013
2016-08-18,-0.34234468522572614
2016-08-21,-0.022527619268974952
2016-08-22,0.6664987759954499
2016-08-23,-0.37130292282044897
2016-08-24,0.04645876454252296
2016-08-25,0.043388797154841896
2016-08-28,-0.27149403992882126
2016-08-29,0.40239174073382067
2016-08-30,-0.11431991316959156
2016-08-31,0.11160725619805412
2016-09-01,0.32166702847020723
2016-09-04,-0.6060832803322147
2016-09-05,-0.12848697683267574
2016-09-06,0.600784748338623
2016-09-07,0.035742709196107114
2016-09-08,0.05637840130285898
2016-09-11,-0.4113203118993547
2016-09-12,0.15673599076853062
2016-09-13,-0.3248475407225837
2016-09-14,0.4453611016709491
2016-09-15,0.149922759389165
2016-09-18,0.15121554030474993
2016-09-19,0.5000252486996981
2016-09-20,0.11858092796610542
2016-09-21,0.22463541912371987
2016-09-22,-0.05157638462562897
2016-09-25,0.36482819708136827
2016-09-26,0.8097679317522477
2016-09-27,0.31750244613553136
2016-09-28,-0.7692292504555942
2016-09-29,-0.18265567018516116
2016-10-02,0.05322255599831127
2016-10-03,0.425553957293201
2016-10-04,-0.3733608427401003
2016-10-05,0.019713732705683995
2016-10-06,-0.2742456006227578
2016-10-09,0.5269414934234717
2016-10-10,-0.6368794298072467
2016-10-11,-0.021485304052015763
2016-10-12,0.28856466317295215
2016-10-13,-0.4754045423558395
2016-10-16,-0.028039648062372358
2016-10-17,0.3748349704399301
2016-10-18,0.3921967809925153
2016-10-19,0.8673151897954146
2016-10-20,-0.5011318582875957
2016-10-23,0.5457509671974892
2016-10-24,-0.13623897675957286
2016-10-25,0.7647879890899434
2016-10-26,0.15633902366916086
2016-10-27,-0.6823413270517498
2016-10-31,0.21631431118951383
2016-11-01,0.24717375421283716
2016-11-02,0.2887848993318176
2016-11-03,0.1295203936013456
2016-11-04,0.4085443121325305
2016-11-07,-0.33683380113105343
2016-11-08,0.6269106591384022
2016-11-09,-0.2319194385108081
2016-11-10,-0.3785947812374735
2016-11-11,-0.10244044126389573
2016-11-14,-0.36588542810059854
2016-11-15,0.37369229729691256
2016-11-16,-0.8457750759285343
2016-11-17,-0.9895622193272113
2016-11-18,-0.47930387149925924
2016-11-21,-1.2175613224315596
2016-11-22,-0.01546649683846768
2016-11-23,0.6318990740909136
2016-11-24,0.035566022191590996
2016-11-25,0.4928260515865368
2016-11-28,0.5732600567863289
2016-11-29,-0.17986165558181444
2016-11-30,0.07316934771766093
2016-12-01,-1.3208602005065462
2016-12-02,-0.4487003717831839
2016-12-05,0.406977038555989
2016-12-06,0.04619058760881867
2016-12-07,0.007862887373200067
2016-12-08,-0.19776630916860105
2016-12-09,-0.5893236967715043
2016-12-12,-0.6514386614418943
2016-12-13,0.642927339086663
2016-12-14,0.02113481778331927
2016-12-15,0.020825587230755005
2016-12-16,-0.2207052614793481
2016-12-19,-0.9966429084749762
2016-12-20,-0.07176588282831187
2016-12-21,0.012141054357983627
2016-12-22,-0.019238148734568306
2016-12-23,0.18079107672044348
2016-12-26,-0.3025892643465311
2016-12-27,0.038530841672246297
2016-12-28,0.5378852243762999
2016-12-29,-0.25628733682425686
2016-12-30,0.14100186290881833
2017-01-02,-0.6721230947197232
2017-01-03,-0.12492708284937981
2017-01-04,0.313328612556929
2017-01-05,-0.13221542767517525
2017-01-06,0.17748371432138033
2017-01-09,-0.2649298584809001
2017-01-10,0.44451283809672226
2017-01-11,0.24831500532105366
2017-01-12,0.5446321425274459
2017-01-13,0.45793038723631607
2017-01-16,-0.05991252770952693
2017-01-17,0.0432848089625848
2017-01-18,0.16707207458828144
2017-01-19,0.9982256020278912
2017-01-20,1.1934604631084422
2017-01-23,-0.042163409501960736
2017-01-24,-0.3760577554840383
2017-01-25,-0.507088782379217
2017-01-26,-0.8801626949200059
2017-01-27,-0.3789313751339729
2017-01-30,0.5846037775646185
2017-01-31,-0.0661354991365215
2017-02-01,-0.3099126655616624
2017-02-02,0.14288967035192002
2017-02-03,0.7915423302852664
2017-02-06,0.1862806039582221
2017-02-07,0.11818532980811813
2017-02-08,0.4973717063867733
2017-02-09,-0.21721941249309706
2017-02-10,-0.1735358350004157
2017-02-13,0.4641990594202561
2017-02-14,-0.7139030709857996
2017-02-15,0.4264366711512535
2017-02-16,0.5764346574484991
2017-02-17,-0.2438011573617671
2017-02-20,-0.2935744452138289
2017-02-21,0.40085531743594416
2017-02-22,0.15194114488792376
2017-02-23,0.4089547920147263
2017-02-24,-0.2788948814992809
2017-02-27,-0.41030858253525704
2017-02-28,0.5924598012745586
2017-03-01,0.49512237287299143
2017-03-02,0.5062484824833069
2017-03-03,-0.8116881529130926
2017-03-06,0.21604554804179887
2017-03-07,0.0720239213876539
2017-03-08,0.143845846021029
2017-03-09,-0.31074378217890164
2017-03-10,-0.1314805896239779
2017-03-13,0.12346847806363748
2017-03-14,0.24830686434031968
2017-03-15,0.14393832954904262
2017-03-16,0.5280291034101214
2017-03-17,-0.27472956460975473
2017-03-20,0.5329658876387144
2017-03-21,0.36776909785598555
2017-03-22,-0.583869112451052
2017-03-23,-0.2483822472056918
2017-03-24,-0.336434595256474
2017-03-26,-0.19498609975791004
2017-03-27,0.42662183155368627
2017-03-28,0.22449600988450058
2017-03-29,-0.11145930611942134
2017-03-30,-0.18776569579416202
2017-04-02,-0.38045091712870516
2017-04-03,0.11507276139222089
2017-04-04,-0.37792828105998044
2017-04-05,0.25797010268513443
2017-04-06,-0.4663185424816252
2017-04-09,-0.5387639261383526
2017-04-10,-0.6339829149503151
2017-04-11,-0.02109761596938986
2017-04-12,-0.15381507387725035
2017-04-13,1.0687484725010243
2017-04-16,0.021307507972978534
2017-04-17,0.23829600029328102
2017-04-18,-0.008006690034334518
2017-04-19,-0.08432411699402786
2017-04-20,0.251701757163203
2017-04-23,0.5402343318227087
2017-04-24,0.5427303192773847
2017-04-25,-0.1182308909688623
2017-04-27,-0.5310559734755471
2017-04-30,0.3206491991631477
2017-05-01,0.8987291431168831
2017-05-02,0.3748321701336099
2017-05-03,-1.3675112822824298
2017-05-04,-0.048637798433570634
2017-05-07,-0.5345893747295993
2017-05-08,-0.2010183086449735
2017-05-09,-0.5312314686697128
2017-05-10,0.28099460963311174
2017-05-11,0.19380670654434162
2017-05-14,0.2886643611755835
2017-05-15,-0.27945190350725513
2017-05-16,-0.10926595035668507
2017-05-17,0.03524093016258334
2017-05-18,-0.0850036366515039
2017-05-21,-0.24195641021069747
2017-05-22,0.07386499583517114
2017-05-23,0.2246060713084308
2017-05-24,-0.4574110790288688
2017-05-25,-0.030428686495043156
2017-05-28,-0.3784849461466955
2017-05-29,0.07408746114652143
2017-05-30,0.2522297086287706
2017-05-31,-0.28891637945875903
2017-06-01,-0.44975176816525186
2017-06-04,0.5390122119954377
2017-06-05,0.6338531008540427
2017-06-06,0.0912683626792532
2017-06-07,0.884624561771763
2017-06-08,-0.09647015411671234
2017-06-11,-0.46405398900771777
2017-06-12,-0.8439089237619934
2017-06-13,-0.6608872211881889
2017-06-14,0.689931567926072
2017-06-15,0.057813476410917275
2017-06-18,0.1375384496045351
2017-06-19,-0.2793667818694834
2017-06-20,0.12289526912969695
2017-06-21,0.0808680835656661
2017-06-22,-0.8289983441898574
2017-06-25,0.5801688292295326
2017-06-26,0.18822202426855839
2017-06-27,-0.5309843648525714
2017-06-28,-0.4534310784760853
2017-06-29,0.2904731437892272
2017-07-02,-0.09864708280045154
2017-07-03,-0.16681302905994233
2017-07-04,-1.1550820396441397
2017-07-05,0.0672520234020979
2017-07-06,-0.1297436902232496
2017-07-09,-0.4191143807160569
2017-07-11,0.6777131494112965
2017-07-12,-0.7274980050838598
2017-07-13,0.6170065428636073
2017-07-16,0.41872943784684313
2017-07-17,-0.003133693472201493
2017-07-18,1.1124960448516186
2017-07-19,0.2762386750141621
2017-07-20,-0.18504763281602665
2017-07-23,-0.7722281544136789
2017-07-24,-0.2021344919156287
2017-07-25,0.07232269843351347
2017-07-26,0.4101372130223879
2017-07-27,0.3710187757986372
2017-07-30,-0.47116030851948043
2017-07-31,0.5264474793525764
2017-08-01,-0.21891243502598634
2017-08-02,0.19204375832739817
2017-08-03,0.029496253975747067
2017-08-06,0.21151074246668067
2017-08-07,0.0903706393174275
2017-08-08,-0.26608360805385756
2017-08-09,0.10801639531001772
2017-08-10,0.029944453039609797
2017-08-13,-0.04230882448323925
2017-08-14,-0.20334800460402036
2017-08-15,-0.16585075032961027
2017-08-16,0.33585962830999794
2017-08-17,-0.24875472843692847
2017-08-20,-0.11652853096965066
2017-08-21,-0.08779904042464093
2017-08-22,-0.2538980014184511
2017-08-23,-0.20667266067669887
2017-08-24,-0.37630848830609853
2017-08-27,0.1819861067415829
2017-08-28,0.13722615354787582
2017-08-29,0.4081900181003073
2017-08-30,0.27185729651124646
2017-08-31,-0.8228754569582719
2017-09-03,-0.4366644651668139
2017-09-04,0.034181619011874886
2017-09-05,0.41216855412489206
2017-09-06,-1.0423987591789419
2017-09-07,-0.43551509251633647
2017-09-10,0.2719014964318811
2017-09-11,-0.7066827205138293
2017-09-12,0.504910135260328
2017-09-13,-0.5443660925985583
2017-09-14,0.2273827300344866
2017-09-17,0.2252229110883297
2017-09-18,0.3496847608795983
2017-09-19,0.513249582933617
2017-09-20,0.590109616469392
2017-09-21,-1.2461465245212966
2017-09-24,0.613388338766363
2017-09-25,-0.15782735192754194
2017-09-26,-0.7982269319342761
2017-09-27,0.6088520725612057
2017-09-28,-0.4192290186489589
2017-10-01,0.288075459168291
2017-10-02,0.11557362223675316
2017-10-03,-0.09768017245603833
2017-10-04,0.23396688295833634
2017-10-05,-0.1913234752986881
2017-10-08,-0.40217160411119
2017-10-09,-0.12868548038136307
2017-10-10,-0.005441528720484534
2017-10-11,-0.24570352527572004
2017-10-12,0.511762193207721
2017-10-15,0.7557472117740938
2017-10-16,-0.15956954843848736
2017-10-17,-0.10403867551235235
2017-10-18,-0.374195586489412
2017-10-19,0.535067862889238
2017-10-22,0.37726480978039767
2017-10-23,0.08615691505535761
2017-10-24,-0.22229603958588973
2017-10-25,0.08576703642915184
2017-10-26,-0.19785573467252515
2017-10-30,-0.020424317741396525
2017-10-31,0.3301081388730642
2017-11-01,0.02887046581736552
2017-11-02,0.09124484912192976
2017-11-03,-0.039965437484956734
2017-11-06,-1.1744414494933575
2017-11-07,0.13437721486835308
2017-11-08,-0.07886112668105127
2017-11-09,0.044528747657124335
2017-11-10,-0.3383701751298429
2017-11-13,-0.3573830240496845
2017-11-14,-0.0665606093077864
2017-11-15,0.2003303440155646
2017-11-20,-0.5692289170759368
2017-11-21,0.189173442449575
2017-11-22,0.07819141299216792
2017-11-23,-0.16069869356193367
2017-11-24,0.21543681261027015
2017-11-27,-0.16865737383446877
2017-11-28,0.285910314883675
2017-11-29,0.41903945482626437
2017-11-30,-0.14426135314277166
2017-12-01,0.18690647688999196
2017-12-04,-0.9960688510030069
2017-12-05,-0.13974626057030592
2017-12-06,0.1408754611129659
2017-12-07,0.2318378171195512
2017-12-08,-0.1729077439518334
2017-12-11,-0.03696053918905706
2017-12-12,0.23075218168524536
2017-12-13,0.4768714751293146
2017-12-14,0.6031586384349419
2017-12-15,0.2508571463619713
2017-12-18,0.4419292342204395
2017-12-19,0.11776243256578223
2017-12-20,-0.05749375883447039
2017-12-21,-0.15776759362315929
2017-12-22,-0.2455104911022743
2017-12-25,0.013956009029647554
2017-12-26,0.05642737318354296
2017-12-27,-0.16165367227669591
2017-12-28,0.278865654049576
2017-12-29,-0.41708439502428085
2018-01-01,0.2224849702672449
2018-01-02,-0.21903662598018458
2018-01-03,0.012762642418340242
2018-01-04,0.2731877829116769
2018-01-05,-0.0010180997778386214
2018-01-08,-0.8124518942957404
2018-01-09,0.007493081730025608
2018-01-10,-0.006671422193249565
2018-01-11,0.931700607653152
2018-01-12,0.39743033019870033
2018-01-15,-0.17685937856111167
2018-01-16,0.3932097994985062
2018-01-17,0.11077935703498465
2018-01-18,0.11419051946084391
2018-01-19,0.20553036010171333
2018-01-22,0.5568532807846971
2018-01-23,-0.19566592470416921
2018-01-24,-0.35058268326116915
2018-01-25,0.054744837732867424
2018-01-26,0.16716201741018288
