Date,kdjj_9
2010-01-01,11.111111111111114
2010-01-04,442.8413488114606
2010-01-05,312.568282016281
2010-01-06,262.2952061996206
2010-01-07,152.19247769712285
2010-01-08,144.47280097186058
2010-01-11,137.33755089359795
2010-01-12,104.7898151106163
2010-01-13,64.13660823494888
2010-01-14,45.423136369607676
2010-01-15,-0.1252075241241073
2010-01-18,-34.54171554637668
2010-01-19,-25.3688678170588
2010-01-20,-5.592260897707376
2010-01-21,-21.209389333877567
2010-01-22,6.143684495460263
2010-01-25,65.1878579973741
2010-01-26,95.8065156123483
2010-01-27,72.47092579293685
2010-01-28,50.61198183169853
2010-01-29,-46.187782380551106
2010-02-01,-31.752740192576702
2010-02-02,-54.39196886707724
2010-02-03,-48.80565430294942
2010-02-04,-40.8631941605435
2010-02-05,-15.820645153140322
2010-02-08,-8.576768107905824
2010-02-09,23.31670375389613
2010-02-10,25.056033939730685
2010-02-11,48.82121945791573
2010-02-12,79.22865643205967
2010-02-15,81.1797952268437
2010-02-16,241.29869005631215
2010-02-17,195.48358777546014
2010-02-18,123.77614641149262
2010-02-19,76.1507498646092
2010-02-22,84.6768001131438
2010-02-23,120.20263407040125
2010-02-24,133.13730765753783
2010-02-25,124.24024181378104
2010-02-26,118.42756283175783
2010-03-01,52.85056473315882
2010-03-02,15.263503320987809
2010-03-03,-12.828447669016697
2010-03-04,-38.263009783412755
2010-03-05,-14.320995890602319
2010-03-08,-1.0443274072013367
2010-03-09,40.39637618738311
2010-03-10,47.06251219174449
2010-03-11,50.03148627500208
2010-03-12,30.853489076426357
2010-03-15,11.760825688319628
2010-03-16,5.512121664066207
2010-03-17,5.414928385664233
2010-03-18,13.747737546971365
2010-03-19,19.669266072431327
2010-03-22,40.14392019553941
2010-03-23,44.04015250495701
2010-03-24,61.64047958501469
2010-03-25,45.55226723835432
2010-03-26,13.245734584369302
2010-03-28,94.65182397738684
2010-03-29,110.33918459312625
2010-03-30,58.257440024581356
2010-03-31,18.787626881963774
2010-04-01,6.281342760071865
2010-04-04,-11.66099322661617
2010-04-05,16.316703190735673
2010-04-06,46.44270035743233
2010-04-07,56.30807179059171
2010-04-08,91.704608552665
2010-04-11,77.20559310500691
2010-04-12,69.54244151728287
2010-04-13,101.0381961326735
2010-04-14,122.24715300050048
2010-04-15,104.94854495385204
2010-04-18,114.27877686714709
2010-04-19,31.600741505057613
2010-04-20,-9.090102180379347
2010-04-21,-18.37567677101103
2010-04-22,-13.615921248841985
2010-04-25,-2.938386101399203
2010-04-26,20.505059614023793
2010-04-27,49.420817795791535
2010-04-28,66.82296936546615
2010-04-29,105.11487652493298
2010-05-02,99.32227432413185
2010-05-03,70.08066793098473
2010-05-04,66.23430915768498
2010-05-05,42.68309535016064
2010-05-06,8.677849762245302
2010-05-09,-12.523892395219605
2010-05-10,-27.714205268103463
2010-05-11,-22.650095079238007
2010-05-12,-10.491511377026164
2010-05-13,5.119243818458131
2010-05-16,-16.75447878768079
2010-05-17,-19.262886067069257
2010-05-18,-39.943073536570296
2010-05-19,-45.83144168126037
2010-05-20,-23.663819961117937
2010-05-23,-17.769543269865146
2010-05-24,1.314174145159745
2010-05-25,9.98600598160039
2010-05-26,33.32264670521475
2010-05-27,82.01834105582262
2010-05-30,61.142953093499955
2010-05-31,7.820059381908052
2010-06-01,0.9160552804102267
2010-06-02,12.076621325610844
2010-06-03,5.890000542518045
2010-06-06,-44.12230532806763
2010-06-07,-29.22212530687245
2010-06-08,-17.372818630583403
2010-06-09,22.656770969658876
2010-06-10,112.15319610095665
2010-06-13,169.56833870579214
2010-06-14,179.52178803168647
2010-06-15,151.00738696809452
2010-06-16,153.90617361173958
2010-06-17,126.66601485110155
2010-06-20,129.68575118951907
2010-06-21,121.24616712585959
2010-06-22,118.23670511296646
2010-06-23,101.84780332978485
2010-06-24,94.98474526899543
2010-06-27,77.16868306234858
2010-06-28,43.63507552078798
2010-06-29,11.121701892380713
2010-06-30,-8.330499317205337
2010-07-01,-30.831344147849634
2010-07-04,-57.08027715551182
2010-07-05,-30.06648280360173
2010-07-06,93.80383553052096
2010-07-07,206.78298345497348
2010-07-08,143.67170743507918
2010-07-11,109.22555495377466
2010-07-12,104.5367385321627
2010-07-13,98.43663430041389
2010-07-14,125.87208389303123
2010-07-15,119.11802067840651
2010-07-18,95.31219309177897
2010-07-19,113.19777007068646
2010-07-20,98.67834862999885
2010-07-21,134.48461519846597
2010-07-22,117.08450551854426
2010-07-25,118.61422012406916
2010-07-26,101.56756644905596
2010-07-27,64.58195317003205
2010-07-28,75.66097585909205
2010-07-29,70.7228877132992
2010-08-01,80.38825744783082
2010-08-02,90.1312628039677
2010-08-03,91.28912584396818
2010-08-04,77.32899005025817
2010-08-05,35.33132583674882
2010-08-08,78.35600150154514
2010-08-09,84.26125823850879
2010-08-10,89.37862619440574
2010-08-11,69.80072755112732
2010-08-12,50.95726139960706
2010-08-15,20.58742082335982
2010-08-16,29.110090104446797
2010-08-17,25.495870318746086
2010-08-18,-8.541531582164026
2010-08-19,-7.491764917214141
2010-08-22,17.34072643281742
2010-08-23,67.64684046899464
2010-08-24,89.1175812878951
2010-08-25,102.9497882465825
2010-08-26,89.6757431522909
2010-08-29,116.06339885084611
2010-08-30,117.32640199908624
2010-08-31,120.4472720307705
2010-09-01,121.43910667897296
2010-09-02,113.9374920851763
2010-09-05,84.39014012185575
2010-09-06,61.346059630491254
2010-09-07,59.70319990942204
2010-09-08,47.56340292813945
2010-09-09,50.286156583195606
2010-09-12,68.98519074459361
2010-09-13,86.86378943902844
2010-09-14,105.88234834983808
2010-09-15,100.50058269926492
2010-09-16,75.38175845701369
2010-09-19,89.46219081298361
2010-09-20,97.70610970217922
2010-09-21,84.01668507522481
2010-09-22,81.93683383968698
2010-09-23,81.25996933222547
2010-09-26,87.65642399681738
2010-09-27,92.57007715679612
2010-09-28,96.97294688570676
2010-09-29,111.23374173226532
2010-09-30,96.5155820736774
2010-10-03,76.06641587922724
2010-10-04,45.27015497999804
2010-10-05,21.705975801527757
2010-10-06,6.326704574664603
2010-10-07,76.92237065169974
2010-10-10,107.98729785966117
2010-10-11,117.01974765069292
2010-10-12,121.24172528423196
2010-10-13,99.84880482121756
2010-10-14,91.06289128836076
2010-10-17,96.17611694741197
2010-10-18,102.8631907286952
2010-10-19,82.43114538652065
2010-10-20,101.40482620989195
2010-10-21,88.91913866588914
2010-10-24,102.04585077877883
2010-10-25,104.31218837966787
2010-10-26,108.58970826832291
2010-10-27,31.309680933361108
2010-10-28,6.125560419319385
2010-11-01,27.18290526669898
2010-11-02,17.27324157607822
2010-11-03,59.362883152382636
2010-11-04,92.97546856982333
2010-11-05,114.12585790243776
2010-11-08,114.89419256856584
2010-11-09,107.31450346668356
2010-11-10,89.65111106390282
2010-11-11,27.923914606639556
2010-11-12,-21.93232698370754
2010-11-15,-15.304046469750745
2010-11-16,-31.63425255385294
2010-11-17,-21.176634465300204
2010-11-18,16.204978270076765
2010-11-19,53.52589320378213
2010-11-22,94.11273415702964
2010-11-23,109.26263467614783
2010-11-24,48.49744225125093
2010-11-25,21.80697777271172
2010-11-26,-3.1074679362206155
2010-11-29,-20.011737182505613
2010-11-30,-29.699932792714485
2010-12-01,-15.372646016808059
2010-12-02,0.38895844641052335
2010-12-03,1.64345220785113
2010-12-06,70.47257093099239
2010-12-07,103.43151529606753
2010-12-08,114.3892367341613
2010-12-09,97.6847843332084
2010-12-10,109.84998399473888
2010-12-13,112.30807375279807
2010-12-14,109.4028840805052
2010-12-15,106.98490130765117
2010-12-16,26.74658358655509
2010-12-17,11.334661083164036
2010-12-20,30.613540340779934
2010-12-21,69.52153499870514
2010-12-22,101.03450219764136
2010-12-23,99.28017494667853
2010-12-24,103.5817649620731
2010-12-27,92.15243119010432
2010-12-28,89.87079031268496
2010-12-29,86.96609663122351
2010-12-30,113.97074237441524
2010-12-31,102.57333016222367
2011-01-03,78.88662265487417
2011-01-04,24.262387031246107
2011-01-05,-2.705112424423959
2011-01-06,-11.272510681257941
2011-01-07,-18.215492130844723
2011-01-10,-28.846917433016138
2011-01-11,-18.398558527164774
2011-01-12,-30.63441272572191
2011-01-13,-11.735510247494549
2011-01-14,16.567565308044983
2011-01-17,5.776695197885132
2011-01-18,11.640901311432845
2011-01-19,65.4757822093068
2011-01-20,103.91633156515083
2011-01-21,70.05125556706425
2011-01-24,52.150812992242095
2011-01-25,81.78537260621182
2011-01-26,102.69171880333062
2011-01-27,124.81849714408204
2011-01-28,66.80780937331244
2011-01-31,70.40084911177726
2011-02-01,97.09876188024757
2011-02-02,123.06104240275647
2011-02-03,107.32211655508809
2011-02-04,109.75487835680727
2011-02-07,75.88369401758092
2011-02-08,80.6023188440287
2011-02-09,125.07250167352379
2011-02-10,112.89888960241927
2011-02-11,62.353163442626936
2011-02-14,-12.19919194079884
2011-02-15,-23.150611652655527
2011-02-16,-31.87406862038239
2011-02-17,-29.724286111967984
2011-02-18,12.385444615435347
2011-02-21,50.55520528562474
2011-02-22,39.961487554856774
2011-02-23,35.58885507700501
2011-02-24,43.95836164326549
2011-02-25,61.64549199395617
2011-02-28,61.728288865681634
2011-03-01,34.80340719836826
2011-03-02,4.873854403187281
2011-03-03,-1.598666702870652
2011-03-04,-5.853133842265116
2011-03-07,0.9187178795894297
2011-03-08,2.9239604952688936
2011-03-09,-1.6142391603684985
2011-03-10,-15.025009653576
2011-03-11,-28.340315275521245
2011-03-14,26.065372257424592
2011-03-15,44.18447601583738
2011-03-16,25.5649485006807
2011-03-17,16.616987679500575
2011-03-18,-13.069143581099553
2011-03-21,66.03989733264866
2011-03-22,104.81776610282205
2011-03-23,122.06231854084407
2011-03-24,127.36019412993039
2011-03-25,124.91620108416464
2011-03-27,121.3934718363511
2011-03-28,109.86028741827099
2011-03-29,103.50710294247835
2011-03-30,96.67064002690464
2011-03-31,87.9265636468406
2011-04-03,72.66306436874447
2011-04-04,63.93275933554298
2011-04-05,-48.683369550895165
2011-04-06,-13.084652982458906
2011-04-07,56.85817412129859
2011-04-10,107.83724490035054
2011-04-11,81.71985679816302
2011-04-12,78.71076234267844
2011-04-13,96.10893588936821
2011-04-17,95.03563079165929
2011-04-18,79.28802470259916
2011-04-19,33.39961561532746
2011-04-20,75.01499138760144
2011-04-21,103.3095277610594
2011-04-24,122.02207057052306
2011-04-25,119.27592718938163
2011-04-26,95.81329916313098
2011-04-27,97.92857222860547
2011-04-28,102.96219608056754
2011-05-01,94.83267478755124
2011-05-02,109.25082104651051
2011-05-03,79.8549702293642
2011-05-04,44.54587617879096
2011-05-05,0.9555392268054561
2011-05-08,9.178644757008612
2011-05-09,77.49043867152184
2011-05-10,85.81054948725125
2011-05-11,22.839750915989512
2011-05-12,-16.356628790009836
2011-05-15,-66.32415947356854
2011-05-16,-27.2418461644875
2011-05-17,17.117028184747973
2011-05-18,17.72320888690652
2011-05-19,29.963443173135268
2011-05-22,80.68555314245037
2011-05-23,17.589406524749762
2011-05-24,18.90939813521897
2011-05-25,8.42512166475737
2011-05-26,81.59700608526711
2011-05-29,115.9106823017936
2011-05-30,126.48228844617734
2011-05-31,69.46127530268271
2011-06-01,65.893845818332
2011-06-02,72.0695826640489
2011-06-05,87.76823273631109
2011-06-06,97.78234715992679
2011-06-07,60.28786749044701
2011-06-08,35.94870660113344
2011-06-09,-1.6916137478195594
2011-06-12,-14.52609812963864
2011-06-13,-6.412975827180361
2011-06-14,0.5263007271654345
2011-06-15,1.4143542979345654
2011-06-16,16.955525843687425
2011-06-19,79.5774599760447
2011-06-20,94.84761737611572
2011-06-21,23.980298422807877
2011-06-22,8.573664144927818
2011-06-23,16.8283243613528
2011-06-26,56.91585291367508
2011-06-27,48.8535856706705
2011-06-28,74.41843974093214
2011-06-29,96.47310015630023
2011-06-30,93.11747215970632
2011-07-03,91.1365936821119
2011-07-04,68.13474874386534
2011-07-05,-11.59798722175897
2011-07-06,-3.944347081025697
2011-07-07,9.977219595043522
2011-07-10,16.093107930986193
2011-07-11,14.447739474290273
2011-07-12,-94.11585697096936
2011-07-13,-23.339633269359112
2011-07-14,19.195287856302482
2011-07-17,4.887863218806686
2011-07-18,9.115643765686915
2011-07-19,21.61145764662497
2011-07-20,25.159900602287944
2011-07-21,44.436054185402625
2011-07-24,86.84311363222844
2011-07-25,93.76399154313796
2011-07-26,97.87822432404832
2011-07-27,118.77552222444652
2011-07-28,117.73427134327775
2011-07-31,123.51164345174763
2011-08-01,117.67397996221857
2011-08-02,63.794902599433755
2011-08-03,37.32959203523282
2011-08-04,-10.015382641708399
2011-08-07,-16.138040816683258
2011-08-08,-43.979680775724056
2011-08-09,-26.311094281828996
2011-08-10,-35.59274083911726
2011-08-11,-10.927268312883466
2011-08-14,50.183093714940995
2011-08-15,105.54900444382926
2011-08-16,132.6590379178167
2011-08-17,151.72601074363757
2011-08-18,132.28176698362853
2011-08-21,124.30987888759597
2011-08-22,122.10265458284448
2011-08-23,138.88020566779338
2011-08-24,96.80852040419137
2011-08-25,53.31069489180635
2011-08-28,91.76113175973015
2011-08-29,97.4472765124869
2011-08-30,106.1256575873995
2011-08-31,105.6797820522209
2011-09-01,101.12672092719941
2011-09-04,101.13519985550428
2011-09-05,79.66997114082568
2011-09-06,27.346421048373458
2011-09-07,72.10014552965555
2011-09-08,103.42293219581751
2011-09-11,59.710844275797456
2011-09-12,11.181737123839838
2011-09-13,-26.88967859510751
2011-09-14,-31.39649451328853
2011-09-15,-31.09181267583608
2011-09-18,-22.97794662560259
2011-09-19,-25.669330322742603
2011-09-20,0.6629017879070211
2011-09-21,-0.7712246816347523
2011-09-22,-29.60101392913989
2011-09-25,-12.455666391305716
2011-09-26,-20.667541748838673
2011-09-27,0.886593436646276
2011-09-28,-6.153991192813236
2011-09-29,29.313197761103957
2011-10-02,71.62455832872503
2011-10-03,35.15216959191518
2011-10-04,45.99055771909763
2011-10-05,29.5877808573973
2011-10-06,64.53973049296232
2011-10-09,100.9457499820264
2011-10-10,121.83387710637246
2011-10-11,123.56478706479888
2011-10-12,114.94980959953975
2011-10-13,118.80168096389735
2011-10-16,123.32577251039754
2011-10-17,114.09843621384394
2011-10-18,110.65400819499649
2011-10-19,117.35895408831925
2011-10-20,103.47131943702294
2011-10-23,102.99187352799282
2011-10-24,61.44820948331471
2011-10-25,74.07251544109101
2011-10-26,28.492841701708073
2011-10-27,64.16011813144277
2011-10-31,80.00087889081811
2011-11-01,58.62012126895746
2011-11-02,42.68425098720306
2011-11-03,-24.85236247531772
2011-11-04,-21.27639512658935
2011-11-07,15.503793966016588
2011-11-08,3.7969340171783728
2011-11-09,-10.739079619060007
2011-11-10,-12.568722963569918
2011-11-11,-39.474679972155876
2011-11-14,-0.5769570763485454
2011-11-15,-3.888103012387809
2011-11-16,-5.970966525115639
2011-11-17,-15.701846155576867
2011-11-18,-22.878507497057115
2011-11-21,-12.64396435863057
2011-11-22,-11.878665555472855
2011-11-23,-9.319323688437168
2011-11-24,-23.331001788244897
2011-11-25,-24.143344281166527
2011-11-28,4.963401589434529
2011-11-29,42.191720133785324
2011-11-30,126.05948948832246
2011-12-01,166.73402819610283
2011-12-02,143.52879245631954
2011-12-05,145.1830133475264
2011-12-06,148.27693758084433
2011-12-07,110.19830851416106
2011-12-08,97.1539014019076
2011-12-09,119.4943146593314
2011-12-12,118.09694499285675
2011-12-13,-118.47179059915861
2011-12-14,-189.24100148827813
2011-12-15,-124.92115689741406
2011-12-16,-101.51904098894457
2011-12-19,-11.956568476695054
2011-12-20,-12.397820114844553
2011-12-21,86.25830254534993
2011-12-22,109.06344915183169
2011-12-23,113.04494623061609
2011-12-26,106.31212754763126
2011-12-27,102.55523251621125
2011-12-28,76.44831362152917
2011-12-29,51.78332889302909
2011-12-30,31.566483976370606
2012-01-02,77.25419277991399
2012-01-03,104.09070134167851
2012-01-04,121.37737447200465
2012-01-05,124.86814510822563
2012-01-06,112.19748839585617
2012-01-09,124.74921878932088
2012-01-10,115.37485282511787
2012-01-11,92.92989604847327
2012-01-12,99.67664820065491
2012-01-13,102.11018652161732
2012-01-16,111.19865721081689
2012-01-17,86.25607532545104
2012-01-18,86.38453626441475
2012-01-19,89.73480786698474
2012-01-20,84.38240245484178
2012-01-23,94.58141270875899
2012-01-24,87.88620652448463
2012-01-25,63.24757869131324
2012-01-26,84.40616259408074
2012-01-27,96.57811201016256
2012-01-30,108.76049792552922
2012-01-31,90.60447815896708
2012-02-01,97.60262167474701
2012-02-02,100.06048341832519
2012-02-03,95.7949387226954
2012-02-06,72.80376491308849
2012-02-07,56.534090846888176
2012-02-08,86.58561310991524
2012-02-09,104.97817878360559
2012-02-10,88.22361415594736
2012-02-13,73.45898924268374
2012-02-14,57.52370096074384
2012-02-15,14.095938130741303
2012-02-16,-2.0476778297514215
2012-02-17,-5.728653761362111
2012-02-20,2.656606005293284
2012-02-21,-12.212455855161615
2012-02-22,-18.113053961689843
2012-02-23,-30.07506727456345
2012-02-24,51.21136105644866
2012-02-27,83.88079125896128
2012-02-28,130.82191318785667
2012-02-29,144.36496264267942
2012-03-01,48.13870079144775
2012-03-02,25.92145739742365
2012-03-05,-12.365137044702905
2012-03-06,-27.867604910929927
2012-03-07,-21.15154051706341
2012-03-08,-30.054193768279376
2012-03-09,-15.41729514145014
2012-03-12,-10.242767979033111
2012-03-13,-8.529833423686423
2012-03-14,-9.451428821481796
2012-03-15,-27.17405123262821
2012-03-16,-7.127645584512074
2012-03-19,52.44095402558996
2012-03-20,58.0029846822421
2012-03-21,24.954319898177637
2012-03-22,-6.141695653788531
2012-03-23,-10.037032631015276
2012-03-25,40.996570481999846
2012-03-26,53.283633099078415
2012-03-27,25.659539514770756
2012-03-28,8.062106322535442
2012-03-29,-36.34417546233726
2012-04-01,14.425014399236787
2012-04-02,-14.073318635063526
2012-04-03,-9.511787904725807
2012-04-04,3.436604527341933
2012-04-05,3.6032767361969675
2012-04-08,25.457048320469934
2012-04-09,42.98027578179854
2012-04-10,55.548299022289946
2012-04-11,99.36636899075354
2012-04-12,144.62328141964548
2012-04-15,132.36571505452983
2012-04-16,133.7402562933651
2012-04-17,85.61937834568405
2012-04-18,37.65842487178281
2012-04-19,25.233092661497906
2012-04-22,43.16094843501753
2012-04-23,16.74592132504469
2012-04-24,5.8431034671110496
2012-04-25,-4.739652419862182
2012-04-26,13.25949129760697
2012-04-29,50.115161572725455
2012-04-30,91.65073895721306
2012-05-01,45.77625194979214
2012-05-02,26.27387539400179
2012-05-03,3.8119357695235863
2012-05-06,-24.707912362285494
2012-05-07,-21.027557990658217
2012-05-08,-20.245725457597317
2012-05-09,-27.94494965779393
2012-05-10,8.356003895961049
2012-05-13,1.4810362932251468
2012-05-14,-5.088027735140281
2012-05-15,2.5014468934372047
2012-05-16,32.30543096345569
2012-05-17,70.04170718967012
2012-05-20,74.0261115573252
2012-05-21,120.42742025704881
2012-05-22,53.29444654860501
2012-05-23,14.5863523446682
2012-05-24,30.24135484561019
2012-05-27,77.73170219331138
2012-05-28,100.62243266025764
2012-05-29,101.86689640726368
2012-05-30,47.06715660463843
2012-05-31,56.433517643836936
2012-06-03,81.05628979600357
2012-06-04,98.14650259545542
2012-06-05,113.99380985560299
2012-06-06,121.2769665987378
2012-06-07,117.33223694824903
2012-06-10,111.63605779276605
2012-06-11,99.35939537281462
2012-06-12,98.49589655620525
2012-06-13,105.9812855086908
2012-06-14,103.49888220900857
2012-06-17,93.77498243005073
2012-06-18,92.09496901918493
2012-06-19,93.31454117835881
2012-06-20,108.05217117067389
2012-06-21,86.77680404076486
2012-06-24,54.52408929849369
2012-06-25,39.26616085020822
2012-06-26,3.6736665609464865
2012-06-27,14.065481983355255
2012-06-28,61.6631952037786
2012-07-01,92.20092153171106
2012-07-02,97.61586485293398
2012-07-03,100.55234837249395
2012-07-04,95.87998576873389
2012-07-05,105.71336480866842
2012-07-08,85.46304402870535
2012-07-09,70.01440879218154
2012-07-10,63.40153715697406
2012-07-11,147.56010995028623
2012-07-12,20.271758603839743
2012-07-15,9.835413538474995
2012-07-16,31.065463358166568
2012-07-17,70.20136009606557
2012-07-18,89.71362035738866
2012-07-19,105.83808120343525
2012-07-22,103.11647132354852
2012-07-23,84.27575143170944
2012-07-24,67.0677604694402
2012-07-25,66.39142502189912
2012-07-26,83.43745656479976
2012-07-29,102.3868258726402
2012-07-30,78.36150575218667
2012-07-31,73.86359755362608
2012-08-01,72.93178113747715
2012-08-02,90.77942437351979
2012-08-05,110.10766789198198
2012-08-06,111.49980396204353
2012-08-07,27.160276905545913
2012-08-08,-21.843293998776588
2012-08-09,-26.021674282403694
2012-08-12,-36.21154853961313
2012-08-13,-33.19443070753637
2012-08-14,-23.355843988896105
2012-08-15,-18.355194305178237
2012-08-16,-13.061821598470502
2012-08-19,-19.22243000290044
2012-08-20,-14.574245388001009
2012-08-21,5.332951947533616
2012-08-22,55.25103224601411
2012-08-23,56.92677570288136
2012-08-26,40.91485874168919
2012-08-27,34.30359172923188
2012-08-28,22.269752060582555
2012-08-29,7.628246280687968
2012-08-30,-0.7196056518583731
2012-09-02,-2.521538995059416
2012-09-03,-13.266114903368429
2012-09-04,-10.60740617235838
2012-09-05,-1.0206210434166785
2012-09-06,11.208610560830005
2012-09-09,30.93460825563884
2012-09-10,22.303233886032398
2012-09-11,53.30479046625641
2012-09-12,114.48063783111985
2012-09-13,114.52019638566084
2012-09-16,130.98862232520142
2012-09-17,118.8596684032596
2012-09-18,91.09784284635634
2012-09-19,91.7681095816836
2012-09-20,63.00966675042045
2012-09-23,34.78450294825703
2012-09-24,8.871821943604502
2012-09-25,-20.314487942424293
2012-09-26,49.44617534650469
2012-09-27,112.8061239925871
2012-09-30,74.62999377128702
2012-10-01,25.884308347495647
2012-10-02,-0.463257600851648
2012-10-03,6.20580407047396
2012-10-04,3.470517947602758
2012-10-07,-16.722947443547646
2012-10-08,-17.486472764944626
2012-10-09,-11.716643974245393
2012-10-10,15.416455282656159
2012-10-11,34.82426224483674
2012-10-14,52.94531384463812
2012-10-15,74.06338083384733
2012-10-16,104.5093503718131
2012-10-17,109.18929884578158
2012-10-18,107.81413526459566
2012-10-21,109.83591170565009
2012-10-22,111.23539407338816
2012-10-23,91.03746660821605
2012-10-24,102.29787843640042
2012-10-25,107.68669137695801
2012-10-29,112.53549117853643
2012-10-30,109.06353431655322
2012-10-31,104.50952876417745
2012-11-01,109.50114754975576
2012-11-02,110.82966180955583
2012-11-05,65.20902394868716
2012-11-06,49.156831529795085
2012-11-07,48.666662560417535
2012-11-08,73.06832098588976
2012-11-09,101.79749481186633
2012-11-12,106.36434726065264
2012-11-13,102.32527706992698
2012-11-14,121.89658340289157
2012-11-15,96.41205414678319
2012-11-16,23.10540759676627
2012-11-19,2.331966768197219
2012-11-20,1.3552053572768443
2012-11-21,-11.318246893409295
2012-11-22,-27.37839361682923
2012-11-23,-17.4074353766258
2012-11-26,37.2921939628969
2012-11-27,97.31298311467881
2012-11-28,104.61299531447924
2012-11-29,117.78504121935497
2012-11-30,61.477770745212666
2012-12-03,37.42699024055963
2012-12-05,105.47065172724365
2012-12-06,47.26977238032367
2012-12-07,67.8598565017625
2012-12-10,-13.931148223841433
2012-12-11,-51.149091512360144
2012-12-12,37.51601867358842
2012-12-13,70.40043802251222
2012-12-14,43.19192001054823
2012-12-17,93.49035204801169
2012-12-18,59.146096911751044
2012-12-19,33.75069086386921
2012-12-20,-10.991314233016084
2012-12-21,-18.882657083645235
2012-12-24,-13.976453791017171
2012-12-25,-50.94741441431357
2012-12-26,-37.083789380938256
2012-12-27,-14.256779078295757
2012-12-28,17.319281632615336
2012-12-31,58.08499940427134
2013-01-01,55.834631105472766
2013-01-02,72.52021889517762
2013-01-03,112.02702460641639
2013-01-04,112.34103179306167
2013-01-07,122.7218505489418
2013-01-08,139.4621550472516
2013-01-09,142.66322448609804
2013-01-10,134.4541676241111
2013-01-11,144.5864859834856
2013-01-14,115.28168856209857
2013-01-15,114.08550079914511
2013-01-16,105.06706378555816
2013-01-17,115.97393751482986
2013-01-18,73.39220040441646
2013-01-21,75.12626574035431
2013-01-22,76.44344786702749
2013-01-23,58.26443091769826
2013-01-24,83.10772539765003
2013-01-25,59.88501968020623
2013-01-28,62.06711929281252
2013-01-29,57.54853884808392
2013-01-30,55.216245772079105
2013-01-31,15.636496474815829
2013-02-01,-17.94752506387826
2013-02-04,-22.584241775366365
2013-02-05,-7.689817344221041
2013-02-06,-17.75837179715314
2013-02-07,-15.802559726891044
2013-02-08,-18.078275054098146
2013-02-11,23.91446164661238
2013-02-12,32.87418057011483
2013-02-13,62.192203777257845
2013-02-14,89.37126008327891
2013-02-15,99.19669912393427
2013-02-18,111.73740106815657
2013-02-19,111.95650646871377
2013-02-20,123.73060460668205
2013-02-21,96.03081808350595
2013-02-22,81.45488608420197
2013-02-25,92.0427231043767
2013-02-26,100.14620211503478
2013-02-27,85.22868411802304
2013-02-28,66.62229350741637
2013-03-01,83.83587897987292
2013-03-04,48.737773325826765
2013-03-05,33.70953814609294
2013-03-06,37.91695700289725
2013-03-07,55.709770280220184
2013-03-08,71.35583967720532
2013-03-11,37.15703303637636
2013-03-12,48.53564848847947
2013-03-13,84.1040580650241
2013-03-14,95.81260463112025
2013-03-15,114.68619023438353
2013-03-18,105.60733752992596
2013-03-19,96.4265771908301
2013-03-20,100.72256377021012
2013-03-21,104.81309075620882
2013-03-22,103.70798348700279
2013-03-25,93.2608735904978
2013-03-26,91.8244645184487
2013-03-27,59.961882235617054
2013-03-28,11.195649817277712
2013-03-29,-21.39214695577978
2013-03-31,-27.50599361426994
2013-04-01,-12.107124429093815
2013-04-02,-4.8882523391385035
2013-04-03,1.1329384657963502
2013-04-04,-14.566355001857847
2013-04-07,-71.90523119385944
2013-04-08,6.212543094597784
2013-04-09,82.80834194036248
2013-04-10,138.40346255128662
2013-04-11,130.0094022148044
2013-04-14,135.00141109242657
2013-04-15,58.99879596792337
2013-04-16,48.08615000235051
2013-04-17,11.224211277875696
2013-04-18,-23.596054036538895
2013-04-21,-43.53335057442436
2013-04-22,-29.94497163197735
2013-04-23,-12.34506615373007
2013-04-24,1.195676219258612
2013-04-25,-1.1618549920837324
2013-04-28,-35.626205197512455
2013-04-29,-4.847356270957798
2013-04-30,1.052793461082822
2013-05-01,5.851283467409044
2013-05-02,10.51346532203738
2013-05-05,21.274510432164227
2013-05-06,16.97115847207079
2013-05-07,7.143842779842156
2013-05-08,-1.1650315137106269
2013-05-09,-4.844515113433399
2013-05-12,-0.8116943829015657
2013-05-13,-7.046799694032545
2013-05-14,-3.962427120780843
2013-05-15,-5.571792373022387
2013-05-16,-3.1081088423058842
2013-05-19,10.718890502774622
2013-05-20,21.785720356319196
2013-05-21,63.76994213850334
2013-05-22,49.70916889617467
2013-05-23,0.34222409458184444
2013-05-26,-25.381393430310226
2013-05-27,-24.482608816578832
2013-05-28,-20.358879271483406
2013-05-29,-10.862962015622996
2013-05-30,-11.006150823225841
2013-06-02,-8.88277330908964
2013-06-03,193.60782157320844
2013-06-04,133.72884579422788
2013-06-05,63.36245648059659
2013-06-06,49.102561516539566
2013-06-09,7.571558972400339
2013-06-10,-4.191939767195166
2013-06-11,-9.9674996732546
2013-06-12,-1.9948800954521673
2013-06-13,28.571737938023198
2013-06-16,41.76462365449592
2013-06-17,62.171654725175244
2013-06-18,64.90048925041683
2013-06-19,11.088426488153289
2013-06-20,-11.750682068032859
2013-06-23,34.665709873639436
2013-06-24,76.94684799804332
2013-06-25,104.29355758586044
2013-06-26,114.56183636975166
2013-06-27,118.19221289533006
2013-06-30,57.448119569416505
2013-07-01,76.67389311966215
2013-07-02,50.24252729568863
2013-07-03,-35.05738063191372
2013-07-04,-28.856176120142933
2013-07-07,-47.99689958272802
2013-07-08,-9.210226119450518
2013-07-09,42.3663031458473
2013-07-10,43.256802084791005
2013-07-11,16.864721695798224
2013-07-14,-18.895309419520924
2013-07-15,-2.689709050660575
2013-07-16,70.87351450760029
2013-07-17,118.32830550390634
2013-07-18,88.55523225826757
2013-07-21,81.12367037393174
2013-07-22,113.64280472320479
2013-07-23,119.5091790607085
2013-07-24,22.190979675777896
2013-07-25,32.32407848674677
2013-07-28,40.35116800274572
2013-07-29,-1.8755762521785044
2013-07-30,-7.911202198922695
2013-07-31,-21.311899228401764
2013-08-01,-13.92593830788158
2013-08-04,-7.907269106329416
2013-08-05,-8.447349742793975
2013-08-06,17.693811922701503
2013-08-07,58.24933393740425
2013-08-08,99.1420032165598
2013-08-11,127.62946516521066
2013-08-12,120.6276272421668
2013-08-13,118.07960926739383
2013-08-14,130.5031014394898
2013-08-15,95.40709618515649
2013-08-18,138.58138163140632
2013-08-19,63.59913481813206
2013-08-20,14.798925314764858
2013-08-21,-38.67433378232718
2013-08-22,42.385640639246034
2013-08-25,82.72608719340715
2013-08-26,80.77649117564468
2013-08-27,16.171898316989342
2013-08-28,-13.409836578714192
2013-08-29,-8.448214829957521
2013-09-01,5.516273553434601
2013-09-02,82.02362650755742
2013-09-03,113.52007320483327
2013-09-04,136.1976391121516
2013-09-05,123.89066693383637
2013-09-08,115.3286348309322
2013-09-09,108.66769684812795
2013-09-10,113.83812534520948
2013-09-11,114.51504671118948
2013-09-12,60.19663430641711
2013-09-15,67.85090564215687
2013-09-16,82.34462413580758
2013-09-17,90.78418588931473
2013-09-18,133.65146617052048
2013-09-19,143.8411005960014
2013-09-22,131.28443889300877
2013-09-23,129.19433404942563
2013-09-24,113.3830763791517
2013-09-25,95.17081277606911
2013-09-26,61.25115340648722
2013-09-29,-26.714357936774235
2013-09-30,-25.809970621546
2013-10-01,95.21406689044622
2013-10-02,110.8537245328657
2013-10-03,104.38926898082522
2013-10-06,110.51003079200956
2013-10-08,104.0222585784291
2013-10-09,115.65546712227865
2013-10-10,112.58313332060203
2013-10-13,80.5898833095099
2013-10-14,82.63523903429714
2013-10-15,103.58805310070784
2013-10-16,95.82614868505274
2013-10-17,104.12630824112671
2013-10-20,110.0130025823035
2013-10-21,108.87161826149716
2013-10-22,103.26360011498718
2013-10-23,108.97108409118596
2013-10-24,111.11802888309063
2013-10-28,111.98408433026901
2013-10-29,71.11462753306245
2013-10-30,-1.6195076061716236
2013-10-31,-31.154272745788475
2013-11-01,-44.01558175171855
2013-11-04,-51.03312115650277
2013-11-05,-19.494530347739463
2013-11-06,9.214447933258676
2013-11-07,30.728367682978856
2013-11-08,13.199657868038187
2013-11-11,-1.2301113079097377
2013-11-12,-4.995383545534974
2013-11-13,-9.009789446965325
2013-11-14,1.1723899496685775
2013-11-15,-11.898088696401732
2013-11-18,-0.49363421742772573
2013-11-19,6.119423360084857
2013-11-20,142.7160781313193
2013-11-21,58.25771768204997
2013-11-22,1.187151311157514
2013-11-25,-17.959889549959275
2013-11-26,-17.383715842263108
2013-11-27,-14.207746659875598
2013-11-28,-9.922616471296458
2013-11-29,-9.155027447320776
2013-12-02,22.435311908550645
2013-12-03,81.49829056141093
2013-12-04,137.8036443898033
2013-12-05,84.8110926837289
2013-12-06,66.5401376439385
2013-12-09,105.89026459932833
2013-12-10,75.33211602637704
2013-12-11,107.79179753106047
2013-12-12,36.22093508254741
2013-12-13,-4.76708583839968
2013-12-16,-18.639792591360674
2013-12-17,-21.819026369033367
2013-12-18,-23.334117204937296
2013-12-19,-13.7666767693268
2013-12-20,-15.16397158439492
2013-12-23,4.375395146623195
2013-12-24,24.908863292349615
2013-12-25,62.52492877876952
2013-12-26,71.38831887196878
2013-12-27,45.99968259367923
2013-12-30,56.88334037286717
2013-12-31,80.02574609881584
2014-01-01,53.055543771194294
2014-01-02,38.3883196942557
2014-01-03,85.84610540806206
2014-01-06,97.77927207232445
2014-01-07,101.51180054364258
2014-01-08,96.49415269825607
2014-01-09,99.11264747025024
2014-01-10,87.12236346994746
2014-01-13,102.59014783248438
2014-01-14,113.81175857540694
2014-01-15,109.24608192246711
2014-01-16,89.55785038108391
2014-01-17,45.26001022802481
2014-01-20,-8.422054197046634
2014-01-21,-23.08143191564578
2014-01-22,-20.2079411317697
2014-01-23,53.429898673885106
2014-01-24,57.05171231702198
2014-01-27,4.809936490241327
2014-01-28,24.04730643110588
2014-01-29,80.69216325215116
2014-01-30,101.60074770640591
2014-01-31,127.1519162779961
2014-02-03,94.39362914973816
2014-02-04,64.2735093483945
2014-02-05,95.02733800018854
2014-02-06,95.59206552273167
2014-02-07,96.70727023678023
2014-02-10,82.22282816647183
2014-02-11,81.41989515880525
2014-02-12,96.17524716783203
2014-02-13,99.05681456929739
2014-02-14,27.569170991723496
2014-02-17,80.45613830591901
2014-02-18,62.739603801169125
2014-02-19,22.531517813417963
2014-02-20,94.34334758074175
2014-02-21,101.1156732963909
2014-02-24,88.1000881195746
2014-02-25,90.79378816530306
2014-02-26,87.32827420579125
2014-02-27,82.86389087248364
2014-02-28,72.9572624442346
2014-03-03,3.8916180016618114
2014-03-04,-8.171255302966642
2014-03-05,10.353852614560083
2014-03-06,9.78983371314149
2014-03-07,44.979788394484146
2014-03-10,79.43554180033233
2014-03-11,90.32572707224958
2014-03-12,65.9367103255003
2014-03-13,70.12863253745365
2014-03-14,64.45783331323585
2014-03-17,65.20736835664025
2014-03-18,80.22731556405327
2014-03-19,93.02371125342538
2014-03-20,95.42049634898149
2014-03-21,97.29598903805405
2014-03-24,114.49937455542414
2014-03-25,112.6536278778446
2014-03-26,112.92976302722195
2014-03-27,108.59504143474865
2014-03-28,100.48878530660818
2014-03-30,100.62155873378234
2014-03-31,113.00013266808648
2014-04-01,56.03992908205126
2014-04-02,28.762504002741622
2014-04-03,0.7502820211080632
2014-04-06,8.73511769553815
2014-04-07,-27.409871923010613
2014-04-08,49.83844044066076
2014-04-09,42.45812588675271
2014-04-10,78.17401794104566
2014-04-13,95.05711955649271
2014-04-14,114.37068770161082
2014-04-15,83.86250278179443
2014-04-16,103.9630461652811
2014-04-17,76.00708030495076
2014-04-20,70.33892117666022
2014-04-21,43.73279494894393
2014-04-22,111.80366549211439
2014-04-23,32.39358485384156
2014-04-24,-27.777931609529375
2014-04-27,-35.9949165690969
2014-04-28,-12.674561529525356
2014-04-29,-23.950544113689805
2014-04-30,-14.704384565856376
2014-05-01,-5.0969371579651614
2014-05-04,15.793633562254414
2014-05-05,24.682514827632247
2014-05-06,41.2004997033409
2014-05-07,24.669363486849342
2014-05-08,13.670036885345809
2014-05-11,77.92538700404302
2014-05-12,108.81071416620549
2014-05-13,110.16496065129674
2014-05-14,97.76572643198422
2014-05-15,66.83689385654841
2014-05-18,49.61338932109442
2014-05-19,14.898145438120252
2014-05-20,-5.441450314829538
2014-05-21,-10.212707731022434
2014-05-22,-14.857356761124322
2014-05-25,-14.169332354729878
2014-05-26,-7.6449077626729505
2014-05-27,1.580010092169708
2014-05-28,-8.4751810639956
2014-05-29,62.107805416794676
2014-06-01,91.03186097490165
2014-06-02,83.8391561254191
2014-06-03,90.31185940270952
2014-06-04,111.46614601803645
2014-06-05,110.09635137111314
2014-06-08,109.47809438498595
2014-06-09,100.45806346411047
2014-06-10,108.20129714383788
2014-06-11,99.48504503912983
2014-06-12,119.72165178461486
2014-06-15,94.66348450054315
2014-06-16,48.53663364738429
2014-06-17,-11.19391956626437
2014-06-18,15.903794184121693
2014-06-19,28.765582009553967
2014-06-22,-30.101523424090146
2014-06-23,-25.589131980589556
2014-06-24,-31.004786666600594
2014-06-25,-17.4972869413745
2014-06-26,-23.09720245845551
2014-06-29,-21.42377309688471
2014-06-30,-8.037065373956171
2014-07-01,25.610567600760675
2014-07-02,46.62227552383884
2014-07-03,14.480373263410424
2014-07-06,12.787182080401152
2014-07-07,39.08427780014651
2014-07-08,79.29516622275
2014-07-09,90.1920466513215
2014-07-10,66.76692487643375
2014-07-13,89.83013696016671
2014-07-14,99.55049181487252
2014-07-15,107.4022875307879
2014-07-16,97.53461212812365
2014-07-17,89.32510836261787
2014-07-20,109.29826020864488
2014-07-21,88.81221422241629
2014-07-22,98.76772621825864
2014-07-23,126.8493518417788
2014-07-24,78.54838755411723
2014-07-27,90.08144414151789
2014-07-28,88.39975609486027
2014-07-29,103.33174139382768
2014-07-30,100.37349710991253
2014-07-31,65.98281677713985
2014-08-03,75.63227265892533
2014-08-04,67.79881266573338
2014-08-05,81.6954578518448
2014-08-06,89.20008508445932
2014-08-07,17.98621560463593
2014-08-10,33.46126267054646
2014-08-11,-12.055474502263323
2014-08-12,-27.9588279612871
2014-08-13,-1.3958063246931545
2014-08-14,16.696201792110728
2014-08-17,14.717914356671187
2014-08-18,37.578953968554956
2014-08-19,85.23268234051005
2014-08-20,134.37015912189696
2014-08-21,121.92776894302821
2014-08-24,120.63970686231488
2014-08-25,114.79341800287654
2014-08-26,113.25804201763799
2014-08-27,34.8512196256159
2014-08-28,24.27846150182532
2014-08-31,12.975842152369168
2014-09-01,8.49602963317004
2014-09-02,4.62931697189633
2014-09-03,31.57244437491306
2014-09-04,40.756215223186075
2014-09-07,79.56189106278248
2014-09-08,118.04074634321083
2014-09-09,50.16422157908484
2014-09-10,-39.59856733051471
2014-09-11,-29.961903394561702
2014-09-14,-28.22797580968037
2014-09-15,-24.60223968088267
2014-09-16,-7.572909615499434
2014-09-17,-0.25546017660049714
2014-09-18,4.226716859957065
2014-09-21,0.8198105376369078
2014-09-22,3.3981649071598454
2014-09-23,6.992642952056965
2014-09-24,13.951085285373594
2014-09-25,4.662651892452235
2014-09-28,6.552227572166693
2014-09-29,-7.927744746018831
2014-09-30,38.465149739633645
2014-10-01,28.092260901557815
2014-10-02,72.6540813929285
2014-10-05,44.698579836350994
2014-10-06,88.10613182729267
2014-10-07,146.78123419716886
2014-10-08,152.5480313128217
2014-10-09,130.00623602761698
2014-10-12,-58.35385460098398
2014-10-13,22.27607135771754
2014-10-14,54.48522252189949
2014-10-15,107.47072667455596
2014-10-16,112.3106242134022
2014-10-19,120.8020757500019
2014-10-20,121.78733623498931
2014-10-21,71.64032880041418
2014-10-22,49.552821073732616
2014-10-23,-62.509996041311624
2014-10-27,4.514312560913623
2014-10-28,57.436439714454906
2014-10-29,72.07958424598435
2014-10-30,-37.05903705864022
2014-10-31,-6.3010802174509735
2014-11-03,13.467861805179965
2014-11-04,19.800315924768725
2014-11-05,116.51839716530027
2014-11-06,19.72026901359405
2014-11-07,-3.675048073806636
2014-11-10,-8.941015448413339
2014-11-11,0.4878628372171363
2014-11-12,36.877698163440144
2014-11-13,72.36663723124275
2014-11-14,124.27929747180892
2014-11-17,152.80576380737486
2014-11-18,115.60546578615077
2014-11-19,120.84349198352166
2014-11-20,46.690090210269915
2014-11-21,2.5853294445499273
2014-11-24,-19.130004545560624
2014-11-25,-9.256162550045786
2014-11-26,-15.611557530236894
2014-11-27,-24.773049253002167
2014-11-28,-3.7286289933384253
2014-12-01,12.776721510156797
2014-12-02,-13.378443162745608
2014-12-03,8.557941773822225
2014-12-04,-5.866189233154611
2014-12-05,-9.484802181243918
2014-12-08,-8.316275283031164
2014-12-09,0.6142189047727182
2014-12-10,-8.040215101155018
2014-12-11,19.82867945152337
2014-12-12,6.426308258699327
2014-12-15,-20.286464610492644
2014-12-16,76.01669674762641
2014-12-17,112.15306328993717
2014-12-18,14.389810676093028
2014-12-19,-7.159285560337665
2014-12-22,-6.851239266786408
2014-12-23,-8.165313556334151
2014-12-24,-6.252811517983115
2014-12-25,0.4006732617743154
2014-12-26,-0.9714087983020185
2014-12-29,17.645669623141806
2014-12-30,77.34047968950318
2014-12-31,135.4344954270993
2015-01-01,139.2268233055195
2015-01-02,129.49379821850778
2015-01-05,135.9992610541815
2015-01-06,115.80807237025934
2015-01-07,135.07080980076208
2015-01-08,105.54474878310913
2015-01-09,82.98477842979622
2015-01-12,106.63865575918004
2015-01-13,107.65107404548445
2015-01-14,112.96541272436167
2015-01-15,99.31494229516136
2015-01-16,98.64283646206198
2015-01-19,101.95446229518015
2015-01-20,79.90162429432456
2015-01-21,60.75739530251218
2015-01-22,74.42141407320213
2015-01-23,61.223247670084504
2015-01-26,19.496773472886957
2015-01-27,19.469038812665417
2015-01-28,-10.89005929708857
2015-01-29,1.3473994613495393
2015-01-30,-15.824594480545954
2015-02-02,-3.569012223144931
2015-02-03,4.0687780082198515
2015-02-04,-31.81681818484067
2015-02-05,-5.234140284501969
2015-02-06,-14.022395871471911
2015-02-09,-11.39161601496141
2015-02-10,-3.6540235040098246
2015-02-11,26.334283557675704
2015-02-12,43.309502880534225
2015-02-13,62.45580398632244
2015-02-16,54.219484616101155
2015-02-17,50.906887389120826
2015-02-18,49.84904823502373
2015-02-19,71.86521343794222
2015-02-20,80.26190539721512
2015-02-23,109.86549835070751
2015-02-24,112.29960621901863
2015-02-25,98.47135662314511
2015-02-26,96.32190472693091
2015-02-27,71.82523423794561
2015-03-02,44.791701006952565
2015-03-03,-1.502385302988472
2015-03-04,7.799646487060826
2015-03-05,-18.54830557676612
2015-03-06,-34.98815339152672
2015-03-09,-22.541230421447374
2015-03-10,-7.044366998940259
2015-03-11,-6.2991496365869
2015-03-12,-2.4522068766510046
2015-03-13,68.81742687344263
2015-03-16,89.19668649189413
2015-03-17,114.98474036458785
2015-03-18,109.34331352450074
2015-03-19,119.1257866404205
2015-03-20,85.84433730775112
2015-03-23,100.95906886111129
2015-03-24,129.20819519237045
2015-03-25,118.24664404240008
2015-03-26,85.80086419500094
2015-03-27,38.24552794035617
2015-03-29,-5.194389128038921
2015-03-30,-19.771201964680387
2015-03-31,-23.2561988234705
2015-04-01,-13.89594470977228
2015-04-02,-25.165357764123485
2015-04-05,-20.50207594955825
2015-04-06,-37.97664564536903
2015-04-07,-15.280654821005642
2015-04-08,38.25086736029113
2015-04-09,89.15632340491146
2015-04-12,97.7555809215481
2015-04-13,58.08754856618806
2015-04-14,39.77553503660813
2015-04-15,10.70536077664552
2015-04-16,15.730423447704354
2015-04-19,29.803220094492197
2015-04-20,4.593200374538718
2015-04-21,1.0064632655217807
2015-04-22,25.41453839736701
2015-04-23,8.67567219006817
2015-04-26,93.42397696299986
2015-04-27,106.05681084130748
2015-04-28,117.79581083276061
2015-04-29,113.38224029439567
2015-04-30,81.73501552629892
2015-05-03,54.9413492368145
2015-05-04,24.936555471523775
2015-05-05,44.471122833312805
2015-05-06,54.31220647314315
2015-05-07,53.11080173286339
2015-05-10,61.414955156753024
2015-05-11,53.94921782164974
2015-05-12,74.48884114523196
2015-05-13,106.08407386336694
2015-05-14,118.66528305652568
2015-05-17,94.13116746456367
2015-05-18,105.78399399549201
2015-05-19,97.99131325111446
2015-05-20,52.14794059603514
2015-05-21,39.067135293483716
2015-05-24,-19.87341008079261
2015-05-25,-10.837745379221857
2015-05-26,-22.19607673510376
2015-05-27,-14.691320388826242
2015-05-28,-21.588784417004483
2015-05-31,-19.519774932476388
2015-06-01,-6.385375160913146
2015-06-02,43.618486340835375
2015-06-03,89.28927463549172
2015-06-04,74.3403829700915
2015-06-07,27.64749660190577
2015-06-08,21.9194361481415
2015-06-09,0.10472533522217731
2015-06-10,-10.278695103259167
2015-06-11,-0.1747155974764638
2015-06-14,3.7080568713682
2015-06-15,49.080381371363686
2015-06-16,61.937560159420585
2015-06-17,-69.83685850459102
2015-06-18,17.18301923144462
2015-06-21,75.97172454935172
2015-06-22,6.826644186214317
2015-06-23,61.845384133089766
2015-06-24,83.04133160757891
2015-06-25,69.64867406797681
2015-06-28,-5.433769888953805
2015-06-29,31.426989369230824
2015-06-30,75.97524711161043
2015-07-01,107.91878275758212
2015-07-02,102.24937272610327
2015-07-05,28.275333959478843
2015-07-06,4.105811585537722
2015-07-07,1.8194561499460207
2015-07-08,-15.39914200261466
2015-07-09,-6.801878242023761
2015-07-12,-28.675743032609407
2015-07-13,-39.950079714899935
2015-07-14,1.7478893329080094
2015-07-15,78.01647289017195
2015-07-16,136.7947109196208
2015-07-19,132.17999939249646
2015-07-20,135.53310220801393
2015-07-21,131.2664535644189
2015-07-22,130.35455657504258
2015-07-23,95.45381740887294
2015-07-26,11.403570748290264
2015-07-27,-12.200810605663037
2015-07-28,-4.186008084547353
2015-07-29,-23.110029477245504
2015-07-30,-10.271130235185453
2015-08-02,46.98675177875187
2015-08-03,76.94448666464879
2015-08-04,117.31534690528534
2015-08-05,119.17392109198515
2015-08-06,100.35894281972935
2015-08-09,121.4264788676602
2015-08-10,100.81561703818028
2015-08-11,50.92150804568021
2015-08-12,10.190217745414259
2015-08-13,26.981605110340595
2015-08-16,48.52358550104768
2015-08-17,60.13239568193964
2015-08-18,24.086680051645004
2015-08-19,48.86129885792417
2015-08-20,31.421557245535283
2015-08-23,23.535468555153585
2015-08-24,-4.693138482067852
2015-08-25,-12.308322807404203
2015-08-26,-12.1204859580142
2015-08-27,-15.645935768202925
2015-08-30,-15.934322010007376
2015-08-31,-24.854922848912196
2015-09-01,-17.11203747983108
2015-09-02,11.210998366062519
2015-09-03,8.264594711969401
2015-09-06,2.933413885808216
2015-09-07,8.707481537418671
2015-09-08,27.07681281991914
2015-09-09,25.81473041880982
2015-09-10,84.72850036370563
2015-09-13,128.50914834338272
2015-09-14,165.93869949983053
2015-09-15,147.04730990307496
2015-09-16,146.75793622744598
2015-09-17,139.70891489945376
2015-09-20,153.31271000665674
2015-09-22,86.83794463948163
2015-09-23,2.035138183369213
2015-09-24,-17.850198415460696
2015-09-27,-17.189564382210136
2015-09-28,-29.223982752103844
2015-09-29,11.57156621786649
2015-09-30,-13.085635300883453
2015-10-01,-10.67220809245783
2015-10-04,-20.37465150069132
2015-10-05,-28.85035225968345
2015-10-06,19.502555128130698
2015-10-07,92.26340051313468
2015-10-08,122.03550250411169
2015-10-11,127.5891361175523
2015-10-12,154.5475384689958
2015-10-13,104.58785573562787
2015-10-14,98.42699907955458
2015-10-15,73.41838970452775
2015-10-18,8.61525309700994
2015-10-19,23.730431460831454
2015-10-20,17.637584892010125
2015-10-21,57.49982442602433
2015-10-22,44.40418077450269
2015-10-26,80.4722252937081
2015-10-27,90.40967544360744
2015-10-28,96.84588445121219
2015-10-29,35.604204445755954
2015-10-30,-1.5023327346224846
2015-11-02,-17.959551614318315
2015-11-03,-8.728089245919193
2015-11-04,5.472371502250908
2015-11-05,12.813969349045173
2015-11-06,23.245687507041886
2015-11-09,20.839413142038893
2015-11-10,22.84151106013499
2015-11-11,15.016808525571662
2015-11-12,25.480546915506253
2015-11-13,79.4054980087484
2015-11-16,95.99366657521907
2015-11-17,97.6077034728834
2015-11-18,105.94682288858296
2015-11-19,103.06846040493198
2015-11-20,105.15380524279459
2015-11-23,120.86739560249711
2015-11-24,108.12534049265255
2015-11-25,116.74506578128074
2015-11-26,116.51658843801837
2015-11-27,91.85262350539213
2015-11-30,81.44241434997213
2015-12-01,82.0502666874809
2015-12-02,89.63884341482998
2015-12-03,77.15387177284913
2015-12-04,87.09742494069047
2015-12-07,106.456363674447
2015-12-08,105.60923845140792
2015-12-09,106.80224260493432
2015-12-10,99.19585479149896
2015-12-11,140.05492145319312
2015-12-14,97.14459676456525
2015-12-15,165.0221063403659
2015-12-16,104.41709906324442
2015-12-17,101.4341162110027
2015-12-18,81.57051038325366
2015-12-21,85.74526638189113
2015-12-22,93.52420158757877
2015-12-23,106.46817318019981
2015-12-24,87.30070279920614
2015-12-25,97.54121913182232
2015-12-28,90.76338612226093
2015-12-29,81.63619816707805
2015-12-30,69.49359974784133
2015-12-31,70.91657925336602
2016-01-01,67.17468480246436
2016-01-04,61.978898967906076
2016-01-05,-3.82815657035016
2016-01-06,-30.98405412308213
2016-01-07,-32.32739460358394
2016-01-08,-50.65403339717789
2016-01-11,-51.04243119152693
2016-01-12,-17.60112105043781
2016-01-13,10.653294125163509
2016-01-14,48.01375192573033
2016-01-15,138.19648642187988
2016-01-18,146.03170797582683
2016-01-19,147.86598815667907
2016-01-20,157.24573370295536
2016-01-21,140.30806075363992
2016-01-22,105.26819366569782
2016-01-25,10.330416249578235
2016-01-26,7.797798252063501
2016-01-27,-3.066273774525513
2016-01-28,-7.414968361779941
2016-01-29,18.66103561654913
2016-02-01,2.3306599748638206
2016-02-02,21.741166636153324
2016-02-03,24.329539004350266
2016-02-04,22.794860415278933
2016-02-05,43.47957432955015
2016-02-08,13.16527225483145
2016-02-09,33.78347720947274
2016-02-10,25.836497127685945
2016-02-11,69.58484303617902
2016-02-12,103.02573538785828
2016-02-15,96.13891955288776
2016-02-16,115.63548104047422
2016-02-17,123.77572335804254
2016-02-18,80.74715036752838
2016-02-19,63.88033129439549
2016-02-22,67.29352326574528
2016-02-23,70.32063864522493
2016-02-24,79.37310509914374
2016-02-25,49.726331003860025
2016-02-26,6.441145890242964
2016-02-29,-15.772339101567951
2016-03-01,-20.603710079058914
2016-03-02,-27.209736680300217
2016-03-03,10.46500465940025
2016-03-04,51.185202745606716
2016-03-07,86.65633309362042
2016-03-08,105.04893119097235
2016-03-09,119.35882106380397
2016-03-10,104.362419706152
2016-03-11,108.61284361494972
2016-03-14,124.60134637819479
2016-03-15,121.80591324631217
2016-03-16,96.9444886673503
2016-03-17,15.098566611896501
2016-03-18,12.79970712006147
2016-03-21,-8.547985233803956
2016-03-22,-15.244936945982687
2016-03-23,18.918299417840302
2016-03-24,45.84451234304005
2016-03-25,83.49966021961332
2016-03-27,102.2611878102768
2016-03-28,102.81019042793599
2016-03-29,153.07518491825326
2016-03-30,80.13965530051479
2016-03-31,59.281988850876274
2016-04-03,91.37700462429288
2016-04-04,32.85083424127163
2016-04-05,-23.308427036167913
2016-04-06,3.285944966953906
2016-04-07,11.534850632861861
2016-04-10,-6.801477063953797
2016-04-11,-18.88824272926334
2016-04-12,-19.745661910936043
2016-04-13,-12.443183244026706
2016-04-14,32.005370740456115
2016-04-17,77.47454405909298
2016-04-18,110.49231130149175
2016-04-19,106.51150260691733
2016-04-20,78.12025784529816
2016-04-21,52.18798266061073
2016-04-24,2.2097781464730986
2016-04-25,-14.809983019081955
2016-04-26,-17.419546364640752
2016-04-27,-24.350035678844215
2016-04-28,-19.306003982924302
2016-05-01,-21.269236322132944
2016-05-02,-8.25245876897371
2016-05-03,-12.682379344687682
2016-05-04,10.90026864787075
2016-05-05,25.426059608052867
2016-05-08,12.795528953987866
2016-05-09,-44.49828841043174
2016-05-10,-6.031965808679634
2016-05-11,14.845626810175915
2016-05-12,5.1355279213288485
2016-05-15,10.499234766178748
2016-05-16,3.9073997829622495
2016-05-17,30.88821346184764
2016-05-18,21.190828923705965
2016-05-19,60.03642949706926
2016-05-22,96.37820960840901
2016-05-23,121.51519085702579
2016-05-24,81.22627627769701
2016-05-25,35.51607859821672
2016-05-26,17.33361363128192
2016-05-29,7.752962935906183
2016-05-30,8.89822258464109
2016-05-31,55.931323554513426
2016-06-01,93.1227247410268
2016-06-02,103.45135592736999
2016-06-05,126.67733442362808
2016-06-06,97.00283555014758
2016-06-07,106.70391204954291
2016-06-08,116.30524624965233
2016-06-09,64.0628365088138
2016-06-12,24.70068511187577
2016-06-13,42.832309858784015
2016-06-14,46.443461755559014
2016-06-15,107.6757378932572
2016-06-16,111.52807341852463
2016-06-19,112.23670487297778
2016-06-20,106.0388389874619
2016-06-21,98.54005548303743
2016-06-22,102.65080731089768
2016-06-23,126.42418745952594
2016-06-26,144.8839976876813
2016-06-27,111.68695112210565
2016-06-28,112.06993616930683
2016-06-29,139.01794223676558
2016-06-30,118.02151560634917
2016-07-03,86.19040174508439
2016-07-04,109.72177568727048
2016-07-05,110.68867014039341
2016-07-06,132.73451760601426
2016-07-07,92.97539686779791
2016-07-10,86.08508340339458
2016-07-11,90.58185144718126
2016-07-12,99.62480428196531
2016-07-13,79.62264831991934
2016-07-14,59.95191028566913
2016-07-17,51.08683765480754
2016-07-18,41.2149492666299
2016-07-19,-0.6647048684800438
2016-07-20,-28.271501774755706
2016-07-21,-9.389957423614703
2016-07-24,6.476162349637093
2016-07-25,68.53348264339303
2016-07-26,112.14306987635157
2016-07-27,104.21811068412846
2016-07-28,100.84609461746152
2016-07-31,113.34295061022033
2016-08-01,98.31619527315468
2016-08-02,110.38882416790358
2016-08-03,89.98701251952485
2016-08-04,49.82870306411235
2016-08-07,82.5542703053741
2016-08-08,107.55215687130737
2016-08-09,107.53302662805515
2016-08-10,114.01947349854481
2016-08-11,67.2042997502613
2016-08-14,8.801833982488944
2016-08-15,-14.091756766324195
2016-08-16,-26.76583556767538
2016-08-17,-34.417711978612544
2016-08-18,-29.156611151274316
2016-08-21,-24.261654362613598
2016-08-22,0.6724512625671366
2016-08-23,8.442089726410103
2016-08-24,23.4326428091626
2016-08-25,36.78636433482687
2016-08-28,23.950521856330752
2016-08-29,67.43093108907036
2016-08-30,73.6631299181389
2016-08-31,66.64476991468182
2016-09-01,107.30669885805125
2016-09-04,52.72793440140151
2016-09-05,9.457762574193893
2016-09-06,57.78849705840925
2016-09-07,65.81100170882979
2016-09-08,73.7174287558809
2016-09-11,43.13236040860295
2016-09-12,40.406943047859784
2016-09-13,12.952631985007855
2016-09-14,36.44069184384979
2016-09-15,54.39504376878057
2016-09-18,79.26755609430333
2016-09-19,91.04489100134052
2016-09-20,102.36735906403169
2016-09-21,113.89596024724597
2016-09-22,97.60209488993056
2016-09-25,98.52794011627114
2016-09-26,102.6225234603171
2016-09-27,102.30583601313202
2016-09-28,68.49374475967636
2016-09-29,38.19446939393106
2016-10-02,26.75724228025655
2016-10-03,42.35540530955001
2016-10-04,34.39766586544701
2016-10-05,2.957869588350974
2016-10-06,-31.650946701134174
2016-10-09,0.2916633084461324
2016-10-10,-10.943597722133028
2016-10-11,-17.576004830591437
2016-10-12,26.109648564559983
2016-10-13,-0.48751137466969396
2016-10-16,-16.83276206803434
2016-10-17,17.048568220630617
2016-10-18,77.37484354117665
2016-10-19,175.63357635180398
2016-10-20,135.72466054137428
2016-10-23,125.04895774954517
2016-10-24,110.39245177445773
2016-10-25,109.51057530541954
2016-10-26,113.29408054359459
2016-10-27,85.16454081654302
2016-10-31,79.63248882428636
2016-11-01,82.28707528351546
2016-11-02,104.83643585243735
2016-11-03,120.52467946379824
2016-11-04,109.08196985978572
2016-11-07,82.89822168951423
2016-11-08,105.93632517365933
2016-11-09,103.84014805726648
2016-11-10,74.68756636479668
2016-11-11,-11.13357332698942
2016-11-14,-70.90472244275227
2016-11-15,-23.64936302547511
2016-11-16,-26.413670184610964
2016-11-17,-18.845511926649152
2016-11-18,-12.810948346736382
2016-11-21,-10.923605239942276
2016-11-22,-8.742650289694435
2016-11-23,7.61771907656167
2016-11-24,17.136969995690354
2016-11-25,37.11508164911147
2016-11-28,86.15443686188792
2016-11-29,111.21081341860231
2016-11-30,123.97174870323111
2016-12-01,66.33834083802086
2016-12-02,11.161453243588497
2016-12-05,3.6506284533895723
2016-12-06,3.794236078526154
2016-12-07,5.810954303392592
2016-12-08,-1.3215194129363539
2016-12-09,-20.923406997489142
2016-12-12,-63.808556301217116
2016-12-13,-32.27003141316905
2016-12-14,-10.82773168236785
2016-12-15,3.5109269201263893
2016-12-16,10.355394067117537
2016-12-19,-4.858399998456825
2016-12-20,-3.627637511395734
2016-12-21,-2.057179694184161
2016-12-22,-2.295276223758597
2016-12-23,8.566797188994759
2016-12-26,-4.424598995963101
2016-12-27,-8.613962029852019
2016-12-28,142.35463571832682
2016-12-29,127.57391215743746
2016-12-30,156.55991334353982
2017-01-02,84.78656337904353
2017-01-03,33.751140017330954
2017-01-04,39.4398952219163
2017-01-05,29.79516715818113
2017-01-06,43.40509322218493
2017-01-09,24.226265938021115
2017-01-10,62.63273511014256
2017-01-11,78.42851238635883
2017-01-12,114.45403101591533
2017-01-13,140.37367913987944
2017-01-16,142.47117312971113
2017-01-17,127.05789189118443
2017-01-18,105.9352423723061
2017-01-19,96.23134647385564
2017-01-20,104.53988374294755
2017-01-23,106.3311315389227
2017-01-24,95.92148271937006
2017-01-25,70.86424246028821
2017-01-26,28.15298221064492
2017-01-27,-4.704106277260877
2017-01-30,-5.725554374388651
2017-01-31,-2.0278350476735483
2017-02-01,-9.215107522190138
2017-02-02,-5.026466770334181
2017-02-03,34.06103265506839
2017-02-06,71.08882612842007
2017-02-07,83.99635091491288
2017-02-08,109.37504259729317
2017-02-09,110.75111610340596
2017-02-10,101.85375176708311
2017-02-13,116.57069180733384
2017-02-14,38.687767245390404
2017-02-15,53.66750164751403
2017-02-16,138.75620848388354
2017-02-17,179.46253319359204
2017-02-20,95.55889018397019
2017-02-21,109.52357360103247
2017-02-22,78.78430889625713
2017-02-23,95.6407469432146
2017-02-24,82.29445645083106
2017-02-27,32.96622441426334
2017-02-28,43.5772231195204
2017-03-01,61.55403160484752
2017-03-02,98.21853051485166
2017-03-03,67.7101046902091
2017-03-06,65.5698074838879
2017-03-07,69.41650516176776
2017-03-08,80.59744690006994
2017-03-09,66.81982124533468
2017-03-10,21.423566136311138
2017-03-13,6.7957351421133865
2017-03-14,47.79240770988717
2017-03-15,93.34977127544741
2017-03-16,141.00451454031702
2017-03-17,104.08193629690263
2017-03-20,98.13160233060142
2017-03-21,113.32152662268453
2017-03-22,89.30496730796392
2017-03-23,50.69688817586447
2017-03-24,8.195795159114908
2017-03-26,-31.94500240378804
2017-03-27,-15.610128855093606
2017-03-28,13.224154426865226
2017-03-29,20.9160368867892
2017-03-30,14.81999027466145
2017-04-02,-4.840123749064524
2017-04-03,1.3211120591178513
2017-04-04,-18.295078862384077
2017-04-05,6.3875097649012815
2017-04-06,22.531834215104276
2017-04-09,23.1950210455379
2017-04-10,5.79085907910212
2017-04-11,12.504604450110179
2017-04-12,11.88711845966236
2017-04-13,54.52161133581371
2017-04-16,76.72406793063517
2017-04-17,101.99902890120504
2017-04-18,126.77639846501279
2017-04-19,123.20318723632259
2017-04-20,111.54499631784856
2017-04-23,110.25652985468676
2017-04-24,110.88699107111353
2017-04-25,102.94271621291833
2017-04-27,70.26862054335749
2017-04-30,67.56794746131104
2017-05-01,78.26848050518868
2017-05-02,98.69361735298767
2017-05-03,46.17485763151666
2017-05-04,18.908519461311812
2017-05-07,-6.179303749494039
2017-05-08,-19.353313849562156
2017-05-09,-33.6129225033606
2017-05-10,-28.30800568095154
2017-05-11,-16.43434156710224
2017-05-14,12.47788131072668
2017-05-15,21.823991427663508
2017-05-16,14.496602941135002
2017-05-17,22.020671038303263
2017-05-18,11.136917908119301
2017-05-21,-35.82302447015962
2017-05-22,-46.41728139716383
2017-05-23,17.609441529556634
2017-05-24,5.650265887065103
2017-05-25,24.13940541321082
2017-05-28,16.230883518900654
2017-05-29,16.51066448076336
2017-05-30,45.09228641497806
2017-05-31,31.116293467673117
2017-06-01,-19.197526143699758
2017-06-04,9.91349908774388
2017-06-05,128.35018774323038
2017-06-06,112.34652416311283
2017-06-07,130.58272635867155
2017-06-08,132.24032501206977
2017-06-11,102.31771880088218
2017-06-12,54.89929732315841
2017-06-13,2.39448080205851
2017-06-14,7.548413092681756
2017-06-15,14.873186230876755
2017-06-18,26.154593795820375
2017-06-19,20.746959930634432
2017-06-20,24.536153258197658
2017-06-21,41.57987220384602
2017-06-22,-3.9779165786064965
2017-06-25,31.003409526991533
2017-06-26,67.73395305374807
2017-06-27,54.03413802813566
2017-06-28,9.665199721166843
2017-06-29,11.234454805124685
2017-07-02,5.678064786003297
2017-07-03,17.573749580066405
2017-07-04,-8.065049099923769
2017-07-05,-6.825428270309821
2017-07-06,1.184380017450323
2017-07-09,-6.9181241523820205
2017-07-11,20.71524276332249
2017-07-12,0.8505620211469989
2017-07-13,23.465415856637243
2017-07-16,79.94329632986603
2017-07-17,106.15508674784525
2017-07-18,119.65585490396906
2017-07-19,133.4682299513716
2017-07-20,129.97062538626227
2017-07-23,95.42885996978862
2017-07-24,59.46658858474191
2017-07-25,26.089705535908706
2017-07-26,38.84230218768147
2017-07-27,69.85919479110476
2017-07-30,43.43064570613683
2017-07-31,100.17786828217538
2017-08-01,92.41474821595904
2017-08-02,106.63069392095255
2017-08-03,115.40202385525282
2017-08-06,100.1460889225852
2017-08-07,95.32692770492571
2017-08-08,71.94636618339754
2017-08-09,68.42173810114093
2017-08-10,53.72224169518984
2017-08-13,41.37646084235652
2017-08-14,8.245914839918512
2017-08-15,-64.27411014668616
2017-08-16,-32.43764764286355
2017-08-17,-0.792091745525326
2017-08-20,-0.03197905818015556
2017-08-21,5.629209918795681
2017-08-22,8.827065699311852
2017-08-23,7.146162379153104
2017-08-24,-20.37669317531111
2017-08-27,-19.498551626111933
2017-08-28,-7.830049101156696
2017-08-29,40.03780247392521
2017-08-30,110.45911257747571
2017-08-31,77.3249332455321
2017-09-03,26.5010762701191
2017-09-04,2.8925495981468003
2017-09-05,44.294123276992494
2017-09-06,31.832492478418942
2017-09-07,10.187671349426921
2017-09-10,9.56918802231997
2017-09-11,-5.589508743890136
2017-09-12,8.757429311476145
2017-09-13,-7.739351271559958
2017-09-14,-4.688582068290717
2017-09-17,8.132540419474417
2017-09-18,66.4786503071752
2017-09-19,106.80334223199917
2017-09-20,163.71707305341477
2017-09-21,103.31351238426251
2017-09-24,110.3922472814607
2017-09-25,100.05849030648699
2017-09-26,36.1427705229151
2017-09-27,48.05409405396841
2017-09-28,24.777207861395226
2017-10-01,34.99753255323188
2017-10-02,77.84736159440423
2017-10-03,87.85686035642013
2017-10-04,118.6183412017541
2017-10-05,111.82321315622852
2017-10-08,59.276741522601895
2017-10-09,17.58592722953236
2017-10-10,-2.29300288735584
2017-10-11,-40.98825584386063
2017-10-12,9.456933288259052
2017-10-15,58.208955302748336
2017-10-16,73.00875760650743
2017-10-17,73.05380267476713
2017-10-18,49.438392629187845
2017-10-19,69.16596976811778
2017-10-22,95.73720715494684
2017-10-23,112.7840386747462
2017-10-24,97.00872525687896
2017-10-25,96.96870363115082
2017-10-26,74.00456458100689
2017-10-30,59.85925678189864
2017-10-31,90.02453241785759
2017-11-01,104.82589118186658
2017-11-02,116.17708881887401
2017-11-03,112.35233380271282
2017-11-06,-31.892116038176482
2017-11-07,-45.81136865986042
2017-11-08,-46.67822865015377
2017-11-09,-28.29461737294089
2017-11-10,-27.37266067706906
2017-11-13,-23.10571410037329
2017-11-14,-21.9477932095099
2017-11-15,-3.155757578802822
2017-11-20,11.21035857418073
2017-11-21,30.740816396188443
2017-11-22,46.77936085805358
2017-11-23,48.94764855125278
2017-11-24,72.42679794508174
2017-11-27,69.23476303348113
2017-11-28,83.62491347226752
2017-11-29,119.44935275142325
2017-11-30,111.5288510290564
2017-12-01,115.87333326178612
2017-12-04,45.706875890095375
2017-12-05,2.4435333710149365
2017-12-06,-6.004145951202375
2017-12-07,4.68928067240212
2017-12-08,2.7629374592349762
2017-12-11,1.42133516261962
2017-12-12,14.557418231549988
2017-12-13,47.68817289597023
2017-12-14,79.73591639124069
2017-12-15,102.93678277067062
2017-12-18,117.93247326347802
2017-12-19,117.74907205408041
2017-12-20,113.11962679906975
2017-12-21,101.69574850852015
2017-12-22,79.98025766410555
2017-12-25,56.02760782334474
2017-12-26,32.772198738828706
2017-12-27,6.021842479897018
2017-12-28,23.12934704245724
2017-12-29,-5.5203846174018025
2018-01-01,43.15100447491221
2018-01-02,60.564898241561906
2018-01-03,69.4134282107295
2018-01-04,82.95148727586653
2018-01-05,90.21876181368624
2018-01-08,62.276441117743744
2018-01-09,47.97997138944321
2018-01-10,40.85351738330962
2018-01-11,69.9960578776918
2018-01-12,99.86425644797501
2018-01-15,103.8606148591117
2018-01-16,115.95886479218015
2018-01-17,106.39138345794998
2018-01-18,104.37757350890072
2018-01-19,97.05822283148865
2018-01-22,107.09404733753354
2018-01-23,101.09470575957167
2018-01-24,71.61298235499311
2018-01-25,56.24984959704986
2018-01-26,64.09671743842082
