Date,rsi_12
2010-01-01,
2010-01-04,100.0
2010-01-05,70.72824156305504
2010-01-06,77.62914332255592
2010-01-07,69.84783325816485
2010-01-08,79.41726703446332
2010-01-11,88.58460517045425
2010-01-12,70.19375386461962
2010-01-13,58.91691999088794
2010-01-14,59.77760982595363
2010-01-15,50.67829308366787
2010-01-18,52.68281287632772
2010-01-19,55.699449323676916
2010-01-20,57.4318778553299
2010-01-21,51.376189491590736
2010-01-22,56.889127829789075
2010-01-25,63.0307725204521
2010-01-26,61.938095392317585
2010-01-27,54.75222154416856
2010-01-28,53.14416640640127
2010-01-29,40.563852890408256
2010-02-01,42.38197095974724
2010-02-02,30.66262911513647
2010-02-03,29.37515184593599
2010-02-04,24.821235775808518
2010-02-05,23.773531366129887
2010-02-08,22.06703594832952
2010-02-09,39.792447461203786
2010-02-10,34.5095362946781
2010-02-11,40.60335770943368
2010-02-12,39.76866920335561
2010-02-15,38.49272580965526
2010-02-16,49.85195708239007
2010-02-17,49.59753578384781
2010-02-18,42.36545420596722
2010-02-19,43.67802844569899
2010-02-22,48.04035892000577
2010-02-23,53.17332523843816
2010-02-24,52.60669671009263
2010-02-25,51.02183031908084
2010-02-26,53.36701078949393
2010-03-01,46.557302421303184
2010-03-02,44.28762068195253
2010-03-03,41.21374060617039
2010-03-04,33.99216595365286
2010-03-05,44.69275606400038
2010-03-08,44.19960163092155
2010-03-09,53.157102271933695
2010-03-10,49.262012550782394
2010-03-11,49.22859295170763
2010-03-12,42.77346568350737
2010-03-15,41.23321970349335
2010-03-16,41.82156365570329
2010-03-17,44.92249509973624
2010-03-18,46.412464908482825
2010-03-19,42.57636314889111
2010-03-22,47.68231503619408
2010-03-23,46.09889365255144
2010-03-24,46.751385167738206
2010-03-25,41.28418016296288
2010-03-26,38.300027355206154
2010-03-28,53.48620880393778
2010-03-29,52.92580602229851
2010-03-30,43.4724854391648
2010-03-31,41.381096908528455
2010-04-01,42.75244860431176
2010-04-04,34.91417639828066
2010-04-05,45.25430809205566
2010-04-06,49.006603473078144
2010-04-07,47.77660312412011
2010-04-08,55.252084025065116
2010-04-11,46.37576507184377
2010-04-12,46.62224317337644
2010-04-13,53.497532934029465
2010-04-14,55.170796083916755
2010-04-15,55.55065723361994
2010-04-18,59.017930317270576
2010-04-19,45.6014051777366
2010-04-20,42.47252949313486
2010-04-21,43.39839969828239
2010-04-22,43.07144954440274
2010-04-25,44.84819524233643
2010-04-26,49.80695503554013
2010-04-27,54.31776222597537
2010-04-28,55.16896479751503
2010-04-29,63.883817488927704
2010-05-02,55.99949511965973
2010-05-03,49.040680941635074
2010-05-04,52.241585405641715
2010-05-05,49.16758098038913
2010-05-06,41.16805835577842
2010-05-09,39.95839987252977
2010-05-10,30.55593593960188
2010-05-11,29.27179986202927
2010-05-12,33.65144662756015
2010-05-13,37.99608432687318
2010-05-16,29.58953205376183
2010-05-17,24.437167532672703
2010-05-18,19.670727935885452
2010-05-19,15.991488087508685
2010-05-20,27.008462214301716
2010-05-23,25.261445837011436
2010-05-24,32.85226846157184
2010-05-25,32.677940529526566
2010-05-26,38.231971961734835
2010-05-27,41.79962799302223
2010-05-30,35.89180398051214
2010-05-31,33.306264965098705
2010-06-01,31.574028515478588
2010-06-02,34.60444929224647
2010-06-03,33.22329428887437
2010-06-06,26.255919704578645
2010-06-07,32.55896054874185
2010-06-08,32.47575742858419
2010-06-09,40.40880183718446
2010-06-10,44.26961130005173
2010-06-13,51.115212027487445
2010-06-14,50.64297180426753
2010-06-15,49.652859606278604
2010-06-16,55.48082288663002
2010-06-17,53.83920244081368
2010-06-20,58.673534651681805
2010-06-21,58.816978721393355
2010-06-22,66.38623947618883
2010-06-23,61.58318054662385
2010-06-24,61.89626137914648
2010-06-27,57.91971900584537
2010-06-28,52.30028380069027
2010-06-29,50.64740554720366
2010-06-30,53.20993323185321
2010-07-01,50.84650094065416
2010-07-04,48.138024214689594
2010-07-05,53.16955883364516
2010-07-06,60.33025535919667
2010-07-07,67.19612089516248
2010-07-08,58.883862124650506
2010-07-11,59.16528103389699
2010-07-12,61.54127731688801
2010-07-13,60.9032927168868
2010-07-14,65.82308319651273
2010-07-15,66.9577243896912
2010-07-18,62.17907123894685
2010-07-19,66.07650166228251
2010-07-20,62.59981996521043
2010-07-21,68.3814227202184
2010-07-22,69.14931555444963
2010-07-25,70.85537252321805
2010-07-26,72.25959479022508
2010-07-27,62.83232377224988
2010-07-28,67.76340035184109
2010-07-29,64.20603779263044
2010-08-01,66.09683421927353
2010-08-02,67.03795326534674
2010-08-03,66.55907963734094
2010-08-04,64.07532066931508
2010-08-05,60.31826617178452
2010-08-08,70.9345450355591
2010-08-09,66.18940924959034
2010-08-10,66.51400522355061
2010-08-11,60.22510934927438
2010-08-12,57.715004499157594
2010-08-15,52.10530544523914
2010-08-16,56.705359831289016
2010-08-17,56.40709854058062
2010-08-18,43.368355733276054
2010-08-19,47.42162137112036
2010-08-22,52.274485217183766
2010-08-23,57.7022516549006
2010-08-24,56.96342737104811
2010-08-25,57.804057899271015
2010-08-26,56.00186674450096
2010-08-29,65.39824596148347
2010-08-30,63.45874826621564
2010-08-31,67.51941942497609
2010-09-01,71.12237547156931
2010-09-02,72.0728550955877
2010-09-05,62.89331586953497
2010-09-06,60.15945228753845
2010-09-07,64.10851947720828
2010-09-08,61.41506841382234
2010-09-09,62.814075757664654
2010-09-12,67.03267736338103
2010-09-13,67.95123031303581
2010-09-14,71.61863784216791
2010-09-15,67.19784129802272
2010-09-16,64.06823826255481
2010-09-19,69.7228473809985
2010-09-20,73.96726987702955
2010-09-21,76.02467606222362
2010-09-22,77.80015667786326
2010-09-23,77.8784508468379
2010-09-26,78.99277021774854
2010-09-27,81.16630485992067
2010-09-28,84.11907702794542
2010-09-29,85.4743479370724
2010-09-30,75.10648311050782
2010-10-03,70.49097628496231
2010-10-04,66.98814420950089
2010-10-05,64.30714826412193
2010-10-06,64.42440704103993
2010-10-07,73.44124214862742
2010-10-10,72.12011548896605
2010-10-11,68.58333674079535
2010-10-12,68.4078035378535
2010-10-13,64.3483612515456
2010-10-14,67.16043279810732
2010-10-17,70.49718829890014
2010-10-18,73.82807058101832
2010-10-19,67.33057775978415
2010-10-20,71.02379641789821
2010-10-21,65.23392551475933
2010-10-24,69.56430910611581
2010-10-25,68.54282972890097
2010-10-26,68.8290658006728
2010-10-27,54.389820951111645
2010-10-28,54.389820951111645
2010-11-01,59.155843486821674
2010-11-02,54.524611906587424
2010-11-03,61.07440632184689
2010-11-04,64.89520141537562
2010-11-05,69.09222457851043
2010-11-08,66.19266154738614
2010-11-09,63.96878875000626
2010-11-10,59.55049933474827
2010-11-11,50.696829940256094
2010-11-12,46.163872110773596
2010-11-15,44.82231033127206
2010-11-16,38.90157599993032
2010-11-17,44.284318550462544
2010-11-18,52.19704791630016
2010-11-19,56.27007094984467
2010-11-22,53.191334442766774
2010-11-23,52.65597221448295
2010-11-24,42.4623271139494
2010-11-25,41.4697033947319
2010-11-26,34.69324247469565
2010-11-29,33.53894089069466
2010-11-30,30.30727514449289
2010-12-01,37.06062780256851
2010-12-02,36.45916385584911
2010-12-03,33.91743276036604
2010-12-06,50.35115735085705
2010-12-07,49.96817203778645
2010-12-08,49.40810526868821
2010-12-09,45.42149935939789
2010-12-10,50.713176493915306
2010-12-13,50.39019489289375
2010-12-14,58.49808792183157
2010-12-15,59.39100380437377
2010-12-16,46.1592925552829
2010-12-17,49.98939124348446
2010-12-20,54.67457785358999
2010-12-21,62.267927691727834
2010-12-22,64.48552154536671
2010-12-23,62.05089675306016
2010-12-24,63.341842731257046
2010-12-27,59.2826850294356
2010-12-28,60.272600190565676
2010-12-29,60.39718848178898
2010-12-30,64.976239145857
2010-12-31,62.3673326325832
2011-01-03,60.35945080833871
2011-01-04,53.800586101671875
2011-01-05,47.90783957914055
2011-01-06,40.387005784457024
2011-01-07,35.79073684184536
2011-01-10,33.30710672039963
2011-01-11,33.74369072678324
2011-01-12,24.638626163691328
2011-01-13,37.166043949032606
2011-01-14,42.05983542976266
2011-01-17,36.560260875501974
2011-01-18,38.357728954244735
2011-01-19,47.059765814734845
2011-01-20,49.00291552651261
2011-01-21,42.32103307014192
2011-01-24,42.53407575647307
2011-01-25,49.52042515510721
2011-01-26,50.30850398140303
2011-01-27,51.814323983676395
2011-01-28,44.70520724435773
2011-01-31,48.60820105992847
2011-02-01,54.83511327025525
2011-02-02,57.65486614728025
2011-02-03,55.48954782564875
2011-02-04,60.14693134162083
2011-02-07,54.857353755609836
2011-02-08,57.476247142233085
2011-02-09,62.07236927645453
2011-02-10,56.762017916368755
2011-02-11,50.01458989167666
2011-02-14,43.54252885537877
2011-02-15,46.193627658099345
2011-02-16,42.68088551455684
2011-02-17,43.29948645856476
2011-02-18,51.023129603689036
2011-02-21,53.81086214692593
2011-02-22,46.917484850655036
2011-02-23,45.99265958883199
2011-02-24,47.11255839111403
2011-02-25,48.610758958523384
2011-02-28,47.7432663765043
2011-03-01,45.32593437143848
2011-03-02,43.654676880186614
2011-03-03,44.67078128633853
2011-03-04,41.06017992058106
2011-03-07,42.528661079715214
2011-03-08,41.344576121139916
2011-03-09,35.83633070755455
2011-03-10,34.1249831535178
2011-03-11,33.023224203200144
2011-03-14,44.55820789451835
2011-03-15,43.4078921967854
2011-03-16,37.97444571094945
2011-03-17,32.979786075600515
2011-03-18,30.08678518269801
2011-03-21,47.181389847474314
2011-03-22,50.75729548891519
2011-03-23,56.79701539422865
2011-03-24,59.209691960435116
2011-03-25,61.35442683133468
2011-03-27,67.7358673987295
2011-03-28,63.47707445957372
2011-03-29,64.20294251361055
2011-03-30,63.99375728451443
2011-03-31,63.348892838493086
2011-04-03,61.66308065496617
2011-04-04,62.43693962403768
2011-04-05,51.03150855716634
2011-04-06,59.0854035450131
2011-04-07,60.43485071336722
2011-04-10,66.32091934052616
2011-04-11,58.32013684988763
2011-04-12,59.53470447348348
2011-04-13,63.89930932942526
2011-04-17,66.5613777040119
2011-04-18,62.303034611033944
2011-04-19,56.53735951642141
2011-04-20,65.57137073608243
2011-04-21,69.60522517029074
2011-04-24,70.3291095587949
2011-04-25,67.01124230376486
2011-04-26,68.94496037240111
2011-04-27,72.70910108449858
2011-04-28,76.43481609837576
2011-05-01,71.75905730702844
2011-05-02,74.58986468076054
2011-05-03,64.40770982531546
2011-05-04,59.806385397685574
2011-05-05,54.24675998070283
2011-05-08,60.71375646723575
2011-05-09,65.38061905972557
2011-05-10,62.25683010380691
2011-05-11,53.25468504736004
2011-05-12,52.326865771209334
2011-05-15,48.73135907360013
2011-05-16,54.88707023476547
2011-05-17,56.90784591731264
2011-05-18,54.10865551609351
2011-05-19,54.95865180787714
2011-05-22,58.975986422205715
2011-05-23,49.576648447375675
2011-05-24,53.12060206179822
2011-05-25,52.04374150612511
2011-05-26,60.41094866243439
2011-05-29,64.12652256534896
2011-05-30,63.2681210933561
2011-05-31,51.415020592457374
2011-06-01,55.498854876462616
2011-06-02,56.74378617740958
2011-06-05,63.06129516677918
2011-06-06,63.95864613159261
2011-06-07,56.72670045056366
2011-06-08,54.848623431395026
2011-06-09,47.94880432551706
2011-06-12,46.299730500445705
2011-06-13,49.274263673215195
2011-06-14,49.42135903237353
2011-06-15,48.277436640193166
2011-06-16,50.43121498189769
2011-06-19,53.990256994519704
2011-06-20,51.09643386877129
2011-06-21,43.58528029255757
2011-06-22,41.18909072580584
2011-06-23,44.23960287238457
2011-06-26,50.77808455559999
2011-06-27,45.60632081218959
2011-06-28,49.7757576810126
2011-06-29,49.770106069329024
2011-06-30,48.09263806029796
2011-07-03,48.3274287692397
2011-07-04,45.36221220271034
2011-07-05,43.365005792302654
2011-07-06,47.43689241265731
2011-07-07,48.10990573947847
2011-07-10,47.88537178130469
2011-07-11,45.04143882381423
2011-07-12,35.0200054473009
2011-07-13,48.697017514714226
2011-07-14,46.24350860200808
2011-07-17,33.652799197447806
2011-07-18,37.13648258916314
2011-07-19,40.46633026910743
2011-07-20,39.18794040237923
2011-07-21,44.128530681700525
2011-07-24,51.9968208853121
2011-07-25,49.270515955735675
2011-07-26,56.3659342547149
2011-07-27,66.51572039629949
2011-07-28,63.46729673057859
2011-07-31,67.69199253177831
2011-08-01,64.67143912605363
2011-08-02,49.63493506256025
2011-08-03,50.23716747434656
2011-08-04,41.66358115774843
2011-08-07,42.29952064906685
2011-08-08,31.97404877254155
2011-08-09,42.51733593338672
2011-08-10,37.74221571941949
2011-08-11,45.30191624599134
2011-08-14,49.96223388503182
2011-08-15,51.612759552403496
2011-08-16,51.83614787577715
2011-08-17,53.97756675256971
2011-08-18,50.462120328801944
2011-08-21,51.197573441608256
2011-08-22,51.72119491539567
2011-08-23,58.79592293809652
2011-08-24,53.24975326697688
2011-08-25,51.99900495192331
2011-08-28,56.82894327427234
2011-08-29,59.626789574288686
2011-08-30,61.17081285504014
2011-08-31,61.613908885067715
2011-09-01,62.46629544071502
2011-09-04,62.94306746429591
2011-09-05,56.719578072205415
2011-09-06,52.40534081190829
2011-09-07,60.73458420526464
2011-09-08,60.78825035848575
2011-09-11,53.51968696803331
2011-09-12,41.204972677861335
2011-09-13,34.86286033157492
2011-09-14,35.100934393615475
2011-09-15,34.86194709586398
2011-09-18,32.13588355544552
2011-09-19,29.956065566732917
2011-09-20,41.079265517718845
2011-09-21,36.89569423511922
2011-09-22,32.34874621505739
2011-09-25,38.05393671960362
2011-09-26,36.672538400650645
2011-09-27,39.95209383033615
2011-09-28,38.3565552542136
2011-09-29,43.59238423758107
2011-10-02,46.78874734928642
2011-10-03,37.3822496735405
2011-10-04,41.457669535963156
2011-10-05,39.553274164807654
2011-10-06,45.75962359750875
2011-10-09,48.365398889293665
2011-10-10,57.21150302335191
2011-10-11,55.804077025844585
2011-10-12,62.764310127804976
2011-10-13,65.56298699459546
2011-10-16,68.10134346232402
2011-10-17,63.73607649319127
2011-10-18,64.36268208003898
2011-10-19,65.64242921784006
2011-10-20,61.805589492055134
2011-10-23,63.21743419291125
2011-10-24,68.72794980916794
2011-10-25,73.68413862450734
2011-10-26,57.576684319992246
2011-10-27,66.22096994009053
2011-10-31,65.72800545655919
2011-11-01,59.615377119814475
2011-11-02,58.47235492799968
2011-11-03,52.21445405437318
2011-11-04,56.170845238581386
2011-11-07,60.06727974529423
2011-11-08,54.97924144499579
2011-11-09,52.79289924134369
2011-11-10,46.20425285664284
2011-11-11,42.45308712517568
2011-11-14,50.40037719915649
2011-11-15,46.9973781091763
2011-11-16,46.84665169273532
2011-11-17,42.526729051086505
2011-11-18,40.73245811591651
2011-11-21,40.630623335215844
2011-11-22,38.34348817469241
2011-11-23,37.214084391641705
2011-11-24,33.63531477603408
2011-11-25,34.56124557576035
2011-11-28,41.35408034515916
2011-11-29,43.63850452619169
2011-11-30,51.98725797641158
2011-12-01,59.471879891487355
2011-12-02,53.0439539735625
2011-12-05,56.42371388117328
2011-12-06,57.4840702493586
2011-12-07,49.64150863130739
2011-12-08,52.2159830690504
2011-12-09,54.70944587592334
2011-12-12,53.703335279562374
2011-12-13,46.818138727378226
2011-12-14,48.14401226151987
2011-12-15,44.215626689141736
2011-12-16,42.72095944569083
2011-12-19,50.615387256984626
2011-12-20,45.796652193834824
2011-12-21,52.506351624559414
2011-12-22,50.91118040736423
2011-12-23,50.677415493491594
2011-12-26,52.51527953233603
2011-12-27,52.84051509940875
2011-12-28,50.02855494509789
2011-12-29,48.71277547968253
2011-12-30,50.395370205539066
2012-01-02,58.8932393945027
2012-01-03,59.99801823714181
2012-01-04,64.91701179517571
2012-01-05,64.05608347144855
2012-01-06,60.45326691149158
2012-01-09,64.16625995510427
2012-01-10,62.23469686382642
2012-01-11,59.82018460518352
2012-01-12,63.53932794047083
2012-01-13,65.61997185766245
2012-01-16,66.4950330749852
2012-01-17,60.54149130825138
2012-01-18,64.3121685589335
2012-01-19,64.92692329414997
2012-01-20,64.23297764371878
2012-01-23,73.29595712567928
2012-01-24,69.37514474392434
2012-01-25,62.85439238556044
2012-01-26,69.19424526166515
2012-01-27,69.35267998537017
2012-01-30,70.34188061424742
2012-01-31,62.090505092629876
2012-02-01,65.18631937112022
2012-02-02,70.057233935153
2012-02-03,70.7003214140555
2012-02-06,67.1946812819347
2012-02-07,67.01234065636412
2012-02-08,73.09208910623154
2012-02-09,73.380183946627
2012-02-10,66.41870503530981
2012-02-13,64.81409179616028
2012-02-14,65.38121917362656
2012-02-15,59.261926423710094
2012-02-16,59.656577261673945
2012-02-17,63.378639724417134
2012-02-20,62.21131022154492
2012-02-21,52.31762304188419
2012-02-22,46.089202824899914
2012-02-23,44.41114078006415
2012-02-24,57.25473119261211
2012-02-27,55.9131812094008
2012-02-28,62.42641030525184
2012-02-29,60.95517871828886
2012-03-01,43.138503741176315
2012-03-02,47.747813448630836
2012-03-05,43.03339407690179
2012-03-06,43.3260732194958
2012-03-07,39.44381554207421
2012-03-08,36.45373066376778
2012-03-09,35.56659600480354
2012-03-12,28.352286681903877
2012-03-13,26.980420849405647
2012-03-14,25.263406043540428
2012-03-15,22.375680063546127
2012-03-16,34.33286148867745
2012-03-19,44.08251712335276
2012-03-20,40.41220272451991
2012-03-21,34.03337024577708
2012-03-22,32.83526737712232
2012-03-23,34.90952132313717
2012-03-25,43.660336734020376
2012-03-26,42.1371984233436
2012-03-27,38.44152129757531
2012-03-28,35.96971953026805
2012-03-29,33.429765629201384
2012-04-01,40.598362735019045
2012-04-02,35.34835803035942
2012-04-03,28.17306939705479
2012-04-04,31.90184423171675
2012-04-05,30.688798098525453
2012-04-08,35.92804643684063
2012-04-09,37.705470105399215
2012-04-10,39.00465024783559
2012-04-11,48.261326490389315
2012-04-12,51.59609205433746
2012-04-15,46.03481353801445
2012-04-16,48.19909201102373
2012-04-17,42.11118427009034
2012-04-18,40.75006920113875
2012-04-19,42.383757362431425
2012-04-22,45.73931839190847
2012-04-23,36.57855382700638
2012-04-24,34.830578757877845
2012-04-25,33.549766646975016
2012-04-26,39.53279955033276
2012-04-29,44.655816570587604
2012-04-30,49.49032267558749
2012-05-01,38.99979090433411
2012-05-02,37.59204029733495
2012-05-03,35.4345899967021
2012-05-06,32.56437294473808
2012-05-07,37.3123751784774
2012-05-08,34.13575511538828
2012-05-09,32.29355847021158
2012-05-10,34.790538170710676
2012-05-13,29.98039183464526
2012-05-14,27.923217118435147
2012-05-15,31.104012568273717
2012-05-16,36.40629448994557
2012-05-17,41.29441166931323
2012-05-20,38.05886560360341
2012-05-21,44.41063714534736
2012-05-22,35.061984691431135
2012-05-23,34.770509152508026
2012-05-24,40.410273354526026
2012-05-27,46.50043626728222
2012-05-28,46.5016727241805
2012-05-29,45.38263213837894
2012-05-30,38.7434036066552
2012-05-31,44.901775272003384
2012-06-03,47.926562757902886
2012-06-04,54.02823814319819
2012-06-05,55.94164450760045
2012-06-06,61.393180230078556
2012-06-07,59.66902157977288
2012-06-10,61.77539709707048
2012-06-11,58.651290588196154
2012-06-12,62.22522888719348
2012-06-13,63.80361366296282
2012-06-14,65.42160746354871
2012-06-17,71.63178645358805
2012-06-18,72.83137432342754
2012-06-19,74.72695939424275
2012-06-20,76.89421225957322
2012-06-21,64.9957157259094
2012-06-24,60.30239671734976
2012-06-25,60.233746260683475
2012-06-26,58.66476666164297
2012-06-27,62.81186486101557
2012-06-28,66.8317041790358
2012-07-01,71.33647119968468
2012-07-02,69.15651053708893
2012-07-03,69.37039500519354
2012-07-04,67.60501079785026
2012-07-05,69.79539414740981
2012-07-08,63.11173901454145
2012-07-09,63.921807865006194
2012-07-10,65.53821023741975
2012-07-11,69.02322940620579
2012-07-12,49.41603262605254
2012-07-15,54.586293496759296
2012-07-16,56.55460025803712
2012-07-17,61.564840770218304
2012-07-18,64.09048959703951
2012-07-19,67.90277015146873
2012-07-22,64.81537286618737
2012-07-23,59.75883088817217
2012-07-24,57.58955923700425
2012-07-25,60.21692029342845
2012-07-26,63.619568529010635
2012-07-29,64.97237692332504
2012-07-30,65.52647434782672
2012-07-31,66.21807580392183
2012-08-01,66.32483173268245
2012-08-02,68.0676204380602
2012-08-05,71.97502273912491
2012-08-06,72.46658720409
2012-08-07,57.43500768641487
2012-08-08,56.40506025383795
2012-08-09,51.47522378000056
2012-08-12,47.8198935799351
2012-08-13,43.07702354419728
2012-08-14,37.900418063899814
2012-08-15,35.32350557782246
2012-08-16,35.07264807776852
2012-08-19,27.36720532354539
2012-08-20,31.29961784647756
2012-08-21,37.99043654930013
2012-08-22,47.45719643383839
2012-08-23,41.76736779696452
2012-08-26,36.18464687020703
2012-08-27,30.753972800284387
2012-08-28,29.385976630223865
2012-08-29,27.96436625590904
2012-08-30,25.752439453937797
2012-09-02,21.088100364046937
2012-09-03,19.183500534927276
2012-09-04,18.00641833673957
2012-09-05,22.529558688749887
2012-09-06,25.437989750140034
2012-09-09,31.400812006102583
2012-09-10,27.788755998866222
2012-09-11,38.40169669552962
2012-09-12,47.54983681963209
2012-09-13,45.7801718866035
2012-09-16,50.872326497237665
2012-09-17,47.043621536239925
2012-09-18,44.830822317999036
2012-09-19,47.746548849915634
2012-09-20,44.565124572140896
2012-09-23,47.07418374544335
2012-09-24,46.26253881073565
2012-09-25,41.93471268940511
2012-09-26,49.23245607689821
2012-09-27,53.200457215379245
2012-09-30,46.71677043598406
2012-10-01,44.285795666017066
2012-10-02,35.78115621570326
2012-10-03,35.51759120438945
2012-10-04,30.72806033196754
2012-10-07,23.914147794025524
2012-10-08,28.110757213359747
2012-10-09,30.477176728517534
2012-10-10,39.69917411762723
2012-10-11,38.8661063900357
2012-10-14,38.67294815124684
2012-10-15,45.79495367752078
2012-10-16,56.3421797931249
2012-10-17,55.18567592789048
2012-10-18,61.43813229773495
2012-10-21,64.01878414682139
2012-10-22,64.70669043745528
2012-10-23,55.80655645931828
2012-10-24,63.95052940245954
2012-10-25,64.9923552435566
2012-10-29,68.38094269093273
2012-10-30,68.54189641452825
2012-10-31,69.59272745688739
2012-11-01,70.74668663536966
2012-11-02,70.56663599790801
2012-11-05,57.28825088897299
2012-11-06,61.269573875487936
2012-11-07,62.24228589727881
2012-11-08,64.36166867304138
2012-11-09,67.6482441588723
2012-11-12,66.14182665644827
2012-11-13,69.02003712945091
2012-11-14,72.07438793409483
2012-11-15,61.878347078957
2012-11-16,53.073659992909654
2012-11-19,54.96403169267707
2012-11-20,55.82929431924181
2012-11-21,53.16814108507638
2012-11-22,50.96706448812988
2012-11-23,53.46371543018264
2012-11-26,58.4477734508165
2012-11-27,58.85646740131041
2012-11-28,56.53159266866638
2012-11-29,57.574518358059976
2012-11-30,50.941205229199625
2012-12-03,51.46592388376789
2012-12-05,58.745810699904844
2012-12-06,50.983382375787706
2012-12-07,54.42162385648687
2012-12-10,47.734895102414306
2012-12-11,47.882694447632325
2012-12-12,55.219422594573956
2012-12-13,54.170116942526484
2012-12-14,50.722557728906374
2012-12-17,57.11517004184245
2012-12-18,51.752227074380905
2012-12-19,51.107430339056094
2012-12-20,48.45794813459827
2012-12-21,46.88025037279261
2012-12-24,43.497812807254924
2012-12-25,37.14208806004642
2012-12-26,35.92476945478447
2012-12-27,40.62955577189803
2012-12-28,43.764873406415674
2012-12-31,48.065660627314905
2013-01-01,44.54339654269389
2013-01-02,47.45370444252896
2013-01-03,50.54429005219648
2013-01-04,48.248096494436915
2013-01-07,52.14443933214881
2013-01-08,54.83265946517342
2013-01-09,57.321597011934315
2013-01-10,58.23399222493903
2013-01-11,63.7345997856378
2013-01-14,55.36974698571663
2013-01-15,59.054903662759116
2013-01-16,60.698008277867416
2013-01-17,62.86369552236998
2013-01-18,58.01069151904189
2013-01-21,63.375711895271486
2013-01-22,66.23644074154555
2013-01-23,71.73215302704776
2013-01-24,77.83426638404825
2013-01-25,61.725954411833094
2013-01-28,64.80815750793607
2013-01-29,62.37686101702366
2013-01-30,62.10297045254879
2013-01-31,53.267655188259994
2013-02-01,45.64286348856279
2013-02-04,44.824814411603306
2013-02-05,49.50571752827982
2013-02-06,38.58237627765967
2013-02-07,31.56281561226824
2013-02-08,30.29193494737332
2013-02-11,46.58901378752792
2013-02-12,42.0687526984424
2013-02-13,46.9908186022422
2013-02-14,49.89201817652182
2013-02-15,47.65131266972695
2013-02-18,49.62418928215957
2013-02-19,56.09754616910909
2013-02-20,60.57773901723903
2013-02-21,53.792042109125276
2013-02-22,59.23802941956881
2013-02-25,63.75002586289032
2013-02-26,64.37111999572194
2013-02-27,58.69045064565776
2013-02-28,55.52528254993473
2013-03-01,61.46702566957712
2013-03-04,53.65618887008372
2013-03-05,53.92500959210559
2013-03-06,60.49121030665569
2013-03-07,62.497989428722256
2013-03-08,63.35512127914799
2013-03-11,53.97428031538826
2013-03-12,58.44115442142125
2013-03-13,62.574586604788514
2013-03-14,61.27965711747919
2013-03-15,63.31727931029422
2013-03-18,60.75501796488626
2013-03-19,63.82965979759984
2013-03-20,65.24691031352009
2013-03-21,65.65498029653884
2013-03-22,70.24600944897834
2013-03-25,67.679446870888
2013-03-26,68.3243129477241
2013-03-27,60.238244038432654
2013-03-28,55.10601189643333
2013-03-29,49.93105868136521
2013-03-31,50.83474598451624
2013-04-01,54.045294725292464
2013-04-02,53.190607521082406
2013-04-03,52.54285796409791
2013-04-04,44.87403529886539
2013-04-07,40.10797565627428
2013-04-08,51.59040772215596
2013-04-09,59.7004973433462
2013-04-10,63.4149928683753
2013-04-11,56.97028524962052
2013-04-14,58.85651324028739
2013-04-15,46.3641883125357
2013-04-16,50.68485343972734
2013-04-17,46.14390842951162
2013-04-18,44.96608611638196
2013-04-21,42.24609934547286
2013-04-22,41.1939116167299
2013-04-23,42.98696140184288
2013-04-24,43.02503739387154
2013-04-25,38.29358771540224
2013-04-28,33.098908221606635
2013-04-29,35.55495842120912
2013-04-30,32.95812589677497
2013-05-01,26.167844317831552
2013-05-02,27.30590187061432
2013-05-05,31.656943951769634
2013-05-06,25.844377270297656
2013-05-07,20.999382224103314
2013-05-08,20.501833592312295
2013-05-09,17.262110397750348
2013-05-12,15.738700069032745
2013-05-13,14.59930459762461
2013-05-14,17.81798935177757
2013-05-15,16.278108513516898
2013-05-16,14.677787424150083
2013-05-19,21.286521618044105
2013-05-20,23.551400102757228
2013-05-21,28.006867651705377
2013-05-22,24.68626264693347
2013-05-23,22.613157000564627
2013-05-26,20.138472463511633
2013-05-27,23.268530161281078
2013-05-28,23.7948359358803
2013-05-29,25.386638124836495
2013-05-30,24.651924576769787
2013-06-02,25.850010461342038
2013-06-03,39.13920612556472
2013-06-04,34.010049897188225
2013-06-05,24.05407730391086
2013-06-06,23.225619865296892
2013-06-09,15.599460980485674
2013-06-10,18.647879876748334
2013-06-11,18.416300315603962
2013-06-12,24.56732696994213
2013-06-13,38.51024543962214
2013-06-16,35.053829060115746
2013-06-17,34.42047097076872
2013-06-18,32.48189385240768
2013-06-19,24.981141151099635
2013-06-20,26.11681304620855
2013-06-23,40.06226873275318
2013-06-24,43.868891270491645
2013-06-25,45.40043114854378
2013-06-26,44.050591268018785
2013-06-27,44.32009375719686
2013-06-30,35.525502860781685
2013-07-01,45.46565902582595
2013-07-02,41.623495044138394
2013-07-03,36.18588814964359
2013-07-04,42.16706494845275
2013-07-07,39.90728104343233
2013-07-08,45.50962381449239
2013-07-09,45.65436887506289
2013-07-10,44.15139655313577
2013-07-11,37.101707288559744
2013-07-14,32.70514342225398
2013-07-15,37.70942232399533
2013-07-16,46.23106955218406
2013-07-17,47.647333298053276
2013-07-18,42.38084686514765
2013-07-21,43.752162744909356
2013-07-22,45.80662459589627
2013-07-23,45.072968046620005
2013-07-24,36.20352759396529
2013-07-25,43.4856455557709
2013-07-28,43.67188440968933
2013-07-29,39.137960068932834
2013-07-30,34.22671017450649
2013-07-31,28.124563971467836
2013-08-01,32.57653124592193
2013-08-04,32.49256080410947
2013-08-05,31.625494904116678
2013-08-06,40.37991648364573
2013-08-07,45.30135284925146
2013-08-08,47.24433647337856
2013-08-11,50.45971895442001
2013-08-12,46.946621374240095
2013-08-13,48.057118508391056
2013-08-14,51.174461119756785
2013-08-15,47.70420735958777
2013-08-18,55.70666045153623
2013-08-19,49.30054633315713
2013-08-20,48.467962886629884
2013-08-21,47.010111040117536
2013-08-22,54.160442798205516
2013-08-25,53.966352839430186
2013-08-26,52.0691834792984
2013-08-27,44.782921689037714
2013-08-28,45.023826939873686
2013-08-29,47.2449042263887
2013-09-01,48.43443723058123
2013-09-02,56.43443054838983
2013-09-03,60.24145564738578
2013-09-04,66.44275786556274
2013-09-05,60.28459903174862
2013-09-08,60.362178566635
2013-09-09,60.26970696980357
2013-09-10,64.6642753565151
2013-09-11,63.88733294579218
2013-09-12,55.56213752311641
2013-09-15,60.173596226616645
2013-09-16,60.81847366375626
2013-09-17,61.763685035069884
2013-09-18,68.28093746121138
2013-09-19,66.29611158195952
2013-09-22,64.00903759665931
2013-09-23,64.72817182392129
2013-09-24,61.56231459166213
2013-09-25,60.516225563943316
2013-09-26,57.909470859958105
2013-09-29,48.62401517924557
2013-09-30,52.87953062560509
2013-10-01,62.44416277296576
2013-10-02,59.86551359112875
2013-10-03,61.766715734624405
2013-10-06,63.29247309921314
2013-10-08,68.66633507580245
2013-10-09,71.57574195282858
2013-10-10,73.12970390336562
2013-10-13,63.99307593135043
2013-10-14,68.55002008484327
2013-10-15,71.87851058497318
2013-10-16,66.03647960835752
2013-10-17,69.63634099657035
2013-10-20,72.35125581647846
2013-10-21,72.58243801618354
2013-10-22,74.77304347459699
2013-10-23,76.26751443135947
2013-10-24,77.2652344481167
2013-10-28,77.23291634212981
2013-10-29,66.37418527829453
2013-10-30,58.67048466284931
2013-10-31,58.63662039697049
2013-11-01,50.39530610665812
2013-11-04,49.223233482628295
2013-11-05,55.98100599787736
2013-11-06,57.952395652110525
2013-11-07,57.786923760051536
2013-11-08,50.810104810411346
2013-11-11,42.828860019033655
2013-11-12,40.52950527913389
2013-11-13,36.11160832033897
2013-11-14,39.983621339411776
2013-11-15,35.95497841388301
2013-11-18,41.775875657965656
2013-11-19,41.18534506618078
2013-11-20,54.21606415722537
2013-11-21,41.58361941235573
2013-11-22,37.71932072400483
2013-11-25,34.80267019773521
2013-11-26,36.737504711084235
2013-11-27,32.2065269113223
2013-11-28,32.71339721000537
2013-11-29,32.276162192356566
2013-12-02,43.11751771883095
2013-12-03,44.57267872913019
2013-12-04,46.556882528613656
2013-12-05,39.02093625748169
2013-12-06,40.55825104932892
2013-12-09,46.99043616754809
2013-12-10,43.36127719243149
2013-12-11,47.55833315379467
2013-12-12,36.82092914680175
2013-12-13,31.19211505584859
2013-12-16,30.059624868979995
2013-12-17,29.604008241826605
2013-12-18,28.748616638620476
2013-12-19,32.27737380990857
2013-12-20,30.657494817754355
2013-12-23,36.48846134999031
2013-12-24,35.11657272094513
2013-12-25,36.843517852791024
2013-12-26,36.18433259503054
2013-12-27,34.03315664979483
2013-12-30,37.63222312388761
2013-12-31,40.29774357259158
2014-01-01,36.87287513883672
2014-01-02,36.62899865216784
2014-01-03,44.07492655936394
2014-01-06,49.07805684446628
2014-01-07,53.684076371732615
2014-01-08,60.08839803641109
2014-01-09,61.893038772148074
2014-01-10,65.11894313772065
2014-01-13,78.13184113395292
2014-01-14,79.08553258659788
2014-01-15,72.57331222227083
2014-01-16,63.472586839889644
2014-01-17,50.97449898376983
2014-01-20,48.934868624160096
2014-01-21,51.166145244426275
2014-01-22,52.75111069141967
2014-01-23,65.50498748789855
2014-01-24,56.77324872083455
2014-01-27,47.22668196809112
2014-01-28,53.564014111846596
2014-01-29,59.09334658730742
2014-01-30,57.99591555651873
2014-01-31,59.8840008034167
2014-02-03,53.55870786965784
2014-02-04,51.90821935835969
2014-02-05,62.0447037793108
2014-02-06,62.631265470989476
2014-02-07,63.54037156827086
2014-02-10,60.36021471239171
2014-02-11,61.387463650139935
2014-02-12,64.01931493611175
2014-02-13,62.923708724215274
2014-02-14,56.163380912777434
2014-02-17,62.043575594103075
2014-02-18,58.10813513990167
2014-02-19,55.53888560527779
2014-02-20,61.70425283803086
2014-02-21,64.41123021740208
2014-02-24,61.21346285050837
2014-02-25,62.54126351112807
2014-02-26,61.5546537557575
2014-02-27,60.98658676695632
2014-02-28,59.067971965795714
2014-03-03,45.621990554939245
2014-03-04,49.860580318554355
2014-03-05,53.66190773884357
2014-03-06,50.77957532247
2014-03-07,59.692431223273466
2014-03-10,62.620969325428135
2014-03-11,60.97421019007177
2014-03-12,53.15119666306374
2014-03-13,56.83425590265331
2014-03-14,56.88141294031215
2014-03-17,58.22212214031437
2014-03-18,60.70858579929702
2014-03-19,69.23152691493868
2014-03-20,68.07944373959634
2014-03-21,68.42688329887143
2014-03-24,71.64959989809452
2014-03-25,72.51724767575404
2014-03-26,72.9860817967636
2014-03-27,73.05770999302041
2014-03-28,71.08147140802618
2014-03-30,72.0253954935763
2014-03-31,72.98890982216705
2014-04-01,61.686193414158
2014-04-02,62.86045882251782
2014-04-03,60.62962221589045
2014-04-06,62.31407924291088
2014-04-07,56.3896777133266
2014-04-08,62.75444286493101
2014-04-09,59.594901649468916
2014-04-10,67.44343270678092
2014-04-13,69.83508583529553
2014-04-14,71.65441705261051
2014-04-15,60.49279172430385
2014-04-16,65.96958382455864
2014-04-17,58.353464409398995
2014-04-20,59.966173423942024
2014-04-21,60.201292044290234
2014-04-22,64.68972963472666
2014-04-23,51.9850297295339
2014-04-24,48.52217235493877
2014-04-27,50.50385265843279
2014-04-28,46.632863814150625
2014-04-29,41.75040547180743
2014-04-30,44.84351377234258
2014-05-01,43.76687833596578
2014-05-04,45.461294556297105
2014-05-05,44.25768746285692
2014-05-06,46.07082834088305
2014-05-07,42.99469626832335
2014-05-08,41.003573815499
2014-05-11,50.607643813513036
2014-05-12,50.607643813513036
2014-05-13,52.69173343642904
2014-05-14,50.58529900287852
2014-05-15,46.12376843198178
2014-05-18,45.97285052173773
2014-05-19,40.98489967983787
2014-05-20,31.287276532889095
2014-05-21,32.869896400133825
2014-05-22,29.759890464281682
2014-05-25,28.89620858774981
2014-05-26,30.399956360798583
2014-05-27,32.464542826050945
2014-05-28,29.272303323500466
2014-05-29,43.59287602226501
2014-06-01,42.4611059327082
2014-06-02,40.342975090522295
2014-06-03,48.695680674381606
2014-06-04,54.96916386179534
2014-06-05,60.595998050747504
2014-06-08,62.40319230430321
2014-06-09,60.52571596586845
2014-06-10,63.77761669674487
2014-06-11,59.71518500517833
2014-06-12,64.69183443721874
2014-06-15,56.833073432797406
2014-06-16,56.2933648310243
2014-06-17,46.97078938786559
2014-06-18,54.04643678828269
2014-06-19,51.13586286936021
2014-06-22,40.532787344295684
2014-06-23,43.05300198264057
2014-06-24,37.7372540922403
2014-06-25,41.55832907612266
2014-06-26,38.61604932866339
2014-06-29,36.7882452527275
2014-06-30,40.34709760384205
2014-07-01,46.01960640809501
2014-07-02,41.88778581503616
2014-07-03,30.204159415410942
2014-07-06,34.226196969762725
2014-07-07,40.94201946579579
2014-07-08,45.37638697070131
2014-07-09,43.986393270625534
2014-07-10,40.02465060247892
2014-07-13,49.71824388616229
2014-07-14,49.692100733598664
2014-07-15,50.820530589206676
2014-07-16,48.39434963910031
2014-07-17,49.32669010876118
2014-07-20,53.46728728782334
2014-07-21,48.45703267471232
2014-07-22,52.007176317475306
2014-07-23,58.617439275005246
2014-07-24,56.37774032212124
2014-07-27,62.04183193188916
2014-07-28,61.80578065551934
2014-07-29,64.34305042994072
2014-07-30,61.70146547349074
2014-07-31,56.29813428440427
2014-08-03,60.03068015407116
2014-08-04,60.952576040969696
2014-08-05,63.98039367797886
2014-08-06,64.38964089493746
2014-08-07,49.48439434363769
2014-08-10,56.603526316672216
2014-08-11,48.32660535772226
2014-08-12,48.95806496148535
2014-08-13,53.474200125613116
2014-08-14,53.8112550931773
2014-08-17,51.68678208027889
2014-08-18,52.504334903724946
2014-08-19,55.752728009179506
2014-08-20,58.01014257856236
2014-08-21,57.34329509101282
2014-08-24,60.60717196717377
2014-08-25,60.00864865755149
2014-08-26,60.51905306579535
2014-08-27,46.94540026609073
2014-08-28,48.991019379258894
2014-08-31,47.304412412349514
2014-09-01,47.08874267138083
2014-09-02,46.20578130281004
2014-09-03,53.07945533431656
2014-09-04,51.030370205539974
2014-09-07,58.246133895141156
2014-09-08,57.038465216307955
2014-09-09,38.8945055984854
2014-09-10,29.25611842828232
2014-09-11,33.16276904551354
2014-09-14,28.466889731116467
2014-09-15,27.600269748885736
2014-09-16,26.223538627258293
2014-09-17,18.92461722723334
2014-09-18,17.295171153212706
2014-09-21,15.44653502965113
2014-09-22,18.40952334175425
2014-09-23,19.20792624450091
2014-09-24,21.360632133731755
2014-09-25,19.143694085138023
2014-09-28,17.737773846807883
2014-09-29,16.390775082341534
2014-09-30,30.848459730530024
2014-10-01,27.64031375109225
2014-10-02,38.36438925883462
2014-10-05,33.2207436068941
2014-10-06,36.27181780231156
2014-10-07,44.73412659844103
2014-10-08,42.95312461631866
2014-10-09,41.27788676476713
2014-10-12,33.043439435107345
2014-10-13,46.278027006175535
2014-10-14,50.81677031871023
2014-10-15,55.48596895376581
2014-10-16,52.615575409146906
2014-10-19,53.425782959763694
2014-10-20,56.07372034006459
2014-10-21,48.67054869084666
2014-10-22,50.34444366678876
2014-10-23,46.40423703794148
2014-10-27,53.78655507756901
2014-10-28,54.682938580735275
2014-10-29,53.79939195767748
2014-10-30,44.21821029950677
2014-10-31,51.59503517277479
2014-11-03,51.79145297639649
2014-11-04,51.21009912536594
2014-11-05,60.6216262480246
2014-11-06,42.20787297033058
2014-11-07,42.931910798719564
2014-11-10,43.90706372593376
2014-11-11,45.96963397058431
2014-11-12,51.63561261320124
2014-11-13,51.307783405675586
2014-11-14,55.7213892907849
2014-11-17,52.21169546260308
2014-11-18,47.658803433595196
2014-11-19,50.33573882540048
2014-11-20,41.00182567777329
2014-11-21,40.240073882281415
2014-11-24,40.0319690429541
2014-11-25,36.886691927674455
2014-11-26,30.40319456055937
2014-11-27,28.875484889648888
2014-11-28,37.906049147857054
2014-12-01,37.8321534649178
2014-12-02,32.71735166955163
2014-12-03,39.01837344068558
2014-12-04,32.16352595571391
2014-12-05,32.66230257180564
2014-12-08,30.137972802258233
2014-12-09,32.93197014777428
2014-12-10,30.567196732061106
2014-12-11,39.05186989287119
2014-12-12,35.406434829490905
2014-12-15,34.3123603149666
2014-12-16,44.461091902007915
2014-12-17,43.76352068838837
2014-12-18,35.0039219376703
2014-12-19,36.520768477044044
2014-12-22,36.271916592290495
2014-12-23,35.72874254653742
2014-12-24,32.93841009482249
2014-12-25,34.42205566337286
2014-12-26,33.546602401461726
2014-12-29,36.84648175417421
2014-12-30,42.13304490913729
2014-12-31,45.99860413540397
2015-01-01,45.118166924187854
2015-01-02,46.327017279447965
2015-01-05,49.094764583712745
2015-01-06,50.549104669788505
2015-01-07,57.02221749578427
2015-01-08,53.29565621576265
2015-01-09,60.60032867117032
2015-01-12,72.9575342762129
2015-01-13,73.95656004900168
2015-01-14,75.02515460910617
2015-01-15,67.6432065371017
2015-01-16,74.52276642895745
2015-01-19,75.3071182650638
2015-01-20,67.25978180053704
2015-01-21,73.053280656842
2015-01-22,78.0270899007199
2015-01-23,69.16697219610626
2015-01-26,57.02206889394134
2015-01-27,61.64737589928184
2015-01-28,55.70186037091942
2015-01-29,59.75237443890232
2015-01-30,54.105998154846034
2015-02-02,57.86647807741007
2015-02-03,53.256356519041844
2015-02-04,42.915591069966126
2015-02-05,49.821078192288276
2015-02-06,46.16293856284392
2015-02-09,47.21736269248162
2015-02-10,48.22630973361326
2015-02-11,52.87637354861676
2015-02-12,49.14974021245663
2015-02-13,46.35351881702362
2015-02-16,44.22680689425956
2015-02-17,44.63002231279133
2015-02-18,44.94640586124608
2015-02-19,49.27526313095533
2015-02-20,50.35870996938882
2015-02-23,58.44191873166195
2015-02-24,55.68283253273833
2015-02-25,53.82813842317
2015-02-26,54.93284075567125
2015-02-27,50.48863791618864
2015-03-02,48.79980749076513
2015-03-03,46.96381207463207
2015-03-04,51.15125819061839
2015-03-05,46.48575365702488
2015-03-06,46.19376492827517
2015-03-09,48.21901557751023
2015-03-10,44.25005001781755
2015-03-11,42.652053078681334
2015-03-12,43.17265810524425
2015-03-13,55.607543560015436
2015-03-16,52.990696457419766
2015-03-17,53.32539664610993
2015-03-18,50.88799813561419
2015-03-19,53.238309452997115
2015-03-20,47.56653638673893
2015-03-23,56.48669874150533
2015-03-24,63.45306563273004
2015-03-25,59.627909809571555
2015-03-26,55.70184745925514
2015-03-27,51.20515732648307
2015-03-29,48.02895903977825
2015-03-30,42.588200026525485
2015-03-31,38.02682734426136
2015-04-01,32.32854523119161
2015-04-02,27.765575122450528
2015-04-05,29.612160578425502
2015-04-06,25.473820127184283
2015-04-07,37.8482641361821
2015-04-08,46.69165515898111
2015-04-09,51.518648175874645
2015-04-12,47.071291279173
2015-04-13,40.468201918382434
2015-04-14,37.26926003214084
2015-04-15,33.78650603109722
2015-04-16,39.77013618606489
2015-04-19,42.94604620830135
2015-04-20,36.55270408845047
2015-04-21,39.095644330002614
2015-04-22,41.52266072905794
2015-04-23,38.61821040895221
2015-04-26,47.10560362973855
2015-04-27,45.59230350942114
2015-04-28,54.96089710266107
2015-04-29,53.4207904794954
2015-04-30,48.03522081428095
2015-05-03,46.226277533064
2015-05-04,43.15567624352831
2015-05-05,51.63997986050555
2015-05-06,51.63729681301796
2015-05-07,50.55884513995507
2015-05-10,52.07063848776866
2015-05-11,49.00914556532689
2015-05-12,52.883981702801734
2015-05-13,61.9121173179793
2015-05-14,60.97146384775793
2015-05-17,58.01048255766203
2015-05-18,61.665889346775145
2015-05-19,58.88382287207517
2015-05-20,50.73141592215042
2015-05-21,52.796931733672984
2015-05-24,49.245264713956885
2015-05-25,53.228610333679065
2015-05-26,50.90479032212853
2015-05-27,52.14608587221219
2015-05-28,40.2208717332409
2015-05-31,41.17699561660494
2015-06-01,43.02559434956572
2015-06-02,54.10199604115443
2015-06-03,58.1870554524941
2015-06-04,49.95138454873427
2015-06-07,40.978714325891275
2015-06-08,45.48307270850206
2015-06-09,41.77665671783853
2015-06-10,41.69317483521963
2015-06-11,45.47665612813765
2015-06-14,44.9476887755193
2015-06-15,48.75157933136833
2015-06-16,45.85817547088875
2015-06-17,39.12769733802583
2015-06-18,47.54559154128253
2015-06-21,48.160437834054726
2015-06-22,46.68600419304091
2015-06-23,49.41437547772464
2015-06-24,50.14520137499725
2015-06-25,48.960089198097556
2015-06-28,37.41780804580707
2015-06-29,48.96801825519184
2015-06-30,55.55862279842289
2015-07-01,57.28220969859191
2015-07-02,53.206545659592685
2015-07-05,41.68634139695746
2015-07-06,44.17734725083796
2015-07-07,45.7720413085248
2015-07-08,42.85867888503855
2015-07-09,46.39426646931979
2015-07-12,41.86714436937616
2015-07-13,42.124124190186244
2015-07-14,48.02650086643936
2015-07-15,52.61779623622879
2015-07-16,59.49448642818958
2015-07-19,54.79647102175202
2015-07-20,56.010036307033694
2015-07-21,58.12755696086465
2015-07-22,58.782637210035176
2015-07-23,53.825832062562824
2015-07-26,44.96869993369575
2015-07-27,44.7572439707457
2015-07-28,46.24765191701789
2015-07-29,41.51860239664106
2015-07-30,46.070490587258426
2015-08-02,55.4594885955047
2015-08-03,54.95911065525649
2015-08-04,66.72932304632218
2015-08-05,61.41460117285381
2015-08-06,56.196971652939524
2015-08-09,62.80640519779095
2015-08-10,55.073501122273434
2015-08-11,49.50537360373182
2015-08-12,49.65021512899033
2015-08-13,54.15355749201551
2015-08-16,55.53567440123121
2015-08-17,55.35861670580613
2015-08-18,48.934483571906355
2015-08-19,54.67499627145245
2015-08-20,49.46228489309188
2015-08-23,49.48880862665811
2015-08-24,43.714954994925215
2015-08-25,40.242891316655516
2015-08-26,39.70429331862986
2015-08-27,38.67283482718413
2015-08-30,37.87422628238861
2015-08-31,30.180478410985017
2015-09-01,27.17293573625423
2015-09-02,34.81998392351508
2015-09-03,29.55973721974283
2015-09-06,27.171855133175654
2015-09-07,30.775085968387955
2015-09-08,37.04687152650996
2015-09-09,34.48065409792568
2015-09-10,45.58918519247429
2015-09-13,49.662825587581224
2015-09-14,55.9963310122279
2015-09-15,51.8739644932325
2015-09-16,54.90733447470261
2015-09-17,54.05442693196892
2015-09-20,56.66573184082182
2015-09-22,47.07396029217202
2015-09-23,42.05182984701132
2015-09-24,44.52081728237715
2015-09-27,45.36912824789058
2015-09-28,43.63556152600124
2015-09-29,49.365196210958146
2015-09-30,44.05698393809336
2015-10-01,42.88213251878404
2015-10-04,39.710411675814655
2015-10-05,39.16853629271586
2015-10-06,46.63398667300691
2015-10-07,52.63491410308413
2015-10-08,56.656762673603964
2015-10-11,58.79127939065132
2015-10-12,64.82183961329436
2015-10-13,50.09129373737896
2015-10-14,54.16890910613583
2015-10-15,51.07493603839466
2015-10-18,47.68939244186714
2015-10-19,53.25782473517324
2015-10-20,52.339827121851286
2015-10-21,55.45145126185161
2015-10-22,53.08388656541948
2015-10-26,58.11883605488166
2015-10-27,59.90286450464362
2015-10-28,60.29572173709761
2015-10-29,44.00094581993991
2015-10-30,41.4853405292281
2015-11-02,41.511233265139786
2015-11-03,45.866207739321815
2015-11-04,47.937234151183794
2015-11-05,47.581616624673465
2015-11-06,49.42972628098209
2015-11-09,44.50404852011893
2015-11-10,44.04540316784997
2015-11-11,43.14099670662684
2015-11-12,46.683287001241325
2015-11-13,58.39141013861954
2015-11-16,56.54542685608443
2015-11-17,55.63417035934328
2015-11-18,57.353971873917395
2015-11-19,56.19388385227218
2015-11-20,65.46078858157946
2015-11-23,71.84132355565944
2015-11-24,64.80419543618686
2015-11-25,68.19782268769805
2015-11-26,67.21504041086575
2015-11-27,60.34312445507441
2015-11-30,60.79689708544491
2015-12-01,65.10481713322203
2015-12-02,73.09453904639864
2015-12-03,68.33648523465081
2015-12-04,70.38187790549084
2015-12-07,72.92694496806233
2015-12-08,69.58645121961605
2015-12-09,69.92958516950834
2015-12-10,70.26539423793834
2015-12-11,75.9862067072182
2015-12-14,65.767010080309
2015-12-15,72.31473426861983
2015-12-16,64.2902678761309
2015-12-17,67.25185992160128
2015-12-18,65.46864782120674
2015-12-21,69.39773734153448
2015-12-22,71.90648146876148
2015-12-23,72.93434990876946
2015-12-24,67.12040575496586
2015-12-25,69.1695733657682
2015-12-28,70.3966529414094
2015-12-29,70.80740662090872
2015-12-30,70.92326182318466
2015-12-31,72.20510447159833
2016-01-01,72.32529707843135
2016-01-04,71.50770228222274
2016-01-05,56.815270401525304
2016-01-06,57.16956986630773
2016-01-07,49.62445851117067
2016-01-08,42.726790079266436
2016-01-11,38.24446805131665
2016-01-12,48.91065624945262
2016-01-13,51.283401207130204
2016-01-14,50.54568297865561
2016-01-15,58.67783999175092
2016-01-18,54.59218374303776
2016-01-19,54.897890474241734
2016-01-20,61.17965118641073
2016-01-21,57.13285461004982
2016-01-22,53.59465872081445
2016-01-25,42.82918821401909
2016-01-26,44.630454508775486
2016-01-27,42.161778812375985
2016-01-28,41.813823128652345
2016-01-29,48.65380367833254
2016-02-01,42.084484744463175
2016-02-02,46.9919442446745
2016-02-03,43.63258310548213
2016-02-04,42.263861766137666
2016-02-05,46.44215692669255
2016-02-08,40.2931266699725
2016-02-09,42.82311205493317
2016-02-10,38.68299620468036
2016-02-11,48.05645191547272
2016-02-12,50.49808211138418
2016-02-15,44.08087615483951
2016-02-16,47.60961069435276
2016-02-17,46.82495512441256
2016-02-18,41.43734196247114
2016-02-19,42.38770449989473
2016-02-22,45.813885652093724
2016-02-23,53.17205722754553
2016-02-24,54.64134163786656
2016-02-25,46.81036710269785
2016-02-26,41.32022895012475
2016-02-29,31.4552031092242
2016-03-01,33.047937431286286
2016-03-02,31.440052268240848
2016-03-03,46.79357309656654
2016-03-04,52.914255667585635
2016-03-07,54.08192604539513
2016-03-08,56.70556726909699
2016-03-09,60.889951742778464
2016-03-10,53.64285603627932
2016-03-11,57.625538791670124
2016-03-14,61.38208536184112
2016-03-15,58.640191494248235
2016-03-16,57.02835211017056
2016-03-17,50.665936894126254
2016-03-18,53.49866557526041
2016-03-21,51.512628833043465
2016-03-22,51.61244487722909
2016-03-23,54.64144852936459
2016-03-24,55.35147034275602
2016-03-25,57.499116807454904
2016-03-27,55.808359916430334
2016-03-28,55.099393247178575
2016-03-29,57.90600685273076
2016-03-30,52.2163710335152
2016-03-31,54.98397488761496
2016-04-03,58.88218433051757
2016-04-04,50.46977023278642
2016-04-05,47.70681160114851
2016-04-06,52.963271521433015
2016-04-07,43.19527033124452
2016-04-10,38.2181967245345
2016-04-11,36.97154567740696
2016-04-12,38.03335502664992
2016-04-13,39.678905815631445
2016-04-14,48.197660208545216
2016-04-17,52.54235808209642
2016-04-18,53.4201158259973
2016-04-19,50.025010127426356
2016-04-20,45.78590687442066
2016-04-21,44.0561660116292
2016-04-24,35.365666527835
2016-04-25,37.3001711780414
2016-04-26,35.98433925475365
2016-04-27,22.783479019967956
2016-04-28,24.960137342434322
2016-05-01,23.521485841649437
2016-05-02,30.718828021880313
2016-05-03,26.32326360410677
2016-05-04,36.526098211232174
2016-05-05,37.005275613630516
2016-05-08,32.23015971231291
2016-05-09,29.067429876922105
2016-05-10,34.45799868758887
2016-05-11,30.817123704349612
2016-05-12,27.44205239791492
2016-05-15,30.915199676767926
2016-05-16,29.58720316089932
2016-05-17,34.94543114220794
2016-05-18,32.92936265611216
2016-05-19,39.46276713309011
2016-05-22,42.04973598241299
2016-05-23,43.21452464976171
2016-05-24,38.19014102987962
2016-05-25,33.07486568662827
2016-05-26,34.29761675993599
2016-05-29,34.115187726962475
2016-05-30,35.41749683340238
2016-05-31,46.55551498245071
2016-06-01,48.505546652627025
2016-06-02,47.240104780089254
2016-06-05,53.56464563160337
2016-06-06,45.35226216693691
2016-06-07,51.0142311925552
2016-06-08,52.11977119535163
2016-06-09,44.84274601776673
2016-06-12,43.355490070366194
2016-06-13,48.57804359281418
2016-06-14,47.66215748227313
2016-06-15,59.16705230018299
2016-06-16,55.504476240122095
2016-06-19,56.02803883671647
2016-06-20,56.15608758426106
2016-06-21,55.26829807867123
2016-06-22,63.86172839344203
2016-06-23,67.08608517937904
2016-06-26,67.61649095461367
2016-06-27,58.11893634578208
2016-06-28,60.786329907666556
2016-06-29,62.722835027010994
2016-06-30,61.20004592258998
2016-07-03,58.69265749723028
2016-07-04,64.10417202192424
2016-07-05,62.723498378828474
2016-07-06,68.49037921150972
2016-07-07,67.69559913137033
2016-07-10,76.03502482643883
2016-07-11,77.66292503942152
2016-07-12,79.5523791747909
2016-07-13,67.52319198379004
2016-07-14,63.855039160366296
2016-07-17,64.24347524302249
2016-07-18,61.46594017827406
2016-07-19,56.28410381904208
2016-07-20,54.028266686469166
2016-07-21,59.526681982404284
2016-07-24,60.122918682879735
2016-07-25,66.19150529841058
2016-07-26,67.65988940441531
2016-07-27,63.05868834285668
2016-07-28,63.5092234544993
2016-07-31,66.24954110613565
2016-08-01,61.01823577924344
2016-08-02,68.514996574955
2016-08-03,62.05756512728877
2016-08-04,64.24409070754908
2016-08-07,71.00740920061195
2016-08-08,73.77878738379029
2016-08-09,69.90329997262462
2016-08-10,71.25652731129898
2016-08-11,59.35760800077329
2016-08-14,51.206421709209
2016-08-15,51.40717326790944
2016-08-16,49.37516135621947
2016-08-17,42.96526532005818
2016-08-18,39.887813684378685
2016-08-21,39.68446321351104
2016-08-22,48.20501016862044
2016-08-23,44.370294851891686
2016-08-24,44.965664888055585
2016-08-25,45.55954962081418
2016-08-28,42.43255412736197
2016-08-29,48.16889478666458
2016-08-30,46.72022841817577
2016-08-31,48.371997585430385
2016-09-01,52.96209672745803
2016-09-04,44.75663173392641
2016-09-05,43.21751010275806
2016-09-06,51.682226944632625
2016-09-07,52.14798112966179
2016-09-08,52.92901911381655
2016-09-11,46.840717378305015
2016-09-12,49.25709476902565
2016-09-13,44.65999532253031
2016-09-14,51.419095330460415
2016-09-15,53.51345229485232
2016-09-18,55.62171006054084
2016-09-19,61.86928726509369
2016-09-20,63.21570895866574
2016-09-21,65.72015491072867
2016-09-22,64.61576239657956
2016-09-25,68.675608158309
2016-09-26,75.50545975980002
2016-09-27,77.6104569794109
2016-09-28,63.20822462468599
2016-09-29,60.33043954927206
2016-10-02,60.89533807388118
2016-10-03,65.21795467123425
2016-10-04,58.954133201625716
2016-10-05,59.17912085528301
2016-10-06,54.63349957726309
2016-10-09,60.909893752962624
2016-10-10,51.47132517071883
2016-10-11,51.18130532511654
2016-10-12,54.90352379712622
2016-10-13,48.26988101372581
2016-10-16,47.89927791865198
2016-10-17,53.14410706225922
2016-10-18,57.989437773634485
2016-10-19,66.40363895705582
2016-10-20,58.902883048674944
2016-10-23,63.7439672470704
2016-10-24,61.75218102852645
2016-10-25,67.88841061567206
2016-10-26,69.00578636237191
2016-10-27,59.18492029137089
2016-10-31,61.08712064378576
2016-11-01,63.228022146755116
2016-11-02,65.64319861332228
2016-11-03,66.71588674427719
2016-11-04,69.94866711288921
2016-11-07,64.30788690437029
2016-11-08,69.31511587200308
2016-11-09,65.5789687387799
2016-11-10,59.84757524049364
2016-11-11,58.34802895519891
2016-11-14,53.16312267233047
2016-11-15,57.36855310365569
2016-11-16,46.926421633484075
2016-11-17,38.1404617688742
2016-11-18,34.737852247722614
2016-11-21,27.87857179286341
2016-11-22,27.803419328867633
2016-11-23,35.546222605178556
2016-11-24,35.97052292238986
2016-11-25,41.76738092121656
2016-11-28,47.794510452191986
2016-11-29,46.15022937561825
2016-11-30,46.95859967282551
2016-12-01,36.23789489425096
2016-12-02,33.44560356465503
2016-12-05,38.140772587415235
2016-12-06,38.678575008566916
2016-12-07,38.77746384421791
2016-12-08,37.13421899204494
2016-12-09,32.645916102435976
2016-12-12,28.51436788435076
2016-12-13,37.03759016875001
2016-12-14,37.30737030872646
2016-12-15,37.59486382584343
2016-12-16,35.70167228940572
2016-12-19,28.617964157908347
2016-12-20,28.183076155463525
2016-12-21,28.383784396448718
2016-12-22,28.24730609711034
2016-12-23,31.61751556250279
2016-12-26,29.116017363100127
2016-12-27,29.884289728511433
2016-12-28,39.82112618455037
2016-12-29,37.07529837296282
2016-12-30,39.56980989684794
2017-01-02,32.79888637180895
2017-01-03,31.706199739112023
2017-01-04,37.40478191973332
2017-01-05,36.01699653132582
2017-01-06,39.31007540594356
2017-01-09,36.265270248527266
2017-01-10,44.16085419011985
2017-01-11,48.09668681323503
2017-01-12,55.60286319083989
2017-01-13,60.82742052256785
2017-01-16,59.818125108494144
2017-01-17,60.336514286629715
2017-01-18,62.380972140327295
2017-01-19,71.85324166755643
2017-01-20,78.86382931064315
2017-01-23,78.1051220353633
2017-01-24,71.42237655415167
2017-01-25,63.46464965520947
2017-01-26,52.45441793336038
2017-01-27,48.53462604337999
2017-01-30,54.2648530251079
2017-01-31,53.525065525317906
2017-02-01,50.039995171814596
2017-02-02,51.61952036719769
2017-02-03,59.389568076556806
2017-02-06,61.009935894685405
2017-02-07,62.05964776414162
2017-02-08,66.23764309421622
2017-02-09,62.92009821398081
2017-02-10,60.29394340920727
2017-02-13,64.59826590509121
2017-02-14,54.61845450811884
2017-02-15,58.742268888274495
2017-02-16,63.63583639624833
2017-02-17,60.31595240386581
2017-02-20,56.456330707206796
2017-02-21,60.235443073707955
2017-02-22,61.618378246990936
2017-02-23,65.1795126064379
2017-02-24,60.95478155096484
2017-02-27,55.22582089418252
2017-02-28,60.979113094143656
2017-03-01,65.09263248929219
2017-03-02,68.78165280562408
2017-03-03,58.005364428256804
2017-03-06,59.81849056401972
2017-03-07,60.440987061903556
2017-03-08,61.73354696680879
2017-03-09,57.313941911929255
2017-03-10,55.48608405948135
2017-03-13,56.89260293101004
2017-03-14,59.69039468446284
2017-03-15,61.283389122271934
2017-03-16,66.57693431998932
2017-03-17,61.7588771390889
2017-03-20,66.82572025959566
2017-03-21,69.84901952781509
2017-03-22,60.29693851624244
2017-03-23,56.71835018574668
2017-03-24,52.15579961121031
2017-03-26,49.63962608434093
2017-03-27,54.83074794375152
2017-03-28,57.364403573910494
2017-03-29,55.66932136967077
2017-03-30,52.80496414687721
2017-04-02,47.421728906797085
2017-04-03,49.12650449284428
2017-04-04,44.00827085986337
2017-04-05,48.02526021136191
2017-04-06,42.05954944834893
2017-04-09,36.38886558458934
2017-04-10,31.044701678807428
2017-04-11,30.881100550786314
2017-04-12,29.63908773745841
2017-04-13,46.05836561152134
2017-04-16,46.33365357454517
2017-04-17,49.479898426314136
2017-04-18,49.37354700084201
2017-04-19,48.183763859675445
2017-04-20,51.950932667852705
2017-04-23,58.95548788181163
2017-04-24,64.63599830825385
2017-04-25,62.56698351923997
2017-04-27,54.09254941042637
2017-04-30,57.83442581342036
2017-05-01,66.26822129773869
2017-05-02,69.10506029395995
2017-05-03,51.72643416343118
2017-05-04,51.233362558044654
2017-05-07,45.980513058504904
2017-05-08,44.13424918082787
2017-05-09,39.56359317281813
2017-05-10,42.95448397926219
2017-05-11,45.27138577748224
2017-05-14,48.665667153637045
2017-05-15,45.66595070179605
2017-05-16,44.49924542209022
2017-05-17,44.99317103788707
2017-05-18,43.96329576396517
2017-05-21,41.048211380030644
2017-05-22,42.31888085218395
2017-05-23,46.17053862204842
2017-05-24,40.194316046741214
2017-05-25,39.82195994686339
2017-05-28,35.37637462762868
2017-05-29,36.8755138919735
2017-05-30,41.88614118843581
2017-05-31,38.0977715702787
2017-06-01,33.038024818698815
2017-06-04,42.90693504493976
2017-06-05,52.026172093513395
2017-06-06,53.20762002050096
2017-06-07,62.881913866704906
2017-06-08,61.35936062999473
2017-06-11,54.4478581555497
2017-06-12,44.540790269223876
2017-06-13,38.59232398374902
2017-06-14,46.65256662489623
2017-06-15,47.28939315116506
2017-06-18,48.87422124187546
2017-06-19,45.817527641936486
2017-06-20,47.39208024661468
2017-06-21,48.468386938496145
2017-06-22,39.43783806575503
2017-06-25,46.92503545727658
2017-06-26,49.16231695587906
2017-06-27,43.50758043427013
2017-06-28,39.317068409175356
2017-06-29,43.12782784332333
2017-07-02,42.14446890833929
2017-07-03,40.444955868196715
2017-07-04,31.013461389994703
2017-07-05,32.00887552462733
2017-07-06,31.064878694773427
2017-07-09,28.14373517089176
2017-07-11,38.33040489031287
2017-07-12,32.84136286322938
2017-07-13,40.64800008329302
2017-07-16,45.37772202628964
2017-07-17,45.34809516778253
2017-07-18,56.37787097285349
2017-07-19,58.66284547785492
2017-07-20,56.494318051786955
2017-07-23,48.36940372545818
2017-07-24,46.47551345802673
2017-07-25,47.27960727641336
2017-07-26,51.76569095626511
2017-07-27,55.516464661663846
2017-07-30,50.099366132922405
2017-07-31,55.381221062777264
2017-08-01,52.831136192725005
2017-08-02,54.81780727468489
2017-08-03,55.13503152953092
2017-08-06,57.47150729705405
2017-08-07,58.48145102513528
2017-08-08,54.33329703702596
2017-08-09,55.720507508066085
2017-08-10,56.124016932437556
2017-08-13,55.3463860867794
2017-08-14,51.599391662242006
2017-08-15,48.67343535667488
2017-08-16,54.37897045601298
2017-08-17,49.883554767715026
2017-08-20,47.86640786968081
2017-08-21,46.328370648718945
2017-08-22,42.06784776721819
2017-08-23,38.89926191670531
2017-08-24,33.84598203559426
2017-08-27,38.074124003585965
2017-08-28,41.17261156768236
2017-08-29,49.39960439879042
2017-08-30,54.08408168423576
2017-08-31,41.395320795881055
2017-09-03,36.481331063747355
2017-09-04,37.11601256578145
2017-09-05,44.42345208607005
2017-09-06,33.60504014799858
2017-09-07,30.27919117069166
2017-09-10,34.664013105031955
2017-09-11,29.406158989965675
2017-09-12,36.822509700232175
2017-09-13,32.75478945810805
2017-09-14,35.96082112104763
2017-09-17,39.105074901371594
2017-09-18,43.7901244797627
2017-09-19,49.974311782107876
2017-09-20,56.06783633881445
2017-09-21,43.72565155855316
2017-09-24,49.6079771121398
2017-09-25,48.185497600542064
2017-09-26,41.612480041202296
2017-09-27,47.5215954839393
2017-09-28,44.14522219822436
2017-10-01,46.95838676292
2017-10-02,48.105603813639085
2017-10-03,47.163980476836905
2017-10-04,49.7324891070267
2017-10-05,47.660776987787294
2017-10-08,43.512190419703295
2017-10-09,42.234107775068296
2017-10-10,42.177032932721296
2017-10-11,39.544789477916446
2017-10-12,47.03684307719458
2017-10-15,55.888639092571395
2017-10-16,53.80181282702285
2017-10-17,52.41207176053942
2017-10-18,47.59343318130141
2017-10-19,54.14506808237721
2017-10-22,58.187253574260694
2017-10-23,59.08910892448796
2017-10-24,55.704396139913
2017-10-25,56.74494387009501
2017-10-26,53.574992361713115
2017-10-30,53.240722870498736
2017-10-31,57.87404894744124
2017-11-01,58.269863973909004
2017-11-02,59.57968145498415
2017-11-03,58.698532978282536
2017-11-06,39.8245501920982
2017-11-07,42.120249795279385
2017-11-08,41.114703703025846
2017-11-09,41.967423482668345
2017-11-10,37.467661342980286
2017-11-13,33.360277471062474
2017-11-14,32.635971104080255
2017-11-15,37.115815461908205
2017-11-20,30.76184509819251
2017-11-21,34.786304671056484
2017-11-22,36.45490515166927
2017-11-23,34.47562617788263
2017-11-24,39.28865595882849
2017-11-27,36.964782740984006
2017-11-28,43.170591106853905
2017-11-29,50.91853085160462
2017-11-30,48.428450405866364
2017-12-01,51.75809515982825
2017-12-04,37.61337029258159
2017-12-05,36.11772554577865
2017-12-06,38.79061264137587
2017-12-07,43.072830035950055
2017-12-08,40.74804969027916
2017-12-11,40.242430490947996
2017-12-12,44.897474241124435
2017-12-13,53.14513214246968
2017-12-14,61.197194529338105
2017-12-15,64.01956443681414
2017-12-18,68.44201495104977
2017-12-19,69.53534302814059
2017-12-20,68.27406558001051
2017-12-21,64.75970908855268
2017-12-22,59.56307369246295
2017-12-25,59.76281008369138
2017-12-26,60.620880293146776
2017-12-27,56.83112859337947
2017-12-28,61.3686977733305
2017-12-29,52.36323703465061
2018-01-01,56.096656283047835
2018-01-02,51.732523332200095
2018-01-03,51.9695177184043
2018-01-04,56.9105640840536
2018-01-05,56.88670711710296
2018-01-08,41.67727223807994
2018-01-09,41.83247213146641
2018-01-10,41.72462091502329
2018-01-11,58.15839717202215
2018-01-12,63.052151835406335
2018-01-15,59.65171242254443
2018-01-16,64.3116265316843
2018-01-17,65.5396315161164
2018-01-18,66.82470732772106
2018-01-19,69.09055239902733
2018-01-22,74.2910493940702
2018-01-23,69.76650136045187
2018-01-24,62.35779040928585
2018-01-25,63.02433278143568
2018-01-26,65.08489927755517
