Date,trix
2010-01-01,
2010-01-04,0.09137053218393228
2010-01-05,0.054567752800406606
2010-01-06,0.04411304013539147
2010-01-07,0.03613740868888229
2010-01-08,0.03576711200075353
2010-01-11,0.0463180988269517
2010-01-12,0.052499598050877214
2010-01-13,0.052494668267849626
2010-01-14,0.050116973546347435
2010-01-15,0.04431147796400448
2010-01-18,0.037945411079822196
2010-01-19,0.032554781384411216
2010-01-20,0.02841480847932886
2010-01-21,0.023963560149943004
2010-01-22,0.02085318258787408
2010-01-25,0.020224763262915495
2010-01-26,0.02072762037337186
2010-01-27,0.020523599998069738
2010-01-28,0.01956797166345339
2010-01-29,0.015485773670287035
2010-02-01,0.010156201250936858
2010-02-02,0.0007710220851060936
2010-02-03,-0.01086942666309168
2010-02-04,-0.02509965316363658
2010-02-05,-0.04035665946762169
2010-02-08,-0.05596898759738137
2010-02-09,-0.06718064831465795
2010-02-10,-0.07686579516730857
2010-02-11,-0.08325853998380729
2010-02-12,-0.08725988747373777
2010-02-15,-0.08969335557822523
2010-02-16,-0.0878085225058949
2010-02-17,-0.08319008064506934
2010-02-18,-0.07916346045478298
2010-02-19,-0.07513363000701373
2010-02-22,-0.06997119690558365
2010-02-23,-0.06275213757338716
2010-02-24,-0.05466301361624928
2010-02-25,-0.046748755781329455
2010-02-26,-0.03868413940283072
2010-03-01,-0.03255411340829099
2010-03-02,-0.028476686215950932
2010-03-03,-0.026652112823342698
2010-03-04,-0.028605487342601797
2010-03-05,-0.030197133204407554
2010-03-08,-0.03151178620628561
2010-03-09,-0.030031880059269808
2010-03-10,-0.02793968206434906
2010-03-11,-0.025517139584796206
2010-03-12,-0.02485572498625941
2010-03-15,-0.02571006859349807
2010-03-16,-0.027208061174374423
2010-03-17,-0.028243742372567472
2010-03-18,-0.028515868399067126
2010-03-19,-0.029166571081036888
2010-03-22,-0.02885805088032433
2010-03-23,-0.028251771989828808
2010-03-24,-0.027276127655456384
2010-03-25,-0.027291782348797585
2010-03-26,-0.02857368080852633
2010-03-28,-0.027270313383455657
2010-03-29,-0.02450788240734261
2010-03-30,-0.0233253461645609
2010-03-31,-0.023708346518421325
2010-04-01,-0.02464866631243256
2010-04-04,-0.028256261579494936
2010-04-05,-0.030809093302858165
2010-04-06,-0.03145453464335791
2010-04-07,-0.031130630978868958
2010-04-08,-0.028036462657429585
2010-04-11,-0.025919206673028553
2010-04-12,-0.0243673987007766
2010-04-13,-0.02117697736969841
2010-04-14,-0.016589632019403666
2010-04-15,-0.011271666471843899
2010-04-18,-0.004753760533706066
2010-04-19,-0.0015537449063424238
2010-04-20,-0.0016459863407209364
2010-04-21,-0.003484327705304829
2010-04-22,-0.006353215757221122
2010-04-25,-0.009239626007956652
2010-04-26,-0.01075508740033284
2010-04-27,-0.010131872295841064
2010-04-28,-0.007988207704777492
2010-04-29,-0.002334722660521604
2010-05-02,0.003303929141144431
2010-05-03,0.006675310880360758
2010-05-04,0.009366185898775588
2010-05-05,0.010588143462829205
2010-05-06,0.008228804594646559
2010-05-09,0.003381996599348389
2010-05-10,-0.006890634047723568
2010-05-11,-0.02049288042958694
2010-05-12,-0.034139399545007075
2010-05-13,-0.04575026519336321
2010-05-16,-0.059512419724316916
2010-05-17,-0.07724402655090709
2010-05-18,-0.10077670454268693
2010-05-19,-0.13117933720716474
2010-05-20,-0.15957607563181211
2010-05-23,-0.1862885695845342
2010-05-24,-0.20669636667004843
2010-05-25,-0.2214210143125164
2010-05-26,-0.22875796036261115
2010-05-27,-0.2288009925622143
2010-05-30,-0.22757844678608308
2010-05-31,-0.22687704602671183
2010-06-01,-0.2271536316198481
2010-06-02,-0.2260589891218183
2010-06-03,-0.22439725361584073
2010-06-06,-0.227791779746752
2010-06-07,-0.23077743970678638
2010-06-08,-0.23258979841338956
2010-06-09,-0.22947285091063557
2010-06-10,-0.2209489581653634
2010-06-13,-0.2053343028262974
2010-06-14,-0.18587625477008288
2010-06-15,-0.16511243097363723
2010-06-16,-0.14125832443084346
2010-06-17,-0.11723841619141875
2010-06-20,-0.09157481795694121
2010-06-21,-0.06612362260663562
2010-06-22,-0.0373927241545482
2010-06-23,-0.010228520737787001
2010-06-24,0.014476676020142808
2010-06-27,0.0345543509996622
2010-06-28,0.048116435179124936
2010-06-29,0.0559787809531471
2010-06-30,0.06080476563450181
2010-07-01,0.062340185790377166
2010-07-04,0.060490354484757466
2010-07-05,0.058465237528118344
2010-07-06,0.059614198125578784
2010-07-07,0.06660788010366123
2010-07-08,0.07328526832508277
2010-07-11,0.07923130020865456
2010-07-12,0.08538923009876778
2010-07-13,0.09074230305006425
2010-07-14,0.09771676075503186
2010-07-15,0.10555349170389837
2010-07-18,0.11153353830606155
2010-07-19,0.11776937328829559
2010-07-20,0.12224238414240886
2010-07-21,0.12832677793029304
2010-07-22,0.13501345052025548
2010-07-25,0.14223691484011597
2010-07-26,0.1497142555026297
2010-07-27,0.15364136828513703
2010-07-28,0.1574503460336366
2010-07-29,0.15926157675426397
2010-08-01,0.16021565461429965
2010-08-02,0.16051641742012926
2010-08-03,0.15967989264101864
2010-08-04,0.15699928906551738
2010-08-05,0.15185398555520044
2010-08-08,0.15036931082904478
2010-08-09,0.14930581229667264
2010-08-10,0.14818300247963936
2010-08-11,0.14480366869149722
2010-08-12,0.13901235469380724
2010-08-15,0.1298935255233655
2010-08-16,0.12061326082249665
2010-08-17,0.11130150731684943
2010-08-18,0.09758397314610856
2010-08-19,0.08313064376491278
2010-08-22,0.07067503099997086
2010-08-23,0.06228150842458968
2010-08-24,0.05640955039784068
2010-08-25,0.052575871744835384
2010-08-26,0.04950647825742844
2010-08-29,0.0510694006164298
2010-08-30,0.05460030807946846
2010-08-31,0.060997437654464616
2010-09-01,0.07065497991677351
2010-09-02,0.0820074761193894
2010-09-05,0.09087636489912315
2010-09-06,0.09652790656461145
2010-09-07,0.1013853180780422
2010-09-08,0.10431512339820384
2010-09-09,0.10612722430784366
2010-09-12,0.10876345708936762
2010-09-13,0.11178752641071338
2010-09-14,0.11640846309551132
2010-09-15,0.12022141933450224
2010-09-16,0.12210014319128144
2010-09-19,0.1250006325207803
2010-09-20,0.13048534063181
2010-09-21,0.13815440424267988
2010-09-22,0.1474861271096687
2010-09-23,0.156719383230161
2010-09-26,0.16552325707562426
2010-09-27,0.17459080029507554
2010-09-28,0.1853934173108238
2010-09-29,0.19737247923184487
2010-09-30,0.20625118240346674
2010-10-03,0.2107799760315446
2010-10-04,0.21072701196428936
2010-10-05,0.20645915438226542
2010-10-06,0.19921263322475571
2010-10-07,0.19468540398893208
2010-10-10,0.19104121246101324
2010-10-11,0.1866194917474527
2010-10-12,0.1812796521706901
2010-10-13,0.17416156790229068
2010-10-14,0.1669693054688981
2010-10-17,0.16112895267298286
2010-10-18,0.15765969481024153
2010-10-19,0.15386312383488127
2010-10-20,0.15138713222325856
2010-10-21,0.14797695745933118
2010-10-24,0.14579199328159656
2010-10-25,0.14371157190823267
2010-10-26,0.14142655938104137
2010-10-27,0.13509453464496704
2010-10-28,0.12623305109264224
2010-11-01,0.11760563098692753
2010-11-02,0.1080113868052044
2010-11-03,0.10047498004883611
2010-11-04,0.09596996169748034
2010-11-05,0.0953523598688335
2010-11-08,0.09605582916114815
2010-11-09,0.09661548773628474
2010-11-10,0.09560211160251907
2010-11-11,0.0908213507503834
2010-11-12,0.0822095890939077
2010-11-15,0.07106752087015879
2010-11-16,0.05660105540070478
2010-11-17,0.04235355360687689
2010-11-18,0.031590414423855746
2010-11-19,0.025066635897655683
2010-11-22,0.02046126596401022
2010-11-23,0.017070767243462258
2010-11-24,0.010953156999774399
2010-11-25,0.0031247009413441886
2010-11-26,-0.008392052469745146
2010-11-29,-0.02198746564141776
2010-11-30,-0.037683079319916435
2010-12-01,-0.05170627350729787
2010-12-02,-0.06392870608844556
2010-12-03,-0.07526159664096371
2010-12-06,-0.0798332354196914
2010-12-07,-0.07987068376643162
2010-12-08,-0.0770656705000781
2010-12-09,-0.07388748376656631
2010-12-10,-0.06864138694996395
2010-12-13,-0.062330447781962686
2010-12-14,-0.05251707602234868
2010-12-15,-0.04063465584136406
2010-12-16,-0.03267118700629905
2010-12-17,-0.026033775356559572
2010-12-20,-0.018610078917563094
2010-12-21,-0.007336474681492948
2010-12-22,0.0068695217719298
2010-12-23,0.02112857678313884
2010-12-24,0.03510318352412126
2010-12-27,0.04663328704409642
2010-12-28,0.056214872231712065
2010-12-29,0.06384678429910842
2010-12-30,0.07158201612012921
2010-12-31,0.07795089450775032
2011-01-03,0.08229020515403038
2011-01-04,0.08306740152359968
2011-01-05,0.07952011577205267
2011-01-06,0.07046792189462306
2011-01-07,0.056293904353552346
2011-01-10,0.03845471022200776
2011-01-11,0.019509028730382547
2011-01-12,-0.004699943973467684
2011-01-13,-0.026664399749659718
2011-01-14,-0.04397811251099045
2011-01-17,-0.060423465234554094
2011-01-18,-0.07443507221213749
2011-01-19,-0.08233611630476377
2011-01-20,-0.0848697594324175
2011-01-21,-0.08708332513322983
2011-01-24,-0.08856572867046165
2011-01-25,-0.0862718934304115
2011-01-26,-0.08116725337595439
2011-01-27,-0.07374183318776016
2011-01-28,-0.06819939290678212
2011-01-31,-0.06233642833020076
2011-02-01,-0.053613410450764065
2011-02-02,-0.04209516132726391
2011-02-03,-0.030270825562092266
2011-02-04,-0.016585712925485288
2011-02-07,-0.004542026833130717
2011-02-08,0.007010765823820091
2011-02-09,0.019908001577053348
2011-02-10,0.03081098921402207
2011-02-11,0.03693529158093875
2011-02-14,0.03647857780749199
2011-02-15,0.0330390002578356
2011-02-16,0.026122896333261744
2011-02-17,0.017682623221378854
2011-02-18,0.011912502702927952
2011-02-21,0.009349725723234448
2011-02-22,0.005861718642891143
2011-02-23,0.0015831803449026405
2011-02-24,-0.002482926602929977
2011-02-25,-0.005605375463130668
2011-02-28,-0.008258788658811914
2011-03-01,-0.011310662146225321
2011-03-02,-0.014979919969396441
2011-03-03,-0.018456871001479136
2011-03-04,-0.022776847828765958
2011-03-07,-0.02688971295400451
2011-03-08,-0.030899835831368506
2011-03-09,-0.03641060592017228
2011-03-10,-0.0430169180645984
2011-03-11,-0.050141426225958206
2011-03-14,-0.0544283902260127
2011-03-15,-0.056881763814305
2011-03-16,-0.05967058258460947
2011-03-17,-0.06427918425130742
2011-03-18,-0.07081683402262849
2011-03-21,-0.07330443116494276
2011-03-22,-0.07167017913311398
2011-03-23,-0.06502576943038603
2011-03-24,-0.054482944582783244
2011-03-25,-0.04109540395861887
2011-03-27,-0.023412563707259058
2011-03-28,-0.005383378181672338
2011-03-29,0.012082811424480554
2011-03-30,0.027989784208102157
2011-03-31,0.041672791108483015
2011-04-03,0.05259021203517524
2011-04-04,0.061212466794316106
2011-04-05,0.06488626776053102
2011-04-06,0.0678378845468226
2011-04-07,0.07043438962945524
2011-04-10,0.07491977608875833
2011-04-11,0.0778434065846877
2011-04-12,0.07983494112513119
2011-04-13,0.08269134374120962
2011-04-17,0.0868315885499565
2011-04-18,0.090096484964404
2011-04-19,0.09073810169189717
2011-04-20,0.09344611087817657
2011-04-21,0.09923539306667105
2011-04-24,0.1065910742221739
2011-04-25,0.11316497243582598
2011-04-26,0.11945346300977838
2011-04-27,0.12694284386290103
2011-04-28,0.1368543218517033
2011-05-01,0.14590857503675694
2011-05-02,0.15524629972271656
2011-05-03,0.16077033316991823
2011-05-04,0.16159457844656647
2011-05-05,0.15703954434751186
2011-05-08,0.15202321366174015
2011-05-09,0.14916518592703892
2011-05-10,0.14620151268047926
2011-05-11,0.13947072269633273
2011-05-12,0.13001285380667188
2011-05-15,0.11758367114749181
2011-05-16,0.10638335736339838
2011-05-17,0.09720178682870148
2011-05-18,0.08846793255606261
2011-05-19,0.08059290765891852
2011-05-22,0.07515281960947962
2011-05-23,0.06793320708479447
2011-05-24,0.06129670288303197
2011-05-25,0.0548238797568653
2011-05-26,0.0523835050775447
2011-05-29,0.054367887377043164
2011-05-30,0.05843196215212029
2011-05-31,0.05904943410730507
2011-06-01,0.059223875583709805
2011-06-02,0.05949662982790593
2011-06-05,0.06292527605819608
2011-06-06,0.068329476849568
2011-06-07,0.07182531429720888
2011-06-08,0.07298394844744224
2011-06-09,0.0696236665845615
2011-06-12,0.06277680231846726
2011-06-13,0.05515196251615302
2011-06-14,0.04739739824878682
2011-06-15,0.03948425024266384
2011-06-16,0.032530349254184694
2011-06-19,0.027662587244863236
2011-06-20,0.023413662355074357
2011-06-21,0.017210908228749933
2011-06-22,0.009246607192456565
2011-06-23,0.0015212471523110673
2011-06-26,-0.0036208927741377857
2011-06-27,-0.008588977054116254
2011-06-28,-0.011811149404854941
2011-06-29,-0.013729328296310392
2011-06-30,-0.015180104933419746
2011-07-03,-0.01613908244953398
2011-07-04,-0.017490557534956885
2011-07-05,-0.019488157401971108
2011-07-06,-0.02078045144131588
2011-07-07,-0.021338896665985752
2011-07-10,-0.021389451616189086
2011-07-11,-0.0216708171705352
2011-07-12,-0.024732827405631718
2011-07-13,-0.026189807846800518
2011-07-14,-0.0271811316516569
2011-07-17,-0.032461005686133984
2011-07-18,-0.039006664477879635
2011-07-19,-0.04490228234827025
2011-07-20,-0.05035594957713865
2011-07-21,-0.05376425372912761
2011-07-24,-0.05320699367722266
2011-07-25,-0.050919525744010916
2011-07-26,-0.045169798252436125
2011-07-27,-0.032803657978209395
2011-07-28,-0.017981975398031355
2011-07-31,-0.00021469256378756023
2011-08-01,0.017337858345236403
2011-08-02,0.028190294291131315
2011-08-03,0.03444291455630309
2011-08-04,0.03333699810190907
2011-08-07,0.027967226635063177
2011-08-08,0.013756386405208484
2011-08-09,-0.00047202935960115056
2011-08-10,-0.017156599630231712
2011-08-11,-0.03042993741275894
2011-08-14,-0.03802723137967047
2011-08-15,-0.04058791675751936
2011-08-16,-0.03965815316206202
2011-08-17,-0.035362463388777736
2011-08-18,-0.030840380664266902
2011-08-21,-0.026001641358966748
2011-08-22,-0.0209464235027072
2011-08-23,-0.012519811962687828
2011-08-24,-0.004811621825188406
2011-08-25,0.0014559632455981972
2011-08-28,0.008763242463033073
2011-08-29,0.017664679502551378
2011-08-30,0.027720033126642597
2011-08-31,0.037955211437271485
2011-09-01,0.04791758214879412
2011-09-04,0.05711834422408482
2011-09-05,0.063312128525643
2011-09-06,0.06572610377700253
2011-09-07,0.06885620483052925
2011-09-08,0.07198803698440953
2011-09-11,0.07243810483434454
2011-09-12,0.06589952603634229
2011-09-13,0.05164315767474738
2011-09-14,0.03352708413529305
2011-09-15,0.013972791591685055
2011-09-18,-0.006833885335387101
2011-09-19,-0.028399017019518937
2011-09-20,-0.04553184963689603
2011-09-21,-0.06097731105307292
2011-09-22,-0.0770491009343763
2011-09-25,-0.09026814287373852
2011-09-26,-0.10140043152635524
2011-09-27,-0.10910253258891198
2011-09-28,-0.11465894413083975
2011-09-29,-0.11642007878938412
2011-10-02,-0.11422084896559977
2011-10-03,-0.11392404648743162
2011-10-04,-0.11294013581683807
2011-10-05,-0.11218481940934256
2011-10-06,-0.10895467438384095
2011-10-09,-0.10301184444737557
2011-10-10,-0.09139702114599046
2011-10-11,-0.07727914968205916
2011-10-12,-0.058462824417004296
2011-10-13,-0.03597942238538594
2011-10-16,-0.010829069976207105
2011-10-17,0.01288599140186925
2011-10-18,0.03453431768673158
2011-10-19,0.054147399095513526
2011-10-20,0.06989692099778708
2011-10-23,0.08273672911727786
2011-10-24,0.09574687117299774
2011-10-25,0.1111904712592865
2011-10-26,0.12098247886193123
2011-10-27,0.13239161196502933
2011-10-31,0.1433332028958574
2011-11-01,0.1501471331631172
2011-11-02,0.1529693732591297
2011-11-03,0.14977372918733187
2011-11-04,0.1448104883231754
2011-11-07,0.14094643345464855
2011-11-08,0.1352021738636116
2011-11-09,0.12717992482363058
2011-11-10,0.114499657869858
2011-11-11,0.09724655913743858
2011-11-14,0.08189307317208848
2011-11-15,0.06649556203127541
2011-11-16,0.05173264554567477
2011-11-17,0.03573264066881234
2011-11-18,0.01883554380567353
2011-11-21,0.002346071931177986
2011-11-22,-0.014096245674301296
2011-11-23,-0.030029340581973322
2011-11-24,-0.04656526833093291
2011-11-25,-0.06198298588733825
2011-11-28,-0.07344645632806719
2011-11-29,-0.08077832942428702
2011-11-30,-0.08179407769759013
2011-12-01,-0.0751190135103724
2011-12-02,-0.06641231624938888
2011-12-05,-0.05514175889026334
2011-12-06,-0.04230736136366782
2011-12-07,-0.03228903551819395
2011-12-08,-0.023375698811275533
2011-12-09,-0.014505291874233148
2011-12-12,-0.006538653020206876
2011-12-13,-0.0022820362945607763
2011-12-14,-4.738333808683559e-05
2011-12-15,-0.0007793537098774695
2011-12-16,-0.003887722165888174
2011-12-19,-0.005499027843055798
2011-12-20,-0.007987691570211944
2011-12-21,-0.008226400856150357
2011-12-22,-0.0076584925996738395
2011-12-23,-0.006693842959411238
2011-12-26,-0.004878359429682597
2011-12-27,-0.0025353214593462417
2011-12-28,-0.0008391032246891312
2011-12-29,-2.4359714251003128e-05
2011-12-30,0.0006590704596305515
2012-01-02,0.0038426468884035503
2012-01-03,0.008711713622563524
2012-01-04,0.016114327399507734
2012-01-05,0.024332961438571273
2012-01-06,0.03166458787979724
2012-01-09,0.03916531512698635
2012-01-10,0.04575169908842161
2012-01-11,0.050712913193952255
2012-01-12,0.05534441771235139
2012-01-13,0.059969051039700974
2012-01-16,0.06436215036492382
2012-01-17,0.06706575498954931
2012-01-18,0.06944037889188619
2012-01-19,0.07139444520739917
2012-01-20,0.07259798161639984
2012-01-23,0.07612809918303377
2012-01-24,0.07991669559905376
2012-01-25,0.08218780165036589
2012-01-26,0.08536687381485529
2012-01-27,0.08863664957493218
2012-01-30,0.09179705104206652
2012-01-31,0.09293458177575263
2012-02-01,0.09341492134069963
2012-02-02,0.09491182533599636
2012-02-03,0.09683154191310223
2012-02-06,0.097951986532084
2012-02-07,0.09812635712346962
2012-02-08,0.09954712908325268
2012-02-09,0.10137747223879391
2012-02-10,0.10190453541089489
2012-02-13,0.10098127189851831
2012-02-14,0.09902559918462404
2012-02-15,0.0952871770898051
2012-02-16,0.09045015245203715
2012-02-17,0.08577399471169835
2012-02-20,0.08102223142462865
2012-02-21,0.07475025062855804
2012-02-22,0.06653506925372027
2012-02-23,0.05709386520809791
2012-02-24,0.04984314696395259
2012-02-27,0.04395695211038253
2012-02-28,0.04074685414721348
2012-02-29,0.03896660316472236
2012-03-01,0.03409159226842985
2012-03-02,0.02861884411815094
2012-03-05,0.021683284006633132
2012-03-06,0.014290608315718354
2012-03-07,0.005907262117392445
2012-03-08,-0.003514528039418591
2012-03-09,-0.013240486477952665
2012-03-12,-0.025234569327629297
2012-03-13,-0.03838451640089164
2012-03-14,-0.05207993065534734
2012-03-15,-0.06656910264378503
2012-03-16,-0.07817787078788922
2012-03-19,-0.08473066980448718
2012-03-20,-0.08878451636603069
2012-03-21,-0.09340852789081536
2012-03-22,-0.09831886364216254
2012-03-23,-0.10227430135675028
2012-03-25,-0.10287054220088837
2012-03-26,-0.10155180250618336
2012-03-27,-0.10013760717727069
2012-03-28,-0.09936628016846812
2012-03-29,-0.09973107177396454
2012-04-01,-0.09875616216366491
2012-04-02,-0.0987627694452279
2012-04-03,-0.10278724375827966
2012-04-04,-0.10770097909593834
2012-04-05,-0.11311578631374052
2012-04-08,-0.11680415471802182
2012-04-09,-0.11834782058660157
2012-04-10,-0.1177525067075451
2012-04-11,-0.11299569063136095
2012-04-12,-0.1045684806638233
2012-04-15,-0.09583691006270936
2012-04-16,-0.08649487415225787
2012-04-17,-0.07914675004836122
2012-04-18,-0.07369606329396168
2012-04-19,-0.06906986544440849
2012-04-22,-0.06414967381510873
2012-04-23,-0.06243704671842329
2012-04-24,-0.06331579237269998
2012-04-25,-0.06604170758355109
2012-04-26,-0.06810536254939718
2012-04-29,-0.06809528562432565
2012-04-30,-0.06523770581250732
2012-05-01,-0.06438973571228288
2012-05-02,-0.06519879865406816
2012-05-03,-0.06767968663237252
2012-05-06,-0.07211606746854225
2012-05-07,-0.07605214917244658
2012-05-08,-0.08055686996320374
2012-05-09,-0.08569122655165604
2012-05-10,-0.09002048929532198
2012-05-13,-0.09549172319750766
2012-05-14,-0.10206032552715379
2012-05-15,-0.10784760991258033
2012-05-16,-0.11124679722755361
2012-05-17,-0.11142598947954518
2012-05-20,-0.11041025212291669
2012-05-21,-0.10676512832888854
2012-05-22,-0.10511534720609811
2012-05-23,-0.10454390516541703
2012-05-24,-0.1028591110499053
2012-05-27,-0.09850549314564963
2012-05-28,-0.09244855576815715
2012-05-29,-0.08575622868638992
2012-05-30,-0.08108552315827286
2012-05-31,-0.07603855405436226
2012-06-03,-0.06995524979896026
2012-06-04,-0.06148391473492921
2012-06-05,-0.051233153764963506
2012-06-06,-0.03836654481572222
2012-06-07,-0.025018658841232378
2012-06-10,-0.01136748295316198
2012-06-11,0.0009174745850239642
2012-06-12,0.012821052212656397
2012-06-13,0.02425584137449403
2012-06-14,0.03517093936137727
2012-06-17,0.047572341330728324
2012-06-18,0.06049263415277211
2012-06-19,0.07363362435880638
2012-06-20,0.08697283984369963
2012-06-21,0.09692798057367695
2012-06-24,0.10276787983029169
2012-06-25,0.10534943194536356
2012-06-26,0.10507531946023764
2012-06-27,0.10400854690925813
2012-06-28,0.10358725232665672
2012-07-01,0.10511599411664656
2012-07-02,0.10692532917775503
2012-07-03,0.10847567576436494
2012-07-04,0.10907323393465389
2012-07-05,0.10941997856623008
2012-07-08,0.10808728454110728
2012-07-09,0.10566344605140235
2012-07-10,0.10280875229259176
2012-07-11,0.10056026576526991
2012-07-12,0.09463437124122337
2012-07-15,0.08792298280872449
2012-07-16,0.08141422216302892
2012-07-17,0.07671315475773864
2012-07-18,0.07399860241766716
2012-07-19,0.07383468171778185
2012-07-22,0.07435438321896842
2012-07-23,0.07396442921986572
2012-07-24,0.07232861864375381
2012-07-25,0.07052721560038906
2012-07-26,0.06951656421501981
2012-07-29,0.06922059286764844
2012-07-30,0.06928995084519958
2012-07-31,0.06952123229163998
2012-08-01,0.06960845618008146
2012-08-02,0.06980665503023074
2012-08-05,0.07093724112033459
2012-08-06,0.07244864361343908
2012-08-07,0.0717520126084422
2012-08-08,0.06933483705862999
2012-08-09,0.06496049393885163
2012-08-12,0.0587905488186167
2012-08-13,0.05078472745205778
2012-08-14,0.040821515094399
2012-08-15,0.029509388806941813
2012-08-16,0.01793276338647228
2012-08-19,0.004579678950904416
2012-08-20,-0.008469986594866091
2012-08-21,-0.019478546780863627
2012-08-22,-0.026788236464734206
2012-08-23,-0.032681194434686124
2012-08-26,-0.038858793922496505
2012-08-27,-0.0466588547339904
2012-08-28,-0.05534574131714464
2012-08-29,-0.06441420545866233
2012-08-30,-0.07387342372868819
2012-09-02,-0.08517747539035862
2012-09-03,-0.09782872055053829
2012-09-04,-0.110980999707743
2012-09-05,-0.1225004335937046
2012-09-06,-0.13140409997241081
2012-09-09,-0.13670007889231905
2012-09-10,-0.14046350813957678
2012-09-11,-0.14052322735309933
2012-09-12,-0.13560483802942977
2012-09-13,-0.12800790072285612
2012-09-16,-0.11744365878796319
2012-09-17,-0.10639292248484866
2012-09-18,-0.09600816192741046
2012-09-19,-0.08563229509214147
2012-09-20,-0.07648301607256722
2012-09-23,-0.06781096534376282
2012-09-24,-0.059935660423818274
2012-09-25,-0.05394074112012373
2012-09-26,-0.04770205049886551
2012-09-27,-0.04056656022212537
2012-09-30,-0.034774729833970265
2012-10-01,-0.030693454215268985
2012-10-02,-0.03053480179639357
2012-10-03,-0.032752003988600384
2012-10-04,-0.038032868443254784
2012-10-07,-0.04834638023878889
2012-10-08,-0.060007707630828924
2012-10-09,-0.07103833683442358
2012-10-10,-0.07861357611673775
2012-10-11,-0.083645977511546
2012-10-14,-0.08658533120943854
2012-10-15,-0.08608979260439888
2012-10-16,-0.08004621511547803
2012-10-17,-0.0710375127060209
2012-10-18,-0.05826170667865354
2012-10-21,-0.04272188942425397
2012-10-22,-0.026049342170519418
2012-10-23,-0.011851499961626998
2012-10-24,0.0032865120959254825
2012-10-25,0.018503060147099796
2012-10-29,0.034386083609387295
2012-10-30,0.04960595414893501
2012-10-31,0.06376249828290106
2012-11-01,0.0766691840028616
2012-11-02,0.08766966215723364
2012-11-05,0.09369936011223767
2012-11-06,0.09738337455974619
2012-11-07,0.09940510649960191
2012-11-08,0.10068901745119237
2012-11-09,0.10233832804663284
2012-11-12,0.10343590574921542
2012-11-13,0.10484069457376416
2012-11-14,0.10724071164218035
2012-11-15,0.10771503280635332
2012-11-16,0.10447897777402641
2012-11-19,0.09939944256742805
2012-11-20,0.09342304341390406
2012-11-21,0.08633782519271412
2012-11-22,0.0782167746630568
2012-11-23,0.07030365326468405
2012-11-26,0.06405837351867055
2012-11-27,0.05909604119211636
2012-11-28,0.054589756943308414
2012-11-29,0.050687638301909865
2012-11-30,0.04602247718449989
2012-12-03,0.04112875924596916
2012-12-05,0.03780956087958945
2012-12-06,0.03407498459908544
2012-12-07,0.030957624559647623
2012-12-10,0.026919574746753046
2012-12-11,0.0225133438847229
2012-12-12,0.019633623952098073
2012-12-13,0.017594564150175723
2012-12-14,0.01548951925118256
2012-12-17,0.014798056767312932
2012-12-18,0.013945389650375131
2012-12-19,0.012874628737564345
2012-12-20,0.011194298792355678
2012-12-21,0.008914412689569435
2012-12-24,0.005734536721503503
2012-12-25,0.0007787076636610797
2012-12-26,-0.005240427556358074
2012-12-27,-0.010836288440082832
2012-12-28,-0.015317417429184717
2012-12-31,-0.018116596413285127
2013-01-01,-0.02028418672853306
2013-01-02,-0.021420048077395337
2013-01-03,-0.02130275875538113
2013-01-04,-0.020710232327879798
2013-01-07,-0.019209612006459084
2013-01-08,-0.016761903916220084
2013-01-09,-0.013432975858049163
2013-01-10,-0.009586827307921
2013-01-11,-0.004687433115193441
2013-01-14,-0.0004437393740481964
2013-01-15,0.003761408201052605
2013-01-16,0.007952498987156647
2013-01-17,0.012226551240768348
2013-01-18,0.015693009129297626
2013-01-21,0.019330801868008018
2013-01-22,0.023339858055355243
2013-01-23,0.028533843232679962
2013-01-24,0.036026003563752594
2013-01-25,0.042060348464290624
2013-01-28,0.04753783462490283
2013-01-29,0.051767521118723285
2013-01-30,0.054739160588046724
2013-01-31,0.055124885870096854
2013-02-01,0.0521783833275348
2013-02-04,0.04703500714850256
2013-02-05,0.041574080287154175
2013-02-06,0.03350897370473784
2013-02-07,0.021851588312694247
2013-02-08,0.008175121070977748
2013-02-11,-0.0023452669688814715
2013-02-12,-0.011768071664412186
2013-02-13,-0.018577338324609314
2013-02-14,-0.022486165254876726
2013-02-15,-0.02495075140771873
2013-02-18,-0.025778150323498446
2013-02-19,-0.02362057145326832
2013-02-20,-0.018207084821592525
2013-02-21,-0.012794171496902587
2013-02-22,-0.005824537008926877
2013-02-25,0.003461622197833917
2013-02-26,0.013804946532303856
2013-02-27,0.02273370147172272
2013-02-28,0.02935586091577619
2013-03-01,0.03613217390282919
2013-03-04,0.040355320999023135
2013-03-05,0.04270229948466813
2013-03-06,0.04590359744717229
2013-03-07,0.05003761662101089
2013-03-08,0.054619566089408565
2013-03-11,0.05665462618538664
2013-03-12,0.058355287581309936
2013-03-13,0.06113999186605021
2013-03-14,0.06386238964736908
2013-03-15,0.06690742425802133
2013-03-18,0.069139165456537
2013-03-19,0.07156962446004092
2013-03-20,0.07421880355338742
2013-03-21,0.07669983764061565
2013-03-22,0.08037169301878323
2013-03-25,0.08377821437848214
2013-03-26,0.0867252395635543
2013-03-27,0.08746608157392183
2013-03-28,0.08548201903124227
2013-03-29,0.0805266567661784
2013-03-31,0.07400373901579399
2013-04-01,0.06740504119385679
2013-04-02,0.060773514789841165
2013-04-03,0.05420805979846355
2013-04-04,0.04640675022648929
2013-04-07,0.0370705480493533
2013-04-08,0.029554133385028377
2013-04-09,0.025710211910906194
2013-04-10,0.025461704438383023
2013-04-11,0.025937841427202617
2013-04-14,0.027295253334075426
2013-04-15,0.02579963310173557
2013-04-16,0.023789127660681517
2013-04-17,0.02015349593833657
2013-04-18,0.015329758179814388
2013-04-21,0.009199234185191153
2013-04-22,0.002309774396187752
2013-04-23,-0.0042331683636697166
2013-04-24,-0.01012723026761401
2013-04-25,-0.016498333425160914
2013-04-28,-0.024371040190270917
2013-04-29,-0.03213484513526015
2013-04-30,-0.04007487801212078
2013-05-01,-0.05024440552151672
2013-05-02,-0.060750802512500056
2013-05-05,-0.06984997112321338
2013-05-06,-0.07979112059504942
2013-05-07,-0.09223812010290947
2013-05-08,-0.1054427460714077
2013-05-09,-0.12041387691036846
2013-05-12,-0.1365070206607992
2013-05-13,-0.1529418705963889
2013-05-14,-0.16745500821669448
2013-05-15,-0.1806164918634964
2013-05-16,-0.19302081438399757
2013-05-19,-0.2023274251219047
2013-05-20,-0.208039237655528
2013-05-21,-0.20964577427565667
2013-05-22,-0.20966043786998953
2013-05-23,-0.20920889541024631
2013-05-26,-0.2094374119550861
2013-05-27,-0.20875800816540593
2013-05-28,-0.20673889940982876
2013-05-29,-0.2030336965171486
2013-05-30,-0.19815976122985612
2013-06-02,-0.1919971738620323
2013-06-03,-0.18250690287787993
2013-06-04,-0.17266422072983675
2013-06-05,-0.16763915233611099
2013-06-06,-0.1658348238183855
2013-06-09,-0.17285684286802985
2013-06-10,-0.18344657394054975
2013-06-11,-0.19515654687281708
2013-06-12,-0.2046580359053795
2013-06-13,-0.20741034220468849
2013-06-16,-0.20714824451219754
2013-06-17,-0.20471012398309038
2013-06-18,-0.20151951290569148
2013-06-19,-0.20297208992442486
2013-06-20,-0.20611300037639588
2013-06-23,-0.20451926331507475
2013-06-24,-0.19781239480914853
2013-06-25,-0.18705137013274653
2013-06-26,-0.1744911459572833
2013-06-27,-0.160896414354404
2013-06-30,-0.15166869832971724
2013-07-01,-0.14115964666714914
2013-07-02,-0.13221228095554363
2013-07-03,-0.1278766520685497
2013-07-04,-0.12357008164543917
2013-07-07,-0.12054878707952074
2013-07-08,-0.11553518834089149
2013-07-09,-0.10914370268903713
2013-07-10,-0.10270542745105588
2013-07-11,-0.10041270478597582
2013-07-14,-0.10362253023126317
2013-07-15,-0.10761904575838488
2013-07-16,-0.10757019888691384
2013-07-17,-0.10397270195322385
2013-07-18,-0.10112458844430226
2013-07-21,-0.0979307292806886
2013-07-22,-0.09347258382350794
2013-07-23,-0.08856009689390372
2013-07-24,-0.08854820790811545
2013-07-25,-0.0880835310156727
2013-07-28,-0.08697388791927275
2013-07-29,-0.08789993086816991
2013-07-30,-0.09307596214383367
2013-07-31,-0.10554909015975432
2013-08-01,-0.11947651228856779
2013-08-04,-0.13306385345674507
2013-08-05,-0.14580755289317027
2013-08-06,-0.15328051615320154
2013-08-07,-0.15430975193302843
2013-08-08,-0.14988873751213663
2013-08-11,-0.14036024088900353
2013-08-12,-0.1295371184391725
2013-08-13,-0.11765563470911236
2013-08-14,-0.1040958634813027
2013-08-15,-0.09150624773986858
2013-08-18,-0.07627702848654792
2013-08-19,-0.0630090380955963
2013-08-20,-0.051940168263049945
2013-08-21,-0.04338527051953701
2013-08-22,-0.03358370861621745
2013-08-25,-0.02360385408216105
2013-08-26,-0.01478498830615751
2013-08-27,-0.010232007982274924
2013-08-28,-0.008430287084825747
2013-08-29,-0.007604631873806774
2013-09-01,-0.00698946873407113
2013-09-02,-0.0034848756589273416
2013-09-03,0.0032747517886249186
2013-09-04,0.014887057360134124
2013-09-05,0.02664580504157533
2013-09-08,0.0376799206361121
2013-09-09,0.04740054098119926
2013-09-10,0.05759422691339949
2013-09-11,0.06699712881693133
2013-09-12,0.07269008314587548
2013-09-15,0.07744195100872957
2013-09-16,0.08131414642078828
2013-09-17,0.0844981213004101
2013-09-18,0.08981654803048018
2013-09-19,0.09525427269419996
2013-09-22,0.09950407525057432
2013-09-23,0.10269397828218499
2013-09-24,0.10394871154469927
2013-09-25,0.10334019870102228
2013-09-26,0.10070789378588975
2013-09-29,0.0943935487371841
2013-09-30,0.08708110066323045
2013-10-01,0.08259661514120967
2013-10-02,0.07916597486991991
2013-10-03,0.07700397029858866
2013-10-06,0.07602866015120444
2013-10-08,0.07777750137081454
2013-10-09,0.0821968311835486
2013-10-10,0.08845295596766276
2013-10-13,0.09314257757114766
2013-10-14,0.09830345018841584
2013-10-15,0.10481917283393118
2013-10-16,0.1099879299332585
2013-10-17,0.11540886052998549
2013-10-20,0.1217351945987573
2013-10-21,0.12787635978123868
2013-10-22,0.13428963388879772
2013-10-23,0.14085754342802478
2013-10-24,0.14718133009779824
2013-10-28,0.15239058216053025
2013-10-29,0.15401041022122372
2013-10-30,0.15107070716029383
2013-10-31,0.14500551792193248
2013-11-01,0.13488406210876272
2013-11-04,0.12215988668839624
2013-11-05,0.11013854178340622
2013-11-06,0.09952273581067907
2013-11-07,0.09003562406355138
2013-11-08,0.07992718215795513
2013-11-11,0.06756392218351735
2013-11-12,0.05364458050243081
2013-11-13,0.03793547280596621
2013-11-14,0.02284629856803474
2013-11-15,0.00759120652337748
2013-11-18,-0.00553170261743397
2013-11-19,-0.016697019104315442
2013-11-20,-0.02246274465186762
2013-11-21,-0.028839366923820376
2013-11-22,-0.03682410644918289
2013-11-25,-0.04658993990381655
2013-11-26,-0.05612778431269948
2013-11-27,-0.06700111782005679
2013-11-28,-0.07763248117714545
2013-11-29,-0.08738228023260107
2013-12-02,-0.09289661767875891
2013-12-03,-0.09473977107643705
2013-12-04,-0.0933393944993558
2013-12-05,-0.09247195813710754
2013-12-06,-0.09124804082256605
2013-12-09,-0.08777533610501467
2013-12-10,-0.08410300674872638
2013-12-11,-0.0790364665729247
2013-12-12,-0.07749699859038431
2013-12-13,-0.08110137737445969
2013-12-16,-0.08803318195329446
2013-12-17,-0.09651621293764472
2013-12-18,-0.10556895398865279
2013-12-19,-0.11319028715310621
2013-12-20,-0.11987657424144361
2013-12-23,-0.12377762999499232
2013-12-24,-0.12588269408638905
2013-12-25,-0.1259238000769126
2013-12-26,-0.12450169896309132
2013-12-27,-0.12262823886214896
2013-12-30,-0.11945154720603555
2013-12-31,-0.1147220592369073
2014-01-01,-0.10999434425173749
2014-01-02,-0.10524711504946135
2014-01-03,-0.09900089601885306
2014-01-06,-0.0907999054003946
2014-01-07,-0.08049826277169271
2014-01-08,-0.06748611284918657
2014-01-09,-0.05284288463915466
2014-01-10,-0.036889511681319015
2014-01-13,-0.014207665740726875
2014-01-14,0.011922495380127058
2014-01-15,0.03698153319619065
2014-01-16,0.05734333427740068
2014-01-17,0.06922129556395425
2014-01-20,0.07415012822656128
2014-01-21,0.07512346907037777
2014-01-22,0.07395471443713804
2014-01-23,0.0774197914965498
2014-01-24,0.0799780935340756
2014-01-27,0.07708849154523828
2014-01-28,0.07411151107669063
2014-01-29,0.07440352173063887
2014-01-30,0.07588158839891655
2014-01-31,0.0788509105606192
2014-02-03,0.0794710119690934
2014-02-04,0.07757609872307776
2014-02-05,0.08005531619882729
2014-02-06,0.085133969153195
2014-02-07,0.09175029062627973
2014-02-10,0.09731668309101353
2014-02-11,0.10211811970886087
2014-02-12,0.10729216815757608
2014-02-13,0.11160141003199939
2014-02-14,0.1124002191933454
2014-02-17,0.11364332468390481
2014-02-18,0.11325122078442816
2014-02-19,0.11054273386228684
2014-02-20,0.10932182902367359
2014-02-21,0.11023850928887058
2014-02-24,0.11091625405272275
2014-02-25,0.11168768566831361
2014-02-26,0.11175426013706043
2014-02-27,0.11081628569431365
2014-02-28,0.1084046093660627
2014-03-03,0.10041750240840025
2014-03-04,0.09072185006733721
2014-03-05,0.08174090400132507
2014-03-06,0.07246983689617456
2014-03-07,0.06711692842687654
2014-03-10,0.06571970869512254
2014-03-11,0.06605237468144261
2014-03-12,0.06456097158056255
2014-03-13,0.06341263082051331
2014-03-14,0.06233236028368847
2014-03-17,0.06167761132077068
2014-03-18,0.06210991980604466
2014-03-19,0.06726915665277058
2014-03-20,0.07439554116078385
2014-03-21,0.08216344529280989
2014-03-24,0.09130478322717932
2014-03-25,0.10085341971667619
2014-03-26,0.10991868698716477
2014-03-27,0.1177335476178825
2014-03-28,0.12348801716160901
2014-03-30,0.12757917750170297
2014-03-31,0.13033952096964854
2014-04-01,0.12962436049463308
2014-04-02,0.12675435458704326
2014-04-03,0.12188805664915618
2014-04-06,0.11615722347453376
2014-04-07,0.1087754315182264
2014-04-08,0.10223347429140282
2014-04-09,0.09565657459724534
2014-04-10,0.09169818546289604
2014-04-13,0.09019686451954742
2014-04-14,0.09071058268898367
2014-04-15,0.08991943268729174
2014-04-16,0.09009641231617367
2014-04-17,0.0887569870503517
2014-04-20,0.086822041277866
2014-04-21,0.08441024280885012
2014-04-22,0.08310921751767993
2014-04-23,0.07917028757669492
2014-04-24,0.07257332746544465
2014-04-27,0.06509371202581603
2014-04-28,0.05620503650348018
2014-04-29,0.045267343765841024
2014-04-30,0.03439147415096817
2014-05-01,0.02379678353130648
2014-05-04,0.014346891064005062
2014-05-05,0.005820560027006888
2014-05-06,-0.0012536916953303416
2014-05-07,-0.007742878090180648
2014-05-08,-0.01393637589007368
2014-05-11,-0.01758486013795121
2014-05-12,-0.019395238504001686
2014-05-13,-0.01946873887929792
2014-05-14,-0.018809447205643478
2014-05-15,-0.01855706338646794
2014-05-18,-0.01853000117084925
2014-05-19,-0.019595251242678902
2014-05-20,-0.023858858687388487
2014-05-21,-0.029460299547338847
2014-05-22,-0.036428026181956896
2014-05-25,-0.043946298355398324
2014-05-26,-0.05096366658451375
2014-05-27,-0.05678359706083498
2014-05-28,-0.06220352963920064
2014-05-29,-0.06468627410871577
2014-06-01,-0.06525271401416208
2014-06-02,-0.06486121417149111
2014-06-03,-0.06225160385546259
2014-06-04,-0.05693248807427601
2014-06-05,-0.048703494634773366
2014-06-08,-0.03856076181044186
2014-06-09,-0.02806604548288831
2014-06-10,-0.017088173834550673
2014-06-11,-0.007087103419591012
2014-06-12,0.0029923442320020912
2014-06-15,0.011147975504314515
2014-06-16,0.017480650862748033
2014-06-17,0.020416351495352435
2014-06-18,0.022587154997008068
2014-06-19,0.023465897222489967
2014-06-22,0.020715780552845883
2014-06-23,0.01639833098824689
2014-06-24,0.009736113416125635
2014-06-25,0.002825658201592543
2014-06-26,-0.004695836275348641
2014-06-29,-0.012664983220153199
2014-06-30,-0.019691660815909527
2014-07-01,-0.0244974555776993
2014-07-02,-0.02864040530563827
2014-07-03,-0.03627033822576852
2014-07-06,-0.04454576942294906
2014-07-07,-0.0509809769144028
2014-07-08,-0.0545802654547444
2014-07-09,-0.05646965533529843
2014-07-10,-0.058289344951818686
2014-07-13,-0.057206268702221764
2014-07-14,-0.05423019163087181
2014-07-15,-0.049794176819790245
2014-07-16,-0.04519367321872384
2014-07-17,-0.040401910699585174
2014-07-20,-0.03466039208337167
2014-07-21,-0.029731667010782822
2014-07-22,-0.024668735041414657
2014-07-23,-0.017986308732230477
2014-07-24,-0.011149897733168037
2014-07-27,-0.0029389939953260833
2014-07-28,0.005546552933043502
2014-07-29,0.014410838955478473
2014-07-30,0.022426993627028307
2014-07-31,0.028353538542960095
2014-08-03,0.033489804669133275
2014-08-04,0.037938515181311756
2014-08-05,0.04235732486830556
2014-08-06,0.04642907745947697
2014-08-07,0.04718520468379577
2014-08-10,0.04745070091621446
2014-08-11,0.04529518210323831
2014-08-12,0.04179766835029094
2014-08-13,0.038650201787272805
2014-08-14,0.0358568573538717
2014-08-17,0.0328967136240619
2014-08-18,0.030075907327686204
2014-08-19,0.02809051111745558
2014-08-20,0.027125191507023503
2014-08-21,0.026637274307679808
2014-08-24,0.02704860436501363
2014-08-25,0.0277980633426425
2014-08-26,0.02869944481346442
2014-08-27,0.027517191523440596
2014-08-28,0.025378861169275263
2014-08-31,0.022426383404118767
2014-09-01,0.019053810706658823
2014-09-02,0.015441841118697987
2014-09-03,0.0127964811651177
2014-09-04,0.010588454613881786
2014-09-07,0.009855278915943124
2014-09-08,0.009880147019703127
2014-09-09,0.00731768198683443
2014-09-10,0.0004688389025457426
2014-09-11,-0.007924370853697335
2014-09-14,-0.018382298951419063
2014-09-15,-0.02970557570045375
2014-09-16,-0.041273143577671374
2014-09-17,-0.05596411915760687
2014-09-18,-0.07262033194899016
2014-09-21,-0.09068907580225201
2014-09-22,-0.10768462297548116
2014-09-23,-0.12245889545439097
2014-09-24,-0.13420857838942368
2014-09-25,-0.1441690161555076
2014-09-28,-0.15279214074065275
2014-09-29,-0.1604307978151397
2014-09-30,-0.1641313556290261
2014-10-01,-0.1660344322646229
2014-10-02,-0.16396194173388495
2014-10-05,-0.16109732311864788
2014-10-06,-0.1566731491361334
2014-10-07,-0.14891456329007713
2014-10-08,-0.13968081357323398
2014-10-09,-0.13019200951269602
2014-10-12,-0.1239859027460402
2014-10-13,-0.11597562018293828
2014-10-14,-0.10534816143263702
2014-10-15,-0.09158813486174984
2014-10-16,-0.07742585614990065
2014-10-19,-0.06333751309393625
2014-10-20,-0.04899504478161659
2014-10-21,-0.037593478552647726
2014-10-22,-0.028012452891880226
2014-10-23,-0.021364306751092705
2014-10-27,-0.014369449057762938
2014-10-28,-0.007232286097169709
2014-10-29,-0.0006901217706931522
2014-10-30,0.001972267700088379
2014-10-31,0.004541933328624712
2014-11-03,0.006943679331443602
2014-11-04,0.008888764595382504
2014-11-05,0.013842045290917699
2014-11-06,0.013116472645042702
2014-11-07,0.009223785944562149
2014-11-10,0.003975284856177366
2014-11-11,-0.0010632287669349772
2014-11-12,-0.0035727247664742853
2014-11-13,-0.004493381842745424
2014-11-14,-0.0027065057815304585
2014-11-17,-0.0005182900652896908
2014-11-18,0.00019718107983227945
2014-11-19,0.0008683522585167178
2014-11-20,-0.002182055135474354
2014-11-21,-0.007626367140136937
2014-11-24,-0.014234827996019763
2014-11-25,-0.022401490459984023
2014-11-26,-0.034208590032873694
2014-11-27,-0.04826220946536677
2014-11-28,-0.060204349129059316
2014-12-01,-0.06993027320762797
2014-12-02,-0.07995280290537096
2014-12-03,-0.08748216103658586
2014-12-04,-0.09637811136235569
2014-12-05,-0.10506032017694035
2014-12-08,-0.11417685476560602
2014-12-09,-0.12184646424375471
2014-12-10,-0.12902487586001615
2014-12-11,-0.1326787986070774
2014-12-12,-0.13527887446362205
2014-12-15,-0.1371554441187986
2014-12-16,-0.13493500513089704
2014-12-17,-0.13016594909226786
2014-12-18,-0.12790876491125266
2014-12-19,-0.12640293089558455
2014-12-22,-0.12512307171598358
2014-12-23,-0.12387064234368839
2014-12-24,-0.12360097409038767
2014-12-25,-0.1231520418239904
2014-12-26,-0.12256538753080318
2014-12-29,-0.12077256066024
2014-12-30,-0.11670795628719649
2014-12-31,-0.11014179579008505
2015-01-01,-0.10232742431421635
2015-01-02,-0.09360127659125071
2015-01-05,-0.08390705611498624
2015-01-06,-0.07360586105697071
2015-01-07,-0.06173505402321068
2015-01-08,-0.0502164509797016
2015-01-09,-0.03743846805221827
2015-01-12,-0.019154441591478093
2015-01-13,0.0019811602999451157
2015-01-14,0.024129854125305328
2015-01-15,0.043808025013954116
2015-01-16,0.06451501820189924
2015-01-19,0.08480882698921695
2015-01-20,0.10129754252288083
2015-01-21,0.11759023506979494
2015-01-22,0.13642273182041637
2015-01-23,0.15240793396230853
2015-01-26,0.16052908849964653
2015-01-27,0.16563168487292712
2015-01-28,0.16537748430596613
2015-01-29,0.16376662023010696
2015-01-30,0.15825258843527829
2015-02-02,0.15238722476258423
2015-02-03,0.14396760722089602
2015-02-04,0.12805210839084646
2015-02-05,0.11204917549764394
2015-02-06,0.09428879315933307
2015-02-09,0.07684243929411078
2015-02-10,0.06095026290060492
2015-02-11,0.04928566862287847
2015-02-12,0.03881212555685408
2015-02-13,0.028072897370987056
2015-02-16,0.016583712896306262
2015-02-17,0.005482768514747906
2015-02-18,-0.004572730270769026
2015-02-19,-0.011638563305433242
2015-02-20,-0.01596915776485666
2015-02-23,-0.014695078650926934
2015-02-24,-0.011059398440552539
2015-02-25,-0.006858010629333153
2015-02-26,-0.0021013862731910533
2015-02-27,0.0011611598284725277
2015-03-02,0.002704267724016808
2015-03-03,0.002452688763670974
2015-03-04,0.0024676535901012025
2015-03-05,0.0010650617196053412
2015-03-06,-0.0012104302093536522
2015-03-09,-0.0032964686568684987
2015-03-10,-0.00636576996812095
2015-03-11,-0.010331012608870066
2015-03-12,-0.014428961140467822
2015-03-13,-0.014882764187709917
2015-03-16,-0.013750686145577142
2015-03-17,-0.01158069977462017
2015-03-18,-0.009485803833384284
2015-03-19,-0.006922157252341167
2015-03-20,-0.005613015389884063
2015-03-23,-0.0026566421504091923
2015-03-24,0.003656517183489855
2015-03-25,0.010655182281761415
2015-03-26,0.01658405527303572
2015-03-27,0.020204336976619663
2015-03-29,0.021204848185103896
2015-03-30,0.018747917989790547
2015-03-31,0.012607611480307427
2015-04-01,0.0020505136531886775
2015-04-02,-0.013062960664992317
2015-04-05,-0.029497268639287748
2015-04-06,-0.048114700934137666
2015-04-07,-0.0634069708150606
2015-04-08,-0.07246451124807206
2015-04-09,-0.07496275661872472
2015-04-12,-0.07490896379995418
2015-04-13,-0.07626319017051922
2015-04-14,-0.07992362555106511
2015-04-15,-0.08663355722992754
2015-04-16,-0.09235257582141837
2015-04-19,-0.09558563500805417
2015-04-20,-0.1003947996976265
2015-04-21,-0.10456658521103104
2015-04-22,-0.10682676428043528
2015-04-23,-0.10893900434796827
2015-04-26,-0.10720029640660181
2015-04-27,-0.10355746592914601
2015-04-28,-0.09437471728693206
2015-04-29,-0.08271243952334141
2015-04-30,-0.07237122352965066
2015-05-03,-0.06407705471858571
2015-05-04,-0.058795352549959795
2015-05-05,-0.0518918529605383
2015-05-06,-0.04425433630973905
2015-05-07,-0.036924990900339655
2015-05-10,-0.029519293982473927
2015-05-11,-0.023545305212426582
2015-05-12,-0.017304921915858085
2015-05-13,-0.007149895679392873
2015-05-14,0.0044548983260106825
2015-05-17,0.015251057949258228
2015-05-18,0.026482287243628423
2015-05-19,0.03632803595758114
2015-05-20,0.04185560812258169
2015-05-21,0.045048224588646636
2015-05-24,0.04521931561101792
2015-05-25,0.04482344925802538
2015-05-26,0.0431797408069396
2015-05-27,0.04114545965471405
2015-05-28,0.03437388397981039
2015-05-31,0.02533619317019171
2015-06-01,0.015954467247980608
2015-06-02,0.010722664868997082
2015-06-03,0.01005635232902019
2015-06-04,0.00917420261106951
2015-06-07,0.003949818946567331
2015-06-08,-0.0018006036689459685
2015-06-09,-0.00939974934261556
2015-06-10,-0.017644920960732086
2015-06-11,-0.02433018148840186
2015-06-14,-0.02978473389825862
2015-06-15,-0.03271200778637418
2015-06-16,-0.03491410918262941
2015-06-17,-0.03936469568043094
2015-06-18,-0.04179309024237889
2015-06-21,-0.04245673388904703
2015-06-22,-0.04242965100999981
2015-06-23,-0.04090159978902086
2015-06-24,-0.03816721197770785
2015-06-25,-0.03511137911899279
2015-06-28,-0.03641997494302805
2015-06-29,-0.036206410801314634
2015-06-30,-0.032037423132480876
2015-07-01,-0.024782296842691173
2015-07-02,-0.01753847261849499
2015-07-05,-0.016083187043952715
2015-07-06,-0.01715423060260238
2015-07-07,-0.01898434731610244
2015-07-08,-0.022490357583817122
2015-07-09,-0.025377439536591835
2015-07-12,-0.029746729693337328
2015-07-13,-0.034541244646066255
2015-07-14,-0.037068876757022355
2015-07-15,-0.03610074540281996
2015-07-16,-0.0297237325505618
2015-07-19,-0.02210596047446966
2015-07-20,-0.01358152519155341
2015-07-21,-0.004036646842847066
2015-07-22,0.005824219739774396
2015-07-23,0.013649993692742246
2015-07-26,0.016320818274891687
2015-07-27,0.015551053269553878
2015-07-28,0.013170085292411147
2015-07-29,0.008062077389571282
2015-07-30,0.0030027832608950705
2015-08-02,0.0017691255661993698
2015-08-03,0.002757855042074838
2015-08-04,0.011024038070837553
2015-08-05,0.021307315872823834
2015-08-06,0.030128252563148546
2015-08-09,0.041119827241049456
2015-08-10,0.04938538034904197
2015-08-11,0.052625515347176154
2015-08-12,0.052494692258265065
2015-08-13,0.052319743783451056
2015-08-16,0.052630767274281315
2015-08-17,0.05295487573632711
2015-08-18,0.05052822379729658
2015-08-19,0.04895203328257197
2015-08-20,0.045627038339635245
2015-08-23,0.0413015087222108
2015-08-24,0.0339546515462374
2015-08-25,0.023403410951318458
2015-08-26,0.011231629553034975
2015-08-27,-0.0016795751576500163
2015-08-30,-0.014578748792731243
2015-08-31,-0.030747165466950617
2015-09-01,-0.0498361183437351
2015-09-02,-0.06707761436707271
2015-09-03,-0.08535128492053358
2015-09-06,-0.10465748449832345
2015-09-07,-0.12191457058914261
2015-09-08,-0.13438764887964755
2015-09-09,-0.14422359525285192
2015-09-10,-0.1471917351398233
2015-09-13,-0.14345469150855056
2015-09-14,-0.13215484967507518
2015-09-15,-0.11833810052899317
2015-09-16,-0.10187728776358657
2015-09-17,-0.08483577813670296
2015-09-20,-0.06694056734292299
2015-09-22,-0.053600819225656016
2015-09-23,-0.04638731450018876
2015-09-24,-0.04214788973789772
2015-09-27,-0.03948392814353948
2015-09-28,-0.038626515925875855
2015-09-29,-0.03654091978937559
2015-09-30,-0.036143538791034956
2015-10-01,-0.03723335554957955
2015-10-04,-0.04058329521775812
2015-10-05,-0.045213615219503546
2015-10-06,-0.047646483241582466
2015-10-07,-0.04603551747952115
2015-10-08,-0.040101330943804345
2015-10-11,-0.030765043686361435
2015-10-12,-0.01662436761221086
2015-10-13,-0.006346275469215249
2015-10-14,0.0030874701404812357
2015-10-15,0.009947605195840398
2015-10-18,0.013124347082401074
2015-10-19,0.01653651743517916
2015-10-20,0.019402393654545363
2015-10-21,0.023207154128335676
2015-10-22,0.02629791796512775
2015-10-26,0.03112412314184894
2015-10-27,0.037512582689939955
2015-10-28,0.04449790813735587
2015-10-29,0.04433815152351461
2015-10-30,0.0382873815754198
2015-11-02,0.02893109738253547
2015-11-03,0.019742647016186388
2015-11-04,0.011990052432579248
2015-11-05,0.005409983423604651
2015-11-06,0.000602451232198665
2015-11-09,-0.004736378599949496
2015-11-10,-0.010223130358336205
2015-11-11,-0.015754687120415285
2015-11-12,-0.01989353496891664
2015-11-13,-0.01866465799674361
2015-11-16,-0.014762681117296634
2015-11-17,-0.00970590400223232
2015-11-18,-0.003613797079770629
2015-11-19,0.0024267014968266934
2015-11-20,0.011734415630173656
2015-11-23,0.02600869866631881
2015-11-24,0.04032620692110501
2015-11-25,0.05555053248485211
2015-11-26,0.06986646425326289
2015-11-27,0.08048996399200438
2015-11-30,0.08810161127284538
2015-12-01,0.09508524992197832
2015-12-02,0.10585766658845687
2015-12-03,0.11644066396478162
2015-12-04,0.12713375563245338
2015-12-07,0.13851568943585377
2015-12-08,0.14813773901081315
2015-12-09,0.15572693256890405
2015-12-10,0.16120520607325062
2015-12-11,0.16818844112010847
2015-12-14,0.1722287006412729
2015-12-15,0.17803284069896702
2015-12-16,0.1811961573860772
2015-12-17,0.1838629054720167
2015-12-18,0.1847713427451007
2015-12-21,0.1865042266768108
2015-12-22,0.18981115844905008
2015-12-23,0.19393646062063435
2015-12-24,0.19581671950140261
2015-12-25,0.1968125570645515
2015-12-28,0.19727744348582543
2015-12-29,0.19691145988687722
2015-12-30,0.19539808374344841
2015-12-31,0.1932880432602966
2016-01-01,0.19029697089865966
2016-01-04,0.18609871563660774
2016-01-05,0.17742726179277277
2016-01-06,0.16609009910850067
2016-01-07,0.15119059672152635
2016-01-08,0.13222660360820507
2016-01-11,0.1097567213464514
2016-01-12,0.08948691866723023
2016-01-13,0.07236141089350495
2016-01-14,0.05772307966977674
2016-01-15,0.04836013737481673
2016-01-18,0.041336910912721535
2016-01-19,0.036139763519240156
2016-01-20,0.03474364932020086
2016-01-21,0.0344456720349693
2016-01-22,0.033641011285914
2016-01-25,0.028500905179684698
2016-01-26,0.02154948522355638
2016-01-27,0.012866701420206163
2016-01-28,0.003504388821677666
2016-01-29,-0.003645693148137244
2016-02-01,-0.011472220940527852
2016-02-02,-0.017608378552218976
2016-02-03,-0.02356763895086354
2016-02-04,-0.029496689834697953
2016-02-05,-0.03369279356868576
2016-02-08,-0.038832755887964636
2016-02-09,-0.04334941977696839
2016-02-10,-0.04873698099743535
2016-02-11,-0.05124140886965037
2016-02-12,-0.05079582653046743
2016-02-15,-0.05083777931759693
2016-02-16,-0.04980649667573417
2016-02-17,-0.048297148528586
2016-02-18,-0.04850305954060527
2016-02-19,-0.04928784489089001
2016-02-22,-0.04921700645161396
2016-02-23,-0.04608027103258485
2016-02-24,-0.04059537253397026
2016-02-25,-0.036424649617128754
2016-02-26,-0.03534221980667844
2016-02-29,-0.04136602015769235
2016-03-01,-0.05068710561354706
2016-03-02,-0.06221398715962874
2016-03-03,-0.06882021483088101
2016-03-04,-0.06894743241173203
2016-03-07,-0.06430940042371369
2016-03-08,-0.055552675430047535
2016-03-09,-0.042441157593120386
2016-03-10,-0.030193420342089553
2016-03-11,-0.017091094684954712
2016-03-14,-0.002117075772857901
2016-03-15,0.012014140639938099
2016-03-16,0.02408941626086518
2016-03-17,0.03156055120540243
2016-03-18,0.03689906601004057
2016-03-21,0.039700828342177925
2016-03-22,0.04068180612070886
2016-03-23,0.041512514926001894
2016-03-24,0.04231759476075136
2016-03-25,0.04370118847505122
2016-03-27,0.044723437111028996
2016-03-28,0.0451121891375793
2016-03-29,0.04581847635424727
2016-03-30,0.04508010738001482
2016-03-31,0.0441660851854918
2016-04-03,0.044266246698210325
2016-04-04,0.04265264759580649
2016-04-05,0.039148035645460086
2016-04-06,0.0360803093324804
2016-04-07,0.03024993108589274
2016-04-10,0.021010184207843105
2016-04-11,0.009683784080483772
2016-04-12,-0.0019616696861973963
2016-04-13,-0.012669914530211464
2016-04-14,-0.019908270200053813
2016-04-17,-0.02321856644420429
2016-04-18,-0.02358665349417526
2016-04-19,-0.022958455766812026
2016-04-20,-0.022880437310258246
2016-04-21,-0.023566797204543917
2016-04-24,-0.027622047029451764
2016-04-25,-0.03292780163905343
2016-04-26,-0.03902429089319029
2016-04-27,-0.05241683316851498
2016-04-28,-0.06867062834995914
2016-05-01,-0.08645314545711044
2016-05-02,-0.101988033361005
2016-05-03,-0.11767452353097359
2016-05-04,-0.12911349172229636
2016-05-05,-0.1366465954111299
2016-05-08,-0.14351792635091457
2016-05-09,-0.1511166703844734
2016-05-10,-0.15655858526615876
2016-05-11,-0.16206404101068891
2016-05-12,-0.16911972297950353
2016-05-15,-0.17506160969809492
2016-05-16,-0.18021819702408695
2016-05-17,-0.18238852052872112
2016-05-18,-0.18310423133911072
2016-05-19,-0.18027211302965668
2016-05-22,-0.17398463196800626
2016-05-23,-0.16499827481555998
2016-05-24,-0.1565351037573213
2016-05-25,-0.15104378050349876
2016-05-26,-0.14682817746492854
2016-05-29,-0.14322304579259715
2016-05-30,-0.13938572690173898
2016-05-31,-0.1320556963359666
2016-06-01,-0.12196191986575984
2016-06-02,-0.11080241215983393
2016-06-05,-0.09728514334753945
2016-06-06,-0.0856263033173821
2016-06-07,-0.07359528423928836
2016-06-08,-0.061438682391859865
2016-06-09,-0.052356412639735915
2016-06-12,-0.0461141997753417
2016-06-13,-0.04017818993794534
2016-06-14,-0.034973922711616694
2016-06-15,-0.026103546409888805
2016-06-16,-0.01666574126600242
2016-06-19,-0.007215055784314927
2016-06-20,0.001714441220110517
2016-06-21,0.009510567525513257
2016-06-22,0.019408134096021275
2016-06-23,0.03142561236312907
2016-06-26,0.04410091774492161
2016-06-27,0.053770831200172904
2016-06-28,0.06187909095253349
2016-06-29,0.06909723975600313
2016-06-30,0.07468602969457262
2016-07-03,0.0780559606487183
2016-07-04,0.08159679698882882
2016-07-05,0.08440067840159927
2016-07-06,0.08868218530897203
2016-07-07,0.09308346808032315
2016-07-10,0.10153857408248053
2016-07-11,0.11270816836926545
2016-07-12,0.1258561664632083
2016-07-13,0.13601027300406923
2016-07-14,0.14219523467653336
2016-07-17,0.14523716911325313
2016-07-18,0.14494431302013203
2016-07-19,0.14075431184071624
2016-07-20,0.1333452906856205
2016-07-21,0.12590507674152251
2016-07-24,0.11868073183666598
2016-07-25,0.1140693737257959
2016-07-26,0.11157974147974772
2016-07-27,0.10908524491555013
2016-07-28,0.10651652119170071
2016-07-31,0.10472034129209377
2016-08-01,0.10202531260548164
2016-08-02,0.10160326419741228
2016-08-03,0.10070803781710863
2016-08-04,0.10010109069317692
2016-08-07,0.1026311395595092
2016-08-08,0.10819572801724282
2016-08-09,0.11393395366809138
2016-08-10,0.11971622423745283
2016-08-11,0.12170582391578755
2016-08-14,0.11820993695679083
2016-08-15,0.11126676674772436
2016-08-16,0.10162153534602447
2016-08-17,0.08831129765238828
2016-08-18,0.07207871528187207
2016-08-21,0.05477729062708963
2016-08-22,0.040142936954480464
2016-08-23,0.026559606890705238
2016-08-24,0.014549299122217535
2016-08-25,0.0043597106712651565
2016-08-28,-0.005078442176001296
2016-08-29,-0.011990085779260874
2016-08-30,-0.01730305567569444
2016-08-31,-0.02084269322589183
2016-09-01,-0.021840071245687404
2016-09-04,-0.023359834861035197
2016-09-05,-0.02548016536926523
2016-09-06,-0.0255656926837271
2016-09-07,-0.024189089325252672
2016-09-08,-0.02172024394066043
2016-09-11,-0.020165582809178028
2016-09-12,-0.018622095524441686
2016-09-13,-0.018296768088542994
2016-09-14,-0.01705024121164774
2016-09-15,-0.014716713422703111
2016-09-18,-0.011267725573947172
2016-09-19,-0.005494718253119391
2016-09-20,0.0017741899707535706
2016-09-21,0.010304671899938151
2016-09-22,0.01882634577909154
2016-09-25,0.028071063606385987
2016-09-26,0.04004848298673644
2016-09-27,0.05394442233438321
2016-09-28,0.0650366780809155
2016-09-29,0.0728027559638853
2016-10-02,0.07798551557821572
2016-10-03,0.08255560226706961
2016-10-04,0.08477327049414951
2016-10-05,0.08518679284464717
2016-10-06,0.08315962087296247
2016-10-09,0.0814165340659404
2016-10-10,0.0773091842321408
2016-10-11,0.07167506913642752
2016-10-12,0.06627254691305089
2016-10-13,0.05937108978606424
2016-10-16,0.05168661208449742
2016-10-17,0.045197102732152106
2016-10-18,0.04111319642192108
2016-10-19,0.04177541566400453
2016-10-20,0.043259602174158376
2016-10-23,0.04699389778270283
2016-10-24,0.05117319046012466
2016-10-25,0.05798600718112899
2016-10-26,0.06631992757559688
2016-10-27,0.07225459357412427
2016-10-31,0.07688845890818952
2016-11-01,0.081067160016291
2016-11-02,0.08547076654614776
2016-11-03,0.08989029005520835
2016-11-04,0.09521718565043498
2016-11-07,0.09914109145645306
2016-11-08,0.10392027779495389
2016-11-09,0.10765693330881944
2016-11-10,0.10871776026094475
2016-11-11,0.10731417760570908
2016-11-14,0.10276836586137741
2016-11-15,0.09761171004861575
2016-11-16,0.08894654445546411
2016-11-17,0.07478722670860151
2016-11-18,0.05621711022157769
2016-11-21,0.03159773803982577
2016-11-22,0.00471959036201947
2016-11-23,-0.01960093935378766
2016-11-24,-0.040638523659233185
2016-11-25,-0.05645556350283921
2016-11-28,-0.06585014178980399
2016-11-29,-0.0711665251411508
2016-11-30,-0.07315138564046478
2016-12-01,-0.07749403555481589
2016-12-02,-0.08431774582828007
2016-12-05,-0.09047183884805846
2016-12-06,-0.09534335086324663
2016-12-07,-0.09875973900401126
2016-12-08,-0.10143124808672474
2016-12-09,-0.10522672901547091
2016-12-12,-0.11141016414160015
2016-12-13,-0.11598558970511624
2016-12-14,-0.11880686853711868
2016-12-15,-0.11988563560290602
2016-12-16,-0.12019774727682053
2016-12-19,-0.12315575364523025
2016-12-20,-0.12735447725056218
2016-12-21,-0.1315494725623814
2016-12-22,-0.1350801979846412
2016-12-23,-0.1368629587649657
2016-12-26,-0.13806127622842185
2016-12-27,-0.13820042332108579
2016-12-28,-0.13527638699950245
2016-12-29,-0.13110696269078662
2016-12-30,-0.12546693893808147
2017-01-02,-0.12125222163193242
2017-01-03,-0.1181829394529217
2017-01-04,-0.11446135291152723
2017-01-05,-0.11064142151370952
2017-01-06,-0.1059686491269285
2017-01-09,-0.10164429310288954
2017-01-10,-0.09584248753322981
2017-01-11,-0.0882661899054467
2017-01-12,-0.07779705352373267
2017-01-13,-0.0642800662863096
2017-01-16,-0.04975417658684747
2017-01-17,-0.0351986899453901
2017-01-18,-0.02081052635850694
2017-01-19,-0.0036965708037347144
2017-01-20,0.018419790883331538
2017-01-23,0.04192143921391216
2017-01-24,0.06318143040043726
2017-01-25,0.07958353168347704
2017-01-26,0.0884245502271856
2017-01-27,0.0904058679891
2017-01-30,0.08992372250609043
2017-01-31,0.08741001333227616
2017-02-01,0.08237087232467835
2017-02-02,0.07635080188690467
2017-02-03,0.0727427854372456
2017-02-06,0.07124273451423879
2017-02-07,0.0712864718111342
2017-02-08,0.07383451872773025
2017-02-09,0.07665319492821657
2017-02-10,0.07852898326130198
2017-02-13,0.08113708356540167
2017-02-14,0.08107583401883521
2017-02-15,0.08067406722000942
2017-02-16,0.08191998753598294
2017-02-17,0.08287489056848664
2017-02-20,0.08220241083100167
2017-02-21,0.08176195143507177
2017-02-22,0.08174901296307165
2017-02-23,0.08320369877428517
2017-02-24,0.08411017372931227
2017-02-27,0.08280179910322222
2017-02-28,0.08211131942577767
2017-03-01,0.08336356506211111
2017-03-02,0.0872772031577892
2017-03-03,0.08920051503468858
2017-03-06,0.09026536073747411
2017-03-07,0.09067560461568143
2017-03-08,0.09086033005766615
2017-03-09,0.08941283265387012
2017-03-10,0.08625923493963819
2017-03-13,0.08241411725376527
2017-03-14,0.07900758088076672
2017-03-15,0.07632372462241459
2017-03-16,0.07591244648173631
2017-03-17,0.07560399188664496
2017-03-20,0.07706356516538901
2017-03-21,0.08057462834934573
2017-03-22,0.08263224310927293
2017-03-23,0.08245791425623848
2017-03-24,0.07940567216769805
2017-03-26,0.0738054948259856
2017-03-27,0.06831309295154551
2017-03-28,0.06381026610656909
2017-03-29,0.05955080976175172
2017-03-30,0.05480502424649144
2017-04-02,0.04847780223424202
2017-04-03,0.04184121687980761
2017-04-04,0.03391250851872702
2017-04-05,0.02652099247982816
2017-04-06,0.018134033767248377
2017-04-09,0.007663872493504794
2017-04-10,-0.005710420902275588
2017-04-11,-0.020049225908924394
2017-04-12,-0.034541891477185206
2017-04-13,-0.044270001346301976
2017-04-16,-0.05025683684508777
2017-04-17,-0.05255260515102663
2017-04-18,-0.05230215719319824
2017-04-19,-0.05063873581761511
2017-04-20,-0.04712742411624518
2017-04-23,-0.04058211859180432
2017-04-24,-0.030478749604983316
2017-04-25,-0.019182883247886976
2017-04-27,-0.00976482374858943
2017-04-30,-0.0008784205823946618
2017-05-01,0.01041713929958456
2017-05-02,0.02379824994916341
2017-05-03,0.03242009513645055
2017-05-04,0.03731099808492923
2017-05-07,0.03753860755164996
2017-05-08,0.03406202277132638
2017-05-09,0.02651524319106132
2017-05-10,0.017904887833576622
2017-05-11,0.009835672990287538
2017-05-14,0.003618246730392635
2017-05-15,-0.0021107625543243217
2017-05-16,-0.00756777949169678
2017-05-17,-0.012358016781593272
2017-05-18,-0.016702865363797805
2017-05-21,-0.02131704087052466
2017-05-22,-0.025457620439837233
2017-05-23,-0.028144183680310103
2017-05-24,-0.03133449203443028
2017-05-25,-0.034624468372064364
2017-05-28,-0.039007167984234196
2017-05-29,-0.04336785831224002
2017-05-30,-0.04637439128142172
2017-05-31,-0.04924501944863236
2017-06-01,-0.053294422245495264
2017-06-04,-0.055676885088432285
2017-06-05,-0.0544077097538402
2017-06-06,-0.050473501909286414
2017-06-07,-0.04176766918065783
2017-06-08,-0.030920781099184152
2017-06-11,-0.02105591711678528
2017-06-12,-0.01542313235336056
2017-06-13,-0.01505491830381583
2017-06-14,-0.015362142941418862
2017-06-15,-0.015793798638299834
2017-06-18,-0.01571686851602411
2017-06-19,-0.016295001276372716
2017-06-20,-0.016728742841865058
2017-06-21,-0.016693030318755138
2017-06-22,-0.01932717808264137
2017-06-25,-0.021251061357802886
2017-06-26,-0.021862487720647375
2017-06-27,-0.02348966096346888
2017-06-28,-0.027183731500985558
2017-06-29,-0.030752612773716898
2017-07-02,-0.03426431342019097
2017-07-03,-0.037996982368701825
2017-07-04,-0.045653883568826506
2017-07-05,-0.054803394250752195
2017-07-06,-0.06454725520087827
2017-07-09,-0.07530107292374592
2017-07-11,-0.08331293962997587
2017-07-12,-0.0914623076857213
2017-07-13,-0.09666042145948654
2017-07-16,-0.09789107630953961
2017-07-17,-0.09629231297581317
2017-07-18,-0.08871612736632126
2017-07-19,-0.0766551238384615
2017-07-20,-0.06303093818607226
2017-07-23,-0.051916816178694807
2017-07-24,-0.043578405385378396
2017-07-25,-0.037034289303084035
2017-07-26,-0.030371685435022704
2017-07-27,-0.022597700999781825
2017-07-30,-0.016286640133414583
2017-07-31,-0.00928719651654473
2017-08-01,-0.0030846455744408677
2017-08-02,0.002952456253897476
2017-08-03,0.008601144067601638
2017-08-06,0.014396984732457561
2017-08-07,0.020190406412493644
2017-08-08,0.024560544539601298
2017-08-09,0.028094991735409892
2017-08-10,0.030904197906439168
2017-08-13,0.0328263607357181
2017-08-14,0.03322375656177111
2017-08-15,0.03194558277536375
2017-08-16,0.03084314716281822
2017-08-17,0.028894957181476392
2017-08-20,0.02602895585845856
2017-08-21,0.022375874783058795
2017-08-22,0.01747442350909192
2017-08-23,0.011316573213318708
2017-08-24,0.0033870759897721373
2017-08-27,-0.004466576573929969
2017-08-28,-0.011263024891328237
2017-08-29,-0.015469305892366208
2017-08-30,-0.016794594287590336
2017-08-31,-0.01922713634234052
2017-09-03,-0.02368523423080417
2017-09-04,-0.028879672428952185
2017-09-05,-0.03260204323599869
2017-09-06,-0.038849563081935
2017-09-07,-0.0476531879836917
2017-09-10,-0.0563096433746443
2017-09-11,-0.06665781427116305
2017-09-12,-0.07534609310951325
2017-09-13,-0.08415672463754689
2017-09-14,-0.09137681064376076
2017-09-17,-0.09604501282049893
2017-09-18,-0.09727147478571554
2017-09-19,-0.09413170663345989
2017-09-20,-0.08605898547682349
2017-09-21,-0.07972994310980458
2017-09-24,-0.07236282376793327
2017-09-25,-0.06514208038423741
2017-09-26,-0.06112562143334833
2017-09-27,-0.05689807307135944
2017-09-28,-0.05412299621730246
2017-10-01,-0.05117031816180107
2017-10-02,-0.04769329064579792
2017-10-03,-0.04430006441630432
2017-10-04,-0.04016424522040617
2017-10-05,-0.036390140913414
2017-10-08,-0.034402957870581785
2017-10-09,-0.03396678477225133
2017-10-10,-0.03439588535535578
2017-10-11,-0.03608615448384724
2017-10-12,-0.03645819301925305
2017-10-15,-0.033134429853912316
2017-10-16,-0.028242475481013312
2017-10-17,-0.022987281212684528
2017-10-18,-0.01912719572533091
2017-10-19,-0.014344656348846999
2017-10-22,-0.007876566159483511
2017-10-23,-0.00045429292699721344
2017-10-24,0.006258038009263708
2017-10-25,0.012402760071404883
2017-10-26,0.017040269298996765
2017-10-30,0.020331514691930067
2017-10-31,0.023729809658822116
2017-11-01,0.026994521044641225
2017-11-02,0.030205218672853654
2017-11-03,0.032920315767889556
2017-11-06,0.03073416777772056
2017-11-07,0.02609680612306709
2017-11-08,0.01989122598686975
2017-11-09,0.0132213768987003
2017-11-10,0.005421100102835217
2017-11-13,-0.003877644874334632
2017-11-14,-0.013718483091096707
2017-11-15,-0.022492959827128674
2017-11-20,-0.03203571821307365
2017-11-21,-0.04064619149107567
2017-11-22,-0.04771902828524792
2017-11-23,-0.05381818423517063
2017-11-24,-0.057972825484609136
2017-11-27,-0.06108372925453572
2017-11-28,-0.06211496047367041
2017-11-29,-0.060080163101629634
2017-11-30,-0.05661895308589482
2017-12-01,-0.051628038555944104
2017-12-04,-0.04945955750468606
2017-12-05,-0.04946648417071563
2017-12-06,-0.05010794124845936
2017-12-07,-0.050077219339339056
2017-12-08,-0.05008470380831044
2017-12-11,-0.05006750306088796
2017-12-12,-0.04902222881712605
2017-12-13,-0.04551487087869909
2017-12-14,-0.03837474983659111
2017-12-15,-0.028424781706442602
2017-12-18,-0.015675777902529473
2017-12-19,-0.0015502037614841288
2017-12-20,0.012300264656250262
2017-12-21,0.024469410462373966
2017-12-22,0.03384528622987875
2017-12-25,0.04085583001370372
2017-12-26,0.0460424774400774
2017-12-27,0.04902957229900311
2017-12-28,0.05133731072037842
2017-12-29,0.0513643300121178
2018-01-01,0.050636048112814844
2018-01-02,0.04850922846214514
2018-01-03,0.04554193570184445
2018-01-04,0.04308786032752195
2018-01-05,0.0409397286717244
2018-01-08,0.03599007304973231
2018-01-09,0.02955817201895265
2018-01-10,0.02250839114441081
2018-01-11,0.018832585668611453
2018-01-12,0.018819730906973368
2018-01-15,0.020306395972894072
2018-01-16,0.02397367802049268
2018-01-17,0.02904636415825102
2018-01-18,0.034959016570462256
2018-01-19,0.04163039210512527
2018-01-22,0.05023611679865909
2018-01-23,0.05854737070970995
2018-01-24,0.06463187681437978
2018-01-25,0.06894220646823966
2018-01-26,0.07226483410635466
